split,date,router_return,bh_return,router_equity,bh_equity,selected_pair,selected_weight,selected_turnover
0,2023-01-01,9.151415037404058e-05,0.0,1.0000915183379215,1.0,usdt_crypto_intraday_rv_7d__trend_filter,0.4781993597768231,0.4781993597768231
0,2023-01-02,9.151415037404058e-05,0.0,1.0001830450514493,1.0,usdt_crypto_intraday_rv_7d__trend_filter,0.4781993597768231,0.0
0,2023-01-03,0.00014162812603560083,0.0001000350123376989,1.000324709133385,1.0001000400160065,usdt_crypto_intraday_rv_7d__trend_filter,0.4781993597768231,0.0
0,2023-01-04,9.42055000774431e-05,0.0,1.000418949661767,1.0001000400160065,usdt_crypto_intraday_rv_7d__trend_filter,0.4781993597768231,0.0
0,2023-01-05,4.864610628288162e-05,-0.0001000350123376989,1.0004676173320564,1.0,usdt_crypto_intraday_rv_7d__trend_filter,0.4781993597768231,0.0
0,2023-01-06,4.884834588313983e-05,-0.00010004502034255153,1.0005164897139305,0.9998999599839936,usdt_crypto_intraday_rv_7d__trend_filter,0.4781993597768231,0.0
0,2023-01-07,9.668981055980722e-05,0.0,1.0006132341408076,0.9998999599839936,usdt_crypto_intraday_rv_7d__trend_filter,0.4781993597768231,0.0
0,2023-01-08,0.0001445312752364746,0.00010004502034255153,1.0007578644991098,1.0,usdt_crypto_intraday_rv_7d__trend_filter,0.4781993597768231,0.0
0,2023-01-09,9.731088633229544e-05,0.0,1.0008552538723543,1.0,usdt_crypto_intraday_rv_7d__trend_filter,0.4781993597768231,0.0
0,2023-01-10,0.00014576864022070027,0.0001000350123376989,1.0010011578156204,1.0001000400160065,usdt_crypto_intraday_rv_7d__trend_filter,0.4781993597768231,0.0
0,2023-01-11,4.9888257581445696e-05,-0.0001000350123376989,1.0010510972649065,1.0,usdt_crypto_intraday_rv_7d__trend_filter,0.4781993597768231,0.0
0,2023-01-12,0.00019215135798423473,0.00020006001867264663,1.001243469074318,1.0002000800320128,usdt_crypto_intraday_rv_7d__trend_filter,0.4781993597768231,0.0
0,2023-01-13,4.8857916568762535e-05,-0.00010002500633494774,1.0012923889392467,1.0001000400160065,usdt_crypto_intraday_rv_7d__trend_filter,0.4090421169968975,0.06915724277992558
0,2023-01-14,1.3832059090291607e-05,-0.00020008003268025043,1.001306238970524,0.9998999599839936,usdt_crypto_intraday_rv_7d__trend_filter,0.4090421169968975,0.0
0,2023-01-15,2.7647129587259436e-05,-0.00020012007271118302,1.001333922596554,0.9996998799519807,usdt_crypto_intraday_rv_7d__trend_filter,0.4090421169968975,0.0
0,2023-01-16,0.00019136220597797016,0.00020012007271118302,1.001525558400243,0.9998999599839936,usdt_crypto_intraday_rv_7d__trend_filter,0.4090421169968975,0.0
0,2023-01-17,0.00011044252162331386,0.0,1.0016361755166872,0.9998999599839936,usdt_crypto_intraday_rv_7d__trend_filter,0.4090421169968975,0.0
0,2023-01-18,0.00015089622180492677,0.00010004502034255153,1.0017873300352318,1.0,usdt_crypto_intraday_rv_7d__trend_filter,0.4090421169968975,0.0
0,2023-01-19,0.00015136105484373698,0.0001000350123376989,1.0019389730983725,1.0001000400160065,usdt_crypto_intraday_rv_7d__trend_filter,0.35771289021260105,0.05132922678429647
0,2023-01-20,0.00011002428489513704,0.0,1.0020492167820263,1.0001000400160065,usdt_crypto_intraday_rv_7d__trend_filter,0.35771289021260105,0.0
0,2023-01-21,0.00010997317597112993,0.0,1.0021594213765388,1.0001000400160065,usdt_crypto_intraday_rv_3d__drawdown_brake,0.3622718410655013,0.0045589508529002565
0,2023-01-22,0.00018179952340524947,0.0002000400086686451,1.0023416300439436,1.0003001200480193,usdt_crypto_intraday_rv_3d__drawdown_brake,0.3622718410655013,0.0
0,2023-01-23,0.00011968933076774732,0.0,1.0024616068226713,1.0003001200480193,usdt_crypto_intraday_rv_3d__drawdown_brake,0.412440406633685,0.050168565568183665
0,2023-01-24,0.0001000068262959721,0.0,1.0025618648396126,1.0003001200480193,usdt_crypto_intraday_rv_3d__drawdown_brake,0.412440406633685,0.0
0,2023-01-25,0.00011004053940960884,0.0,1.0026721933582046,1.0003001200480193,usdt_crypto_intraday_rv_3d__drawdown_brake,0.04226495200084107,0.3701754546328439
0,2023-01-26,0.0001049534238057025,0.0,1.0027774327603733,1.0003001200480193,usdt_crypto_intraday_rv_3d__drawdown_brake,0.04226495200084107,0.0
0,2023-01-27,0.0001839751861095355,0.00010000500033334732,1.0029619358966708,1.0004001600640255,usdt_crypto_intraday_rv_3d__drawdown_brake,0.04226495200084107,0.0
0,2023-01-28,0.0001797484795706025,0.0,1.0031422329832935,1.0004001600640255,usdt_crypto_intraday_rv_3d__drawdown_brake,0.23394134002160755,0.19167638802076647
0,2023-01-29,0.00015222281400810843,0.0001999800026662447,1.0032949457397364,1.0006002400960383,usdt_crypto_intraday_rv_3d__drawdown_brake,0.23394134002160755,0.0
0,2023-01-30,0.00016685885421689138,9.997500633169773e-05,1.0034623683524084,1.0007002801120446,usdt_crypto_intraday_rv_3d__drawdown_brake,0.23394134002160755,0.0
0,2023-01-31,0.0001194744108672991,-9.997500633169773e-05,1.0035822635897587,1.000600240096038,usdt_crypto_intraday_rv_3d__drawdown_brake,0.23394134002160755,0.0
0,2023-02-01,0.00025856501678939994,0.0004997751116070202,1.0038417884051665,1.00110044017607,usdt_crypto_intraday_rv_3d__drawdown_brake,0.23394134002160755,0.0
0,2023-02-02,1.3382727239771158e-06,-0.0005997601139399677,1.00384313182015,1.0005002000800316,usdt_crypto_intraday_rv_3d__drawdown_brake,0.23394134002160755,0.0
0,2023-02-03,0.00016625332324503845,9.998500233294739e-05,1.0040100379507968,1.000600240096038,usdt_crypto_intraday_rv_3d__drawdown_brake,0.1770324989299875,0.05690884109162006
0,2023-02-04,0.00031900256803775874,0.000999300572815942,1.0043303708220266,1.0016006402561022,usdt_crypto_intraday_rv_3d__drawdown_brake,0.1770324989299875,0.0
0,2023-02-05,0.00011810806311961683,-0.0001997802423987637,1.004448997342093,1.0014005602240892,usdt_crypto_intraday_rv_3d__drawdown_brake,0.1770324989299875,0.0
0,2023-02-06,1.2261090072279832e-05,-0.0007995203304171785,1.0044613130572242,1.000600240096038,usdt_crypto_intraday_rv_3d__drawdown_brake,0.11193450426623039,0.0650979946637571
0,2023-02-07,0.00014175678979636258,-9.998500233294739e-05,1.0046037123612335,1.0005002000800318,usdt_crypto_intraday_rv_3d__drawdown_brake,0.03390234486320705,0.07803215940302334
0,2023-02-08,0.0001687179742976147,9.998500233294739e-05,1.0047732213637606,1.0006002400960383,usdt_crypto_intraday_rv_3d__drawdown_brake,0.03390234486320705,0.0
0,2023-02-09,0.00019301832474456513,0.00029989503898474816,1.0049671797258533,1.0009003601440576,usdt_crypto_intraday_rv_3d__drawdown_brake,0.03390234486320705,0.0
0,2023-02-10,0.0001734506334360572,-0.00029989503898474816,1.0051415070379133,1.0006002400960383,usdt_crypto_intraday_rv_3d__naive_scaling,0.03390234486320705,0.0
0,2023-02-11,0.00018700716561284158,9.997500633169773e-05,1.0053294932790233,1.0007002801120446,usdt_crypto_intraday_rv_3d__naive_scaling,0.03390234486320705,0.0
0,2023-02-12,0.00017683866529788437,-0.00019996000866464512,1.0055072901250144,1.0005002000800318,usdt_crypto_intraday_rv_3d__naive_scaling,0.03390234486320705,0.0
0,2023-02-13,0.00020471765084052008,0.0005997601139399677,1.0057131562868513,1.0011004401760701,usdt_crypto_intraday_rv_3d__naive_scaling,0.25748803592597075,0.22358569106276371
0,2023-02-14,-8.347832581072263e-05,-0.0006997551142732649,1.0056292045404431,1.0004001600640255,usdt_crypto_intraday_rv_3d__naive_scaling,0.25748803592597075,0.0
0,2023-02-15,0.00021835761698767771,0.00029995500899794244,1.0058488153130898,1.0007002801120448,usdt_crypto_intraday_rv_3d__naive_scaling,0.25748803592597075,0.0
0,2023-02-16,-6.341529339451329e-05,-0.0008000800506801853,1.0057850311378236,0.9998999599839936,usdt_crypto_intraday_rv_3d__naive_scaling,0.25748803592597075,0.0
0,2023-02-17,0.00037434658295776736,0.0009000450630091342,1.0061616138092406,1.000800320128051,usdt_crypto_intraday_rv_3d__naive_scaling,0.039873431959040535,0.21761460396693022
0,2023-02-18,0.00013289233946544877,-0.0001999400186606466,1.0062953338649687,1.0006002400960383,usdt_crypto_intraday_rv_3d__naive_scaling,0.039873431959040535,0.0
0,2023-02-19,0.000188373901601361,9.997500633169773e-05,1.0064849114983507,1.0007002801120446,usdt_crypto_intraday_rv_3d__naive_scaling,0.039873431959040535,0.0
0,2023-02-20,0.00017641446318877052,-0.00019996000866464512,1.0066624856565847,1.0005002000800318,usdt_crypto_intraday_rv_3d__naive_scaling,0.2559347172748979,0.2160612853158574
0,2023-02-21,0.00012586184520851782,9.998500233294739e-05,1.006789194028239,1.0006002400960383,usdt_crypto_intraday_rv_3d__naive_scaling,0.2559347172748979,0.0
0,2023-02-22,0.00016848112957711,9.997500633169773e-05,1.0069588332990014,1.0007002801120446,usdt_crypto_intraday_rv_3d__naive_scaling,0.2559347172748979,0.0
0,2023-02-23,9.171734631317874e-05,-0.00019996000866464512,1.0070511931264725,1.0005002000800318,usdt_crypto_intraday_rv_3d__naive_scaling,0.2559347172748979,0.0
0,2023-02-24,0.00014348446896787642,0.0,1.0071956996991183,1.0005002000800318,usdt_crypto_intraday_rv_3d__naive_scaling,0.2559347172748979,0.0
0,2023-02-25,0.00016907410227168931,9.998500233294739e-05,1.0073660048045425,1.0006002400960383,usdt_crypto_intraday_rv_3d__naive_scaling,0.2559347172748979,0.0
0,2023-02-26,0.00011789483566406352,-9.998500233294739e-05,1.0074847750551945,1.000500200080032,usdt_crypto_intraday_rv_3d__naive_scaling,0.2559347172748979,0.0
0,2023-02-27,0.00011877789750648617,-9.999500033329732e-05,1.0076044490857194,1.0004001600640255,usdt_crypto_intraday_rv_3d__naive_scaling,0.2559347172748979,0.0
0,2023-02-28,0.00016966707500941548,9.999500033329732e-05,1.0077754208890952,1.000500200080032,usdt_crypto_intraday_rv_3d__naive_scaling,0.2559347172748979,0.0
0,2023-03-01,0.0001702549296078643,9.998500233294739e-05,1.007947014229331,1.0006002400960385,usdt_crypto_intraday_rv_3d__naive_scaling,0.2559347172748979,0.0
0,2023-03-02,8.813043305994763e-05,-0.0001999800026662447,1.00803584895066,1.0004001600640258,usdt_crypto_intraday_rv_7d__hysteresis,0.2702412307794179,0.014306513504520002
0,2023-03-03,0.00014217327511174488,0.0,1.0081791748970537,1.0004001600640258,usdt_crypto_intraday_rv_7d__hysteresis,0.2702412307794179,0.0
0,2023-03-04,0.00016919604707360346,9.999500033329732e-05,1.0083497692597272,1.0005002000800323,usdt_crypto_intraday_rv_7d__hysteresis,0.24047682908737117,0.02976440169204675
0,2023-03-05,0.00014201916369367275,0.0,1.008492984420076,1.0005002000800323,usdt_crypto_intraday_rv_7d__hysteresis,0.24047682908737117,0.0
0,2023-03-06,0.00010047935655588358,-0.00020000000066664465,1.008594322237336,1.0003001200480195,usdt_crypto_intraday_rv_7d__hysteresis,0.24047682908737117,0.0
0,2023-03-07,0.0001518894457441989,0.0,1.0087475287048495,1.0003001200480195,usdt_crypto_intraday_rv_7d__hysteresis,0.24047682908737117,0.0
0,2023-03-08,0.00011766507204136322,-0.0001448249680776421,1.0088662300388496,1.0001552621048422,usdt_crypto_intraday_rv_7d__hysteresis,0.24047682908737117,0.0
0,2023-03-09,0.00019656793287365254,0.00018453815089592422,1.0090645602802784,1.0003398459383757,usdt_crypto_intraday_rv_7d__hysteresis,0.24047682908737117,0.0
0,2023-03-10,0.000859723702406539,0.0029472206255315805,1.009932450019243,1.003292416966787,usdt_crypto_intraday_rv_7d__hysteresis,0.2007988194157759,0.039678009671595266
0,2023-03-11,0.0009936134578350775,0.004196618527400147,1.0109364311950906,1.007511699679872,usdt_crypto_intraday_rv_7d__hysteresis,0.2007988194157759,0.0
0,2023-03-12,0.0005030681673718539,0.0017141293681118969,1.0114451290769886,1.0092401860744298,usdt_crypto_intraday_rv_7d__hysteresis,0.16009215088495315,0.04070666853082275
0,2023-03-13,-0.0007657290441957759,-0.00574598784621581,1.010670932615231,1.0034577330932375,usdt_crypto_intraday_rv_7d__hysteresis,0.16009215088495315,0.0
0,2023-03-14,2.981111813387237e-05,-0.0008296593943096825,1.010701062294895,1.0026255502200883,usdt_crypto_intraday_rv_7d__hysteresis,0.12092625096491216,0.03916589992004099
0,2023-03-15,0.0003137885974587532,0.001289537761553462,1.0110182585273606,1.0039193077230892,usdt_crypto_intraday_rv_7d__hysteresis,0.12092625096491216,0.0
0,2023-03-16,-6.597924128460357e-05,-0.001912845860859455,1.0109515545103025,1.0020008003201282,usdt_crypto_intraday_rv_7d__hysteresis,0.12092625096491216,0.0
0,2023-03-17,0.00018180519887236923,0.0001996605776823238,1.0111353674672898,1.002200880352141,usdt_crypto_intraday_rv_7d__hysteresis,0.12092625096491216,0.0
0,2023-03-18,0.00023971525144749403,0.0006785479335131757,1.0113777810901101,1.0028811524609846,usdt_crypto_intraday_rv_7d__hysteresis,0.12092625096491216,0.0
0,2023-03-19,0.0002006225422739553,0.00035527065615110955,1.0115807066267897,1.0032375100040019,usdt_crypto_intraday_rv_7d__hysteresis,0.12092625096491216,0.0
0,2023-03-20,0.00013871537144535844,-0.00024031237702734805,1.0117210381531012,1.0029964485794318,usdt_crypto_intraday_rv_7d__hysteresis,0.12092625096491216,0.0
0,2023-03-21,0.0002592746129301891,0.0007653051608643075,1.011983385742227,1.0037643407362946,usdt_crypto_intraday_rv_7d__hysteresis,0.12092625096491216,0.0
0,2023-03-22,9.001206731572392e-05,-0.0010598342661971836,1.0120744805586215,1.002701080432173,usdt_crypto_intraday_rv_7d__regime_switch,0.08004607544247658,0.040880175522435586
0,2023-03-23,0.0001614761723150417,-0.0001396884948840875,1.0122379196672455,1.002561024409764,usdt_crypto_intraday_rv_7d__regime_switch,0.08004607544247658,0.0
0,2023-03-24,0.00010550106166854074,-0.0008435344090692266,1.0123447174759734,1.00171568627451,usdt_crypto_intraday_rv_7d__regime_switch,0.08004607544247658,0.0
0,2023-03-25,0.00016547589889771136,-9.428047128847588e-05,1.0125122499890065,1.0016212484994,usdt_crypto_intraday_rv_7d__regime_switch,0.004010249476176588,0.07603582596629999
0,2023-03-26,0.00016994806049242884,-0.0005406363950895921,1.0126843391048086,1.0010798819527815,usdt_crypto_intraday_rv_7d__regime_switch,0.004010249476176588,0.0
0,2023-03-27,0.00019512509452422546,0.00027032975723612475,1.0128819585118254,1.001350540216087,usdt_crypto_intraday_rv_7d__regime_switch,0.004010249476176588,0.0
0,2023-03-28,0.00018916912900575778,-0.00013094917989345137,1.0130735826338155,1.0012194227691082,usdt_crypto_intraday_rv_7d__regime_switch,0.004010249476176588,0.0
0,2023-03-29,0.00018828663345246859,-0.00035100919324966876,1.013264348806926,1.000868047218888,usdt_crypto_intraday_rv_7d__regime_switch,0.004010249476176588,0.0
0,2023-03-30,0.0001969422170656738,0.00013222940952246844,1.013463922985899,1.0010004001600645,usdt_crypto_intraday_rv_7d__regime_switch,0.004010249476176588,0.0
0,2023-03-31,0.00019141735714988656,-6.301417803584661e-05,1.013657936139754,1.0009373249299727,usdt_crypto_intraday_rv_7d__regime_switch,0.004010249476176588,0.0
0,2023-04-01,0.00019185021965236298,4.4924867913260147e-05,1.0138524252932517,1.0009822929171674,usdt_crypto_intraday_rv_7d__regime_switch,0.06444372366336365,0.06043347418718706
0,2023-04-02,0.00015784730604220267,-0.00015682104876467721,1.0140124717984311,1.0008253301320533,usdt_crypto_intraday_rv_7d__regime_switch,0.06444372366336365,0.0
0,2023-04-03,0.0002063696006794545,0.0003797664482014507,1.014221754741396,1.0012054821928777,usdt_crypto_intraday_rv_7d__regime_switch,0.06444372366336365,0.0
0,2023-04-04,0.00016430655582896933,-0.00026142374959785795,1.0143884117158062,1.000943777511005,usdt_crypto_intraday_rv_7d__regime_switch,0.06444372366336365,0.0
0,2023-04-05,0.00012078280138773723,-0.000925280375074682,1.0145109397893615,1.000018052220889,usdt_crypto_intraday_rv_7d__regime_switch,0.06444372366336365,0.0
0,2023-04-06,0.0001833731618924261,1.716140768390944e-05,1.0146969909260364,1.000035214085635,usdt_crypto_intraday_rv_7d__regime_switch,0.06444372366336365,0.0
0,2023-04-07,0.0002587996637983199,0.001164546726271138,1.0149596281498918,1.0012004801920775,usdt_crypto_intraday_rv_7d__regime_switch,0.06444372366336365,0.0
0,2023-04-08,0.00017472351614897615,-0.00014009774288670392,1.0151369809582735,1.0010602240896365,usdt_crypto_intraday_rv_7d__regime_switch,0.15961465358286164,0.09517092991949799
0,2023-04-09,0.00026658960067404964,0.0007553460886824332,1.0154076419967628,1.0018166566626658,usdt_crypto_intraday_rv_7d__regime_switch,0.0769065687007601,0.08270808488210155
0,2023-04-10,9.914992047781925e-05,-0.0009150534747089805,1.0155083245749716,1.0009003601440583,usdt_crypto_intraday_rv_7d__regime_switch,0.0769065687007601,0.0
0,2023-04-11,0.00020787082966564494,0.0002974769887132985,1.0157194410746542,1.0011981492597049,usdt_crypto_intraday_rv_1d__hysteresis,0.15258000419104029,0.07567343549028019
0,2023-04-12,0.00016914985932799334,2.3281401999527846e-06,1.015891264406765,1.0012004801920775,usdt_crypto_intraday_rv_1d__hysteresis,0.15258000419104029,0.0
0,2023-04-13,0.0002134045150521769,0.00027474243070107097,1.0161080833236364,1.0014755902360952,usdt_crypto_intraday_rv_1d__hysteresis,0.12125102479446107,0.03132897939657922
0,2023-04-14,9.722866814405922e-05,-0.0006245238209005015,1.0162068829622692,1.0008503401360553,usdt_crypto_intraday_rv_1d__hysteresis,0.12125102479446107,0.0
0,2023-04-15,0.0002761370616385914,0.0007993206200670845,1.0164875340922532,1.0016506602641064,usdt_crypto_intraday_rv_1d__hysteresis,0.12125102479446107,0.0
0,2023-04-16,0.00019738220431653005,0.0001498015132755106,1.0166881904447378,1.001800720288116,usdt_crypto_intraday_rv_1d__hysteresis,0.15484275563938574,0.03359173084492467
0,2023-04-17,4.424603948135645e-05,-0.0007992008417398593,1.0167331758657583,1.0010004001600648,usdt_crypto_intraday_rv_1d__hysteresis,0.11488720307912881,0.03995555256025693
0,2023-04-18,0.00018300232125826124,7.285363233809584e-05,1.016919257423201,1.0010733293317335,usdt_crypto_intraday_rv_1d__hysteresis,0.11488720307912881,0.0
0,2023-04-19,0.00026729174315342754,0.0007491949611719476,1.017191107874236,1.0018236094437782,usdt_crypto_intraday_rv_1d__hysteresis,0.15340608378317053,0.03851888070404172
0,2023-04-20,2.2845704434426964e-05,-0.0009219936238266,1.017214346587091,1.0009003601440583,usdt_crypto_intraday_rv_1d__hysteresis,0.10292039042444909,0.05048569335872144
0,2023-04-21,0.00017640888266993947,3.448216410419493e-05,1.0173938080622422,1.0009348739495807,usdt_crypto_intraday_rv_1d__hysteresis,0.10292039042444909,0.0
0,2023-04-22,0.00018928364607046305,6.147025380463442e-05,1.0175864022986163,1.0009964035614254,usdt_crypto_intraday_rv_1d__hysteresis,0.10292039042444909,0.0
0,2023-04-23,0.00019776723199131226,0.00014389887543988535,1.0177876674458803,1.001140456182474,usdt_crypto_intraday_rv_1d__hysteresis,0.10292039042444909,0.0
0,2023-04-24,0.00019558729353494008,0.0001019693397913803,1.0179867532498414,1.0012425470188084,usdt_crypto_intraday_rv_1d__hysteresis,0.16085426862849614,0.05793387820404705
0,2023-04-25,0.0001387898492262197,-0.00012495259648977219,1.01812804928284,1.0011174469787925,usdt_crypto_intraday_rv_1d__hysteresis,0.1232929797205337,0.03756128890796244
0,2023-04-26,0.0001822111263124563,8.293709226292847e-05,1.0183135804438377,1.0012004801920777,usdt_crypto_intraday_rv_1d__hysteresis,0.1232929797205337,0.0
0,2023-04-27,0.00015666109872610186,-0.0001908655358096909,1.0184731230649324,1.0010094037615056,usdt_crypto_intraday_rv_1d__hysteresis,0.1232929797205337,0.0
0,2023-04-28,0.00022557965392146456,0.00039068569832887,1.0187028957946138,1.0014005602240905,usdt_crypto_intraday_rv_1d__hysteresis,0.1232929797205337,0.0
0,2023-04-29,0.00021250924957649502,0.0002846747610103298,1.0189194025865738,1.001685674269709,usdt_crypto_intraday_rv_1d__hysteresis,0.1232929797205337,0.0
0,2023-04-30,0.00014231245050410628,-0.0002846747610103298,1.0190644178221142,1.0014005602240905,usdt_crypto_intraday_rv_1d__hysteresis,0.18701775063757006,0.06372477091703636
0,2023-05-01,0.0002348013833061511,0.0004436578130727234,1.0193037236506672,1.001844937975191,usdt_crypto_intraday_rv_7d__trend_filter,0.1095543302277182,0.07746342040985187
0,2023-05-02,0.00032465472577434824,0.0012735033850286817,1.0196346991450218,1.0031216036414576,usdt_crypto_intraday_rv_7d__trend_filter,0.1095543302277182,0.0
0,2023-05-03,5.242980642405893e-05,-0.0012177854074488796,1.019688159796375,1.0019007603041228,usdt_crypto_intraday_rv_7d__trend_filter,0.1095543302277182,0.0
0,2023-05-04,0.0003168714807549257,0.0011960094081572385,1.020011321091073,1.0030997599039626,usdt_crypto_intraday_rv_7d__trend_filter,0.1095543302277182,0.0
0,2023-05-05,0.00023871012195523155,0.00048256103384625507,1.020254837181648,1.0035839335734305,usdt_crypto_intraday_rv_7d__trend_filter,0.1095543302277182,0.0
0,2023-05-06,0.0008783146914606548,0.006320801915570872,1.0211513356404294,1.0099474789915974,usdt_crypto_intraday_rv_7d__trend_filter,0.1095543302277182,0.0
0,2023-05-07,0.0011702298881989441,0.008985372052885554,1.0223470169283089,1.0190631252501008,usdt_crypto_intraday_rv_7d__trend_filter,0.1095543302277182,0.0
0,2023-05-08,0.00010003565807652379,-0.0007993677627381665,1.0224492932004818,1.018248844537816,usdt_crypto_intraday_rv_7d__trend_filter,0.1095543302277182,0.0
0,2023-05-09,-0.0007580475237797752,-0.008625408283111554,1.0216745217394756,1.0095038015206093,usdt_crypto_intraday_rv_7d__trend_filter,0.0185967670222994,0.0909575632054188
0,2023-05-10,8.894432171477088e-05,-0.005211255959471865,1.0217653979282255,1.0042567026810731,usdt_crypto_intraday_rv_7d__trend_filter,0.0185967670222994,0.0
0,2023-05-11,0.00015756260690379638,-0.0024159188571507353,1.0219264026317945,1.0018334283713495,usdt_crypto_intraday_rv_7d__trend_filter,0.0185967670222994,0.0
0,2023-05-12,0.00019181370346923836,-0.0006788281280466809,1.0221224409205705,1.0011535864345746,usdt_crypto_intraday_rv_7d__trend_filter,0.0185967670222994,0.0
0,2023-05-13,0.00021576928525082325,0.0006093302788882299,1.0223430073439608,1.00176380552221,usdt_crypto_intraday_rv_7d__trend_filter,0.0185967670222994,0.0
0,2023-05-14,0.00019320787917628557,-0.0006038594141097123,1.0225405511510959,1.0011590636254513,usdt_crypto_intraday_rv_7d__trend_filter,0.0185967670222994,0.0
0,2023-05-15,0.00019556467463708872,-0.00039337900475082795,1.0227405435163686,1.00076530612245,usdt_crypto_intraday_rv_7d__trend_filter,0.0185967670222994,0.0
0,2023-05-16,0.00019659344740142088,-0.0003799335162056667,1.022941627370852,1.0003851540616258,usdt_crypto_intraday_rv_7d__trend_filter,0.07379036244033707,0.05519359541803767
0,2023-05-17,0.00014647144735569357,-0.0004851249291811306,1.023091470085145,0.9998999599839948,usdt_crypto_intraday_rv_7d__trend_filter,0.07379036244033707,0.0
0,2023-05-18,0.0002403503999440054,0.0006126187140317721,1.023337400082662,1.0005127050820342,usdt_crypto_intraday_rv_7d__trend_filter,0.07379036244033707,0.0
0,2023-05-19,0.0001713496132060221,-0.0003125136750165739,1.0235127635741497,1.0002000800320143,usdt_crypto_intraday_rv_7d__trend_filter,0.07379036244033707,0.0
0,2023-05-20,0.0002755511180636462,0.0010996152455030387,1.023794832520927,1.0013005202080847,usdt_crypto_intraday_rv_7d__trend_filter,0.07379036244033707,0.0
0,2023-05-21,0.00018179011967480818,-1.5985740719412934e-05,1.0239809652240839,1.001284513805524,usdt_crypto_intraday_rv_7d__regime_switch,0.12443750780628374,0.050647145365946666
0,2023-05-22,0.00010253128353825913,-0.0006836294994503363,1.024085960689335,1.00060024009604,usdt_crypto_intraday_rv_7d__regime_switch,0.12443750780628374,0.0
0,2023-05-23,0.00019609083007505034,8.497939254857199e-05,1.0242867942456007,1.0006852741096457,usdt_crypto_intraday_rv_7d__regime_switch,0.12443750780628374,0.0
0,2023-05-24,0.00022322850876745637,0.00029468757701498697,1.0245154697817302,1.000980207082835,usdt_crypto_intraday_rv_7d__regime_switch,0.0010923583714829539,0.12334514943480078
0,2023-05-25,0.00018858909871983135,2.0173099737745798e-05,1.024708700450827,1.0010004001600659,usdt_crypto_intraday_rv_7d__regime_switch,0.0010923583714829539,0.0
0,2023-05-26,0.00021241478700560033,0.0006993356596525793,1.0249263868502627,1.001700680272111,usdt_crypto_intraday_rv_7d__regime_switch,0.0010923583714829539,0.0
0,2023-05-27,0.0002121411294040629,0.0004488156758436874,1.0251438389559773,1.0021503601440598,usdt_crypto_intraday_rv_7d__regime_switch,0.0010923583714829539,0.0
0,2023-05-28,0.0002102874933296892,-0.0012480963658128234,1.0253594365521181,1.0009003601440596,usdt_crypto_intraday_rv_7d__regime_switch,0.0010923583714829539,0.0
0,2023-05-29,0.00021139469260414578,-0.000234510254000921,1.025576215007117,1.0006656662665085,usdt_crypto_intraday_rv_7d__regime_switch,0.0010923583714829539,0.0
0,2023-05-30,0.0002204341588468226,0.0004218989924861172,1.0258023119562354,1.0010879351740716,usdt_crypto_intraday_rv_7d__regime_switch,0.0010923583714829539,0.0
0,2023-05-31,0.00021809677746881815,-0.0006294654504918283,1.0260260605333282,1.0004579831932794,usdt_crypto_intraday_rv_7d__regime_switch,0.12250253241675846,0.1214101740452755
0,2023-06-01,0.0002758441598652634,0.000886755438959265,1.026309122868747,1.001345538215288,usdt_crypto_intraday_rv_7d__regime_switch,0.12250253241675846,0.0
0,2023-06-02,0.00011253142732307673,-0.0006445987596056834,1.0264246213977035,1.0007002801120468,usdt_crypto_intraday_rv_7d__regime_switch,0.12250253241675846,0.0
0,2023-06-03,0.0002833113363042061,0.0007494941265734314,1.0267154603258446,1.001450580232095,usdt_crypto_intraday_rv_7d__regime_switch,0.12250253241675846,0.0
0,2023-06-04,0.0001547786937099673,-0.0002997302450253996,1.026874386302466,1.0011504601840757,usdt_crypto_intraday_rv_7d__regime_switch,0.12250253241675846,0.0
0,2023-06-05,0.0004041355422443758,0.0017471613080411717,1.0272894666080938,1.0029011604641878,usdt_crypto_intraday_rv_7d__regime_switch,0.12250253241675846,0.0
0,2023-06-06,0.0007380637818956992,0.004478733537837992,1.02804795162765,1.007402961184476,usdt_crypto_intraday_rv_7d__regime_switch,0.12250253241675846,0.0
0,2023-06-07,-0.0006658190429130886,-0.006975613736425138,1.0273636855484003,1.0004001600640278,usdt_crypto_intraday_rv_7d__regime_switch,0.008111253159179124,0.11439127925757933
0,2023-06-08,0.00018898637711046686,1.563987769645866e-05,1.0275578616370467,1.0004158063225312,usdt_crypto_intraday_rv_7d__regime_switch,0.008111253159179124,0.0
0,2023-06-09,0.00020634917973220756,-0.0006158199497289193,1.0277699192371264,0.9997999199679894,usdt_crypto_intraday_rv_7d__regime_switch,0.008111253159179124,0.0
0,2023-06-10,0.00022029939427297923,0.0007371706883895439,1.0279963612693916,1.0005372148859566,usdt_crypto_intraday_rv_7d__trend_filter,0.013789130370604509,0.0056778772114253855
0,2023-06-11,0.00021161457035434104,0.00010733953260089489,1.0282139232965433,1.0006446178471409,usdt_crypto_intraday_rv_7d__trend_filter,0.013789130370604509,0.0
0,2023-06-12,0.0003260186649660842,0.008318900511529835,1.0285491948765428,1.0090036014405783,usdt_crypto_intraday_rv_7d__trend_filter,0.013789130370604509,0.0
0,2023-06-13,0.00025069696958451984,0.0029700051531852713,1.028807081367097,1.0120048019207704,usdt_crypto_intraday_rv_7d__trend_filter,0.013789130370604509,0.0
0,2023-06-14,4.7735183888697675e-05,-0.011748964081342636,1.0288561928344753,1.000184368747501,usdt_crypto_intraday_rv_7d__trend_filter,0.013789130370604509,0.0
0,2023-06-15,0.00019866936042657656,-0.0007179574812412372,1.0290606153418487,0.9994665366146479,usdt_crypto_intraday_rv_7d__trend_filter,0.06393341648962661,0.0501442861190221
0,2023-06-16,0.0001955788625097584,0.00011373968499465645,1.02926189752908,0.9995802220888376,usdt_crypto_intraday_rv_7d__trend_filter,0.06393341648962661,0.0
0,2023-06-17,0.00021737594942825255,0.0002978097744853242,1.0294856586305257,0.9998779511804742,usdt_crypto_intraday_rv_7d__trend_filter,0.06393341648962661,0.0
0,2023-06-18,0.00022737988045979437,0.00045428398751545373,1.0297197695715705,1.0003322829131673,usdt_crypto_intraday_rv_7d__trend_filter,0.06393341648962661,0.0
0,2023-06-19,0.00017485369766936503,-0.00036729235979193417,1.029899835622992,0.9999649359743918,usdt_crypto_intraday_rv_7d__trend_filter,0.06393341648962661,0.0
0,2023-06-20,0.0002363239215681679,0.0005651362124395138,1.0301432543526703,1.000530212084836,usdt_crypto_intraday_rv_7d__trend_filter,0.06393341648962661,0.0
0,2023-06-21,0.00018399267319330558,-0.000259199897771243,1.0303328106017564,1.0002709083633474,usdt_crypto_intraday_rv_7d__trend_filter,0.06393341648962661,0.0
0,2023-06-22,0.00022161034407682247,0.00032918834970526226,1.0305611683127085,1.0006002400960405,usdt_crypto_intraday_rv_7d__trend_filter,0.11928832459331942,0.05535490810369281
0,2023-06-23,0.0001268425057167575,-0.000428706158499184,1.0306918955643025,1.0001713685474212,usdt_crypto_intraday_rv_7d__trend_filter,0.11928832459331942,0.0
0,2023-06-24,0.0001566784083382448,-0.0002713988858493036,1.0308533953814234,0.9998999599839958,usdt_crypto_intraday_rv_7d__trend_filter,0.11928832459331942,0.0
0,2023-06-25,0.0002009139378893925,9.942977405481108e-05,1.0310605290037953,0.9999993847539037,usdt_crypto_intraday_rv_7d__trend_filter,0.11928832459331942,0.0
0,2023-06-26,0.00018928779775218883,-2.4395070469277738e-05,1.0312557146532277,0.9999749899960005,usdt_crypto_intraday_rv_7d__trend_filter,0.11928832459331942,0.0
0,2023-06-27,0.00018115060326796264,-7.503470358553334e-05,1.0314425441696895,0.9998999599839957,usdt_crypto_intraday_rv_7d__trend_filter,0.11928832459331942,0.0
0,2023-06-28,0.00017261560404700787,-0.00014658402955731206,1.031620602614882,0.9997534013605464,usdt_crypto_intraday_rv_7d__trend_filter,0.11928832459331942,0.0
0,2023-06-29,0.00020410870393849174,0.00011156590767565447,1.0318311868493444,0.9998649459783935,usdt_crypto_intraday_rv_7d__trend_filter,0.11928832459331942,0.0
0,2023-06-30,0.0002541387996913371,0.0005397581529147508,1.032093448512675,1.0004047769107665,usdt_crypto_intraday_rv_7d__trend_filter,0.11928832459331942,0.0
0,2023-07-01,0.00017607900214430873,-0.00011462103979460813,1.032275194497565,1.0002901160464208,usdt_crypto_intraday_rv_7d__trend_filter,0.11928832459331942,0.0
0,2023-07-02,0.000211343561791242,0.00018100353006298732,1.0324933822693971,1.0004711884753923,usdt_crypto_intraday_rv_7d__trend_filter,0.11928832459331942,0.0
0,2023-07-03,0.00014510111529933282,-0.0003772393668795363,1.0326432090804594,1.0000938425370172,usdt_crypto_intraday_rv_7d__trend_filter,0.11928832459331942,0.0
0,2023-07-04,0.0002564508030059886,0.0005562106424677472,1.03290806522048,1.0006502601040441,usdt_crypto_intraday_rv_7d__trend_filter,0.11928832459331942,0.0
0,2023-07-05,0.00014771711583860293,-0.000355309303328148,1.0330606546905616,1.0002947829131676,usdt_crypto_intraday_rv_7d__trend_filter,0.11928832459331942,0.0
0,2023-07-06,0.00019143666228647177,5.335547787360315e-06,1.0332584393052444,1.0003001200480215,usdt_crypto_intraday_rv_7d__trend_filter,0.11928832459331942,0.0
0,2023-07-07,0.00021992975897718525,0.00024419460451275896,1.0334857085754838,1.0005444177671092,usdt_crypto_intraday_rv_7d__trend_filter,0.11928832459331942,0.0
0,2023-07-08,0.00017117251531799504,-0.0001645398112434731,1.033662628065211,1.0003798019207706,usdt_crypto_intraday_rv_7d__trend_filter,0.11928832459331942,0.0
0,2023-07-09,0.00020515597189339646,0.00012034520739735881,1.0338747118806684,1.0005002000800343,usdt_crypto_intraday_rv_7d__trend_filter,0.11928832459331942,0.0
0,2023-07-10,0.00018959654585854588,-1.5948532336747617e-05,1.0340707495383357,1.000484243697481,usdt_crypto_intraday_rv_7d__trend_filter,0.11928832459331942,0.0
0,2023-07-11,0.00019497229002219521,2.618745602111857e-05,1.0342723843363786,1.000510444177673,usdt_crypto_intraday_rv_7d__trend_filter,0.11928832459331942,0.0
0,2023-07-12,0.00017405565294258878,-0.00014329947067682978,1.034452420959296,1.0003670818327353,usdt_crypto_intraday_rv_7d__trend_filter,0.11928832459331942,0.0
0,2023-07-13,0.00024816543728903415,0.00047796656352309854,1.0347091681532703,1.0008453381352564,usdt_crypto_intraday_rv_7d__trend_filter,0.11928832459331942,0.0
0,2023-07-14,0.000213106185770313,0.00017820481237129193,1.0349296945744146,1.001023709483796,usdt_crypto_intraday_rv_7d__trend_filter,0.11928832459331942,0.0
0,2023-07-15,0.0001359478044295092,-0.00046861776313099617,1.035070400558249,1.0005547218887578,usdt_crypto_intraday_rv_7d__trend_filter,0.11928832459331942,0.0
0,2023-07-16,0.00021362512768757772,0.00018255512845657441,1.0352915412244945,1.0007373949579854,usdt_crypto_intraday_rv_7d__trend_filter,0.11928832459331942,0.0
0,2023-07-17,0.00017853661746861213,-0.00011159361022837358,1.0354763951754673,1.000625725290118,usdt_crypto_intraday_rv_7d__trend_filter,0.11928832459331942,0.0
0,2023-07-18,0.0002171321581455988,0.00021195474044691248,1.035701254811106,1.0008378351340559,usdt_crypto_intraday_rv_7d__trend_filter,0.11928832459331942,0.0
0,2023-07-19,0.0001420569458297831,-0.0004174045247767705,1.035848393818968,1.0004201680672289,usdt_crypto_intraday_rv_7d__trend_filter,0.11928832459331942,0.0
0,2023-07-20,0.00018501744666146313,-1.5999808002661297e-05,1.0360400615743133,1.0004041616646677,usdt_crypto_intraday_rv_7d__regime_switch,0.1403392054039052,0.021050880810585787
0,2023-07-21,0.0002318176491275589,0.00031504910642327647,1.036280261786038,1.0007193877551042,usdt_crypto_intraday_rv_7d__regime_switch,0.1403392054039052,0.0
0,2023-07-22,0.00017960900162650826,-5.696844455822456e-05,1.0364664037651499,1.000662379951983,usdt_crypto_intraday_rv_7d__regime_switch,0.1403392054039052,0.0
0,2023-07-23,0.00014263608907505703,-0.0003204223557090025,1.0366142518234245,1.0003417967186896,usdt_crypto_intraday_rv_7d__regime_switch,0.1403392054039052,0.0
0,2023-07-24,0.00020860819750619076,0.0001472377504731665,1.0368305206109434,1.0004890956382575,usdt_crypto_intraday_rv_7d__regime_switch,0.1403392054039052,0.0
0,2023-07-25,0.0001621365099370292,-0.00018390056141489848,1.0369986423219169,1.000305122048822,usdt_crypto_intraday_rv_7d__regime_switch,0.1403392054039052,0.0
0,2023-07-26,0.00022737849135200087,0.00028098721693044053,1.0372344603176962,1.0005862344938,usdt_crypto_intraday_rv_7d__regime_switch,0.1403392054039052,0.0
0,2023-07-27,0.00012843257884604905,-0.000424061042543305,1.0373676835692225,1.0001620148059247,usdt_crypto_intraday_rv_7d__regime_switch,0.1403392054039052,0.0
0,2023-07-28,0.00022696669058559332,0.00027562263360284445,1.0376031582007208,1.0004377200880374,usdt_crypto_intraday_rv_7d__regime_switch,0.1403392054039052,0.0
0,2023-07-29,0.0001930509871169561,3.3953148792625856e-05,1.0378034878509432,1.0004716886754723,usdt_crypto_intraday_rv_7d__regime_switch,0.1403392054039052,0.0
0,2023-07-30,0.00019361843641757228,3.799656131575525e-05,1.0380044451934651,1.000509703881555,usdt_crypto_intraday_rv_7d__regime_switch,0.1403392054039052,0.0
0,2023-07-31,0.00018521169422408337,-2.9197229184976185e-05,1.0381967135599968,1.000480492196881,usdt_crypto_intraday_rv_7d__regime_switch,0.1403392054039052,0.0
0,2023-08-01,0.00010046769636143528,-0.0006306181751747723,1.038301024032007,0.9998497699079655,usdt_crypto_intraday_rv_7d__regime_switch,0.1403392054039052,0.0
0,2023-08-02,0.00017190179078377887,-0.00011917766544510141,1.0384795251793046,0.999730617246901,usdt_crypto_intraday_rv_7d__regime_switch,0.1403392054039052,0.0
0,2023-08-03,0.00015992707172565325,-0.00020693489156852634,1.0386456194499447,0.9995237595038039,usdt_crypto_intraday_rv_7d__regime_switch,0.1403392054039052,0.0
0,2023-08-04,0.00010890711412649357,-0.0005704823226111989,1.0387587415067459,0.9989537114845962,usdt_crypto_intraday_rv_7d__regime_switch,0.1403392054039052,0.0
0,2023-08-05,0.00021323561801443462,0.00017292009004802157,1.0389802654865208,0.999126465586237,usdt_crypto_intraday_rv_7d__regime_switch,0.1403392054039052,0.0
0,2023-08-06,0.00016266561306979246,-0.00018742116170054326,1.0391492855948807,0.9989392256902786,usdt_crypto_intraday_rv_7d__regime_switch,0.1403392054039052,0.0
0,2023-08-07,0.00020736056421243105,0.00012619633936003494,1.039364786519467,0.9990652961184499,usdt_crypto_intraday_rv_7d__regime_switch,0.1403392054039052,0.0
0,2023-08-08,0.00032761611722586733,0.0009806581609854497,1.0397053549600168,1.0000455182072854,usdt_crypto_intraday_rv_7d__regime_switch,0.1403392054039052,0.0
0,2023-08-09,0.00014924721254298173,-0.0003747029997317719,1.039860539666265,0.9996708683473414,usdt_crypto_intraday_rv_7d__trend_filter,0.11928832459331942,0.021050880810585787
0,2023-08-10,0.000165897197234945,-0.00023219620683714555,1.0400330639255608,0.9994387755102065,usdt_crypto_intraday_rv_7d__trend_filter,0.11928832459331942,0.0
0,2023-08-11,0.00021520549203944198,0.00018115769827133836,1.0402569088382838,0.999619847939178,usdt_crypto_intraday_rv_7d__trend_filter,0.11928832459331942,0.0
0,2023-08-12,0.0002198117619349866,0.00021977228952533092,1.040485594675278,0.9998395608243322,usdt_crypto_intraday_rv_7d__trend_filter,0.11928832459331942,0.0
0,2023-08-13,0.00016847812662902384,-0.00021056014645254534,1.0406609085069116,0.9996290566226514,usdt_crypto_intraday_rv_7d__trend_filter,0.11928832459331942,0.0
0,2023-08-14,0.00018629496929004633,-6.705893535918057e-05,1.0408547964585175,0.9995620248099263,usdt_crypto_intraday_rv_7d__trend_filter,0.11928832459331942,0.0
0,2023-08-15,0.00015582118801203085,-0.0003225221701888036,1.0410169963262095,0.9992396958783536,usdt_crypto_intraday_rv_7d__trend_filter,0.11928832459331942,0.0
0,2023-08-16,0.00016629438985950762,-0.00023472479451786313,1.0411901260072953,0.9990051770708307,usdt_crypto_intraday_rv_7d__trend_filter,0.11928832459331942,0.0
0,2023-08-17,0.0003565726632976803,0.0013603875024053593,1.041561452141965,1.0003651360544241,usdt_crypto_intraday_rv_7d__trend_filter,0.11928832459331942,0.0
0,2023-08-18,0.0001550402598466954,-0.0003261395940215863,1.0417229486190556,1.0000389305722313,usdt_crypto_intraday_rv_7d__trend_filter,0.11928832459331942,0.0
0,2023-08-19,0.00021763998081131088,0.00019863700233041986,1.0419496938551231,1.0002375950380176,usdt_crypto_intraday_rv_7d__trend_filter,0.11928832459331942,0.0
0,2023-08-20,0.0002228735177619826,0.00024251000472620365,1.042181942728824,1.0004801920768331,usdt_crypto_intraday_rv_7d__trend_filter,0.11928832459331942,0.0
0,2023-08-21,0.00019702928072868247,1.999820016256089e-05,1.0423873033177484,1.0005002000800343,usdt_crypto_intraday_rv_7d__trend_filter,0.11928832459331942,0.0
0,2023-08-22,0.00010097499121337238,-0.0007852297200281256,1.0424925636807847,0.999714885954384,usdt_crypto_intraday_rv_7d__trend_filter,0.11928832459331942,0.0
0,2023-08-23,0.00022454219006709042,0.0002506402972177891,1.0427266735269474,0.99996548619448,usdt_crypto_intraday_rv_7d__trend_filter,0.11928832459331942,0.0
0,2023-08-24,0.00017649397847621282,-0.00015507940096395065,1.0429107247475098,0.9998104241696701,usdt_crypto_intraday_rv_7d__trend_filter,0.11928832459331942,0.0
0,2023-08-25,0.0001846420747328224,-9.556089625383847e-05,1.0431033077264016,0.999714885954384,usdt_crypto_intraday_rv_7d__trend_filter,0.1760843187844216,0.05679599419110218
0,2023-08-26,0.00018701650183736043,8.505464766236763e-05,1.0432984035005635,0.9997999199679893,usdt_crypto_intraday_rv_7d__trend_filter,0.1760843187844216,0.0
0,2023-08-27,0.00017229858904211953,-6.303980966058844e-05,1.0434781778304234,0.9997368947579054,usdt_crypto_intraday_rv_7d__trend_filter,0.1760843187844216,0.0
0,2023-08-28,0.00017228641966019834,-5.753980317475414e-05,1.043657970437143,0.9996793717487016,usdt_crypto_intraday_rv_7d__trend_filter,0.1760843187844216,0.0
0,2023-08-29,0.00029728818924255104,0.0005907512341354349,1.0439682837493185,1.0002701080432195,usdt_crypto_intraday_rv_7d__regime_switch,0.20715802209931952,0.03107370331489792
0,2023-08-30,0.00017076559146051446,-2.0002800392741833e-05,1.0441465728331463,1.0002501000400181,usdt_crypto_intraday_rv_7d__regime_switch,0.20715802209931952,0.0
0,2023-08-31,0.00016869356576144809,-3.000495081911041e-05,1.0443227284994412,1.0002200880352163,usdt_crypto_intraday_rv_7d__regime_switch,0.20715802209931952,0.0
0,2023-09-01,0.0001621552104238573,-5.701188699396218e-05,1.0444920846018475,1.0001630652260927,usdt_crypto_intraday_rv_7d__regime_switch,0.20715802209931952,0.0
0,2023-09-02,0.00014018816435390795,-0.0001630519324015087,1.0446385202939055,1.0000000000000022,usdt_crypto_intraday_rv_7d__regime_switch,0.20715802209931952,0.0
0,2023-09-03,0.00011385709416000521,-0.00029015813821997615,1.044757466571584,0.9997098839535836,usdt_crypto_intraday_rv_7d__regime_switch,0.20715802209931952,0.0
0,2023-09-04,0.00023075838494614133,0.0002741516075551073,1.0449985809357412,0.9999839935974413,usdt_crypto_intraday_rv_7d__regime_switch,0.20715802209931952,0.0
0,2023-09-05,9.810753992058162e-05,-0.0003692217218360101,1.0451011082050041,0.9996148459383777,usdt_crypto_intraday_rv_7d__regime_switch,0.20715802209931952,0.0
0,2023-09-06,0.00014764132818599458,-0.00013011059418841864,1.0452554197118058,0.9994847939175694,usdt_crypto_intraday_rv_7d__regime_switch,0.20715802209931952,0.0
0,2023-09-07,0.00022890554679338526,0.00026520752644263303,1.045494711861799,0.9997498999599863,usdt_crypto_intraday_rv_7d__regime_switch,0.20715802209931952,0.0
0,2023-09-08,0.00026298628428689165,0.00042668636173924626,1.0457696987886231,1.0001765706282537,usdt_crypto_intraday_rv_7d__regime_switch,0.20715802209931952,0.0
0,2023-09-09,0.00020846992002184766,0.00016352317977515743,1.0459877330400928,1.0003401360544242,usdt_crypto_intraday_rv_7d__regime_switch,0.20715802209931952,0.0
0,2023-09-10,9.378254476856858e-05,-0.00039009948031325345,1.0460858330314555,0.9999499799919993,usdt_crypto_intraday_rv_7d__regime_switch,0.20715802209931952,0.0
0,2023-09-11,0.0002265047240934817,0.0002505813776130739,1.0463228032508685,1.0002005802320955,usdt_crypto_intraday_rv_7d__regime_switch,0.20715802209931952,0.0
0,2023-09-12,0.00021831305031722042,0.00020951985277253065,1.046551254109657,1.0004101640656289,usdt_crypto_intraday_rv_7d__regime_switch,0.20715802209931952,0.0
0,2023-09-13,0.00020773708233173813,0.00015998560163706254,1.0467686841970607,1.0005702280912392,usdt_crypto_intraday_rv_7d__regime_switch,0.20715802209931952,0.0
0,2023-09-14,0.00013005859012130488,-0.00021498656416779914,1.0469048343098644,1.0003551420568255,usdt_crypto_intraday_rv_7d__regime_switch,0.20715802209931952,0.0
0,2023-09-15,0.0001562634318937774,-9.000810078986651e-05,1.0470684400346029,1.0002651060424197,usdt_crypto_intraday_rv_7d__regime_switch,0.20715802209931952,0.0
0,2023-09-16,0.0001925193928459944,8.500786327854156e-05,1.0472700404203157,1.000350140056025,usdt_crypto_intraday_rv_7d__regime_switch,0.20715802209931952,0.0
0,2023-09-17,0.00021675311859952956,0.00020198969921206191,1.047497064070746,1.000552220888358,usdt_crypto_intraday_rv_7d__regime_switch,0.20715802209931952,0.0
0,2023-09-18,0.00017019316230471206,-3.849488980796261e-05,1.0476753560801952,1.0005137054821955,usdt_crypto_intraday_rv_7d__priority_stack,0.1933474872926982,0.01381053480662131
0,2023-09-19,0.00018118249497513176,1.9997530305582736e-05,1.0478651937122423,1.0005337134853967,usdt_crypto_intraday_rv_7d__priority_stack,0.1933474872926982,0.0
0,2023-09-20,0.00015543279476221809,-0.00011649123416644796,1.0480280789863639,1.0004171668667492,usdt_crypto_intraday_rv_7d__priority_stack,0.1933474872926982,0.0
0,2023-09-21,0.0001585539974373658,-0.00010200346820629451,1.048194261201793,1.0003151260504228,usdt_crypto_intraday_rv_7d__priority_stack,0.1933474872926982,0.0
0,2023-09-22,0.0001847237010501366,3.5002362663060405e-05,1.0483879054099283,1.000350140056025,usdt_crypto_intraday_rv_7d__priority_stack,0.1933474872926982,0.0
0,2023-09-23,0.00021662364638915793,0.00019999000116663064,1.0486150356208275,1.000550220088038,usdt_crypto_intraday_rv_7d__priority_stack,0.1933474872926982,0.0
0,2023-09-24,0.00016587329905068157,-6.249257902665717e-05,1.0487889872827894,1.0004876950780341,usdt_crypto_intraday_rv_7d__priority_stack,0.1933474872926982,0.0
0,2023-09-25,0.00016361244129618494,-7.749622209791191e-05,1.0489605962477013,1.0004101640656293,usdt_crypto_intraday_rv_7d__priority_stack,0.1933474872926982,0.0
0,2023-09-26,7.125957037742472e-05,-0.0005551485164820238,1.0490353473924685,0.9998549419767937,usdt_crypto_intraday_rv_7d__priority_stack,0.1933474872926982,0.0
0,2023-09-27,0.00016021724030813736,-9.50563209416469e-05,1.0492034344056727,0.9997599039615876,usdt_crypto_intraday_rv_7d__priority_stack,0.1933474872926982,0.0
0,2023-09-28,0.000270026500178382,0.0004761914379527233,1.049486785391456,1.0002360944377782,usdt_crypto_intraday_rv_7d__priority_stack,0.1933474872926982,0.0
0,2023-09-29,0.00019929331010593382,0.00011201209742362538,1.0496959619298791,1.0003481392557052,usdt_crypto_intraday_rv_7d__priority_stack,0.1933474872926982,0.0
0,2023-09-30,0.0002070241653330621,0.0001519963523802205,1.0499132968562659,1.000500200080035,usdt_crypto_intraday_rv_7d__priority_stack,0.1933474872926982,0.0
0,2023-10-01,0.00017251278855229772,-2.6497701325889873e-05,1.0500944359508007,1.0004736894757933,usdt_crypto_intraday_rv_7d__priority_stack,0.1933474872926982,0.0
0,2023-10-02,7.477105841993465e-05,-0.0005436077836272484,1.050172955558678,0.9999299719887984,usdt_crypto_intraday_rv_7d__priority_stack,0.1933474872926982,0.0
0,2023-10-03,0.0002675806785481739,0.0004536103484933686,1.05045399914996,1.0003836534613875,usdt_crypto_intraday_rv_7d__priority_stack,0.1933474872926982,0.0
0,2023-10-04,0.00021561276770679357,0.00018648568776393363,1.0506805148630278,1.0005702280912394,usdt_crypto_intraday_rv_7d__priority_stack,0.1933474872926982,0.0
0,2023-10-05,0.0001464966016924479,-0.00017098555213749045,1.0508344472629312,1.0003991596638684,usdt_crypto_intraday_rv_7d__priority_stack,0.1933474872926982,0.0
0,2023-10-06,0.0002731741612044131,0.00048088483735079905,1.0511215472939968,1.0008803521408591,usdt_crypto_intraday_rv_7d__priority_stack,0.1933474872926982,0.0
0,2023-10-07,0.00010239560847901592,-0.0004023878398206649,1.051229183035037,1.0004776910764333,usdt_crypto_intraday_rv_7d__priority_stack,0.1933474872926982,0.0
0,2023-10-08,0.00017040666058905585,-7.749699703010505e-05,1.0514083347535215,1.0004001600640282,usdt_crypto_intraday_rv_7d__trend_filter,0.1760843187844216,0.01726316850827661
0,2023-10-09,0.00019461740870690026,5.999820007194575e-05,1.0516129770319531,1.000460184073632,usdt_crypto_intraday_rv_7d__trend_filter,0.1760843187844216,0.0
0,2023-10-10,0.00019924483586170998,8.999055105302218e-05,1.0518225263620695,1.0005502200880378,usdt_crypto_intraday_rv_7d__trend_filter,0.1760843187844216,0.0
0,2023-10-11,0.00012326486775178215,-0.00034150708959122724,1.0519521871178237,1.0002085834333758,usdt_crypto_intraday_rv_7d__trend_filter,0.1760843187844216,0.0
0,2023-10-12,0.00017084331766303856,-7.501717896909248e-05,1.0521319214722633,1.0001335534213711,usdt_crypto_intraday_rv_7d__trend_filter,0.1760843187844216,0.0
0,2023-10-13,8.171624808331767e-05,-0.0005793221192918147,1.0522179012582997,0.999554321728694,usdt_crypto_intraday_rv_7d__trend_filter,0.1760843187844216,0.0
0,2023-10-14,0.0003027311756671052,0.0006758431850892874,1.052536488641339,1.0002300920368172,usdt_crypto_intraday_rv_7d__trend_filter,0.1760843187844216,0.0
0,2023-10-15,0.00021366266771572718,0.00017001445163787897,1.0527614004221402,1.000400160064028,usdt_crypto_intraday_rv_7d__trend_filter,0.1760843187844216,0.0
0,2023-10-16,0.0002766988776304896,0.0005298595996058682,1.0530527386246678,1.0009303721488618,usdt_crypto_intraday_rv_7d__trend_filter,0.1760843187844216,0.0
0,2023-10-17,0.00014588364843554037,-0.00021490920168963884,1.0532063730062728,1.0007152861144482,usdt_crypto_intraday_rv_7d__trend_filter,0.1760843187844216,0.0
0,2023-10-18,0.00012001711207852834,-0.00035995141044656715,1.053332783379136,1.000355142056825,usdt_crypto_intraday_rv_7d__trend_filter,0.1760843187844216,0.0
0,2023-10-19,0.00020517022281331924,0.00012549777257914182,1.0535489180724418,1.000480692276913,usdt_crypto_intraday_rv_7d__trend_filter,0.1760843187844216,0.0
0,2023-10-20,0.00026013609221864126,0.0004413670453447693,1.0538230198212835,1.000922368947581,usdt_crypto_intraday_rv_7d__trend_filter,0.1760843187844216,0.0
0,2023-10-21,0.00014158329356729686,-0.00023190584726577303,1.0539722341181432,1.0006902761104461,usdt_crypto_intraday_rv_7d__trend_filter,0.1760843187844216,0.0
0,2023-10-22,0.00014122167293419198,-0.0002339595260692081,1.0541210883507461,1.0004561824729914,usdt_crypto_intraday_rv_7d__trend_filter,0.12214145306284682,0.05394286572157478
0,2023-10-23,0.00022557995567862142,0.0003439215892682991,1.0543589037613226,1.0008003201280533,usdt_crypto_intraday_rv_7d__trend_filter,0.12214145306284682,0.0
0,2023-10-24,0.00015772816829596033,-0.000299925020993594,1.0545252189758916,1.000500200080034,usdt_crypto_intraday_rv_7d__trend_filter,0.12214145306284682,0.0
0,2023-10-25,0.00019898417415808458,3.4995887986740874e-05,1.054735073683909,1.0005352140856363,usdt_crypto_intraday_rv_7d__trend_filter,0.12214145306284682,0.0
0,2023-10-26,0.0002032581740298086,6.998810205123942e-05,1.0549494789981493,1.0006052420968408,usdt_crypto_intraday_rv_7d__trend_filter,0.12214145306284682,0.0
0,2023-10-27,0.00018188682845658507,-0.00010498399003798029,1.0551413778644754,1.000500200080034,usdt_crypto_intraday_rv_7d__trend_filter,0.12214145306284682,0.0
0,2023-10-28,0.00023157191983612423,0.00028493090618349974,1.0553857472725006,1.0007853141256524,usdt_crypto_intraday_rv_7d__regime_switch,0.15477753460452667,0.03263608154167985
0,2023-10-29,5.048501288276242e-05,-0.00088505094819904,1.0554390297805207,0.9998999599839957,usdt_crypto_intraday_rv_7d__regime_switch,0.15477753460452667,0.0
0,2023-10-30,0.00031318806908218404,0.0008100770016103004,1.0557696324599968,1.0007102841136475,usdt_crypto_intraday_rv_7d__regime_switch,0.15477753460452667,0.0
0,2023-10-31,0.00015884339916772587,-0.00018495977177714618,1.0559373478170409,1.0005252100840354,usdt_crypto_intraday_rv_7d__regime_switch,0.15477753460452667,0.0
0,2023-11-01,0.00018293135056542402,-2.4997187817614046e-05,1.0561305295311465,1.0005002000800338,usdt_crypto_intraday_rv_7d__regime_switch,0.15477753460452667,0.0
0,2023-11-02,0.0002001091866227742,9.248647391917533e-05,1.056341892099469,1.0005927370948398,usdt_crypto_intraday_rv_7d__regime_switch,0.15477753460452667,0.0
0,2023-11-03,0.00024850589002196443,0.0004073385977150768,1.056604431901525,1.0010004001600659,usdt_crypto_intraday_rv_7d__regime_switch,0.15477753460452667,0.0
0,2023-11-04,0.00017076327971977538,-9.494754155461632e-05,1.0567848765459043,1.0009053621448598,usdt_crypto_intraday_rv_7d__regime_switch,0.15477753460452667,0.0
0,2023-11-05,0.0002233557420966439,0.00024484636013304107,1.057020941878534,1.0011504601840755,usdt_crypto_intraday_rv_7d__regime_switch,0.15477753460452667,0.0
0,2023-11-06,0.00012149354109125868,-0.00041977332856999675,1.0571493708972604,1.0007302921168486,usdt_crypto_intraday_rv_7d__regime_switch,0.15477753460452667,0.0
0,2023-11-07,0.00022681740461440587,0.00026287868300247427,1.0573891779690376,1.0009933973589455,usdt_crypto_intraday_rv_7d__regime_switch,0.15477753460452667,0.0
0,2023-11-08,9.883651231739889e-05,-0.0005618247254686294,1.057493691792356,1.0004311724689894,usdt_crypto_intraday_rv_7d__regime_switch,0.15477753460452667,0.0
0,2023-11-09,0.00019879472209318865,8.399386849717952e-05,1.057703936854043,1.000515206082435,usdt_crypto_intraday_rv_7d__regime_switch,0.15477753460452667,0.0
0,2023-11-10,0.00024038898446684202,0.0003548961965884407,1.0579582277924358,1.0008703481392576,usdt_crypto_intraday_rv_7d__regime_switch,0.15477753460452667,0.0
0,2023-11-11,0.00011629051703622235,-0.00044688984909128064,1.0580812654556666,1.000423169267709,usdt_crypto_intraday_rv_7d__regime_switch,0.15477753460452667,0.0
0,2023-11-12,0.000321136317588585,0.0008765955073318321,1.0584211083419903,1.001300520208085,usdt_crypto_intraday_rv_7d__regime_switch,0.15477753460452667,0.0
0,2023-11-13,0.0001474652712315355,-0.00024980640133889125,1.0585772002065907,1.001050420168069,usdt_crypto_intraday_rv_7d__regime_switch,0.15477753460452667,0.0
0,2023-11-14,0.00010002795862229547,-0.0005497938411638053,1.0586830928189943,1.0005002000800336,usdt_crypto_intraday_rv_7d__regime_switch,0.15477753460452667,0.0
0,2023-11-15,0.00025469955738699045,0.00044735517622468776,1.0589527732764372,1.0009478791516622,usdt_crypto_intraday_rv_7d__regime_switch,0.15477753460452667,0.0
0,2023-11-16,9.38796254428507e-05,-0.0005873509765793591,1.059052192032779,1.0003601440576246,usdt_crypto_intraday_rv_7d__regime_switch,0.15477753460452667,0.0
0,2023-11-17,0.00021691794217266265,0.0002074867734627493,1.0592819443727295,1.000567727090838,usdt_crypto_intraday_rv_7d__trend_filter,0.12214145306284682,0.03263608154167985
0,2023-11-18,0.00018589644776304817,-4.6493293350870834e-05,1.0594788794275642,1.000521208483395,usdt_crypto_intraday_rv_7d__trend_filter,0.12214145306284682,0.0
0,2023-11-19,0.00022686471698619268,0.00028892329287612153,1.0597192650701779,1.0008103241296535,usdt_crypto_intraday_rv_7d__trend_filter,0.12214145306284682,0.0
0,2023-11-20,0.00022836970114940014,0.00028983914130663893,1.059961300477769,1.001100440176072,usdt_crypto_intraday_rv_7d__trend_filter,0.12214145306284682,0.0
0,2023-11-21,0.000143787881413697,-0.0003998001052753225,1.0601137210253964,1.0007002801120464,usdt_crypto_intraday_rv_7d__trend_filter,0.12214145306284682,0.0
0,2023-11-22,0.00018930512769544291,-2.9991452438278294e-05,1.0603144249852716,1.0006702681072444,usdt_crypto_intraday_rv_7d__trend_filter,0.12214145306284682,0.0
0,2023-11-23,0.00017465068122292233,-0.000149970755983818,1.0604996257941588,1.0005202080832347,usdt_crypto_intraday_rv_7d__trend_filter,0.12214145306284682,0.0
0,2023-11-24,0.0002747658859971482,0.0006696953136732419,1.0607910549490014,1.0011904761904777,usdt_crypto_intraday_rv_7d__trend_filter,0.12214145306284682,0.0
0,2023-11-25,0.00018320433402041987,-7.994004500892608e-05,1.0609854142709496,1.0011104441776726,usdt_crypto_intraday_rv_7d__trend_filter,0.12214145306284682,0.0
0,2023-11-26,0.00012630822271379293,-0.0005457615157699751,1.061119433916665,1.0005642256902776,usdt_crypto_intraday_rv_7d__trend_filter,0.12214145306284682,0.0
0,2023-11-27,0.00017608293003722536,-0.00012398735344881415,1.0613062953867833,1.0004401760704296,usdt_crypto_intraday_rv_7d__trend_filter,0.12214145306284682,0.0
0,2023-11-28,0.0002467002674160511,0.00045987584162962016,1.0615681522324145,1.000900360144059,usdt_crypto_intraday_rv_7d__trend_filter,0.12214145306284682,0.0
0,2023-11-29,0.00014618225480493444,-0.0003573851938116147,1.061723346001548,1.000542717086836,usdt_crypto_intraday_rv_7d__trend_filter,0.12214145306284682,0.0
0,2023-11-30,0.00022310807264268632,0.00027242406347772146,1.0619602514777335,1.0008153261304535,usdt_crypto_intraday_rv_7d__trend_filter,0.12214145306284682,0.0
0,2023-12-01,0.0002214870126665783,0.00026485499344015655,1.062195487931352,1.0010804321728703,usdt_crypto_intraday_rv_7d__trend_filter,0.12214145306284682,0.0
0,2023-12-02,0.00014885130629600757,-0.0003298301404692676,1.0623536088852354,1.0007503001200493,usdt_crypto_intraday_rv_7d__trend_filter,0.12214145306284682,0.0
0,2023-12-03,0.0001967071248826151,6.197638701639879e-05,1.0625626019637877,1.0008123249299732,usdt_crypto_intraday_rv_7d__trend_filter,0.12214145306284682,0.0
0,2023-12-04,0.00013315220307155741,-0.0004669166638598752,1.0627040939349155,1.0003451380552233,usdt_crypto_intraday_rv_7d__trend_filter,0.12214145306284682,0.0
0,2023-12-05,0.00024051477657990116,0.000414936728103206,1.0629597207124153,1.0007603041216497,usdt_crypto_intraday_rv_7d__trend_filter,0.12214145306284682,0.0
0,2023-12-06,0.00012754819925654836,-0.0005099464666728283,1.0630953079574452,1.0002501000400172,usdt_crypto_intraday_rv_7d__trend_filter,0.12214145306284682,0.0
0,2023-12-07,0.00024434895062039406,0.00039998000633255045,1.0633551059197413,1.000650260104043,usdt_crypto_intraday_rv_7d__regime_switch,0.15477753460452667,0.03263608154167985
0,2023-12-08,0.00018244103134913895,0.0,1.0635491232197756,1.000650260104043,usdt_crypto_intraday_rv_7d__regime_switch,0.15477753460452667,0.0
0,2023-12-09,0.00019791414288901834,9.997000908054817e-05,1.063759635463906,1.0007503001200495,usdt_crypto_intraday_rv_7d__regime_switch,0.15477753460452667,0.0
0,2023-12-10,0.00011543130361718552,-0.00043294220897865135,1.0638824337126076,1.0003171268507416,usdt_crypto_intraday_rv_7d__regime_switch,0.15477753460452667,0.0
0,2023-12-11,9.565599091316878e-05,-0.0005672078968956932,1.0639842053084734,0.9997498999599853,usdt_crypto_intraday_rv_7d__regime_switch,0.15477753460452667,0.0
0,2023-12-12,0.00017536759378264675,-5.0033772807069965e-05,1.0641708100201124,0.9996998799519821,usdt_crypto_intraday_rv_7d__regime_switch,0.15477753460452667,0.0
0,2023-12-13,0.0003217756555567062,0.0009002251170596706,1.0645132893779359,1.0006002400960397,usdt_crypto_intraday_rv_7d__regime_switch,0.15477753460452667,0.0
0,2023-12-14,0.00014341421594032331,-0.0002499812527079074,1.064665966664475,1.0003501400560237,usdt_crypto_intraday_rv_7d__regime_switch,0.15477753460452667,0.0
0,2023-12-15,0.00017470157415801164,-5.0003750291684605e-05,1.0648519817328934,1.0003001200480206,usdt_crypto_intraday_rv_7d__regime_switch,0.15477753460452667,0.0
0,2023-12-16,5.545868485783479e-05,-0.0008204184594085814,1.0649110386609633,0.9994797919167681,usdt_crypto_intraday_rv_7d__regime_switch,0.15477753460452667,0.0
0,2023-12-17,0.0001700469302370975,-8.007687384160563e-05,1.0650921389113976,0.999399759903963,usdt_crypto_intraday_rv_7d__regime_switch,0.15477753460452667,0.0
0,2023-12-18,0.0003457053560525272,0.001050499083625305,1.0654604106215924,1.0004501800720302,usdt_crypto_intraday_rv_7d__regime_switch,0.15477753460452667,0.0
0,2023-12-19,0.00013257143766697268,-0.00032003520660409194,1.065601669603252,1.0001300520208096,usdt_crypto_intraday_rv_7d__regime_switch,0.15477753460452667,0.0
0,2023-12-20,0.0002134791958697775,0.0002005340413254701,1.0658291776740523,1.0003306322529024,usdt_crypto_intraday_rv_7d__regime_switch,0.15477753460452667,0.0
0,2023-12-21,0.00024669043605989895,0.0004194411795248398,1.0660921399724663,1.0007503001200493,usdt_crypto_intraday_rv_7d__regime_switch,0.15477753460452667,0.0
0,2023-12-22,0.000276793529495413,0.0006096007304119096,1.0663872682215672,1.0013605442176883,usdt_crypto_intraday_rv_7d__regime_switch,0.15477753460452667,0.0
0,2023-12-23,7.880485190179894e-05,-0.0006695815365720978,1.0664713080236379,1.0006902761104453,usdt_crypto_intraday_rv_7d__regime_switch,0.15477753460452667,0.0
0,2023-12-24,0.00018553565365466123,1.999400180025722e-05,1.0666691948318374,1.0007102841136466,usdt_crypto_intraday_rv_7d__regime_switch,0.15477753460452667,0.0
0,2023-12-25,0.00012905012263102157,-0.00034495257244235685,1.0668068575047385,1.0003651460584244,usdt_crypto_intraday_rv_7d__regime_switch,0.15477753460452667,0.0
0,2023-12-26,0.0001891223355696801,4.100059451432178e-05,1.0670086335888123,1.0004061624649871,usdt_crypto_intraday_rv_7d__regime_switch,0.15477753460452667,0.0
0,2023-12-27,0.00024141759389607575,0.0004129122620122415,1.067266259342243,1.0008193277310935,usdt_crypto_intraday_rv_1d__hysteresis,0.20628552857591342,0.05150799397138675
0,2023-12-28,0.00014709878725914567,-0.00011895723501432158,1.0674232644620232,1.000700280112046,usdt_crypto_intraday_rv_1d__hysteresis,0.20628552857591342,0.0
0,2023-12-29,0.00013912758324067915,-0.00014996625787297451,1.0675717828123625,1.0005502200880365,usdt_crypto_intraday_rv_1d__hysteresis,0.1648266311258113,0.04145889745010212
0,2023-12-30,0.00017971862613141897,5.499023924630968e-05,1.0677636625881346,1.0006052420968399,usdt_crypto_intraday_rv_1d__hysteresis,0.1648266311258113,0.0
0,2023-12-31,8.746113442575013e-05,-0.0005550402546666583,1.0678570544933847,1.0000500200080042,usdt_crypto_intraday_rv_1d__hysteresis,0.2326999873331488,0.0678733562073375
0,2024-01-01,0.000380005994327639,0.0009848597371039866,1.0682629236866563,1.0010354141656672,usdt_crypto_intraday_rv_1d__hysteresis,0.17327624040895293,0.059423746924195886
0,2024-01-02,0.00015249957063218168,-8.494966737308861e-05,1.0684258457462972,1.0009503801520618,usdt_crypto_intraday_rv_1d__hysteresis,0.17327624040895293,0.0
0,2024-01-03,0.00022304990626613813,0.0002498313651287269,1.0686641846107858,1.0012004801920777,usdt_crypto_intraday_rv_1d__hysteresis,0.17327624040895293,0.0
0,2024-01-04,0.00016383066322168098,-9.193068432878997e-05,1.0688392789154284,1.0011084433773518,usdt_crypto_intraday_rv_1d__hysteresis,0.10489328449401744,0.06838295591493548
0,2024-01-05,0.00016088947719978752,-0.00018788463938431636,1.0690112577426447,1.00092036814726,usdt_crypto_intraday_rv_1d__hysteresis,0.19379667748418894,0.0889033929901715
0,2024-01-06,0.00012426652966632926,-0.00016992608256314923,1.0691441083160875,1.000750300120049,usdt_crypto_intraday_rv_1d__hysteresis,0.19379667748418894,0.0
0,2024-01-07,0.00022146767130643173,0.00023988725414148942,1.0693809153936353,1.0009903961584645,usdt_crypto_intraday_rv_1d__hysteresis,0.1512556677210791,0.042541009763109844
0,2024-01-08,0.0002232310256565712,0.00030976922440651593,1.0696196610389224,1.0013005202080842,usdt_crypto_intraday_rv_1d__hysteresis,0.18376142696100436,0.03250575923992527
0,2024-01-09,6.184226394279298e-05,-0.0005921425112713079,1.0696858107857228,1.0007077831132463,usdt_crypto_intraday_rv_1d__hysteresis,0.2156579571528709,0.03189653019186653
0,2024-01-10,0.00020848923996043755,0.00020841418621359118,1.0699088520174505,1.0009163665466196,usdt_crypto_intraday_rv_1d__hysteresis,0.14091228260895242,0.07474567454391848
0,2024-01-11,0.00010551982849640287,-0.00046586816773650663,1.0700217545726465,1.0004501800720298,usdt_crypto_intraday_rv_1d__hysteresis,0.1840294723755615,0.04311718976660908
0,2024-01-12,9.420446538113178e-05,-0.0004000600143371513,1.0701225601480753,1.000050020008004,usdt_crypto_intraday_rv_1d__hysteresis,0.1840294723755615,0.0
0,2024-01-13,0.0002473132452766042,0.00038506065180967926,1.0703872483603705,1.0004351740696287,usdt_crypto_intraday_rv_1d__hysteresis,0.2528252893610053,0.06879581698544379
0,2024-01-14,-1.3909970150177002e-06,-0.0005901534570226261,1.0703857594559387,0.9998449379751909,usdt_crypto_intraday_rv_1d__hysteresis,0.2528252893610053,0.0
0,2024-01-15,0.00011730101385030523,-0.0001751125102350513,1.070511324155023,0.9996698679471796,usdt_crypto_intraday_rv_1d__hysteresis,0.16857770874036948,0.08424758062063581
0,2024-01-16,0.0002867531715363186,0.0005152434639300878,1.0708183406892686,1.0001850740296125,usdt_crypto_intraday_rv_3d__drawdown_modulated,0.18203453262130082,0.013456823880931335
0,2024-01-17,5.569361578771241e-06,-0.0008855823282197127,1.0708243044804004,0.9992997198879559,usdt_crypto_intraday_rv_3d__drawdown_modulated,0.18203453262130082,0.0
0,2024-01-18,0.00021387208005695883,0.00020320289879291107,1.071053348393951,0.9995028011204488,usdt_crypto_intraday_rv_3d__drawdown_modulated,0.18203453262130082,0.0
0,2024-01-19,0.00017633554063468815,-3.002697924062289e-06,1.0712422298179534,0.9994997999199685,usdt_crypto_intraday_rv_3d__drawdown_modulated,0.18203453262130082,0.0
0,2024-01-20,0.00021331819083809684,0.00020016012877072922,1.0714707696473524,0.9996998799519813,usdt_crypto_intraday_rv_3d__drawdown_modulated,0.18203453262130082,0.0
0,2024-01-21,0.00021021473779927514,0.00018311142381276365,1.0716960322701856,0.9998829531812731,usdt_crypto_intraday_rv_3d__drawdown_modulated,0.18203453262130082,0.0
0,2024-01-22,2.643273739180187e-05,-0.0008282709605041472,1.0717243605043651,0.9990551220488201,usdt_crypto_intraday_rv_3d__drawdown_modulated,0.18203453262130082,0.0
0,2024-01-23,0.00031162802192087656,0.0007402215647362914,1.0720583918909405,0.9997949179671874,usdt_crypto_intraday_rv_3d__drawdown_modulated,0.18203453262130082,0.0
0,2024-01-24,0.0002503112885694377,0.00040516308368147337,1.0723267737965454,1.0002000800320134,usdt_crypto_intraday_rv_3d__drawdown_modulated,0.18203453262130082,0.0
0,2024-01-25,6.655353289713489e-05,-0.0006043033786770008,1.072398143306682,0.9995958383353347,usdt_crypto_intraday_rv_3d__drawdown_modulated,0.18203453262130082,0.0
0,2024-01-26,0.0003047678832999494,0.0007043183810106983,1.0727250256279588,1.00030012004802,usdt_crypto_intraday_rv_3d__drawdown_modulated,0.18203453262130082,0.0
0,2024-01-27,0.00020122409069782456,0.000135504370223337,1.072940905465193,1.0004356742697087,usdt_crypto_intraday_rv_3d__drawdown_modulated,0.18203453262130082,0.0
0,2024-01-28,0.00015189114129432682,-0.000135504370223337,1.0731038880613584,1.00030012004802,usdt_crypto_intraday_rv_3d__drawdown_modulated,0.18203453262130082,0.0
0,2024-01-29,0.00019957389446638904,0.00013000455034232163,1.0733180729556115,1.0004301720688282,usdt_crypto_intraday_rv_3d__drawdown_modulated,0.18203453262130082,0.0
0,2024-01-30,0.00021422166431936672,0.00021047153450213737,1.0735480255690806,1.000640756302522,usdt_crypto_intraday_rv_3d__drawdown_modulated,0.18203453262130082,0.0
0,2024-01-31,0.00012394279714481927,-0.0002854720970414494,1.0736810923604037,1.0003551420568235,usdt_crypto_intraday_rv_3d__drawdown_modulated,0.18203453262130082,0.0
0,2024-02-01,0.00023870248505998603,0.0003449560215282802,1.073937413296317,1.0007002801120455,usdt_crypto_intraday_rv_3d__drawdown_modulated,0.18203453262130082,0.0
0,2024-02-02,0.0002035280408557474,0.00014994377136687113,1.074156011918767,1.0008503401360551,usdt_crypto_intraday_rv_3d__drawdown_modulated,0.18203453262130082,0.0
0,2024-02-03,0.00017623309651550385,0.0,1.0743453304404929,1.0008503401360551,usdt_crypto_intraday_rv_3d__drawdown_modulated,0.18203453262130082,0.0
0,2024-02-04,0.00012163911451438787,-0.00029991002923984565,1.0744760208035393,1.0005502200880358,usdt_crypto_intraday_rv_3d__drawdown_modulated,0.18203453262130082,0.0
0,2024-02-05,2.014265631997787e-05,-0.0013807458219867014,1.0744976638227237,0.9991696678671474,usdt_crypto_intraday_rv_7d__trend_filter,0.12214145306284682,0.05989307955845399
0,2024-02-06,0.00036423782547922035,0.001430737073527978,1.074889107800301,1.000600240096039,usdt_crypto_intraday_rv_7d__trend_filter,0.12214145306284682,0.0
0,2024-02-07,0.0002135582033214709,0.0001999400186606466,1.0751186836999684,1.0008003201280518,usdt_crypto_intraday_rv_7d__trend_filter,0.12214145306284682,0.0
0,2024-02-08,0.0002139016030202147,0.00019990005064065815,1.0753486779070367,1.0010004001600645,usdt_crypto_intraday_rv_7d__trend_filter,0.12214145306284682,0.0
0,2024-02-09,0.0002248801729875397,0.0002897841128654305,1.075590529696563,1.0012905162064833,usdt_crypto_intraday_rv_7d__trend_filter,0.12214145306284682,0.0
0,2024-02-10,0.00016019412586581848,-0.0002398153433358773,1.0757628467829816,1.001050420168068,usdt_crypto_intraday_rv_7d__trend_filter,0.12214145306284682,0.0
0,2024-02-11,0.00015200670221632352,-0.0003068476525493775,1.0759263823746261,1.000743297318928,usdt_crypto_intraday_rv_7d__trend_filter,0.12214145306284682,0.0
0,2024-02-12,0.00017900255391433564,-8.297498309027372e-05,1.076118993183294,1.0006602641056428,usdt_crypto_intraday_rv_7d__trend_filter,0.12214145306284682,0.0
0,2024-02-13,0.00022096780795248386,0.0002549012271553045,1.0763568071119574,1.0009153661464594,usdt_crypto_intraday_rv_7d__trend_filter,0.12214145306284682,0.0
0,2024-02-14,0.000254431824848167,0.0005345817025586178,1.0766307013808103,1.0014505802320937,usdt_crypto_intraday_rv_7d__trend_filter,0.12214145306284682,0.0
0,2024-02-15,0.0002452504833610548,0.00045941196078071395,1.0768947779618563,1.001910764305723,usdt_crypto_intraday_rv_7d__trend_filter,0.12214145306284682,0.0
0,2024-02-16,0.00012727145660879261,-0.0005093607632686646,1.0770318446510154,1.0014005602240903,usdt_crypto_intraday_rv_7d__trend_filter,0.12214145306284682,0.0
0,2024-02-17,0.00015775634677373782,-0.00025977399808371565,1.077201766662972,1.0011404561824737,usdt_crypto_intraday_rv_7d__trend_filter,0.12214145306284682,0.0
0,2024-02-18,0.00017850042422638953,-8.993749350260489e-05,1.0773940647974374,1.0010504201680681,usdt_crypto_intraday_rv_7d__trend_filter,0.12214145306284682,0.0
0,2024-02-19,0.0001772786991439127,-9.994003606158543e-05,1.0775850807467393,1.0009503801520618,usdt_crypto_intraday_rv_7d__trend_filter,0.12214145306284682,0.0
0,2024-02-20,0.0001589631289593514,-0.0002498937964375748,1.0777563906585137,1.0007002801120457,usdt_crypto_intraday_rv_7d__trend_filter,0.12214145306284682,0.0
0,2024-02-21,0.00018948552036762804,0.0,1.0779606292385429,1.0007002801120457,usdt_crypto_intraday_rv_7d__trend_filter,0.12214145306284682,0.0
0,2024-02-22,0.0001409821049734787,-0.00039996000933128974,1.0781126131103826,1.0003001200480202,usdt_crypto_intraday_rv_7d__trend_filter,0.18282790701523202,0.0606864539523852
0,2024-02-23,0.0001923223563402302,0.00015000375037511795,1.0783199782083692,1.0004501800720298,usdt_crypto_intraday_rv_7d__trend_filter,0.18282790701523202,0.0
0,2024-02-24,0.00014238733644920972,-0.00018950848107172604,1.0784735282494375,1.0002606042416975,usdt_crypto_intraday_rv_7d__trend_filter,0.18282790701523202,0.0
0,2024-02-25,0.0001694895353850356,-3.7005846928101817e-05,1.078656333718035,1.0002235894357752,usdt_crypto_intraday_rv_7d__priority_stack,0.18590120255905213,0.0030732955438201037
0,2024-02-26,0.00035398843495570835,0.0009537134814097243,1.0790382331754707,1.0011779711884763,usdt_crypto_intraday_rv_7d__priority_stack,0.18590120255905213,0.0
0,2024-02-27,0.00013006549354452028,-0.00024733830384579883,1.0791785879432803,1.0009303721488603,usdt_crypto_intraday_rv_7d__priority_stack,0.18590120255905213,0.0
0,2024-02-28,0.0002620527458375787,0.00046264770203349205,1.0794614267132197,1.00139355742297,usdt_crypto_intraday_rv_7d__priority_stack,0.18590120255905213,0.0
0,2024-02-29,0.00013091132407870852,-0.00024278841109338608,1.0796027496880698,1.0011504601840744,usdt_crypto_intraday_rv_7d__priority_stack,0.18590120255905213,0.0
0,2024-03-01,0.00018993738194357642,7.993684993123375e-05,1.0798078260831048,1.0012304921968795,usdt_crypto_intraday_rv_7d__priority_stack,0.18590120255905213,0.0
0,2024-03-02,0.00020850848502052116,0.00017983455269647314,1.0800329986514146,1.001410564225691,usdt_crypto_intraday_rv_7d__priority_stack,0.18590120255905213,0.0
0,2024-03-03,0.00015464740339951396,-0.00010989505033768719,1.0802000358658448,1.0013005202080838,usdt_crypto_intraday_rv_7d__priority_stack,0.18590120255905213,0.0
0,2024-03-04,0.0003348218742426622,0.0008488752912808092,1.0805617710214523,1.0021508603441383,usdt_crypto_intraday_rv_7d__priority_stack,0.18590120255905213,0.0
0,2024-03-05,3.7457490811860085e-05,-0.0007489702010333799,1.08060224691212,1.0014005602240903,usdt_crypto_intraday_rv_7d__priority_stack,0.18590120255905213,0.0
0,2024-03-06,0.00017297760501695203,-1.998021958318709e-05,1.0807891830681848,1.0013805522208892,usdt_crypto_intraday_rv_7d__priority_stack,0.18590120255905213,0.0
0,2024-03-07,0.0002890181245184465,0.0006042250997160992,1.0811015958751822,1.001985794317728,usdt_crypto_intraday_rv_7d__priority_stack,0.23626297100045365,0.05036176844140153
0,2024-03-08,0.0002886258354857842,0.0005639468442427222,1.0814136747613847,1.0025510204081642,usdt_crypto_intraday_rv_7d__priority_stack,0.23626297100045365,0.0
0,2024-03-09,0.0001996405932689072,0.00014467845239232464,1.0816295903810271,1.0026960784313734,usdt_crypto_intraday_rv_7d__priority_stack,0.23626297100045365,0.0
0,2024-03-10,-0.000183313831343,-0.001476203664641461,1.0814313308891292,1.001216986794719,usdt_crypto_intraday_rv_7d__priority_stack,0.23626297100045365,0.0
0,2024-03-11,9.13364000118102e-05,-0.0003162918035589285,1.081530109444723,1.0009003601440587,usdt_crypto_intraday_rv_7d__priority_stack,0.23626297100045365,0.0
0,2024-03-12,0.00010123377260222667,-0.00027440046295440577,1.081639602359982,1.0006257503001212,usdt_crypto_intraday_rv_7d__priority_stack,0.23626297100045365,0.0
0,2024-03-13,0.00025096657362328606,0.0003593543755080798,1.0819110918108452,1.0009853941576643,usdt_crypto_intraday_rv_7d__priority_stack,0.23626297100045365,0.0
0,2024-03-14,-7.348754683960673e-05,-0.0010139210010310133,1.0818315877401248,0.9999709883953594,usdt_crypto_intraday_rv_7d__priority_stack,0.23626297100045365,0.0
0,2024-03-15,0.0003028797909970254,0.0005790807979513143,1.0821593022918656,1.0005502200880365,usdt_crypto_intraday_rv_7d__priority_stack,0.23626297100045365,0.0
0,2024-03-16,-5.136491053653574e-05,-0.0009202853533906198,1.0821037187036524,0.9996298519407775,usdt_crypto_intraday_rv_7d__priority_stack,0.1697758439762227,0.06648712702423096
0,2024-03-17,0.0001859124610224669,0.00011007870638619606,1.0823049139708525,0.9997398959583845,usdt_crypto_intraday_rv_7d__priority_stack,0.1697758439762227,0.0
0,2024-03-18,0.00028072550657935855,0.000590215445765102,1.0826087872165902,1.0003301320528224,usdt_crypto_intraday_rv_7d__priority_stack,0.1697758439762227,0.0
0,2024-03-19,0.0001481735373233351,-0.00019053148590432624,1.0827692130752693,1.0001395558223303,usdt_crypto_intraday_rv_7d__priority_stack,0.1697758439762227,0.0
0,2024-03-20,0.00023656270644760446,0.00033203138001551764,1.0830253861900805,1.0004716886754714,usdt_crypto_intraday_rv_7d__priority_stack,0.1697758439762227,0.0
0,2024-03-21,0.00012253697493286333,-0.0003415339005591589,1.083158104975993,1.0001300520208096,usdt_crypto_intraday_rv_7d__priority_stack,0.1697758439762227,0.0
0,2024-03-22,0.0002426848189725002,0.00037003145689561866,1.0834210029039955,1.0005002000800332,usdt_crypto_intraday_rv_7d__priority_stack,0.1697758439762227,0.0
0,2024-03-23,0.00018071120829898132,4.999487552569034e-06,1.0836168069139833,1.0005052020808334,usdt_crypto_intraday_rv_7d__priority_stack,0.1697758439762227,0.0
0,2024-03-24,6.829474719984904e-05,-0.0006571468959746206,1.0836908147770183,0.9998479391756713,usdt_crypto_intraday_rv_7d__priority_stack,0.1697758439762227,0.0
0,2024-03-25,0.00021417261057793546,0.00020209114379337358,1.0839229365240513,1.0000500200080042,usdt_crypto_intraday_rv_7d__priority_stack,0.1697758439762227,0.0
0,2024-03-26,0.0002358988118342777,0.000330061064292694,1.084178662818476,1.0003801520608253,usdt_crypto_intraday_rv_7d__priority_stack,0.1697758439762227,0.0
0,2024-03-27,3.770814699917294e-05,-0.0008353655209731793,1.0842195459576758,0.9995448179271719,usdt_crypto_intraday_rv_7d__priority_stack,0.1697758439762227,0.0
0,2024-03-28,0.00038958541926676927,0.0012352935392613684,1.084642024374437,1.000780312124851,usdt_crypto_intraday_rv_7d__priority_stack,0.1697758439762227,0.0
0,2024-03-29,0.0002765703389946243,0.0005696212173026988,1.0849420456733898,1.0013505402160876,usdt_crypto_intraday_rv_7d__priority_stack,0.1697758439762227,0.0
0,2024-03-30,0.00015102546649633798,-0.0001698530774966782,1.085105911925636,1.0011804721888768,usdt_crypto_intraday_rv_7d__priority_stack,0.1697758439762227,0.0
0,2024-03-31,0.00017477303413781752,-2.997706754554873e-05,1.0852955757518026,1.0011504601840748,usdt_crypto_intraday_rv_7d__priority_stack,0.1697758439762227,0.0
0,2024-04-01,0.00015375445205589758,-0.00014989881857842475,1.0854624576074563,1.0010004001600652,usdt_crypto_intraday_rv_7d__priority_stack,0.1697758439762227,0.0
0,2024-04-02,0.00012339186404805295,-0.00032485787753666205,1.0855964031071772,1.0006752701080444,usdt_crypto_intraday_rv_7d__priority_stack,0.1697758439762227,0.0
0,2024-04-03,0.00017430160214113502,-2.499343922344701e-05,1.085785640791254,1.0006502601040428,usdt_crypto_intraday_rv_7d__priority_stack,0.1697758439762227,0.0
0,2024-04-04,0.00015275358031914213,-0.0001499737548741431,1.0859515111036635,1.0005002000800332,usdt_crypto_intraday_rv_7d__priority_stack,0.1697758439762227,0.0
0,2024-04-05,9.377931673786032e-05,-0.000450056264628678,1.0860533556697676,1.0000500200080045,usdt_crypto_intraday_rv_7d__trend_filter,0.18282790701523202,0.013052063039009326
0,2024-04-06,0.00015777205487954208,-0.00010004001608982497,1.086224718057143,0.9999499799919981,usdt_crypto_intraday_rv_7d__trend_filter,0.18282790701523202,0.0
0,2024-04-07,0.00020349663567051745,0.00015005627138321324,1.0864457836251364,1.0001000400160078,usdt_crypto_intraday_rv_7d__trend_filter,0.18282790701523202,0.0
0,2024-04-08,0.00023731762741126987,0.000335044396516291,1.086703646957364,1.0004351740696293,usdt_crypto_intraday_rv_7d__trend_filter,0.18282790701523202,0.0
0,2024-04-09,0.00013217973373833082,-0.0002400204028864592,1.0868472966496512,1.0001950780312139,usdt_crypto_intraday_rv_7d__trend_filter,0.18282790701523202,0.0
0,2024-04-10,0.00019435622994281253,9.651512882140712e-05,1.0870585527215535,1.0002916166466602,usdt_crypto_intraday_rv_7d__trend_filter,0.18282790701523202,0.0
0,2024-04-11,0.00012340268214185054,-0.0002915741347889378,1.0871927069399296,1.0000000000000016,usdt_crypto_intraday_rv_7d__trend_filter,0.18282790701523202,0.0
0,2024-04-12,0.00020240636511113737,0.0001405463453886577,1.0874127839356578,1.0001405562224905,usdt_crypto_intraday_rv_7d__trend_filter,0.18282790701523202,0.0
0,2024-04-13,0.0004689859687117697,0.0015986366771804155,1.0879228848792644,1.001740696278513,usdt_crypto_intraday_rv_7d__trend_filter,0.18282790701523202,0.0
0,2024-04-14,0.00014019027458794607,-0.0001997523078033183,1.0880754117783702,1.0015406162465001,usdt_crypto_intraday_rv_7d__trend_filter,0.18282790701523202,0.0
0,2024-04-15,1.5020641416506146e-05,-0.0008843832004001013,1.0880917554917109,1.0006552621048435,usdt_crypto_intraday_rv_7d__trend_filter,0.18282790701523202,0.0
0,2024-04-16,0.0002077807513511431,0.00016994222005432342,1.0883178635038389,1.0008253301320542,usdt_crypto_intraday_rv_7d__trend_filter,0.18282790701523202,0.0
0,2024-04-17,7.525604449048597e-05,-0.000554918163812654,1.0883997690833007,1.0002701080432188,usdt_crypto_intraday_rv_7d__trend_filter,0.18282790701523202,0.0
0,2024-04-18,0.0004018041162276976,0.0012294038940334324,1.088837180461581,1.0015006002400977,usdt_crypto_intraday_rv_7d__trend_filter,0.18282790701523202,0.0
0,2024-04-19,8.537425140782533e-05,-0.0004995753713335148,1.0889301430890188,1.0010004001600654,usdt_crypto_intraday_rv_7d__trend_filter,0.18282790701523202,0.0
0,2024-04-20,0.00020411625820983856,0.00014989881857842475,1.0891524341211132,1.001150460184075,usdt_crypto_intraday_rv_7d__trend_filter,0.12823773230702173,0.05459017470821029
0,2024-04-21,0.000192973541219026,0.00011990287881182742,1.0893626320039156,1.0012705082032827,usdt_crypto_intraday_rv_7d__trend_filter,0.12823773230702173,0.0
0,2024-04-22,0.00015928703828751783,-0.00021983292786069896,1.0895361671717732,1.0010504201680686,usdt_crypto_intraday_rv_7d__trend_filter,0.12823773230702173,0.0
0,2024-04-23,0.0001808260064318363,-5.996282306762468e-05,1.0897332014596706,1.0009903961584647,usdt_crypto_intraday_rv_7d__trend_filter,0.12823773230702173,0.0
0,2024-04-24,5.55034468601487e-05,-0.0010399272988146837,1.0897936870870744,0.9999499799919981,usdt_crypto_intraday_rv_7d__trend_filter,0.12823773230702173,0.0
0,2024-04-25,0.00021915513016452446,0.000245080265013045,1.0900325471371672,1.0001950780312137,usdt_crypto_intraday_rv_7d__regime_switch,0.07543396018060101,0.05280377212642072
0,2024-04-26,0.0001893599831136345,-0.00014504024892322004,1.0902389752258794,1.0000500200080045,usdt_crypto_intraday_rv_7d__regime_switch,0.07543396018060101,0.0
0,2024-04-27,0.0001667136018874858,-0.0004452549157911619,1.0904207480439372,0.9996048419367759,usdt_crypto_intraday_rv_7d__regime_switch,0.07543396018060101,0.0
0,2024-04-28,0.0002474699291601506,0.0006253017284486636,1.0906906277813928,1.000230092036816,usdt_crypto_intraday_rv_7d__regime_switch,0.07543396018060101,0.0
0,2024-04-29,0.00014823537123201218,-0.0006853512693379871,1.0908523186953614,0.999544817927172,usdt_crypto_intraday_rv_7d__regime_switch,0.07543396018060101,0.0
0,2024-04-30,0.00021200230513562362,0.0001551206065824401,1.0910836064173863,0.9996998799519821,usdt_crypto_intraday_rv_7d__regime_switch,0.07543396018060101,0.0
0,2024-05-01,0.0001464596442507467,-0.0007137541114882705,1.0912434178369061,0.9989865946378564,usdt_crypto_intraday_rv_7d__regime_switch,0.07543396018060101,0.0
0,2024-05-02,0.0003069645047760537,0.0014139992258816964,1.0915784422499233,1.0004001600640269,usdt_crypto_intraday_rv_7d__regime_switch,0.07543396018060101,0.0
0,2024-05-03,0.00018107328384361554,-0.00025003125520928253,1.0917761158391974,1.000150060024011,usdt_crypto_intraday_rv_7d__regime_switch,0.07543396018060101,0.0
0,2024-05-04,0.0001835968263104191,-0.00021657758976785795,1.0919765808709156,0.999933473389357,usdt_crypto_intraday_rv_7d__regime_switch,0.07543396018060101,0.0
0,2024-05-05,0.00019117920024071152,-0.00011606087405866,1.0921853640371915,0.9998174269707896,usdt_crypto_intraday_rv_7d__regime_switch,0.16797119217067763,0.09253723199007662
0,2024-05-06,0.0002634028076593281,0.0006071694189157963,1.0924730866203678,1.0004246698679486,usdt_crypto_intraday_rv_7d__regime_switch,0.16797119217067763,0.0
0,2024-05-07,0.00017496818105530701,-2.9499712380070264e-05,1.0926642513725724,1.0003951580632267,usdt_crypto_intraday_rv_7d__regime_switch,0.16797119217067763,0.0
0,2024-05-08,0.00010692357458041781,-0.00043459659593227026,1.0927810891863925,0.9999604841936789,usdt_crypto_intraday_rv_7d__regime_switch,0.16797119217067763,0.0
0,2024-05-09,0.00021797525890358135,0.00022457349261905356,1.0930193143898899,1.0001850740296132,usdt_crypto_intraday_rv_7d__regime_switch,0.16797119217067763,0.0
0,2024-05-10,0.00019150360061032196,6.50118646881811e-05,1.0932286515679042,1.0002501000400172,usdt_crypto_intraday_rv_7d__regime_switch,0.16797119217067763,0.0
0,2024-05-11,0.0001500893672730041,-0.0001815437071460436,1.0933927458786004,1.0000685274109655,usdt_crypto_intraday_rv_7d__regime_switch,0.16797119217067763,0.0
0,2024-05-12,0.00013041996284684856,-0.0002986435751172681,1.0935353554192584,0.9997699079631864,usdt_crypto_intraday_rv_7d__regime_switch,0.16797119217067763,0.0
0,2024-05-13,0.0001520201700285403,-0.00016611844283147379,1.0937016074864352,0.9996038415366159,usdt_crypto_intraday_rv_7d__regime_switch,0.07705889345844559,0.09091229871223204
0,2024-05-14,0.00017721656995175556,-4.9540660507270884e-05,1.0938954467091184,0.9995543217286926,usdt_crypto_intraday_rv_7d__regime_switch,0.07705889345844559,0.0
0,2024-05-15,0.00034527913755799585,0.0011123221319099962,1.0942732111988824,1.0006667667066838,usdt_crypto_intraday_rv_1d__hysteresis,0.23674885284636898,0.1596899593879234
0,2024-05-16,9.52520749744524e-05,-0.0002164657451410592,1.094377447957143,1.00045018007203,usdt_crypto_intraday_rv_1d__hysteresis,0.23674885284636898,0.0
0,2024-05-17,0.0002175479273241591,0.00022046467142947113,1.0946155534013902,1.0006707683073242,usdt_crypto_intraday_rv_1d__hysteresis,0.18307026217869915,0.053678590667669834
0,2024-05-18,0.00014794356225030137,-9.997795494422039e-05,1.094777506705334,1.0005707282913179,usdt_crypto_intraday_rv_1d__hysteresis,0.18307026217869915,0.0
0,2024-05-19,0.0001457714517528043,-0.00017048546652702134,1.0949371056440345,1.0004001600640269,usdt_crypto_intraday_rv_1d__hysteresis,0.14523909171640537,0.037831170462293784
0,2024-05-20,0.00018671301919068634,6.499788759151895e-05,1.0951415637437538,1.000465186074431,usdt_crypto_intraday_rv_1d__hysteresis,0.1707671863603123,0.02552809464390693
0,2024-05-21,8.676353596020918e-05,-0.0005120978218730196,1.0952365862203846,0.9999529811924782,usdt_crypto_intraday_rv_1d__hysteresis,0.1707671863603123,0.0
0,2024-05-22,0.00022151180379938952,0.0002470799316144559,1.0954792209244186,1.000200080032014,usdt_crypto_intraday_rv_1d__hysteresis,0.1707671863603123,0.0
0,2024-05-23,0.00012498246892947155,-0.0003201152442205402,1.0956161451784983,0.9998799519807936,usdt_crypto_intraday_rv_1d__hysteresis,0.1707671863603123,0.0
0,2024-05-24,0.0002359354331467204,0.0003296170994578424,1.0958746703446978,1.0002095838335348,usdt_crypto_intraday_rv_1d__hysteresis,0.1707671863603123,0.0
0,2024-05-25,0.0002121818964832137,0.00019051814742974252,1.0961072197810773,1.0004001600640269,usdt_crypto_intraday_rv_1d__hysteresis,0.13880300654308542,0.03196417981722688
0,2024-05-26,9.687283619901639e-05,-0.0006001800720324606,1.0962134079395267,0.9997999199679884,usdt_crypto_intraday_rv_1d__hysteresis,0.13880300654308542,0.0
0,2024-05-27,0.0001546249364950688,-0.0002301645686819281,1.0963829229734023,0.9995698279311738,usdt_crypto_intraday_rv_1d__hysteresis,0.13880300654308542,0.0
0,2024-05-28,0.0001358580242990793,-0.0003653699411258174,1.0965318855098416,0.9992046818727505,usdt_crypto_intraday_rv_1d__hysteresis,0.13880300654308542,0.0
0,2024-05-29,0.00014626558722369173,-0.00029038912346332794,1.0966922821199516,0.9989145658263319,usdt_crypto_intraday_rv_1d__hysteresis,0.20532266331494933,0.06651965677186392
0,2024-05-30,0.00041265119561512825,0.0012360724500942515,1.0971449268871696,1.000150060024011,usdt_crypto_intraday_rv_1d__hysteresis,0.26920110773428807,0.06387844441933874
0,2024-05-31,-3.923462250090593e-05,-0.0006864070663247473,1.0971018816645715,0.999463785514207,usdt_crypto_intraday_rv_1d__hysteresis,0.16520957975342773,0.10399152798086034
0,2024-06-01,0.0001751835067381422,9.158153052152111e-05,1.0972940926550565,0.9995553221288528,usdt_crypto_intraday_rv_1d__hysteresis,0.16520957975342773,0.0
0,2024-06-02,0.0001915163464480392,6.455243273591031e-05,1.0975042625355023,0.9996198479391769,usdt_crypto_intraday_rv_1d__hysteresis,0.16520957975342773,0.0
0,2024-06-03,0.00022912713663479384,0.0002801793165943555,1.0977557593558944,0.999899959983995,usdt_crypto_intraday_rv_1d__hysteresis,0.12795877169881123,0.0372508080546165
0,2024-06-04,0.00016498282494352965,-0.00014508306030643037,1.0979368851430822,0.9997549019607856,usdt_crypto_intraday_rv_1d__vol_target_clip,0.161793102020886,0.03383433032207478
0,2024-06-05,0.00022262192060606493,0.00028514328643244603,1.0981813371703373,1.000040016006404,usdt_crypto_intraday_rv_1d__vol_target_clip,0.2530276815784052,0.09123457955751921
0,2024-06-06,0.00014885807483864966,1.5005289364769785e-05,1.0983448224977657,1.0000550220088051,usdt_crypto_intraday_rv_1d__vol_target_clip,0.2530276815784052,0.0
0,2024-06-07,5.8413442284023124e-05,-0.0004157298006315948,1.098408982473547,0.9996393557422986,usdt_crypto_intraday_rv_1d__vol_target_clip,0.1582488303339653,0.09477885124443991
0,2024-06-08,0.0002937138926649861,0.0008107880768648229,1.0987316478348574,1.0004501800720305,usdt_crypto_intraday_rv_1d__vol_target_clip,0.1582488303339653,0.0
0,2024-06-09,0.00018436339810129067,0.0,1.0989342324090703,1.0004501800720305,usdt_crypto_intraday_rv_1d__vol_target_clip,0.12356374306710861,0.03468508726685669
0,2024-06-10,0.00010468470550573417,-0.0006501788220742312,1.0990492800373186,0.9997999199679887,usdt_crypto_intraday_rv_1d__vol_target_clip,0.1845816811160669,0.06101793804895829
0,2024-06-11,0.00016639229388227514,0.0,1.0992321685833142,0.9997999199679887,usdt_crypto_intraday_rv_1d__vol_target_clip,0.1845816811160669,0.0
0,2024-06-12,0.0001505664198553798,-0.00015010131867171687,1.0993976884960852,0.999649859943979,usdt_crypto_intraday_rv_1d__vol_target_clip,0.2527493063963193,0.06816762528025241
0,2024-06-13,9.914270703226308e-05,-0.0002001701452912771,1.0995066911623481,0.9994497799119663,usdt_crypto_intraday_rv_1d__vol_target_clip,0.2527493063963193,0.0
0,2024-06-14,0.00016842883975778328,2.00188176893159e-05,1.0996918953950756,0.9994697879151676,usdt_crypto_intraday_rv_1d__vol_target_clip,0.2527493063963193,0.0
0,2024-06-15,0.0001456595563097284,-7.00676152773957e-05,1.0998520876951228,0.9993997599039631,usdt_crypto_intraday_rv_1d__vol_target_clip,0.21291088602058666,0.03983842037573265
0,2024-06-16,0.00017604577352881522,5.605448497411397e-05,1.1000457290510393,0.9994557823129268,usdt_crypto_intraday_rv_1d__vol_target_clip,0.23814863175341025,0.025237745732823585
0,2024-06-17,0.0001496585374928911,-5.104949249407195e-05,1.1002103726058738,0.9994047619047635,usdt_crypto_intraday_rv_1d__vol_target_clip,0.23814863175341025,0.0
0,2024-06-18,0.00016506700955149143,-5.00499248004202e-06,1.100391996031563,0.9993997599039631,usdt_crypto_intraday_rv_1d__vol_target_clip,0.23814863175341025,0.0
0,2024-06-19,0.00017817799432905414,5.00487975880798e-05,1.1005880791387201,0.9994497799119663,usdt_crypto_intraday_rv_1d__vol_target_clip,0.23814863175341025,0.0
0,2024-06-20,0.00019069113487233283,0.00010259220483400239,1.1007979715402323,0.9995523209283728,usdt_crypto_intraday_rv_1d__vol_target_clip,0.23814863175341025,0.0
0,2024-06-21,0.00016643338639035042,2.001694434285747e-06,1.1009811963213048,0.9995543217286929,usdt_crypto_intraday_rv_1d__vol_target_clip,0.23814863175341025,0.0
0,2024-06-22,0.00021254958309504477,0.0001956462951408105,1.1012152342870332,0.9997498999599853,usdt_crypto_intraday_rv_1d__vol_target_clip,0.23814863175341025,0.0
0,2024-06-23,0.00012424991619385342,-0.0001751291582013728,1.1013520686882603,0.9995748299319742,usdt_crypto_intraday_rv_1d__vol_target_clip,0.23814863175341025,0.0
0,2024-06-24,0.00015848342391564446,-9.508295995420003e-05,1.1015266285671008,0.9994797919167681,usdt_crypto_intraday_rv_7d__trend_filter,0.19069335972108362,0.047455272032326634
0,2024-06-25,0.00019738388330854242,0.00011059563769033685,1.1017440736299846,0.9995903361344552,usdt_crypto_intraday_rv_7d__trend_filter,0.19069335972108362,0.0
0,2024-06-26,0.0001307106801206827,-0.00024072381412753555,1.101888092759382,0.9993497398959599,usdt_crypto_intraday_rv_7d__trend_filter,0.19069335972108362,0.0
0,2024-06-27,9.610177508303765e-05,-0.00042052987383059057,1.1019939912494738,0.998929571828733,usdt_crypto_intraday_rv_7d__trend_filter,0.19069335972108362,0.0
0,2024-06-28,9.861274936966568e-05,-0.0004056785028504139,1.1021026672650722,0.9985244097639071,usdt_crypto_intraday_rv_7d__trend_filter,0.19069335972108362,0.0
0,2024-06-29,0.00027529389867994526,0.0005208411702451836,1.1024061111713008,0.9990446178471403,usdt_crypto_intraday_rv_7d__trend_filter,0.19069335972108362,0.0
0,2024-06-30,0.00011180224459559966,-0.0003365125117261005,1.1025293695391383,0.9987084833933587,usdt_crypto_intraday_rv_7d__trend_filter,0.19069335972108362,0.0
0,2024-07-01,0.00031876491474984274,0.0007504878648305756,1.102880873240176,0.9994582833133265,usdt_crypto_intraday_rv_7d__trend_filter,0.19069335972108362,0.0
0,2024-07-02,4.4094950127327565e-05,-0.0006898872222949506,1.102929505789495,0.9987690076030425,usdt_crypto_intraday_rv_7d__trend_filter,0.19069335972108362,0.0
0,2024-07-03,0.0002960423732925123,0.0006313303782218894,1.1032560679937031,0.9993997599039629,usdt_crypto_intraday_rv_7d__trend_filter,0.19069335972108362,0.0
0,2024-07-04,0.0002787015053701019,0.0005403945011269874,1.1035635899720904,0.9999399759903975,usdt_crypto_intraday_rv_7d__trend_filter,0.19069335972108362,0.0
0,2024-07-05,0.0002916717644693733,0.000610094583581515,1.1038855152575573,1.0005502200880367,usdt_crypto_intraday_rv_7d__trend_filter,0.19069335972108362,0.0
0,2024-07-06,0.00014672891970618919,-0.00014998875112496793,1.1040474990702547,1.0004001600640269,usdt_crypto_intraday_rv_7d__trend_filter,0.19069335972108362,0.0
0,2024-07-07,0.00014767823656128173,-0.00014501051351626957,1.1042105548975993,1.0002551020408177,usdt_crypto_intraday_rv_7d__trend_filter,0.19069335972108362,0.0
0,2024-07-08,7.899233534002047e-05,-0.0005052008280700864,1.104297782513149,0.9997498999599853,usdt_crypto_intraday_rv_7d__trend_filter,0.19069335972108362,0.0
0,2024-07-09,0.00017628486314695045,5.003239597682683e-06,1.104492470656395,0.9997549019607856,usdt_crypto_intraday_rv_7d__trend_filter,0.19069335972108362,0.0
0,2024-07-10,0.00016292730684023908,-6.504406737854718e-05,1.1046724373004067,0.9996898759503815,usdt_crypto_intraday_rv_7d__trend_filter,0.19069335972108362,0.0
0,2024-07-11,0.00020579117626875,0.00016310251028909064,1.1048997925337185,0.9998529411764718,usdt_crypto_intraday_rv_7d__trend_filter,0.19069335972108362,0.0
0,2024-07-12,0.0002787053331836555,0.0005471496590781298,1.1052077769149824,1.0004001600640269,usdt_crypto_intraday_rv_7d__trend_filter,0.19069335972108362,0.0
0,2024-07-13,0.0002830317750951864,0.0005698376117045814,1.1055206301055402,1.0009703881552634,usdt_crypto_intraday_rv_7d__trend_filter,0.19069335972108362,0.0
0,2024-07-14,0.0001514213906625118,-6.996257005358855e-05,1.1056880422513269,1.000900360144059,usdt_crypto_intraday_rv_7d__naive_scaling,0.2243451290836278,0.03365176936254419
0,2024-07-15,0.00023437697281818352,0.00029980512891325127,1.1059472204390641,1.0012004801920782,usdt_crypto_intraday_rv_7d__naive_scaling,0.2243451290836278,0.0
0,2024-07-16,5.5006246594277775e-05,-0.0004997251615663017,1.1060080561177477,1.0007002801120461,usdt_crypto_intraday_rv_7d__naive_scaling,0.2243451290836278,0.0
0,2024-07-17,0.00013571605660126575,-0.00013996780763283494,1.1061581693558513,1.0005602240896372,usdt_crypto_intraday_rv_7d__naive_scaling,0.2243451290836278,0.0
0,2024-07-18,7.176546521278958e-05,-0.0004250223200695087,1.1062375561600555,1.00013505402161,usdt_crypto_intraday_rv_7d__naive_scaling,0.2243451290836278,0.0
0,2024-07-19,0.000410464112612727,0.001084699102380821,1.1066917201795226,1.0012204881952795,usdt_crypto_intraday_rv_7d__naive_scaling,0.2243451290836278,0.0
0,2024-07-20,6.252151934664836e-05,-0.0004662264500807086,1.1067609143903576,1.0007538015206094,usdt_crypto_intraday_rv_7d__naive_scaling,0.1708070026585323,0.053538126425095506
0,2024-07-21,0.00010672083311681041,-0.0003584375460957857,1.1068790351400628,1.0003951580632267,usdt_crypto_intraday_rv_7d__naive_scaling,0.1708070026585323,0.0
0,2024-07-22,0.0002904946228162033,0.0006547888539971771,1.1072006242555719,1.0010504201680688,usdt_crypto_intraday_rv_7d__naive_scaling,0.1708070026585323,0.0
0,2024-07-23,6.358949452926462e-05,-0.0006697890414997893,1.1072710328222095,1.0003801520608258,usdt_crypto_intraday_rv_7d__naive_scaling,0.1708070026585323,0.0
0,2024-07-24,0.00018748649555996015,5.749949689517694e-05,1.1074786506499497,1.0004376750700295,usdt_crypto_intraday_rv_7d__naive_scaling,0.1708070026585323,0.0
0,2024-07-25,0.0001530807974555698,-0.00014200475739786062,1.1076481973417964,1.0002956182473004,usdt_crypto_intraday_rv_7d__naive_scaling,0.1708070026585323,0.0
0,2024-07-26,0.00023746852601695876,0.0003539743405565612,1.1079112601598982,1.000649759903963,usdt_crypto_intraday_rv_7d__naive_scaling,0.1708070026585323,0.0
0,2024-07-27,0.0001079190607870965,-0.000404480893792643,1.1080308313544194,1.000245098039217,usdt_crypto_intraday_rv_7d__naive_scaling,0.1708070026585323,0.0
0,2024-07-28,0.00022918888701520991,0.0003055006897525539,1.1082848088107295,1.0005507202881165,usdt_crypto_intraday_rv_7d__naive_scaling,0.1708070026585323,0.0
0,2024-07-29,0.00015630355083699063,-0.00012698895213182165,1.1084580512005329,1.0004236694677884,usdt_crypto_intraday_rv_7d__naive_scaling,0.1708070026585323,0.0
0,2024-07-30,0.00017826298825554686,3.4999116272801156e-06,1.1086556658582623,1.0004271708683488,usdt_crypto_intraday_rv_7d__naive_scaling,0.1708070026585323,0.0
0,2024-07-31,0.00017338242630762652,-2.6999635506560113e-05,1.1088479039324188,1.000400160064027,usdt_crypto_intraday_rv_7d__naive_scaling,0.1708070026585323,0.0
0,2024-08-01,2.2882734453559658e-05,-0.0009004052431641551,1.1088732776948633,0.9994997999199695,usdt_crypto_intraday_rv_7d__naive_scaling,0.1708070026585323,0.0
0,2024-08-02,0.00014754546295867255,-0.00015515166105963256,1.109036898986476,0.9993447378951595,usdt_crypto_intraday_rv_7d__naive_scaling,0.1708070026585323,0.0
0,2024-08-03,0.0002942065397411014,0.0006554768828840963,1.1093632328974035,1.0000000000000016,usdt_crypto_intraday_rv_1d__priority_stack,0.24040820537766036,0.06960120271912806
0,2024-08-04,0.0001612225673431288,5.001875704431063e-05,1.1095421017043838,1.0000500200080047,usdt_crypto_intraday_rv_1d__priority_stack,0.24040820537766036,0.0
0,2024-08-05,0.0004016175975552397,0.0009998501057924833,1.1099878028323742,1.0010504201680688,usdt_crypto_intraday_rv_1d__priority_stack,0.13745006343274874,0.10295814194491162
0,2024-08-06,0.00018070990185539015,0.00013490320715360093,1.1101884067442953,1.0011854741896775,usdt_crypto_intraday_rv_1d__priority_stack,0.2196709221122088,0.08222085867946005
0,2024-08-07,0.00011925944648122198,-0.00013490320715360093,1.1103208150944899,1.0010504201680688,usdt_crypto_intraday_rv_1d__priority_stack,0.2832204001844074,0.06354947807219863
0,2024-08-08,3.6968438875324445e-05,-0.00036083059395300616,1.1103618626804026,1.0006892757102857,usdt_crypto_intraday_rv_1d__priority_stack,0.21335254700952974,0.06986785317487768
0,2024-08-09,0.00018459551193197987,0.00015094498084119914,1.1105668494161074,1.0008403361344553,usdt_crypto_intraday_rv_1d__priority_stack,0.21335254700952974,0.0
0,2024-08-10,0.00013405344484576897,-0.00015144483650794525,1.110715734707073,1.0006887755102056,usdt_crypto_intraday_rv_1d__priority_stack,0.15658714050709946,0.05676540650243028
0,2024-08-11,0.0001453340045091416,-0.00013846964075238247,1.1108771712034913,1.000550220088037,usdt_crypto_intraday_rv_1d__priority_stack,0.15658714050709946,0.0
0,2024-08-12,0.00020341783235490444,0.00015996320880308962,1.1111031664146187,1.000710284113647,usdt_crypto_intraday_rv_1d__priority_stack,0.15658714050709946,0.0
0,2024-08-13,0.00023907319526674138,0.0003898031543452074,1.111368833154517,1.001100440176072,usdt_crypto_intraday_rv_1d__priority_stack,0.15658714050709946,0.0
0,2024-08-14,0.00017255822197305545,-3.49761287956723e-05,1.1115606255315222,1.0010654261704697,usdt_crypto_intraday_rv_1d__priority_stack,0.15658714050709946,0.0
0,2024-08-15,0.00010944519061571276,-0.00044230373493147734,1.1116822871535827,1.0006227490996413,usdt_crypto_intraday_rv_1d__priority_stack,0.15658714050709946,0.0
0,2024-08-16,0.00019316314514592555,9.447451556959921e-05,1.1118970439414528,1.0007172869147674,usdt_crypto_intraday_rv_1d__priority_stack,0.15658714050709946,0.0
0,2024-08-17,0.00014439732450883234,-0.00021695476578241718,1.1120576104921385,1.0005002000800336,usdt_crypto_intraday_rv_1d__priority_stack,0.15658714050709946,0.0
0,2024-08-18,0.00017171522146586192,-4.249665339488664e-05,1.1122485841070762,1.000457683073231,usdt_crypto_intraday_rv_1d__priority_stack,0.15658714050709946,0.0
0,2024-08-19,0.00027013252062925316,0.0005902917917167782,1.1125490792055892,1.0010484193677487,usdt_crypto_intraday_rv_1d__priority_stack,0.15658714050709946,0.0
0,2024-08-20,7.559557690519265e-05,-0.000647790138655189,1.1126331861740844,1.0004001600640273,usdt_crypto_intraday_rv_1d__priority_stack,0.15658714050709946,0.0
0,2024-08-21,0.00022299642670959227,0.00029995500899794244,1.1128813270650773,1.0007002801120466,usdt_crypto_intraday_rv_1d__priority_stack,0.15658714050709946,0.0
0,2024-08-22,0.00023147604438365186,0.00034983383249916023,1.113138962249571,1.001050420168069,usdt_crypto_intraday_rv_1d__priority_stack,0.15658714050709946,0.0
0,2024-08-23,0.00023521484206224917,0.0003746862046907655,1.1134008198499596,1.001425570228093,usdt_crypto_intraday_rv_1d__vol_shock_throttle,0.16170263969677146,0.005115499189671996
0,2024-08-24,0.00015766481234068163,-0.00010489798680413619,1.1135763778205747,1.0013205282112863,usdt_crypto_intraday_rv_1d__vol_shock_throttle,0.26295461439128354,0.10125197469451208
0,2024-08-25,0.00010175729420929664,-0.00011989688881948782,1.113689698105162,1.0012004801920784,usdt_crypto_intraday_rv_1d__vol_shock_throttle,0.15854011904831158,0.10441449534297195
0,2024-08-26,0.00016040555022479096,3.996722687932351e-05,1.1138683544423174,1.001240496198481,usdt_crypto_intraday_rv_1d__vol_shock_throttle,0.15854011904831158,0.0
0,2024-08-27,0.00012075064735002627,-0.0003397723557925748,1.1140028628880065,1.0009003601440594,usdt_crypto_intraday_rv_1d__vol_shock_throttle,0.015194109991603116,0.14334600905670847
0,2024-08-28,0.00017415511884466903,-4.9976261286179295e-05,1.1141968890838232,1.0008503401360562,usdt_crypto_intraday_rv_1d__vol_shock_throttle,0.21519410999160313,0.2
0,2024-08-29,0.00012255009939404052,0.0,1.1143334423904647,1.0008503401360562,usdt_crypto_intraday_rv_1d__vol_shock_throttle,0.29312240145051305,0.07792829145890992
0,2024-08-30,-5.9962379570010994e-05,-0.0006499187830318583,1.1142666263088703,1.0002000800320145,usdt_crypto_intraday_rv_1d__vol_shock_throttle,0.015592049334370028,0.277530352116143
0,2024-08-31,0.00014762104263410045,-2.4005089080061454e-05,1.1144311276516496,1.000176070428173,usdt_crypto_intraday_rv_1d__vol_shock_throttle,0.21559204933437004,0.2
0,2024-09-01,0.00014889421471097635,0.00012402009141375883,1.1145970723530472,1.000300120048021,usdt_crypto_intraday_rv_1d__vol_shock_throttle,0.03390944174216923,0.1816826075922008
0,2024-09-02,0.0001616825392565297,-5.000625079176272e-05,1.114777297807215,1.000250100040018,usdt_crypto_intraday_rv_1d__vol_shock_throttle,0.22281539159672406,0.18890594985455483
0,2024-09-03,0.00011112263059386541,-5.0008751541934655e-05,1.1149011816760968,1.0002000800320148,usdt_crypto_intraday_rv_1d__vol_shock_throttle,0.2680064455670076,0.04519105397028353
0,2024-09-04,0.000154814336323925,5.0008751541934655e-05,1.1150737977239793,1.000250100040018,usdt_crypto_intraday_rv_1d__vol_shock_throttle,0.19700105540880888,0.0710053901581987
0,2024-09-05,0.0001695891743991037,0.00010001000108344732,1.1152629182046692,1.0003501400560242,usdt_crypto_intraday_rv_1d__vol_shock_throttle,0.19700105540880888,0.0
0,2024-09-06,7.477614386099646e-05,-0.00045012379164058016,1.1153463163831419,0.9998999599839954,usdt_crypto_intraday_rv_1d__vol_shock_throttle,0.2727642583545438,0.07576320294573494
0,2024-09-07,0.00013287671148364393,0.0,1.1154945297806647,0.9998999599839954,usdt_crypto_intraday_rv_1d__vol_shock_throttle,0.2727642583545438,0.0
0,2024-09-08,0.0001548517844677867,2.5012193445549818e-05,1.1156672794741191,0.999924969987997,usdt_crypto_intraday_rv_1d__vol_shock_throttle,0.47276425835454383,0.2
0,2024-09-09,7.872542918894849e-05,2.501156785148737e-05,1.1157551143169004,0.9999499799919985,usdt_crypto_intraday_rv_1d__vol_shock_throttle,0.6727642583545439,0.20000000000000007
0,2024-09-10,-6.887231648118567e-05,-0.00014057313340411844,1.115678272323725,0.9998094237695094,usdt_crypto_intraday_rv_1d__vol_shock_throttle,0.468114726812073,0.2046495315424709
0,2024-09-11,0.00041014166281151795,0.0007336641902639595,1.1161359523158993,1.0005432172869164,usdt_crypto_intraday_rv_1d__vol_shock_throttle,0.34394170397023216,0.12417302284184084
0,2024-09-12,9.355401687809463e-05,-0.00012798988897341212,1.1162403762021813,1.0004151660664282,usdt_crypto_intraday_rv_7d__regime_switch,0.3261296208026411,0.017812083167591086
0,2024-09-13,0.00036533318626444307,0.0007127352490381094,1.1166482503559019,1.0011284513805538,usdt_crypto_intraday_rv_7d__regime_switch,0.3261296208026411,0.0
0,2024-09-14,-3.955353649460268e-05,-0.0005287549344127981,1.1166040838420563,1.00059923969588,usdt_crypto_intraday_rv_7d__regime_switch,0.3261296208026411,0.0
0,2024-09-15,3.538117905912638e-05,-0.00029898520245988185,1.1166435913099912,1.0003001200480208,usdt_crypto_intraday_rv_7d__regime_switch,0.24647741747003826,0.07965220333260281
0,2024-09-16,9.16911493692471e-05,-0.00016503011837105385,1.116745982338418,1.0001350540216103,usdt_crypto_intraday_rv_7d__regime_switch,0.24647741747003826,0.0
0,2024-09-17,0.0002355059702978025,0.00035503106894730827,1.117009013656072,1.000490196078433,usdt_crypto_intraday_rv_7d__regime_switch,0.1936547154136969,0.052822702056341375
0,2024-09-18,0.00017526956829102202,0.00015997280496453332,1.1172048085016104,1.0006502601040435,usdt_crypto_intraday_rv_7d__regime_switch,0.1936547154136969,0.0
0,2024-09-19,8.744710697011512e-05,-0.0003414729415878337,1.1173025091017623,1.0003086234493814,usdt_crypto_intraday_rv_7d__regime_switch,0.1936547154136969,0.0
0,2024-09-20,0.0001687273051286037,8.650417388031885e-05,1.1174910444482198,1.0003951580632269,usdt_crypto_intraday_rv_7d__regime_switch,0.1936547154136969,0.0
0,2024-09-21,0.0001916707104562424,0.00020498001516631913,1.117705255278953,1.00060024009604,usdt_crypto_intraday_rv_7d__regime_switch,0.1936547154136969,0.0
0,2024-09-22,0.0001087941837719799,-0.0002229802671702957,1.117826861724816,1.0003771508603458,usdt_crypto_intraday_rv_7d__regime_switch,0.1936547154136969,0.0
0,2024-09-23,0.00016321575279982584,6.299946452542369e-05,1.1180093235674706,1.0004401760704298,usdt_crypto_intraday_rv_7d__regime_switch,0.1936547154136969,0.0
0,2024-09-24,0.00010328446296626288,-0.0002415195038738683,1.118124802523535,1.0001985794317743,usdt_crypto_intraday_rv_7d__regime_switch,0.1936547154136969,0.0
0,2024-09-25,0.00010191697548811326,-0.0002485809765327101,1.118238764228844,0.9999499799919984,usdt_crypto_intraday_rv_7d__regime_switch,0.1936547154136969,0.0
0,2024-09-26,0.00023786844146198572,0.0004551012678852801,1.118504789579137,1.0004051620648275,usdt_crypto_intraday_rv_7d__regime_switch,0.1936547154136969,0.0
0,2024-09-27,0.0001777168798432171,0.0001444888384886128,1.1187035844245072,1.000549719887957,usdt_crypto_intraday_rv_7d__regime_switch,0.1936547154136969,0.0
0,2024-09-28,0.0001207867188908823,-0.0001494888259886872,1.1188387171208345,1.0004001600640273,usdt_crypto_intraday_rv_7d__regime_switch,0.1936547154136969,0.0
0,2024-09-29,0.0001721017629738123,0.00011549333038849025,1.1190312878069364,1.0005157062825147,usdt_crypto_intraday_rv_7d__regime_switch,0.1936547154136969,0.0
0,2024-09-30,7.163941863753513e-05,-0.0004115371470351515,1.1191114574294503,1.0001040416166485,usdt_crypto_intraday_rv_7d__regime_switch,0.1936547154136969,0.0
0,2024-10-01,0.00018924055355619437,0.000199039111842401,1.1193232587412119,1.0003031212485012,usdt_crypto_intraday_rv_7d__regime_switch,0.1936547154136969,0.0
0,2024-10-02,0.0002221469660811454,0.00038196410001907694,1.119571940628146,1.0006852741096457,usdt_crypto_intraday_rv_7d__vol_target_clip,0.1840665506433052,0.009588164770391677
0,2024-10-03,9.777646547569439e-05,-0.0002919594197149103,1.1196814137672073,1.000393157262907,usdt_crypto_intraday_rv_7d__vol_target_clip,0.1840665506433052,0.0
0,2024-10-04,0.00012036805042692622,-0.0001780170901107317,1.1198161957476411,1.0002150860344157,usdt_crypto_intraday_rv_7d__vol_target_clip,0.1840665506433052,0.0
0,2024-10-05,0.00032518867439048184,0.0009347360051567995,1.1201804065072947,1.0011504601840757,usdt_crypto_intraday_rv_7d__vol_target_clip,0.1840665506433052,0.0
0,2024-10-06,0.00015313504215916704,0.0,1.120351958516048,1.0011504601840757,usdt_crypto_intraday_rv_7d__vol_target_clip,0.1840665506433052,0.0
0,2024-10-07,-1.1180293144928455e-05,-0.0008997301416710842,1.1203394327227474,1.0002501000400181,usdt_crypto_intraday_rv_7d__vol_target_clip,0.1840665506433052,0.0
0,2024-10-08,8.464214387760943e-05,-0.0003756268723912381,1.1204342646675367,0.9998744497799141,usdt_crypto_intraday_rv_7d__vol_target_clip,0.1840665506433052,0.0
0,2024-10-09,7.789155244991656e-05,-0.00041230160446015457,1.1205215404308078,0.9994622849139677,usdt_crypto_intraday_rv_7d__vol_target_clip,0.1840665506433052,0.0
0,2024-10-10,0.00015037402846286512,-1.8517531473372377e-05,1.1206900504382686,0.9994437775110067,usdt_crypto_intraday_rv_7d__vol_target_clip,0.1840665506433052,0.0
0,2024-10-11,0.0003172221160946041,0.0008914551468583472,1.1210456145009655,1.0003351340536237,usdt_crypto_intraday_rv_7d__vol_target_clip,0.1840665506433052,0.0
0,2024-10-12,8.326398569961959e-05,-0.00037959670681800094,1.1211389611131315,0.9999554821928794,usdt_crypto_intraday_rv_7d__vol_target_clip,0.1840665506433052,0.0
0,2024-10-13,0.00018250436951120833,0.00015955819919152435,1.1213435925448612,1.0001150460184096,usdt_crypto_intraday_rv_7d__vol_target_clip,0.1840665506433052,0.0
0,2024-10-14,0.0001568173858166654,2.0005501513603292e-05,1.1215194525042353,1.000135054021611,usdt_crypto_intraday_rv_7d__vol_target_clip,0.1840665506433052,0.0
0,2024-10-15,0.00017531960382753027,0.00012052467757356827,1.1217160940873918,1.0002556022408986,usdt_crypto_intraday_rv_7d__vol_target_clip,0.1840665506433052,0.0
0,2024-10-16,0.00024382287945206161,0.0004944492054188215,1.1219896274808747,1.0007503001200504,usdt_crypto_intraday_rv_7d__vol_target_clip,0.1840665506433052,0.0
0,2024-10-17,1.5405393659433223e-05,-0.00075001878562768,1.1220069123059073,1.0000000000000022,usdt_crypto_intraday_rv_7d__vol_target_clip,0.1840665506433052,0.0
0,2024-10-18,0.00023045768586849404,0.00042007982134226695,1.1222655172200462,1.0004201680672289,usdt_crypto_intraday_rv_7d__vol_target_clip,0.1840665506433052,0.0
0,2024-10-19,9.892054380793715e-05,-0.0002945374820234985,1.1223765378263253,1.0001255502200903,usdt_crypto_intraday_rv_7d__vol_target_clip,0.15764496027063332,0.026421590372671888
0,2024-10-20,0.00015012882632202526,-1.7004812362352993e-05,1.1225450515477078,1.000108543417369,usdt_crypto_intraday_rv_7d__vol_target_clip,0.15764496027063332,0.0
0,2024-10-21,0.00011180478500363183,-0.000293628684879839,1.1226705644721948,0.9998149259703903,usdt_crypto_intraday_rv_7d__vol_target_clip,0.15764496027063332,0.0
0,2024-10-22,0.0001736362607880468,0.00010005352872127749,1.1228655177160929,0.9999149659863967,usdt_crypto_intraday_rv_7d__trend_filter,0.15645656804680944,0.0011883922238238864
0,2024-10-23,3.9306964720683946e-05,-0.0007606580058198325,1.1229096550188298,0.9991546618647479,usdt_crypto_intraday_rv_7d__trend_filter,0.15645656804680944,0.0
0,2024-10-24,0.0002974532749873345,0.0008957143920662891,1.1232437178548091,1.0000500200080051,usdt_crypto_intraday_rv_7d__trend_filter,0.15645656804680944,0.0
0,2024-10-25,-4.6769059548472624e-05,-0.001310817231116171,1.123191186030923,0.9987399959984012,usdt_crypto_intraday_rv_7d__trend_filter,0.15645656804680944,0.0
0,2024-10-26,0.0002303116345180949,0.0004601579188926747,1.1234498998201083,0.9991996798719507,usdt_crypto_intraday_rv_7d__trend_filter,0.15645656804680944,0.0
0,2024-10-27,0.00014500155315095152,-8.51057439381494e-05,1.1236128136115606,0.9991146458583452,usdt_crypto_intraday_rv_7d__trend_filter,0.15645656804680944,0.0
0,2024-10-28,0.000246582390976297,0.0005705705860496719,1.1238899109079254,0.9996848739495816,usdt_crypto_intraday_rv_7d__trend_filter,0.15645656804680944,0.0
0,2024-10-29,0.00022697035549442134,0.0004452192778450333,1.1241450295516302,1.00013005202081,usdt_crypto_intraday_rv_7d__trend_filter,0.15645656804680944,0.0
0,2024-10-30,0.00012782346486049537,-0.0001820657262299281,1.1242887308483163,0.9999479791916784,usdt_crypto_intraday_rv_7d__trend_filter,0.15645656804680944,0.0
0,2024-10-31,-1.927596614668297e-06,-0.0010049588152082113,1.1242865636752535,0.9989435774309741,usdt_crypto_intraday_rv_7d__trend_filter,0.15645656804680944,0.0
0,2024-11-01,0.000265663956299099,0.0007117833475921977,1.1245852857698633,0.9996548619447796,usdt_crypto_intraday_rv_7d__trend_filter,0.15645656804680944,0.0
0,2024-11-02,0.00023076810256772152,0.0004887447486569505,1.1248448341290254,1.000143557422971,usdt_crypto_intraday_rv_7d__trend_filter,0.059126679781213866,0.09732988826559558
0,2024-11-03,0.00014976991106786948,-4.8513620208392755e-05,1.1250133146561399,1.0000950380152078,usdt_crypto_intraday_rv_7d__trend_filter,0.059126679781213866,0.0
0,2024-11-04,0.000156147246473518,-0.00029513355007275524,1.1251889961031998,0.9997999199679889,usdt_crypto_intraday_rv_7d__trend_filter,0.059126679781213866,0.0
0,2024-11-05,0.0002084152405523344,0.0005951800595323861,1.1254235270775552,1.000395158063227,usdt_crypto_intraday_rv_7d__trend_filter,0.059126679781213866,0.0
0,2024-11-06,0.00023114028128891497,0.0009795250087274016,1.1256836878538323,1.0013755502200898,usdt_crypto_intraday_rv_7d__trend_filter,0.059126679781213866,0.0
0,2024-11-07,0.00016815474704720958,-7.942571713984853e-05,1.1258729928254374,1.0012960184073647,usdt_crypto_intraday_rv_7d__trend_filter,0.059126679781213866,0.0
0,2024-11-08,0.00016691371309713376,-0.00010041512420055302,1.1260609321515347,1.0011954781912784,usdt_crypto_intraday_rv_7d__trend_filter,0.059126679781213866,0.0
0,2024-11-09,0.0001376880440180202,-0.000594704152220681,1.1262159879531477,1.00060024009604,usdt_crypto_intraday_rv_7d__trend_filter,0.1323238481181244,0.07319716833691053
0,2024-11-10,0.00016440890418673346,0.0001484592853138565,1.1264011631114101,1.0007487995198097,usdt_crypto_intraday_rv_7d__trend_filter,0.1323238481181244,0.0
0,2024-11-11,0.00022536067245003074,0.0004512408825841429,1.126655038240638,1.0012004801920784,usdt_crypto_intraday_rv_7d__drawdown_brake,0.1556751154330875,0.02335126731496312
0,2024-11-12,0.0001613355986235951,3.996722687932351e-05,1.126836822469414,1.001240496198481,usdt_crypto_intraday_rv_7d__drawdown_brake,0.1556751154330875,0.0
0,2024-11-13,0.00020387500242938922,0.00031968032240290876,1.1270665797494197,1.0015606242497015,usdt_crypto_intraday_rv_7d__drawdown_brake,0.1556751154330875,0.0
0,2024-11-14,9.766402642044707e-06,-0.0009293541657915568,1.1270775871891934,1.0006302521008419,usdt_crypto_intraday_rv_7d__drawdown_brake,0.1556751154330875,0.0
0,2024-11-15,0.0001245344518441311,-0.00018997435403354698,1.12721795591889,1.0004401760704298,usdt_crypto_intraday_rv_7d__drawdown_brake,0.1556751154330875,0.0
0,2024-11-16,0.00021791989582356906,0.00040989958034344087,1.127463625905631,1.000850340136056,usdt_crypto_intraday_rv_7d__drawdown_brake,0.1556751154330875,0.0
0,2024-11-17,0.00014866245781021544,-3.498486904771395e-05,1.1276312498787369,1.0008153261304538,usdt_crypto_intraday_rv_7d__drawdown_brake,0.1556751154330875,0.0
0,2024-11-18,0.00021501222778867252,0.0003847662592471445,1.1278737304531075,1.0012004801920782,usdt_crypto_intraday_rv_7d__drawdown_brake,0.1556751154330875,0.0
0,2024-11-19,0.00013300009008404448,-0.00013989787477955104,1.1280237477367963,1.0010604241696694,usdt_crypto_intraday_rv_7d__drawdown_brake,0.1556751154330875,0.0
0,2024-11-20,9.798440940338407e-05,-0.00036482579972919345,1.1281342818927347,1.000695278111246,usdt_crypto_intraday_rv_7d__drawdown_brake,0.1556751154330875,0.0
0,2024-11-21,0.0001947940856513565,0.0002548923093800176,1.1283540571834365,1.0009503801520625,usdt_crypto_intraday_rv_7d__drawdown_brake,0.1556751154330875,0.0
0,2024-11-22,0.0001372198703801874,-0.00011494339050687743,1.1285089004044466,1.000835334133655,usdt_crypto_intraday_rv_7d__drawdown_brake,0.1556751154330875,0.0
0,2024-11-23,0.0002468950163677392,0.0005895696312592283,1.1287875580260567,1.001425570228093,usdt_crypto_intraday_rv_7d__drawdown_brake,0.22775413995236088,0.07207902451927337
0,2024-11-24,0.00013314396912293033,2.4974089383505678e-05,1.12893785928746,1.0014505802320945,usdt_crypto_intraday_rv_7d__drawdown_brake,0.22775413995236088,0.0
0,2024-11-25,-0.0002049762860877207,-0.001521560562635164,1.128706477512538,0.9999279711884771,usdt_crypto_intraday_rv_7d__drawdown_brake,0.22775413995236088,0.0
0,2024-11-26,0.0001568670315725551,6.852999903391235e-05,1.128883548235098,0.9999964985994416,usdt_crypto_intraday_rv_7d__drawdown_brake,0.22775413995236088,0.0
0,2024-11-27,0.00041386259707278865,0.0011982655829168034,1.1293508476043586,1.0011954781912784,usdt_crypto_intraday_rv_7d__drawdown_brake,0.22775413995236088,0.0
0,2024-11-28,-5.598330424933548e-05,-0.0008646866050012795,1.1292876245819863,1.0003301320528228,usdt_crypto_intraday_rv_7d__drawdown_brake,0.22775413995236088,0.0
0,2024-11-29,0.00021321463455277364,0.00031997120532179424,1.1295284309009699,1.0006502601040435,usdt_crypto_intraday_rv_7d__drawdown_brake,0.22775413995236088,0.0
0,2024-11-30,0.00015866875619139807,8.047664169812146e-05,1.1297076659913121,1.0007307923169286,usdt_crypto_intraday_rv_7d__drawdown_brake,0.22775413995236088,0.0
0,2024-12-01,1.1821271407255957e-05,-0.0004804566480306719,1.129721020651177,1.000250100040018,usdt_crypto_intraday_rv_7d__vol_shock_throttle,0.25658682597414745,0.02883268602178657
0,2024-12-02,0.0002351520079005011,0.00039798050420852116,1.1299867080547894,1.0006482593037234,usdt_crypto_intraday_rv_7d__vol_shock_throttle,0.2880462829761766,0.03145945700202918
0,2024-12-03,0.00016273410856925267,0.00014645295225098877,1.130170610397606,1.0007948179271728,usdt_crypto_intraday_rv_7d__vol_shock_throttle,0.2880462829761766,0.0
0,2024-12-04,0.00030056633485277403,0.0006050781277490234,1.1305103526907216,1.0014005602240914,usdt_crypto_intraday_rv_7d__vol_shock_throttle,0.2880462829761766,0.0
0,2024-12-05,0.0001446970548102894,6.493295674520256e-05,1.1306739460446413,1.0014655862344959,usdt_crypto_intraday_rv_7d__vol_shock_throttle,0.3286581834256909,0.04061190044951429
0,2024-12-06,0.00017199122060846466,0.00018977985593728475,1.130868428760912,1.001655662264908,usdt_crypto_intraday_rv_7d__vol_shock_throttle,0.3286581834256909,0.0
0,2024-12-07,5.04435303737341e-05,-0.0002047640101945367,1.1309254751956466,1.0014505802320948,usdt_crypto_intraday_rv_7d__vol_shock_throttle,0.3026408277005669,0.026017355725124036
0,2024-12-08,-2.048802420940321e-05,-0.00045462607788783276,1.1309023050044882,1.0009953981592654,usdt_crypto_intraday_rv_7d__vol_shock_throttle,0.3026408277005669,0.0
0,2024-12-09,6.331824319752754e-05,-0.00019490303635664975,1.1309739140187236,1.0008003201280529,usdt_crypto_intraday_rv_7d__vol_shock_throttle,0.3368350151999701,0.03419418749940323
0,2024-12-10,0.00012603947737107015,4.997875903792225e-05,1.1311164703634418,1.0008503401360562,usdt_crypto_intraday_rv_7d__vol_shock_throttle,0.3368350151999701,0.0
0,2024-12-11,0.0001371380914535983,6.496865264794241e-05,1.1312716001542578,1.0009153661464605,usdt_crypto_intraday_rv_7d__vol_shock_throttle,0.30327301333019446,0.03356200186977565
0,2024-12-12,1.5016570678701374e-05,-0.00032488548072683596,1.1312885881017485,1.0005902360944394,usdt_crypto_intraday_rv_7d__vol_shock_throttle,0.27471513748332815,0.02855787584686631
0,2024-12-13,0.00013566712349037018,5.998680292152036e-05,1.1314420771818092,1.0006502601040435,usdt_crypto_intraday_rv_7d__vol_shock_throttle,0.27471513748332815,0.0
0,2024-12-14,3.699848218728973e-05,-0.00031997120532179424,1.1314839395957659,1.0003301320528228,usdt_crypto_intraday_rv_7d__vol_shock_throttle,0.27471513748332815,0.0
0,2024-12-15,3.422211048864102e-05,-0.0003300775712253375,1.1315226620267407,1.0000000000000018,usdt_crypto_intraday_rv_7d__vol_shock_throttle,0.24395458609490636,0.030760551388421792
0,2024-12-16,0.0002713317932874403,0.000600060024005936,1.1318297217554232,1.00060024009604,usdt_crypto_intraday_rv_7d__vol_shock_throttle,0.20328909449652033,0.04066549159838603
0,2024-12-17,0.00012016813569655808,-4.9991251541276784e-05,1.131965739795366,1.000550220088037,usdt_crypto_intraday_rv_7d__vol_shock_throttle,0.20328909449652033,0.0
0,2024-12-18,-2.465128989555498e-06,-0.0006901346036342197,1.131962949357245,0.9998599439775927,usdt_crypto_intraday_rv_7d__vol_shock_throttle,0.20328909449652033,0.0
0,2024-12-19,4.393056356540652e-05,-0.0004603544810742826,1.1320126782198459,0.9993997599039632,usdt_crypto_intraday_rv_7d__vol_shock_throttle,0.20328909449652033,0.0
0,2024-12-20,0.0002165461304422448,0.0003903142078885701,1.1322578377281394,0.9997899159663882,usdt_crypto_intraday_rv_7d__vol_shock_throttle,0.20328909449652033,0.0
0,2024-12-21,0.0001263701315013358,-9.306109467578226e-05,1.1324009303411122,0.9996968787515023,usdt_crypto_intraday_rv_7d__trend_filter,0.17279573032204226,0.030493364174478066
0,2024-12-22,9.32487177434667e-05,-0.0002847406789811362,1.1325065301992872,0.999412264905964,usdt_crypto_intraday_rv_7d__trend_filter,0.17279573032204226,0.0
0,2024-12-23,8.904659147824216e-05,-0.0003128578336961869,1.132607380535751,0.9990996398559441,usdt_crypto_intraday_rv_7d__trend_filter,0.17279573032204226,0.0
0,2024-12-24,0.00021776507413646728,0.00042446182082697,1.1328540497229331,0.9995238095238113,usdt_crypto_intraday_rv_7d__trend_filter,0.17279573032204226,0.0
0,2024-12-25,0.00014269040283686112,-1.0008817768603095e-05,1.1330157086569583,0.9995138055222106,usdt_crypto_intraday_rv_7d__trend_filter,0.17279573032204226,0.0
0,2024-12-26,0.00010576384802730513,-0.00021421271404330113,1.1331355470953568,0.999299719887957,usdt_crypto_intraday_rv_7d__trend_filter,0.17279573032204226,0.0
0,2024-12-27,8.264083636305025e-05,-0.000340432352371187,1.133229194234167,0.9989595838335351,usdt_crypto_intraday_rv_7d__trend_filter,0.17279573032204226,0.0
0,2024-12-28,5.232497317542743e-05,-0.0005158757104398305,1.1332884919727197,0.9984443777511021,usdt_crypto_intraday_rv_7d__trend_filter,0.17279573032204226,0.0
0,2024-12-29,0.00014865101355765993,4.158042694682863e-05,1.1334569689775331,0.9984858943577447,usdt_crypto_intraday_rv_7d__trend_filter,0.17279573032204226,0.0
0,2024-12-30,0.0001463784222385816,1.7032446811631905e-05,1.1336228947640086,0.9985029011604657,usdt_crypto_intraday_rv_7d__trend_filter,0.17279573032204226,0.0
0,2024-12-31,0.00016014095238556822,9.667868645735211e-05,1.1338044487507484,0.9985994397759119,usdt_crypto_intraday_rv_7d__trend_filter,0.17279573032204226,0.0
0,2025-01-01,6.465349941749628e-05,-0.00045592439459164356,1.1338777555457602,0.9981442577030828,usdt_crypto_intraday_rv_7d__trend_filter,0.17279573032204226,0.0
0,2025-01-02,0.0003430215366075871,0.0011569408971868484,1.1342667667515889,0.9992997198879567,usdt_crypto_intraday_rv_7d__trend_filter,0.17279573032204226,0.0
0,2025-01-03,0.0002785370831486177,0.0007875564493091637,1.1345827461122542,1.000087034813927,usdt_crypto_intraday_rv_7d__trend_filter,0.17279573032204226,0.0
0,2025-01-04,0.00019222427373266754,0.00028804868221857894,1.134800861419472,1.0003751500600253,usdt_crypto_intraday_rv_7d__trend_filter,0.10339251633607269,0.06940321398596958
0,2025-01-05,0.00014124555829187334,7.000150503354673e-06,1.1349611583210393,1.0003821528611458,usdt_crypto_intraday_rv_7d__trend_filter,0.10339251633607269,0.0
0,2025-01-06,0.00021863616183163538,0.0006178202339694559,1.1352093290010763,1.0010004001600654,usdt_crypto_intraday_rv_7d__trend_filter,0.10339251633607269,0.0
0,2025-01-07,8.591713533159174e-05,-0.0006658222500633967,1.135306867124664,1.0003341336534628,usdt_crypto_intraday_rv_7d__trend_filter,0.10339251633607269,0.0
0,2025-01-08,0.00013609290750107847,-0.00018052820802274587,1.1354613848512618,1.0001535614245711,usdt_crypto_intraday_rv_7d__trend_filter,0.10339251633607269,0.0
0,2025-01-09,0.00017843818530425168,0.000229030232991803,1.1356640125979836,1.0003826530612259,usdt_crypto_intraday_rv_7d__trend_filter,0.10339251633607269,0.0
0,2025-01-10,7.346994423940441e-05,-0.0003130544740347374,1.135747452834801,1.0000695278111258,usdt_crypto_intraday_rv_1d__hysteresis,0.2047728860506397,0.10138036971456701
0,2025-01-11,0.00018068941657100384,0.00021054742658546666,1.1359526889208618,1.0002801120448193,usdt_crypto_intraday_rv_1d__hysteresis,0.2555726241444064,0.0507997380937667
0,2025-01-12,-5.371010329418644e-06,-0.00048517588577245724,1.1359465877236206,0.9997949179671883,usdt_crypto_intraday_rv_1d__hysteresis,0.16999376293092947,0.08557886121347694
0,2025-01-13,0.00018717896669776367,0.00035515183113923556,1.136159232932869,1.000150060024011,usdt_crypto_intraday_rv_1d__hysteresis,0.16999376293092947,0.0
0,2025-01-14,5.778688148416946e-05,-0.0005047535231682428,1.1362248899288476,0.9996453581432587,usdt_crypto_intraday_rv_1d__hysteresis,0.16999376293092947,0.0
0,2025-01-15,0.0003081159568881831,0.0009697616691898591,1.1365750328875945,1.000615246098441,usdt_crypto_intraday_rv_1d__hysteresis,0.16999376293092947,0.0
0,2025-01-16,9.618854843275943e-05,-0.00027497869088428603,1.1366843636482922,1.0003401360544233,usdt_crypto_intraday_rv_1d__hysteresis,0.19935825697228196,0.029364494041352496
0,2025-01-17,0.00016788693887776745,0.00017999460064779837,1.1368752141267782,1.0005202080832345,usdt_crypto_intraday_rv_1d__hysteresis,0.2713345033991696,0.07197624642688763
0,2025-01-18,-0.00018751004355680093,-0.0011004733145372667,1.136662058590885,0.9994197679071642,usdt_crypto_intraday_rv_1d__hysteresis,0.23905873773098477,0.032275765668184825
0,2025-01-19,3.2917672954510656e-05,-0.0003834492154487332,1.1366994754766246,0.9990366146458597,usdt_crypto_intraday_rv_1d__hysteresis,0.23905873773098477,0.0
0,2025-01-20,0.00021074163527084176,0.0003333989148862357,1.136939050626241,0.999369747899161,usdt_crypto_intraday_rv_1d__hysteresis,0.35140049626196757,0.1123417585309828
0,2025-01-21,0.0006257691995766969,0.001525408342437952,1.1376507347176872,1.0008953581432585,usdt_crypto_intraday_rv_1d__hysteresis,0.35140049626196757,0.0
0,2025-01-22,-6.520592868258093e-05,-0.0005048775779143217,1.1375765555635,1.0003901560624262,usdt_crypto_intraday_rv_1d__hysteresis,0.2979779232872291,0.05342257297473846
0,2025-01-23,9.884646724117252e-05,-4.0001200041374896e-05,1.1376890065448335,1.0003501400560235,usdt_crypto_intraday_rv_1d__hysteresis,0.2979779232872291,0.0
0,2025-01-24,7.348925772511435e-05,-0.00016002080304586708,1.1377726175376637,1.0001900760304132,usdt_crypto_intraday_rv_1d__hysteresis,0.22713713925608425,0.07084078403114485
0,2025-01-25,0.0002464190790075992,0.0005599608173755184,1.1380530209651556,1.000750300120049,usdt_crypto_intraday_rv_1d__hysteresis,0.22713713925608425,0.0
0,2025-01-26,0.00017653619834499774,0.00018991548817874794,1.1382539462537633,1.0009403761504612,usdt_crypto_intraday_rv_1d__hysteresis,0.2798512450468795,0.052714105790795274
0,2025-01-27,-0.00010814977221653494,-0.000789885507676019,1.1381308510052328,1.0001500600240105,usdt_crypto_intraday_rv_1d__hysteresis,0.4282999822389172,0.14844873719203766
0,2025-01-28,-1.760924411436696e-05,-0.00020007002517592314,1.1381108095577013,0.9999499799919978,usdt_crypto_intraday_rv_1d__hysteresis,0.23471380724126295,0.19358617499765424
0,2025-01-29,0.00017198485326063334,0.0003400952299414479,1.1383065642112127,1.0002901160464195,usdt_crypto_intraday_rv_1d__hysteresis,0.23471380724126295,0.0
0,2025-01-30,0.00017415117112385567,0.00018600316259003975,1.1385048188951095,1.0004761904761914,usdt_crypto_intraday_rv_7d__trend_filter,0.2295295609261346,0.0051842463151283436
0,2025-01-31,3.3626229680819644e-05,-0.00042755890275125366,1.1385431031633166,1.0000485194077642,usdt_crypto_intraday_rv_7d__trend_filter,0.2295295609261346,0.0
0,2025-02-01,9.766397910984964e-05,-0.00014856325107727116,1.1386543032431924,0.9998999599839946,usdt_crypto_intraday_rv_7d__trend_filter,0.2295295609261346,0.0
0,2025-02-02,0.00014554188633630194,6.002821327820673e-05,1.138820037198695,0.9999599839935985,usdt_crypto_intraday_rv_7d__trend_filter,0.2295295609261346,0.0
0,2025-02-03,0.0004029115985824408,0.0011773250089154653,1.139278973449541,1.0011379551820738,usdt_crypto_intraday_rv_7d__trend_filter,0.2295295609261346,0.0
0,2025-02-04,-2.413791818700958e-06,-0.0005872394293864611,1.1392762234705947,1.0005502200880363,usdt_crypto_intraday_rv_7d__trend_filter,0.2295295609261346,0.0
0,2025-02-05,7.155074699022052e-05,-0.00026499536413194624,1.1393577424517494,1.0002851140456193,usdt_crypto_intraday_rv_7d__trend_filter,0.2295295609261346,0.0
0,2025-02-06,0.0001766364634187323,0.00019150368703123698,1.139559012349223,1.0004766906762714,usdt_crypto_intraday_rv_7d__trend_filter,0.2295295609261346,0.0
0,2025-02-07,0.00014010115758042804,3.0997148264734e-05,1.1397186770703291,1.0005077030812333,usdt_crypto_intraday_rv_7d__trend_filter,0.2295295609261346,0.0
0,2025-02-08,0.00013585518893564376,1.2498578286853463e-05,1.1398735242846965,1.0005202080832338,usdt_crypto_intraday_rv_7d__trend_filter,0.2295295609261346,0.0
0,2025-02-09,9.396773595096944e-05,-0.00016999405061750885,1.1399806406517063,1.000350140056023,usdt_crypto_intraday_rv_7d__trend_filter,0.2295295609261346,0.0
0,2025-02-10,0.00018806963480915914,0.00023998320232758278,1.1401950565564116,1.0005902360944383,usdt_crypto_intraday_rv_7d__trend_filter,0.2295295609261346,0.0
0,2025-02-11,8.937992165718427e-05,-0.00018998195228592005,1.1402969716557545,1.0004001600640262,usdt_crypto_intraday_rv_7d__trend_filter,0.2295295609261346,0.0
0,2025-02-12,0.00012610040563111494,-3.0000450008974692e-05,1.1404407726329104,1.0003701480592244,usdt_crypto_intraday_rv_7d__trend_filter,0.2295295609261346,0.0
0,2025-02-13,0.00011691828205047661,-7.000455032437264e-05,1.1405741188039777,1.00030012004802,usdt_crypto_intraday_rv_7d__trend_filter,0.2295295609261346,0.0
0,2025-02-14,0.00015678245497117597,0.00010500498783342175,1.14075295483321,1.0004051620648267,usdt_crypto_intraday_rv_7d__trend_filter,0.2295295609261346,0.0
0,2025-02-15,0.00017881128134446364,0.0002009787974133426,1.140956952568766,1.0006062424969995,usdt_crypto_intraday_rv_7d__trend_filter,0.2295295609261346,0.0
0,2025-02-16,0.00013359863353356726,3.999168173140344e-06,1.1411093930412426,1.0006102440976399,usdt_crypto_intraday_rv_7d__trend_filter,0.2295295609261346,0.0
0,2025-02-17,1.5615359668285137e-05,-0.0005100229620885498,1.1411272120139604,1.0001000400160072,usdt_crypto_intraday_rv_7d__trend_filter,0.2295295609261346,0.0
0,2025-02-18,0.00013268070621871657,0.0,1.1412786276230786,1.0001000400160072,usdt_crypto_intraday_rv_7d__trend_filter,0.2295295609261346,0.0
0,2025-02-19,0.00020271828579485193,0.000295044996501918,1.1415100091219228,1.000395158063226,usdt_crypto_intraday_rv_7d__drawdown_modulated,0.24838397539166046,0.018854414465525854
0,2025-02-20,0.0002715437179258839,0.0005733384775938762,1.1418200210828446,1.000968887555023,usdt_crypto_intraday_rv_7d__drawdown_modulated,0.24838397539166046,0.0
0,2025-02-21,-0.0001117022150335004,-0.0009684184864334931,1.1416924843805187,1.0000000000000009,usdt_crypto_intraday_rv_7d__drawdown_modulated,0.24838397539166046,0.0
0,2025-02-22,7.217674825025233e-05,-0.00022811725325689214,1.1417748910054284,0.9997719087635063,usdt_crypto_intraday_rv_7d__drawdown_modulated,0.24838397539166046,0.0
0,2025-02-23,0.0001109418896025042,-7.204783979684241e-05,1.1419015686961385,0.9996998799519816,usdt_crypto_intraday_rv_7d__drawdown_modulated,0.24838397539166046,0.0
0,2025-02-24,0.0002998608290325658,0.0006897450592680156,1.1422440315902387,1.000389655862346,usdt_crypto_intraday_rv_7d__drawdown_modulated,0.3234308572623015,0.07504688187064101
0,2025-02-25,-0.00023077738574280303,-0.001024034891663014,1.1419804579133397,0.9993657462985205,usdt_crypto_intraday_rv_7d__drawdown_modulated,0.3234308572623015,0.0
0,2025-02-26,1.9856079704744724e-05,-0.00029635028820704755,1.1420031333934557,0.9990696278511415,usdt_crypto_intraday_rv_7d__drawdown_modulated,0.3234308572623015,0.0
0,2025-02-27,0.00024015042116896245,0.0003839370210251764,1.1422774188604834,0.9994532813125262,usdt_crypto_intraday_rv_7d__drawdown_modulated,0.3234308572623015,0.0
0,2025-02-28,0.00021841996205221098,0.0003167496805818737,1.142526942300422,0.9997699079631863,usdt_crypto_intraday_rv_7d__drawdown_modulated,0.3234308572623015,0.0
0,2025-03-01,6.09507543071384e-05,-0.00017012163738073344,1.142596582301655,0.9995998399359755,usdt_crypto_intraday_rv_7d__drawdown_modulated,0.3234308572623015,0.0
0,2025-03-02,0.00029346848905869503,0.0005487885393405477,1.142931947601434,1.0001485594237707,usdt_crypto_intraday_rv_7d__drawdown_modulated,0.3234308572623015,0.0
0,2025-03-03,-7.835808120454207e-05,-0.0006033336618065774,1.1428423931557756,0.9995453181272521,usdt_crypto_intraday_rv_7d__drawdown_modulated,0.3234308572623015,0.0
0,2025-03-04,0.00026311645828687935,0.0004532846705293971,1.1431431333617568,0.9999984993997612,usdt_crypto_intraday_rv_7d__drawdown_modulated,0.3234308572623015,0.0
0,2025-03-05,0.0002300050892369497,0.00035007929653527354,1.1434060923399485,1.0003486394557835,usdt_crypto_intraday_rv_7d__drawdown_modulated,0.3234308572623015,0.0
0,2025-03-06,0.00010033742862953727,-5.000382530304844e-05,1.143520824523003,1.0002986194477803,usdt_crypto_intraday_rv_7d__drawdown_modulated,0.3234308572623015,0.0
0,2025-03-07,-0.00012083747378706332,-0.0007338436552090378,1.1433826527036797,0.9995648259303733,usdt_crypto_intraday_rv_7d__drawdown_modulated,0.3234308572623015,0.0
0,2025-03-08,0.0003598419141000655,0.0007523453619919377,1.1437941637409965,1.0003171268507416,usdt_crypto_intraday_rv_7d__drawdown_modulated,0.3234308572623015,0.0
0,2025-03-09,7.04142011666606e-05,-0.00014252198425721718,1.1438747059289591,1.0001745698279325,usdt_crypto_intraday_rv_7d__drawdown_modulated,0.26226108227097006,0.061169774991331416
0,2025-03-10,0.00011150073799363037,-1.1502659990302684e-05,1.144002255913669,1.0001630652260918,usdt_crypto_intraday_rv_7d__drawdown_modulated,0.26226108227097006,0.0
0,2025-03-11,9.465022092997486e-05,-0.00013454093428206664,1.1441105411044634,1.0000285114045633,usdt_crypto_intraday_rv_7d__hysteresis,0.23517891824109474,0.027082164029875316
0,2025-03-12,0.00015706582164814366,0.00010653390451584809,1.1442902558798131,1.00013505402161,usdt_crypto_intraday_rv_7d__hysteresis,0.23517891824109474,0.0
0,2025-03-13,0.00011288779153386213,-8.002440748705624e-05,1.1444194395711669,1.000055022008805,usdt_crypto_intraday_rv_7d__hysteresis,0.19844461078193396,0.03673430745916079
0,2025-03-14,0.00017790707263334404,0.00023955396067503205,1.1446230579955674,1.0002946178471404,usdt_crypto_intraday_rv_7d__hysteresis,0.19844461078193396,0.0
0,2025-03-15,0.00018841721186064624,0.0002554943166413933,1.1448387449997202,1.0005502200880367,usdt_crypto_intraday_rv_7d__hysteresis,0.19844461078193396,0.0
0,2025-03-16,0.0001000133391078786,-0.00018998955114634192,1.1449532498712593,1.0003601440576244,usdt_crypto_intraday_rv_7d__hysteresis,0.19844461078193396,0.0
0,2025-03-17,3.0145481676921497e-05,-0.0005436695023544315,1.1449877655587177,0.9998164265706296,usdt_crypto_intraday_rv_7d__hysteresis,0.19844461078193396,0.0
0,2025-03-18,0.00014349410228996895,2.7515677058697285e-05,1.1451520763388015,0.9998439375750314,usdt_crypto_intraday_rv_7d__hysteresis,0.19844461078193396,0.0
0,2025-03-19,0.0002679250987146552,0.0006561496256504056,1.1454589324272861,1.0005002000800334,usdt_crypto_intraday_rv_7d__hysteresis,0.2543580613857648,0.05591345060383082
0,2025-03-20,-0.0001147488075867875,-0.00091082363304155,1.1453274999216563,0.9995893357342951,usdt_crypto_intraday_rv_7d__hysteresis,0.279372168339657,0.025014106953892223
0,2025-03-21,0.0003285688253511435,0.0007508268326363004,1.1457038806630508,1.0003401360544233,usdt_crypto_intraday_rv_7d__hysteresis,0.279372168339657,0.0
0,2025-03-22,3.7327267174385145e-05,-0.00030956648187370765,1.1457466474560858,1.0000305122048834,usdt_crypto_intraday_rv_7d__hysteresis,0.24892974444438665,0.030442423895270354
0,2025-03-23,0.00025228657337526687,0.0005195570330706278,1.1460357404173318,1.0005502200880367,usdt_crypto_intraday_rv_7d__hysteresis,0.24892974444438665,0.0
0,2025-03-24,0.00010676499118541027,-8.949058117613737e-05,1.146158103444983,1.000460684273711,usdt_crypto_intraday_rv_7d__hysteresis,0.24892974444438665,0.0
0,2025-03-25,0.0001226944532926947,-2.5498782434532027e-05,1.1462987393143163,1.0004351740696293,usdt_crypto_intraday_rv_7d__hysteresis,0.22016406082872808,0.028765683615658566
0,2025-03-26,-5.003928825536575e-06,-0.00060516189927166,1.1462930033313632,0.9998299319727907,usdt_crypto_intraday_rv_7d__hysteresis,0.22016406082872808,0.0
0,2025-03-27,0.00021547618698672803,0.00037014250909031673,1.1465400287899867,1.0002000800320143,usdt_crypto_intraday_rv_7d__hysteresis,0.22016406082872808,0.0
0,2025-03-28,6.692052891323008e-05,-0.0003046073002759978,1.1466167584224987,0.9998954581832749,usdt_crypto_intraday_rv_7d__hysteresis,0.22016406082872808,0.0
0,2025-03-29,0.00017902577770778757,0.00020458229394105008,1.1468220507551694,1.000100040016008,usdt_crypto_intraday_rv_7d__hysteresis,0.22016406082872808,0.0
0,2025-03-30,0.00018738343924301355,0.0002425433558135763,1.1470369663504225,1.0003426370548234,usdt_crypto_intraday_rv_7d__hysteresis,0.22016406082872808,0.0
0,2025-03-31,0.00013543481817237935,7.500403146753434e-06,1.1471923256136867,1.000350140056024,usdt_crypto_intraday_rv_7d__priority_stack,0.2195003236916884,0.0006637371370396827
0,2025-04-01,0.0001228126378790257,-5.0003750291684605e-05,1.1473332239812228,1.0003001200480208,usdt_crypto_intraday_rv_7d__priority_stack,0.2195003236916884,0.0
0,2025-04-02,0.00011732368906086635,-7.501031395338177e-05,1.147467841244385,1.0002250900360161,usdt_crypto_intraday_rv_7d__priority_stack,0.2195003236916884,0.0
0,2025-04-03,6.321516568340013e-05,-0.00032010723865743445,1.147540380906865,0.9999049619847957,usdt_crypto_intraday_rv_7d__priority_stack,0.2195003236916884,0.0
0,2025-04-04,0.00014682392306710105,6.503007643323875e-05,1.1477088796569888,0.9999699879952,usdt_crypto_intraday_rv_7d__priority_stack,0.2195003236916884,0.0
0,2025-04-05,0.00014144320742463294,4.051660168307889e-05,1.1478712267632942,1.0000105042016825,usdt_crypto_intraday_rv_7d__priority_stack,0.2195003236916884,0.0
0,2025-04-06,4.239129432667788e-05,-0.0004107442959413093,1.1479198875417065,0.9995998399359762,usdt_crypto_intraday_rv_7d__priority_stack,0.2195003236916884,0.0
0,2025-04-07,0.00017679028613438113,0.00020014009873669462,1.1481228465671478,0.9997999199679891,usdt_crypto_intraday_rv_7d__priority_stack,0.2195003236916884,0.0
0,2025-04-08,-2.7353517569921526e-06,-0.0006205647338045797,1.1481197060515975,0.9991796718687495,usdt_crypto_intraday_rv_7d__priority_stack,0.2195003236916884,0.0
0,2025-04-09,0.00023798435563069688,0.00047046341513286283,1.1483929730953801,0.9996498599439796,usdt_crypto_intraday_rv_7d__priority_stack,0.2195003236916884,0.0
0,2025-04-10,0.00016076604107406834,0.00012008285731575569,1.1485776105285788,0.9997699079631872,usdt_crypto_intraday_rv_7d__priority_stack,0.2195003236916884,0.0
0,2025-04-11,0.00018491890290558315,0.00023011851204873042,1.1487900238792363,1.000000000000002,usdt_crypto_intraday_rv_7d__priority_stack,0.2195003236916884,0.0
0,2025-04-12,0.00012342813247148094,-5.002125904551434e-05,1.1489318256374688,0.9999499799919987,usdt_crypto_intraday_rv_7d__priority_stack,0.2195003236916884,0.0
0,2025-04-13,5.390997022858133e-05,-0.0003667322372969418,1.148993766187575,0.9995833333333352,usdt_crypto_intraday_rv_7d__priority_stack,0.2195003236916884,0.0
0,2025-04-14,0.00014650969789758823,5.654457127337502e-05,1.149162117249376,0.9996398559423788,usdt_crypto_intraday_rv_7d__priority_stack,0.2195003236916884,0.0
0,2025-04-15,0.00020536860377980864,0.00032469408874239716,1.1493981433042533,0.9999644857943196,usdt_crypto_intraday_rv_7d__priority_stack,0.2195003236916884,0.0
0,2025-04-16,0.00019129544031933938,0.0002605795433796462,1.1496180389600263,1.0002250900360163,usdt_crypto_intraday_rv_7d__priority_stack,0.2195003236916884,0.0
0,2025-04-17,0.00016536059528080114,0.00014101473627364894,1.1498081562018112,1.0003661464585856,usdt_crypto_intraday_rv_7d__priority_stack,0.269941399760294,0.05044107606860562
0,2025-04-18,8.836688815709457e-05,-0.00010100853530712411,1.1499097656599422,1.000265106042419,usdt_crypto_intraday_rv_7d__priority_stack,0.269941399760294,0.0
0,2025-04-19,0.00015582234037631864,0.00011150883719092413,1.1500889612518246,1.000376650660266,usdt_crypto_intraday_rv_7d__priority_stack,0.269941399760294,0.0
0,2025-04-20,0.0001231890498962811,-7.300438029534046e-05,1.1502306483452274,1.0003036214485814,usdt_crypto_intraday_rv_7d__trend_filter,0.19990208050493052,0.0700393192553635
0,2025-04-21,0.00013808265923775562,1.5001436388523408e-06,1.150389486218013,1.0003051220488215,usdt_crypto_intraday_rv_7d__trend_filter,0.19990208050493052,0.0
0,2025-04-22,0.00017154896996100566,0.00017050166280411155,1.1505868512778301,1.0004756902761123,usdt_crypto_intraday_rv_7d__trend_filter,0.19990208050493052,0.0
0,2025-04-23,0.00019402534847382677,0.00028293860421086563,1.1508101159514013,1.0007588035214103,usdt_crypto_intraday_rv_7d__trend_filter,0.19990208050493052,0.0
0,2025-04-24,0.00014444156619062052,3.648625380792196e-05,1.1509763527724017,1.0007953181272526,usdt_crypto_intraday_rv_7d__trend_filter,0.19990208050493052,0.0
0,2025-04-25,0.00016212422156769814,0.00012494283881400693,1.151162969044738,1.0009203681472607,usdt_crypto_intraday_rv_7d__trend_filter,0.19990208050493052,0.0
0,2025-04-26,0.00010218014751483626,-0.00017492434566676384,1.1512806010564542,1.0007452981192495,usdt_crypto_intraday_rv_7d__trend_filter,0.19990208050493052,0.0
0,2025-04-27,7.479022411978058e-05,-0.0003119410456724455,1.151366708810601,1.0004331732693095,usdt_crypto_intraday_rv_7d__trend_filter,0.19990208050493052,0.0
0,2025-04-28,0.00015753618775660595,0.00010199143280810975,1.1515481050204752,1.000535214085636,usdt_crypto_intraday_rv_7d__trend_filter,0.19990208050493052,0.0
0,2025-04-29,0.00012983469250864277,-3.4995887986740874e-05,1.1516976256208702,1.0005002000800338,usdt_crypto_intraday_rv_7d__trend_filter,0.14535275289878796,0.05454932760614256
0,2025-04-30,0.00012943580178164884,-3.999680026135157e-05,1.1518467061744249,1.0004601840736311,usdt_crypto_intraday_rv_7d__trend_filter,0.14535275289878796,0.0
0,2025-05-01,0.00018307200908842015,0.0002539525122452647,1.1520575963685429,1.0007142857142874,usdt_crypto_intraday_rv_7d__trend_filter,0.14535275289878796,0.0
0,2025-05-02,0.00010818065192364778,-0.0002659518642802998,1.1521822334519105,1.0004481792717106,usdt_crypto_intraday_rv_7d__trend_filter,0.14535275289878796,0.0
0,2025-05-03,0.00017953660886652344,0.00022496389424380767,1.152389110913384,1.000673269307725,usdt_crypto_intraday_rv_7d__trend_filter,0.14535275289878796,0.0
0,2025-05-04,8.026885456397537e-05,-0.00045797985689154363,1.1524816155799011,1.0002150860344157,usdt_crypto_intraday_rv_7d__trend_filter,0.14535275289878796,0.0
0,2025-05-05,0.00018470395306860717,0.00026051426462916856,1.1526945031501201,1.000475690276112,usdt_crypto_intraday_rv_7d__trend_filter,0.14535275289878796,0.0
0,2025-05-06,0.00011914724114204535,-0.00019050376302532157,1.1528318517022382,1.00028511404562,usdt_crypto_intraday_rv_7d__trend_filter,0.14535275289878796,0.0
0,2025-05-07,0.0001791543405927632,0.00022000110089284464,1.1530384050343547,1.000505202080834,usdt_crypto_intraday_rv_7d__trend_filter,0.14535275289878796,0.0
0,2025-05-08,0.00010938391415411027,-0.0002600065016273186,1.1531645357864793,1.0002450980392172,usdt_crypto_intraday_rv_7d__trend_filter,0.14535275289878796,0.0
0,2025-05-09,0.00017552199170378484,0.0001950112137628249,1.1533669592869311,1.0004401760704298,usdt_crypto_intraday_rv_7d__trend_filter,0.14535275289878796,0.0
0,2025-05-10,0.00015795712340125598,7.499418798562916e-05,1.1535491562033178,1.0005152060824347,usdt_crypto_intraday_rv_1d__trend_filter,0.14658780332464055,0.0012350504258525907
0,2025-05-11,0.00017114610173894713,0.00016496741930885315,1.1537465985398274,1.0006802721088452,usdt_crypto_intraday_rv_1d__trend_filter,0.015546770158639858,0.1310410331660007
0,2025-05-12,0.0001412001722100388,-0.0003374624605042712,1.1539095192601743,1.0003426370548236,usdt_crypto_intraday_rv_1d__trend_filter,0.21587307649891,0.20032630634027013
0,2025-05-13,0.00011031355802484003,6.1001647063475576e-05,1.15403681814615,1.0004036614645877,usdt_crypto_intraday_rv_1d__trend_filter,0.08930974824570545,0.12656332825320454
0,2025-05-14,9.353316948046189e-05,-0.0004536012742602651,1.1541447639156246,0.9999499799919986,usdt_crypto_intraday_rv_1d__trend_filter,0.22757140160528183,0.13826165335957638
0,2025-05-15,0.00021323166133464664,0.0004686011092622375,1.1543908903610978,1.0004186674669884,usdt_crypto_intraday_rv_1d__trend_filter,0.13171423099866092,0.09585717060662091
0,2025-05-16,0.00010260511848471051,-0.00021851983154407657,1.1545093428519928,1.0002000800320145,usdt_crypto_intraday_rv_1d__trend_filter,0.3501254640849921,0.2184112330863312
0,2025-05-17,0.00021903110568967165,0.0004284939005181612,1.1547622440054852,1.0006287515006018,usdt_crypto_intraday_rv_1d__trend_filter,0.3501254640849921,0.0
0,2025-05-18,-8.987316560560026e-05,-0.0005785351621464972,1.1546584665305697,1.000050020008005,usdt_crypto_intraday_rv_1d__trend_filter,0.2664329447477978,0.08369251933719435
0,2025-05-19,0.00012809953756426744,6.402035849581385e-05,1.1548063872202607,1.0001140456182491,usdt_crypto_intraday_rv_1d__trend_filter,0.2664329447477978,0.0
0,2025-05-20,9.710608403082508e-05,-0.00011403911554012448,1.1549185313911898,1.000000000000002,usdt_crypto_intraday_rv_1d__trend_filter,0.3389051459076114,0.07247220115981362
0,2025-05-21,0.00016259230703550737,0.00018505690552640019,1.1551063275263365,1.0001850740296139,usdt_crypto_intraday_rv_1d__trend_filter,0.3389051459076114,0.0
0,2025-05-22,6.039147898940544e-05,-0.0001600472142697934,1.1551760882123001,1.0000250100040036,usdt_crypto_intraday_rv_1d__trend_filter,0.3389051459076114,0.0
0,2025-05-23,0.00010385984595591371,-3.101211023153318e-05,1.1552960708534552,0.9999939975990415,usdt_crypto_intraday_rv_1d__trend_filter,0.3389051459076114,0.0
0,2025-05-24,0.00015539170539959995,0.00012104182009661324,1.155475608229095,1.0001150460184094,usdt_crypto_intraday_rv_1d__trend_filter,0.3389051459076114,0.0
0,2025-05-25,0.00014318393449509764,8.502061755095977e-05,1.1556410656180316,1.000200080032015,usdt_crypto_intraday_rv_1d__trend_filter,0.3389051459076114,0.0
0,2025-05-26,9.437001608593757e-05,-5.9013543625416044e-05,1.1557501286300418,1.0001410564225712,usdt_crypto_intraday_rv_1d__trend_filter,0.2581727404790129,0.0807324054285985
0,2025-05-27,0.0002886005200884788,0.0006844430468381968,1.1560837268542519,1.0008258303321351,usdt_crypto_intraday_rv_1d__trend_filter,0.2581727404790129,0.0
0,2025-05-28,5.304367737842593e-06,-0.0004754107505873987,1.1560898591637387,1.0003501400560246,usdt_crypto_intraday_rv_1d__trend_filter,0.2581727404790129,0.0
0,2025-05-29,0.00014292386621218237,5.650122891677464e-05,1.1562551038045192,1.0004066626650683,usdt_crypto_intraday_rv_1d__trend_filter,0.13514013736739072,0.12303260311162217
0,2025-05-30,0.00024934741866629605,0.0005183622568403875,1.156543448977541,1.0009253701480616,usdt_crypto_intraday_rv_7d__regime_switch,0.27544196413664745,0.14030182676925673
0,2025-05-31,9.093486880300635e-05,-0.00012494221438860806,1.1566486238862996,1.0008003201280535,usdt_crypto_intraday_rv_7d__regime_switch,0.22414653782108687,0.05129542631556058
0,2025-06-01,0.00010603899783962002,-7.99712104067475e-05,1.1567712802502932,1.0007202881152486,usdt_crypto_intraday_rv_7d__regime_switch,0.22414653782108687,0.0
0,2025-06-02,0.00018037628422650994,0.00019491862209261216,1.1569799531747822,1.000915366146461,usdt_crypto_intraday_rv_7d__regime_switch,0.08484214557562142,0.13930439224546545
0,2025-06-03,0.0001715784580509732,0.0004546624209903412,1.157178483042381,1.0013705482192898,usdt_crypto_intraday_rv_7d__regime_switch,0.08484214557562142,0.0
0,2025-06-04,0.0001311327835485323,-0.000354718889002686,1.1573302370276688,1.0010154061624672,usdt_crypto_intraday_rv_7d__regime_switch,0.08484214557562142,0.0
0,2025-06-05,0.00018174459420658976,0.00024182202017253263,1.1575405946570625,1.0012575030012028,usdt_crypto_intraday_rv_7d__regime_switch,0.08484214557562142,0.0
0,2025-06-06,0.00015221787175955258,-0.0001019178542977741,1.157716806433807,1.0011554621848762,usdt_crypto_intraday_rv_7d__regime_switch,0.08484214557562142,0.0
0,2025-06-07,0.0001553540432488995,-6.495307142872695e-05,1.1578966763920246,1.0010904361744721,usdt_crypto_intraday_rv_7d__regime_switch,0.08484214557562142,0.0
0,2025-06-08,0.00015832125371772638,-2.9979763661749687e-05,1.1580800105579712,1.0010604241696701,usdt_crypto_intraday_rv_7d__regime_switch,0.08484214557562142,0.0
0,2025-06-09,0.00011797591703818842,-0.0005097935446597252,1.1582166441687995,1.0005502200880374,usdt_crypto_intraday_rv_7d__regime_switch,0.08484214557562142,0.0
0,2025-06-10,0.00017770704827405225,0.00018995346197303245,1.1584224857191021,1.0007402961184495,usdt_crypto_intraday_rv_7d__regime_switch,0.08484214557562142,0.0
0,2025-06-11,0.0001607428516709796,-9.996651122022907e-06,1.1586087088195114,1.0007302921168488,usdt_crypto_intraday_rv_7d__regime_switch,0.08484214557562142,0.0
0,2025-06-12,0.0001644984692438017,2.9989653571740687e-05,1.1587993138552533,1.0007603041216506,usdt_crypto_intraday_rv_7d__regime_switch,0.08484214557562142,0.0
0,2025-06-13,0.00019042203831790873,0.0003398198987255468,1.1590199957932843,1.0011004401760724,usdt_crypto_intraday_rv_7d__regime_switch,0.08484214557562142,0.0
0,2025-06-14,0.0001149476311859352,-0.000549766363148297,1.1591532300536325,1.0005502200880374,usdt_crypto_intraday_rv_7d__regime_switch,0.08484214557562142,0.0
0,2025-06-15,0.0001700735070617593,9.998000408247248e-05,1.1593503880738922,1.0006502601040437,usdt_crypto_intraday_rv_7d__regime_switch,0.08484214557562142,0.0
0,2025-06-16,0.0001689224078883852,9.497174597693355e-05,1.1595462448748675,1.0007452981192497,usdt_crypto_intraday_rv_7d__regime_switch,0.08484214557562142,0.0
0,2025-06-17,0.0001326785190683145,-0.00032794064568280256,1.1597001019599682,1.0004171668667485,usdt_crypto_intraday_rv_7d__regime_switch,0.1765326617967158,0.09169051622109439
0,2025-06-18,0.00014152845817449474,8.749468475373936e-05,1.1598642441424645,1.000504701880754,usdt_crypto_intraday_rv_7d__regime_switch,0.1765326617967158,0.0
0,2025-06-19,0.00014612581663056128,-8.99910008997747e-06,1.1600337426360716,1.0004956982793136,usdt_crypto_intraday_rv_3d__priority_stack,0.2164465069888597,0.03991384519214389
0,2025-06-20,0.0001188727601852888,-2.799771818771371e-05,1.1601716472453552,1.000467687074832,usdt_crypto_intraday_rv_3d__priority_stack,0.2164465069888597,0.0
0,2025-06-21,0.00013605524099472043,-1.999867008902083e-06,1.1603295054168887,1.0004656862745118,usdt_crypto_intraday_rv_3d__priority_stack,0.2164465069888597,0.0
0,2025-06-22,0.00015152962955219325,6.949303335132071e-05,1.1605053430389716,1.000535214085636,usdt_crypto_intraday_rv_3d__priority_stack,0.2164465069888597,0.0
0,2025-06-23,0.0003168102694611932,0.000834538965683059,1.160873061294795,1.0013705482192894,usdt_crypto_intraday_rv_3d__priority_stack,0.2164465069888597,0.0
0,2025-06-24,4.858361696060842e-05,-0.0004046894064079268,1.1609294620770108,1.0009653861544634,usdt_crypto_intraday_rv_3d__priority_stack,0.15812071773071867,0.058325789258141025
0,2025-06-25,0.0001080972549312752,-0.00016791923124447354,1.1610549621480144,1.0007973189275727,usdt_crypto_intraday_rv_3d__priority_stack,0.15812071773071867,0.0
0,2025-06-26,0.00017256732548778957,0.00016392148197741255,1.1612553395863785,1.0009613845538234,usdt_crypto_intraday_rv_3d__priority_stack,0.15812071773071867,0.0
0,2025-06-27,0.00012515412191537297,-0.0001359329852478236,1.1614006845737963,1.0008253301320547,usdt_crypto_intraday_rv_3d__priority_stack,0.15812071773071867,0.0
0,2025-06-28,9.788090497504559e-05,-0.00030841649867820127,1.1615143690875218,1.000516706682675,usdt_crypto_intraday_rv_3d__priority_stack,0.15812071773071867,0.0
0,2025-06-29,0.00014957280858229365,1.8497673917953664e-05,1.1616881130472771,1.0005352140856363,usdt_crypto_intraday_rv_3d__priority_stack,0.15812071773071867,0.0
0,2025-06-30,0.00014684168579010516,-2.9995995534370923e-06,1.161858709813211,1.0005322128851561,usdt_crypto_intraday_rv_3d__priority_stack,0.15812071773071867,0.0
0,2025-07-01,0.000141922687839688,-3.199628843330378e-05,1.162023615625859,1.000500200080034,usdt_crypto_intraday_rv_3d__priority_stack,0.15812071773071867,0.0
0,2025-07-02,0.00019474034420930732,0.000299925020993594,1.1622499305403522,1.0008003201280533,usdt_crypto_intraday_rv_3d__priority_stack,0.15812071773071867,0.0
0,2025-07-03,0.00012473000737296775,-0.00014495252830092894,1.1623949070240287,1.000655262104844,usdt_crypto_intraday_rv_3d__priority_stack,0.15812071773071867,0.0
0,2025-07-04,0.00014132666246029034,-3.9990602213628575e-05,1.1625591960256338,1.0006152460984417,usdt_crypto_intraday_rv_3d__priority_stack,0.15812071773071867,0.0
0,2025-07-05,0.00014488346322371367,-1.7496391369730064e-05,1.1627276438305127,1.0005977390956406,usdt_crypto_intraday_rv_3d__priority_stack,0.15812071773071867,0.0
0,2025-07-06,0.00013223552809729208,-9.748549910930642e-05,1.1628814079008405,1.0005002000800343,usdt_crypto_intraday_rv_3d__priority_stack,0.15812071773071867,0.0
0,2025-07-07,0.00014765000518479295,0.0,1.1630531200230825,1.0005002000800343,usdt_crypto_intraday_rv_3d__priority_stack,0.15812071773071867,0.0
0,2025-07-08,0.0001800581897756855,0.00020495849662208117,1.163262556117263,1.0007052821128475,usdt_crypto_intraday_rv_3d__priority_stack,0.15812071773071867,0.0
0,2025-07-09,0.00015417560564397816,4.4985267332610086e-05,1.1634419166525296,1.0007503001200504,usdt_crypto_intraday_rv_7d__regime_switch,0.16262623551881533,0.004505517788096658
0,2025-07-10,0.00010539935563547305,-0.00025494327650226107,1.1635645491434432,1.000495198079234,usdt_crypto_intraday_rv_7d__regime_switch,0.16262623551881533,0.0
0,2025-07-11,0.0001879880533225709,0.00025494327650226107,1.1637833059391396,1.0007503001200506,usdt_crypto_intraday_rv_7d__regime_switch,0.16262623551881533,0.0
0,2025-07-12,6.009902338804525e-05,-0.0005314552374062116,1.1638532502810341,1.0002185874349765,usdt_crypto_intraday_rv_7d__regime_switch,0.16262623551881533,0.0
0,2025-07-13,0.0002475867347269189,0.0006214197015035187,1.1641414405815482,1.0008403361344562,usdt_crypto_intraday_rv_7d__regime_switch,0.16262623551881533,0.0
0,2025-07-14,9.158182541390075e-05,-0.00033990822805199833,1.164248059661827,1.0005002000800345,usdt_crypto_intraday_rv_7d__regime_switch,0.16262623551881533,0.0
0,2025-07-15,0.00012084014361890723,-0.00015999680040524954,1.1643887560652801,1.0003401360544244,usdt_crypto_intraday_rv_7d__regime_switch,0.16262623551881533,0.0
0,2025-07-16,0.00020750465245249924,0.00037495219798818163,1.1646303972193919,1.0007152861144484,usdt_crypto_intraday_rv_7d__regime_switch,0.16262623551881533,0.0
0,2025-07-17,0.00022885099776580054,0.0005062123556447955,1.164896954547616,1.001221988795521,usdt_crypto_intraday_rv_7d__regime_switch,0.16262623551881533,0.0
0,2025-07-18,0.00013863926658716253,-4.646291098972814e-05,1.1650584662027141,1.001175470188078,usdt_crypto_intraday_rv_7d__regime_switch,0.16262623551881533,0.0
0,2025-07-19,9.662521009053566e-05,-0.0003048102579758543,1.165171045660698,1.0008703481392585,usdt_crypto_intraday_rv_7d__regime_switch,0.16262623551881533,0.0
0,2025-07-20,0.0001218110513190753,-0.00014994077367529868,1.165312985015452,1.000720288115249,usdt_crypto_intraday_rv_7d__regime_switch,0.16262623551881533,0.0
0,2025-07-21,0.00019204199760821896,0.00027987126104740565,1.1655367955387554,1.0010004001600668,usdt_crypto_intraday_rv_7d__regime_switch,0.16262623551881533,0.0
0,2025-07-22,0.00015465382087627425,4.9968769529553205e-05,1.1657170641968166,1.0010504201680699,usdt_crypto_intraday_rv_7d__regime_switch,0.16262623551881533,0.0
0,2025-07-23,9.126119525414844e-05,-0.00033983688156904513,1.16582345378397,1.0007102841136482,usdt_crypto_intraday_rv_7d__regime_switch,0.16262623551881533,0.0
0,2025-07-24,0.00016392938799097704,0.00010496195138904208,1.1660145821746064,1.0008153261304549,usdt_crypto_intraday_rv_7d__regime_switch,0.16262623551881533,0.0
0,2025-07-25,6.962606663192655e-05,-0.00047491571138905185,1.1660957700099608,1.0003401360544244,usdt_crypto_intraday_rv_7d__regime_switch,0.08459332031006413,0.0780329152087512
0,2025-07-26,0.0001550899618117971,0.00012000000014389797,1.1662766337831159,1.000460184073632,usdt_crypto_intraday_rv_7d__regime_switch,0.18176226137717788,0.09716894106711375
0,2025-07-27,0.0002400720576884205,0.0006382079972428733,1.1665566578260511,1.001098889555825,usdt_crypto_intraday_rv_7d__regime_switch,0.18176226137717788,0.0
0,2025-07-28,-3.9499047300568595e-05,-0.0010032527192745243,1.166510580859449,1.0000950380152087,usdt_crypto_intraday_rv_7d__regime_switch,0.18176226137717788,0.0
0,2025-07-29,0.00017540905140064854,0.000205041521626358,1.1667152153207299,1.000300120048022,usdt_crypto_intraday_rv_3d__hysteresis,0.23461902154920297,0.05285676017202509
0,2025-07-30,0.00014566178366702445,5.0003750291684605e-05,1.1668851735179315,1.0003501400560253,usdt_crypto_intraday_rv_3d__hysteresis,0.30339748827538054,0.06877846672617757
0,2025-07-31,0.00013089417679490185,7.50009375468127e-05,1.167037921988858,1.0004251700680302,usdt_crypto_intraday_rv_3d__hysteresis,0.39064237253274064,0.0872448842573601
0,2025-08-01,-9.786589040019835e-05,-0.00047510096789035565,1.166923714372098,0.9999499799919999,usdt_crypto_intraday_rv_3d__hysteresis,0.3587885858074262,0.03185378672531447
0,2025-08-02,0.00015814347159982377,0.00015005627138321324,1.1671082703321567,1.0001000400160096,usdt_crypto_intraday_rv_3d__hysteresis,0.3587885858074262,0.0
0,2025-08-03,0.00018388311836103996,0.00020404040070707422,1.1673229015732967,1.0003041216486628,usdt_crypto_intraday_rv_3d__hysteresis,0.3587885858074262,0.0
0,2025-08-04,0.00012179909313368847,3.100249570339035e-05,1.1674650891030827,1.0003351340536248,usdt_crypto_intraday_rv_3d__hysteresis,0.3587885858074262,0.0
0,2025-08-05,8.960965215264389e-05,-5.800545252880258e-05,1.1675697099310656,1.0002771108443411,usdt_crypto_intraday_rv_3d__hysteresis,0.3256316653304083,0.03315692047701785
0,2025-08-06,0.00013273787613895982,7.300631507866773e-05,1.1677247009409673,1.000350140056026,usdt_crypto_intraday_rv_3d__hysteresis,0.2793688331013744,0.046262832229033934
0,2025-08-07,0.00021469368444401843,0.0003594533647966927,1.1679754309735426,1.000709783913569,usdt_crypto_intraday_rv_3d__hysteresis,0.2793688331013744,0.0
0,2025-08-08,-2.620930029224896e-05,-0.0005359777697540263,1.167944819555892,1.0001735694277747,usdt_crypto_intraday_rv_3d__hysteresis,0.2793688331013744,0.0
0,2025-08-09,0.00020636552561220328,0.00029652320511333813,1.1681858679736519,1.0004701880752338,usdt_crypto_intraday_rv_3d__hysteresis,0.3059782742065051,0.026609441105130693
0,2025-08-10,7.692604228862334e-05,-0.00011999880015600455,1.1682757353456588,1.0003501400560262,usdt_crypto_intraday_rv_3d__hysteresis,0.37552963235909664,0.06955135815259156
0,2025-08-11,5.475687067412965e-05,-0.00010351053228910651,1.168339708220472,1.0002465986394595,usdt_crypto_intraday_rv_3d__hysteresis,0.4447240207226184,0.06919438836352176
0,2025-08-12,7.422430833133121e-05,-1.6502669307109734e-05,1.168426430645627,1.0002300920368186,usdt_crypto_intraday_rv_3d__hysteresis,0.34780358589293864,0.09692043482967977
0,2025-08-13,0.00023770680406572502,0.0004199832068453194,1.1687042065715474,1.0006502601040455,usdt_crypto_intraday_rv_3d__hysteresis,0.34780358589293864,0.0
0,2025-08-14,0.0003372204115622927,0.0006496264876285536,1.1690983839436744,1.001300520208087,usdt_crypto_intraday_rv_3d__hysteresis,0.29412026214187337,0.05368332375106527
0,2025-08-15,0.00012292400655545733,4.4958525767631904e-05,1.1692421030341686,1.0013455382152898,usdt_crypto_intraday_rv_3d__hysteresis,0.29412026214187337,0.0
0,2025-08-16,7.286301845083458e-06,-0.00038471051008964047,1.169250622516099,1.0009603841536652,usdt_crypto_intraday_rv_3d__hysteresis,0.22538531576210485,0.06873494637976851
0,2025-08-17,0.00019837087295462418,0.00035473838416453054,1.169482590789904,1.001315526210488,usdt_crypto_intraday_rv_3d__hysteresis,0.22538531576210485,0.0
0,2025-08-18,5.088161627564505e-05,-0.00036473283724299866,1.1695420974682147,1.0009503801520647,usdt_crypto_intraday_rv_3d__vol_target_clip,0.22538531576210485,0.0
0,2025-08-19,-4.9243391737171594e-05,-0.0008048813234637047,1.169484506666551,1.0001450580232132,usdt_crypto_intraday_rv_3d__vol_target_clip,0.19230688680785302,0.03307842895425184
0,2025-08-20,0.00018504532895769336,0.00028003220553333747,1.169700934335645,1.000425170068031,usdt_crypto_intraday_rv_3d__vol_target_clip,0.14543822284776456,0.04686866396008846
0,2025-08-21,0.0001230749016393066,-9.650224375200058e-05,1.1698449040224317,1.000328631452585,usdt_crypto_intraday_rv_3d__vol_target_clip,0.14543822284776456,0.0
0,2025-08-22,0.000140643134302951,-2.850244408649672e-05,1.1700094462469777,1.000300120048023,usdt_crypto_intraday_rv_3d__vol_target_clip,0.14543822284776456,0.0
0,2025-08-23,0.00014624299952563076,1.000095009029642e-05,1.1701805644499848,1.0003101240496237,usdt_crypto_intraday_rv_3d__vol_target_clip,0.2226231135779439,0.07718489073017934
0,2025-08-24,0.00014632885457275556,0.00013500303777349762,1.1703518081602664,1.0004451780712325,usdt_crypto_intraday_rv_3d__vol_target_clip,0.2226231135779439,0.0
0,2025-08-25,0.00012676250015721772,-2.4999187527871123e-05,1.1705001742849641,1.0004201680672307,usdt_crypto_intraday_rv_3d__vol_target_clip,0.2226231135779439,0.0
0,2025-08-26,0.000179877334401038,0.00021497259182260564,1.1707107396736331,1.0006352541016446,usdt_crypto_intraday_rv_3d__vol_target_clip,0.2618930859221065,0.03926997234416263
0,2025-08-27,2.918241372387808e-05,-0.0003349773921585286,1.1707449043372906,1.000300120048023,usdt_crypto_intraday_rv_3d__vol_target_clip,0.29479938400886346,0.032906298086756935
0,2025-08-28,9.787933837891636e-05,-5.000625079176272e-05,1.1708595016822023,1.00025010004002,usdt_crypto_intraday_rv_3d__vol_target_clip,0.29479938400886346,0.0
0,2025-08-29,0.00014784591349364113,0.00010001000108344732,1.171032621271998,1.0003501400560262,usdt_crypto_intraday_rv_3d__vol_target_clip,0.21895852588086426,0.0758408581279992
0,2025-08-30,0.00014460733892689495,0.00013099796971879668,1.1712019734276438,1.0004811924769945,usdt_crypto_intraday_rv_3d__vol_target_clip,0.21895852588086426,0.0
0,2025-08-31,0.00014400951389781686,5.8993481237465644e-05,1.171370649799723,1.0005402160864385,usdt_crypto_intraday_rv_3d__vol_target_clip,0.25707804831535613,0.038119522434491876
0,2025-09-01,0.00020958887904257734,0.00035988484073639325,1.1716161817906463,1.0009003601440616,usdt_crypto_intraday_rv_3d__vol_target_clip,0.3245887613301007,0.06751071301474454
0,2025-09-02,2.8324323739159065e-05,-0.00021791479617742405,1.1716493674966566,1.0006822729091676,usdt_crypto_intraday_rv_3d__vol_target_clip,0.29561247635253113,0.028976284977569544
0,2025-09-03,7.645500537621172e-05,-0.00011697385647640836,1.1717389493797958,1.00056522609044,usdt_crypto_intraday_rv_3d__vol_target_clip,0.29561247635253113,0.0
0,2025-09-04,0.00010296958243495694,-4.499358842131431e-05,1.1718596090621682,1.0005202080832372,usdt_crypto_intraday_rv_3d__vol_target_clip,0.3600418960064147,0.06442941965388355
0,2025-09-05,8.326403728614628e-05,-1.9997800242548827e-05,1.1719571868866567,1.0005002000800358,usdt_crypto_intraday_rv_3d__vol_target_clip,0.272383391835048,0.08765850417136667
0,2025-09-06,0.00012816207091083227,0.00010348429635042807,1.1721073969721592,1.0006037414966025,usdt_crypto_intraday_rv_3d__vol_target_clip,0.3189860475246103,0.04660265568956229
0,2025-09-07,2.139799423085838e-05,-0.00024848030921406313,1.1721324779878184,1.0003551420568266,usdt_crypto_intraday_rv_3d__vol_shock_throttle,0.3189860475246103,0.0
0,2025-09-08,0.00010441080473304723,-2.0001100061190108e-05,1.1722548676723905,1.0003351340536253,usdt_crypto_intraday_rv_3d__vol_shock_throttle,0.5189860475246103,0.2
0,2025-09-09,8.600146444907709e-05,9.200174809808798e-05,1.1723556876429881,1.000427170868351,usdt_crypto_intraday_rv_3d__vol_shock_throttle,0.35750631471108124,0.16147973281352906
0,2025-09-10,4.53388436228344e-05,-7.450076366726345e-05,1.1724088420991523,1.0003526410564263,usdt_crypto_intraday_rv_3d__vol_shock_throttle,0.24332175514615614,0.1141845595649251
0,2025-09-11,0.0002328515131317819,0.0005473761698116962,1.1726818710584137,1.0009003601440611,usdt_crypto_intraday_rv_3d__vol_shock_throttle,0.24332175514615614,0.0
0,2025-09-12,0.00021015775909761218,0.0003602549404756436,1.172928345150884,1.0012610044017642,usdt_crypto_intraday_rv_3d__vol_shock_throttle,0.34882608433817375,0.1055043291920176
0,2025-09-13,-0.00011108488422460968,-0.000560174973128694,1.1727980577780721,1.0007002801120484,usdt_crypto_intraday_rv_3d__vol_shock_throttle,0.5488260843381738,0.20000000000000007
0,2025-09-14,6.595999458436526e-05,5.9980206549775715e-05,1.1728754180829262,1.0007603041216522,usdt_crypto_intraday_rv_3d__vol_shock_throttle,0.4902941846507876,0.0585318996873862
0,2025-09-15,-5.704090001628067e-05,-0.00025994021521442084,1.1728085181215069,1.0005002000800356,usdt_crypto_intraday_rv_3d__vol_shock_throttle,0.44252894913177,0.047765235519017624
0,2025-09-16,0.00022359629915332159,0.0003249147127469885,1.1730707830854192,1.0008253301320562,usdt_crypto_intraday_rv_3d__vol_shock_throttle,0.44252894913177,0.0
0,2025-09-17,0.00012895285906403355,9.045746243999109e-05,1.1732220636706048,1.0009158663465418,usdt_crypto_intraday_rv_3d__vol_shock_throttle,0.5553513607516843,0.11282241161991435
0,2025-09-18,1.77313507018337e-05,-5.547294308622813e-05,1.1732428666668988,1.0008603441376582,usdt_crypto_intraday_rv_3d__vol_shock_throttle,0.7027128439639778,0.14736148321229348
0,2025-09-19,0.00018661957544130028,0.00023986088183921618,1.1734618371840226,1.0011004401760737,usdt_crypto_intraday_rv_3d__vol_shock_throttle,0.5821200750955613,0.12059276886841652
0,2025-09-20,-0.00017402466012002578,-0.0003723087306922968,1.173257643654513,1.00072779111645,usdt_crypto_intraday_rv_3d__vol_shock_throttle,0.49922337473311906,0.08289670036244223
0,2025-09-21,0.00015706374168627973,0.00018742104943178783,1.1734419343623026,1.0009153661464623,usdt_crypto_intraday_rv_3d__vol_shock_throttle,0.4369824694070806,0.06224090532603849
0,2025-09-22,0.00017298868509338058,0.00021986258676938138,1.1736449440982488,1.0011354541816764,usdt_crypto_intraday_rv_3d__vol_shock_throttle,0.4902840444265907,0.053301575019510106
0,2025-09-23,-0.0001674301543799106,-0.00048476126457469695,1.1734484569934633,1.0006502601040455,usdt_crypto_intraday_rv_3d__vol_shock_throttle,0.4902840444265907,0.0
0,2025-09-24,0.0001021367674794646,4.248847500749328e-05,1.1735683153465326,1.0006927771108483,usdt_crypto_intraday_rv_3d__vol_shock_throttle,0.4902840444265907,0.0
0,2025-09-25,0.00018462855740929135,0.00020991655893900206,1.1737850095749722,1.000902861144462,usdt_crypto_intraday_rv_3d__vol_shock_throttle,0.4902840444265907,0.0
0,2025-09-26,2.8623452284484814e-05,-0.00010745178111680486,1.1738186078350328,1.0007953181272549,usdt_crypto_intraday_rv_3d__vol_shock_throttle,0.6522785025757744,0.16199445814918367
0,2025-09-27,1.4433926913853396e-05,-9.496699903918844e-05,1.1738355507693046,1.0007002801120488,usdt_crypto_intraday_rv_7d__peg_aware_vol,0.5725870480153733,0.07969145456040105
0,2025-09-28,0.00014335956731538035,0.00014594556256429433,1.1740038433888524,1.0008463385354183,usdt_crypto_intraday_rv_7d__peg_aware_vol,0.5519999944227649,0.020587053592608373
0,2025-09-29,6.71473016469833e-05,-9.995546982997255e-07,1.1740826772257693,1.0008453381352582,usdt_crypto_intraday_rv_7d__peg_aware_vol,0.5144265913922095,0.03757340303055545
0,2025-09-30,-0.00013835259988999353,-0.00040490181684256434,1.1739202510711888,1.0004401760704322,usdt_crypto_intraday_rv_7d__peg_aware_vol,0.5144265913922095,0.0
0,2025-10-01,0.0003521382488545336,0.0005343358380309517,1.1743337060850858,1.0009748899559863,usdt_crypto_intraday_rv_7d__peg_aware_vol,0.4105994081296053,0.10382718326260415
0,2025-10-02,0.00011079705002574275,9.144328236800362e-05,1.1744638260037843,1.0010664265706322,usdt_crypto_intraday_rv_7d__peg_aware_vol,0.4105994081296053,0.0
0,2025-10-03,0.00021076586852540976,0.0002837707151678731,1.1747113889801202,1.0013505402160905,usdt_crypto_intraday_rv_7d__peg_aware_vol,0.3927345284180728,0.0178648797115325
0,2025-10-04,-9.307881774744905e-05,-0.00047516157511467164,1.1746020533213353,1.00087484993998,usdt_crypto_intraday_rv_7d__peg_aware_vol,0.37631890344062296,0.01641562497744986
0,2025-10-05,-3.879840564945619e-05,-0.00035939407246652765,1.1745564815184562,1.0005152060824372,usdt_crypto_intraday_rv_7d__peg_aware_vol,0.37631890344062296,0.0
0,2025-10-06,0.0001747316523291079,0.00019995700990922756,1.1747617316445502,1.00071528611445,usdt_crypto_intraday_rv_7d__peg_aware_vol,0.37631890344062296,0.0
0,2025-10-07,0.00022524263246984511,0.00033483844358087327,1.175026367872072,1.0010504201680714,usdt_crypto_intraday_rv_7d__peg_aware_vol,0.3585184145861285,0.01780048885449448
0,2025-10-08,-0.00014520816749787573,-0.0006797892915060774,1.1748557568337896,1.000370148059228,usdt_crypto_intraday_rv_7d__peg_aware_vol,0.4208679632699813,0.06234954868385284
0,2025-10-09,-3.3515255003956136e-05,-0.0002700445589930177,1.1748163819033406,1.0001000400160107,usdt_crypto_intraday_rv_7d__peg_aware_vol,0.40906967618961787,0.011798287080363457
0,2025-10-10,-0.004930958768696265,-0.01227873719785808,1.1690376697678244,0.9878951580632296,usdt_crypto_intraday_rv_7d__peg_aware_vol,0.15906967618961787,0.25
0,2025-10-11,0.002245619816560168,0.013588272500033754,1.1716658337494759,1.0014105642256947,usdt_crypto_intraday_rv_7d__peg_aware_vol,0.0,0.15906967618961787
0,2025-10-12,0.00012769715171600062,-0.00020981012260943698,1.1718154616925365,1.0012004801920813,usdt_crypto_intraday_rv_7d__peg_aware_vol,0.21208027116777559,0.21208027116777559
0,2025-10-13,8.771595705065813e-05,2.098299328476196e-05,1.1719182531154038,1.0012214885954427,usdt_crypto_intraday_rv_7d__peg_aware_vol,0.22249140145829463,0.010411130290519044
0,2025-10-14,-5.035583171768739e-06,-0.0005706944086415657,1.1719123518384278,1.0006502601040463,usdt_crypto_intraday_rv_7d__peg_aware_vol,0.23812547866532754,0.015634077207032915
0,2025-10-15,0.00010441851429786486,-5.998680292152036e-05,1.1720347275741292,1.0005902360944423,usdt_crypto_intraday_rv_7d__peg_aware_vol,0.24919341035410975,0.011067931688782201
0,2025-10-16,7.269805991693825e-05,-0.00017998200228552122,1.1721199353221607,1.0004101640656309,usdt_crypto_intraday_rv_7d__peg_aware_vol,0.1499284733995298,0.09926493695457994
0,2025-10-17,7.570114633556931e-05,0.0007751917063334414,1.1722086695035046,1.0011859743897606,usdt_crypto_intraday_rv_1d__drawdown_brake,0.5496645968258514,0.39973612342632164
0,2025-10-18,-0.00037775018941777416,-0.0006352029052088723,1.1717659510803111,1.00055022008804,usdt_crypto_intraday_rv_1d__drawdown_brake,0.7244623440649431,0.1747977472390917
0,2025-10-19,0.00017173436643380433,0.00022494095394822892,1.1719672008437845,1.0007753101240544,usdt_crypto_intraday_rv_1d__drawdown_brake,0.5422486757222181,0.182213668342725
0,2025-10-20,-8.630834956550103e-05,-0.00022494095394822892,1.171866054653878,1.00055022008804,usdt_crypto_intraday_rv_1d__drawdown_brake,0.5422486757222181,0.0
0,2025-10-21,0.00020203125429021001,0.00023993521864214073,1.1721028321401807,1.000790316126455,usdt_crypto_intraday_rv_1d__drawdown_brake,0.5422486757222181,0.0
0,2025-10-22,-0.00019373663551253413,-0.000489928970100456,1.1718757748763724,1.000300120048024,usdt_crypto_intraday_rv_1d__drawdown_brake,0.5422486757222181,0.0
0,2025-10-23,0.0002886228662772913,0.00039996000933128974,1.1722140538366115,1.0007002801120495,usdt_crypto_intraday_rv_1d__drawdown_brake,0.34437881164877526,0.19786986407344287
0,2025-10-24,3.219400839453155e-05,-8.847737196978787e-05,1.1722517927131806,1.000611744697884,usdt_crypto_intraday_rv_1d__drawdown_brake,0.5035817059659915,0.15920289431721624
0,2025-10-25,-6.092526929194623e-05,-0.00021147763702815457,1.1721803751326214,1.0004001600640304,usdt_crypto_intraday_rv_1d__drawdown_brake,0.8723380669092908,0.36875636094329933
0,2025-10-26,-8.0450358842261e-05,-3.050046513450214e-05,1.1720860765940406,1.0003696478591484,usdt_crypto_intraday_rv_1d__drawdown_brake,0.27764578849106497,0.5946922784182258
0,2025-10-27,4.722376138226116e-07,2.8500463134552984e-05,1.1720866300973034,1.0003981592637103,usdt_crypto_intraday_rv_1d__drawdown_brake,1.5,1.222354211508935
0,2025-10-28,-7.866662040528893e-05,0.00016198720336505667,1.1719944296298885,1.0005602240896407,usdt_crypto_intraday_rv_1d__drawdown_brake,1.288637370571628,0.21136262942837192
0,2025-10-29,-0.0001001670780545956,-9.998450240139572e-06,1.17187704025175,1.0005502200880403,usdt_crypto_intraday_rv_1d__drawdown_brake,1.1032624714081039,0.18537489916352423
0,2025-10-30,-0.0003841155256266173,-0.000300000002250078,1.1714269905275407,1.000250100040021,usdt_crypto_intraday_rv_1d__drawdown_brake,0.7255727728367494,0.3776896985713545
0,2025-10-31,-0.0003271398264113039,-0.0004051428183832175,1.1710438327817023,0.9998449379751951,usdt_crypto_intraday_rv_1d__drawdown_brake,0.7786353672228558,0.05306259438610639
0,2025-11-01,0.0002611352276590571,0.00030512281429904503,1.1713496735107307,1.0001500600240145,usdt_crypto_intraday_rv_1d__drawdown_brake,0.03354751417503754,0.7450878530478182
0,2025-11-02,3.512853162927163e-06,0.00010002000408417249,1.1713537882973635,1.0002501000400208,usdt_crypto_intraday_rv_1d__drawdown_brake,0.27219636965209315,0.2386488554770556
0,2025-11-03,5.836006358561339e-05,-3.2505404026271885e-05,1.1714221505737237,1.0002175870348187,usdt_crypto_intraday_rv_1d__drawdown_brake,0.6030491207485319,0.33085275109643875
0,2025-11-04,-4.451207572576048e-05,-6.75146000579006e-05,1.1713700093027173,1.0001500600240143,usdt_crypto_intraday_rv_1d__drawdown_brake,0.014368596894527628,0.5886805238540043
0,2025-11-05,4.006828940462492e-05,0.00020403019717684558,1.1714169450355607,1.0003541416566675,usdt_crypto_intraday_rv_1d__drawdown_brake,0.6182628057188586,0.603894208824331
0,2025-11-06,0.00012167269362204428,-0.0009044504779630176,1.1715594831619407,0.9994497799119696,usdt_crypto_intraday_rv_7d__regime_switch,0.03231594546674173,0.5859468602521168
0,2025-11-07,0.0001679794096035687,0.0005403674630146996,1.1717562975621585,0.9999899959984041,usdt_crypto_intraday_rv_7d__regime_switch,0.03231594546674173,0.0
0,2025-11-08,0.00015568918226768535,0.00016005281777147233,1.1719387415438516,1.0001500600240145,usdt_crypto_intraday_rv_7d__regime_switch,0.03231594546674173,0.0
0,2025-11-09,0.0001589200783839913,0.00026003120520968136,1.1721250009403057,1.000410164065631,usdt_crypto_intraday_rv_7d__regime_switch,0.03231594546674173,0.0
0,2025-11-10,0.00013356693167995403,-0.0005601512554816693,1.1722815685361205,0.999849939975995,usdt_crypto_intraday_rv_7d__regime_switch,0.03231594546674173,0.0
0,2025-11-11,0.00014780463747528536,-0.00011957290972402438,1.172454849993963,0.9997303921568674,usdt_crypto_intraday_rv_7d__regime_switch,0.4955658328913428,0.4632498874246011
0,2025-11-12,0.00022165955826359903,0.00047470520023336306,1.1727147646233136,1.0002050820328179,usdt_crypto_intraday_rv_7d__regime_switch,0.4955658328913428,0.0
0,2025-11-13,-0.00019987458118027622,-0.0005632684122838564,1.1724803921742184,0.9996418567427017,usdt_crypto_intraday_rv_7d__regime_switch,0.6548456900303797,0.15927985713903692
0,2025-11-14,0.0005515440768543545,0.0008082861772975588,1.1731272451573178,1.0004501800720336,usdt_crypto_intraday_rv_7d__regime_switch,0.6548456900303797,0.0
0,2025-11-15,-0.0006010432291334133,-0.001000450286037225,1.172422356825104,0.9994497799119695,usdt_crypto_intraday_rv_7d__regime_switch,0.6548456900303797,0.0
0,2025-11-16,8.031553930826724e-05,4.003723463359254e-05,1.1725165243404962,0.999489795918372,usdt_crypto_intraday_rv_7d__regime_switch,0.44491317496928484,0.2099325150610949
0,2025-11-17,-3.9163733509413925e-05,-0.00019019114267114186,1.1724706051149916,0.9992997198879597,usdt_crypto_intraday_rv_7d__regime_switch,0.44491317496928484,0.0
0,2025-11-18,0.0004919129282350529,0.0009105873917463212,1.1730475004431253,1.0002100840336179,usdt_crypto_intraday_rv_7d__regime_switch,0.44491317496928484,0.0
0,2025-11-19,-0.00032035850995648977,-0.0009155929103306037,1.1726717648820308,0.9992947178871593,usdt_crypto_intraday_rv_7d__regime_switch,0.5096721733321757,0.0647589983628909
0,2025-11-20,-0.00011746139434057673,-0.0003554558758986552,1.1725340293108886,0.9989395758303365,usdt_crypto_intraday_rv_7d__regime_switch,0.5096721733321757,0.0
0,2025-11-21,0.0005911392102136306,0.001010965558130736,1.1732273650597072,0.9999499799920012,usdt_crypto_intraday_rv_7d__regime_switch,0.5096721733321757,0.0
0,2025-11-22,-4.396277399884228e-05,-0.00023513343930962253,1.1731757878639544,0.9997148859543861,usdt_crypto_intraday_rv_7d__regime_switch,0.08219771162494943,0.4274744617072263
0,2025-11-23,9.765169033388804e-05,0.0005002176050840029,1.1732903560564958,1.000215086034418,usdt_crypto_intraday_rv_7d__regime_switch,0.18420585226028105,0.10200814063533162
0,2025-11-24,9.78751533819544e-05,-4.5009339445493566e-05,1.1734051976500341,1.0001700680272152,usdt_crypto_intraday_rv_7d__regime_switch,0.18420585226028105,0.0
0,2025-11-25,0.00013177145151350934,3.000645138927414e-05,1.1735598291439264,1.000200080032017,usdt_crypto_intraday_rv_7d__regime_switch,0.18420585226028105,0.0
0,2025-11-26,0.00014965066237734094,0.00013501789007551684,1.1737354662914772,1.0003351340536255,usdt_crypto_intraday_rv_7d__peg_aware_vol,0.09083650244545767,0.09336934981482338
0,2025-11-27,0.00011828051748449358,-7.500768832326383e-05,1.1738743045405882,1.0002601040416206,usdt_crypto_intraday_rv_7d__peg_aware_vol,0.09083650244545767,0.0
0,2025-11-28,0.00016744927405454605,0.00030249659922002134,1.1740708853989166,1.0005627250900402,usdt_crypto_intraday_rv_7d__peg_aware_vol,0.09083650244545767,0.0
0,2025-11-29,0.00014292319970048384,3.2494191665979194e-05,1.1742386993585012,1.000595238095242,usdt_crypto_intraday_rv_7d__peg_aware_vol,0.14022516056516418,0.04938865811970651
0,2025-11-30,9.27650206302341e-05,-0.00021198113447289124,1.1743476326881952,1.0003831532613086,usdt_crypto_intraday_rv_7d__peg_aware_vol,0.14022516056516418,0.0
0,2025-12-01,0.00011623696899109472,-9.800646850529585e-05,1.1744841432311928,1.0002851140456224,usdt_crypto_intraday_rv_7d__peg_aware_vol,0.14022516056516418,0.0
0,2025-12-02,0.00018119604875814138,0.00037497281886442977,1.1746969743987763,1.0006602641056463,usdt_crypto_intraday_rv_7d__peg_aware_vol,0.14022516056516418,0.0
0,2025-12-03,0.00011919918492391805,-5.498721548617385e-05,1.174837005666298,1.000605242096843,usdt_crypto_intraday_rv_7d__peg_aware_vol,0.3902251605651642,0.25
0,2025-12-04,-1.2015950506518978e-06,-0.00010498399003798029,1.1748355939888149,1.0005002000800363,usdt_crypto_intraday_rv_7d__peg_aware_vol,0.5725141280024333,0.18228896743726908
0,2025-12-05,5.509512290514421e-05,4.999375079167061e-05,1.1749003234833826,1.0005502200880394,usdt_crypto_intraday_rv_7d__peg_aware_vol,0.661114436225258,0.08860030822282472
0,2025-12-06,-8.219778361464516e-05,-0.0001729890156290189,1.1748037532498081,1.0003771508603483,usdt_crypto_intraday_rv_7d__peg_aware_vol,0.47647058687993626,0.18464384934532174
0,2025-12-07,5.348201720271818e-05,2.8000252004125405e-05,1.1748665858045402,1.00040516206483,usdt_crypto_intraday_rv_7d__peg_aware_vol,0.5015545534701169,0.02508396659018064
0,2025-12-08,0.00021669161909519102,0.000294955021497868,1.1751211971323132,1.0007002801120488,usdt_crypto_intraday_rv_7d__peg_aware_vol,0.5204040154224641,0.018849461952347157
0,2025-12-09,5.680760997756275e-05,-1.9994201682087438e-05,1.1751879548551116,1.0006802721088475,usdt_crypto_intraday_rv_7d__peg_aware_vol,0.5359513821823223,0.015547366759858239
0,2025-12-10,-0.0002996332936532556,-0.0006800408286555463,1.1748358821665206,1.000000000000004,usdt_crypto_intraday_rv_7d__peg_aware_vol,0.5524406177052725,0.01648923552295023
0,2025-12-11,0.00036558043755145276,0.0005500687724646592,1.1752654576997954,1.0005502200880392,usdt_crypto_intraday_rv_7d__peg_aware_vol,0.49972117134026006,0.05271944636501247
0,2025-12-12,4.1528646387829315e-05,-3.999480068128337e-05,1.175314265896862,1.0005102040816365,usdt_crypto_intraday_rv_7d__peg_aware_vol,0.24972117134026006,0.25
0,2025-12-13,7.16760317533273e-05,5.4492520914836974e-05,1.175398510778638,1.0005647258903598,usdt_crypto_intraday_rv_7d__peg_aware_vol,0.07570026551958325,0.1740209058206768
0,2025-12-14,8.209262885547529e-05,-0.00021448772140018424,1.1754950062930716,1.0003501400560262,usdt_crypto_intraday_rv_7d__peg_aware_vol,0.07570026551958325,0.0
0,2025-12-15,0.0018206076154155706,0.022281831524435896,1.1776370707912045,1.0228899549819965,usdt_crypto_intraday_rv_7d__peg_aware_vol,0.0,0.07570026551958325
0,2025-12-16,-0.0006654438296825506,-0.022357338150178183,1.1768536801489837,1.0002746098439412,usdt_crypto_intraday_rv_7d__regime_switch,0.03599173599070442,0.03599173599070442
0,2025-12-17,0.00012953328454229517,-0.0002695701572654657,1.177006131745164,1.000005002000804,usdt_crypto_intraday_rv_7d__regime_switch,0.03599173599070442,0.0
0,2025-12-18,0.00014684101865055976,0.00023256482849394656,1.1771789772145993,1.000237595038019,usdt_crypto_intraday_rv_7d__regime_switch,0.03599173599070442,0.0
0,2025-12-19,0.0001471989628078922,0.00024251000472620365,1.1773522694929937,1.0004801920768345,usdt_crypto_intraday_rv_7d__regime_switch,0.20074322005990383,0.16475148406919943
0,2025-12-20,1.56044336460744e-05,-0.00033002805538001894,1.1773706415517033,1.0001500600240134,usdt_crypto_intraday_rv_7d__regime_switch,0.20074322005990383,0.0
0,2025-12-21,4.4515624017757365e-05,-0.00035014881682317805,1.1774230541070922,0.9997999199679909,usdt_crypto_intraday_rv_7d__regime_switch,0.20074322005990383,0.0
0,2025-12-22,0.00015701435285850725,0.0002071028272936994,1.1776079409405371,1.000007002801124,usdt_crypto_intraday_rv_7d__regime_switch,0.20074322005990383,0.0
0,2025-12-23,3.867873938376279e-06,-0.0005573742912566934,1.1776124957884104,0.9994497799119684,usdt_crypto_intraday_rv_7d__regime_switch,0.40850025222884667,0.20775703216894284
0,2025-12-24,0.00010106862688757,0.00013712087226361183,1.1777315214811457,0.9995868347338971,usdt_crypto_intraday_rv_7d__regime_switch,0.49228978188547096,0.08378952965662428
0,2025-12-25,8.714046636704613e-05,6.004701683215679e-05,1.1778341540268418,0.999646858743501,usdt_crypto_intraday_rv_7d__regime_switch,0.49228978188547096,0.0
0,2025-12-26,2.012038726438075e-05,-0.00010808722649692558,1.177857852744567,0.9995388155262142,usdt_crypto_intraday_rv_7d__regime_switch,0.49228978188547096,0.0
0,2025-12-27,0.00010338526150158296,6.105070262745632e-05,1.1779796321816758,0.9995998399359779,usdt_crypto_intraday_rv_7d__regime_switch,0.5475441478317504,0.05525436594627947
0,2025-12-28,5.4299141403163257e-05,0.0,1.1780435972009007,0.9995998399359779,usdt_crypto_intraday_rv_7d__regime_switch,0.6375612796273928,0.09001713179564241
0,2025-12-29,-0.0002701509978918507,-0.0004784971676774168,1.1777253905314167,0.9991216486594673,usdt_crypto_intraday_rv_7d__regime_switch,0.6375612796273928,0.0
0,2025-12-30,0.00024046663327258265,0.000294833384983372,1.1780086282442424,0.9994162665066061,usdt_crypto_intraday_rv_7d__regime_switch,0.7458781875448165,0.10831690791742365
0,2025-12-31,-0.000617306066104326,-0.0008481934589766296,1.1772816607759031,0.9985689275710319,usdt_crypto_intraday_rv_7d__regime_switch,0.9770576231034838,0.23117943555866727
0,2026-01-01,0.0003886823390318354,0.0004417111621412076,1.1777393383053372,0.9990101040416199,usdt_crypto_intraday_rv_7d__regime_switch,1.1733306484228787,0.19627302531939494
0,2026-01-02,0.000897542299077117,0.0008198034532535054,1.1787968837036222,0.9998294317727124,usdt_crypto_intraday_rv_7d__regime_switch,1.1733306484228787,0.0
0,2026-01-03,7.292132664302226e-05,8.354417403059935e-05,1.1788828462704386,0.9999129651860778,usdt_crypto_intraday_rv_7d__regime_switch,1.25542326889095,0.0820926204680712
0,2026-01-04,0.00027562636016912896,0.00026209330671697075,1.1792078222423366,1.0001750700280145,usdt_crypto_intraday_rv_7d__regime_switch,1.1620876179603679,0.09333565093058205
0,2026-01-05,0.0002194210384344972,0.00022502531629754657,1.1794665936361288,1.0004001600640289,usdt_crypto_intraday_rv_7d__peg_aware_vol,1.1620876179603679,0.0
0,2026-01-06,-0.0004301485147349131,-0.0003500612642953807,1.1789593569340748,1.0000500200080065,usdt_crypto_intraday_rv_7d__peg_aware_vol,1.0389420444783053,0.12314557348206256
0,2026-01-07,-0.0007611117745634294,-0.0007034935297041724,1.1780623784795132,0.9993467386954814,usdt_crypto_intraday_rv_7d__peg_aware_vol,0.8544771390612235,0.18446490541708183
0,2026-01-08,-8.656159491527824e-05,-8.25903745642479e-05,1.1779604079345525,0.9992642056822761,usdt_crypto_intraday_rv_7d__peg_aware_vol,0.9440726215680956,0.0895954825068721
0,2026-01-09,-0.0002934720000324029,-0.00030038614864996336,1.177614760259115,0.9989640856342569,usdt_crypto_intraday_rv_7d__peg_aware_vol,0.987997527126765,0.04392490555866946
0,2026-01-10,-1.619157070721639e-06,5.507891431453908e-06,1.1776128535173929,0.9989695878351372,usdt_crypto_intraday_rv_7d__peg_aware_vol,0.9405433478414384,0.04745417928532658
0,2026-01-11,-4.4278403507299803e-05,-4.606693526506547e-05,1.1775607118546727,0.9989235694277743,usdt_crypto_intraday_rv_7d__peg_aware_vol,0.9583746566143839,0.017831308772945476
0,2026-01-12,0.0006180038299053425,0.0006422419720885403,1.1782886738030118,0.9995653261304555,usdt_crypto_intraday_rv_7d__peg_aware_vol,0.9854620765839341,0.02708741996955022
0,2026-01-13,0.0002526073524780566,0.00025968301306171103,1.1785863557821017,0.9998249299719921,usdt_crypto_intraday_rv_7d__peg_aware_vol,1.1028273438296934,0.11736526724575924
0,2026-01-14,0.00015464170135712663,0.00017508535455743328,1.1787686284744725,1.0000000000000033,usdt_crypto_intraday_rv_7d__peg_aware_vol,1.220774010837986,0.1179466670082927
0,2026-01-15,-0.00026345927787961554,-0.00017008249041767013,1.1784581118488666,0.9998299319727925,usdt_crypto_intraday_rv_7d__peg_aware_vol,1.11016659507229,0.110607415765696
0,2026-01-16,3.68120330122087e-05,6.753621632165708e-05,1.1785014940862728,0.9998974589835968,usdt_crypto_intraday_rv_7d__peg_aware_vol,0.9894513626939362,0.12071523237835391
0,2026-01-17,0.00044354915574421885,0.0004711257993003234,1.1790243333729085,1.000368647458987,usdt_crypto_intraday_rv_7d__peg_aware_vol,1.0047378883731202,0.015286525679183982
0,2026-01-18,-0.00022833834855407034,-0.0002235320218928065,1.1787551476376037,1.0001450580232127,usdt_crypto_intraday_rv_7d__peg_aware_vol,0.9146241801622464,0.09011370821087372
0,2026-01-19,-0.0005684004156365148,-0.0006153461516161741,1.1780853331012169,0.9995298119247734,usdt_crypto_intraday_rv_7d__peg_aware_vol,0.8515646827553541,0.06305949740689232
0,2026-01-20,-0.00020946402923219042,-0.00025675630839396837,1.1778385924431145,0.999273209283717,usdt_crypto_intraday_rv_7d__peg_aware_vol,0.8121465569087516,0.039418125846602536
0,2026-01-21,0.00027292548355346754,0.00031180268498015736,1.1781600984821048,0.999584833933577,usdt_crypto_intraday_rv_7d__peg_aware_vol,0.7772996724361868,0.03484688447256479
0,2026-01-22,-2.903161295216681e-05,-7.055999366383588e-05,1.1781258950906222,0.9995143057222925,usdt_crypto_intraday_rv_7d__peg_aware_vol,0.7899181153513807,0.012618442915193873
0,2026-01-23,-0.0002322322624779246,-0.0003298464241944228,1.1778523280153013,0.9991846738695515,usdt_crypto_intraday_rv_7d__peg_aware_vol,0.845948079872021,0.05602996452064035
0,2026-01-24,-0.0002723738610367285,-0.00033546378182008007,1.1775315555159938,0.9988495398159299,usdt_crypto_intraday_rv_7d__peg_aware_vol,0.7962292197989262,0.049718860073094784
0,2026-01-25,0.0004884825080815399,0.000550702159152977,1.1781068995948962,0.9993997599039653,usdt_crypto_intraday_rv_7d__regime_switch,0.845948079872021,0.049718860073094784
0,2026-01-26,2.2617073964702924e-05,0.0,1.1781335452271047,0.9993997599039653,usdt_crypto_intraday_rv_7d__regime_switch,0.8959554380765022,0.05000735820448121
0,2026-01-27,-0.0002772792293740707,-0.0003153650376417211,1.1778069185510736,0.9990846338535453,usdt_crypto_intraday_rv_7d__regime_switch,0.8959554380765022,0.0
0,2026-01-28,-0.00030775162367551535,-0.0003605390097192085,1.177444502329464,0.9987244897959222,usdt_crypto_intraday_rv_7d__regime_switch,0.8959554380765022,0.0
0,2026-01-29,-7.161485244195507e-06,-2.504225881310644e-05,1.1774360701082283,0.9986994797919206,usdt_crypto_intraday_rv_7d__regime_switch,0.9774256409191953,0.08147020284269302
0,2026-01-30,8.492431130824167e-05,0.00010016527278369118,1.177536067301628,0.9987995198079269,usdt_crypto_intraday_rv_7d__regime_switch,0.9774256409191953,0.0
0,2026-01-31,-7.598732525707682e-05,-8.113309889316443e-05,1.1774465928849838,0.9987184873949618,usdt_crypto_intraday_rv_7d__regime_switch,1.0378485706626803,0.060422929743485065
0,2026-02-01,0.0003264079772980007,0.000331502394910807,1.177830983576425,0.9990496198479432,usdt_crypto_intraday_rv_7d__regime_switch,1.0378485706626803,0.0
0,2026-02-02,0.00031136660871945227,0.00030536567776918663,1.1781977779162172,0.9993547418967628,usdt_crypto_intraday_rv_7d__regime_switch,1.0378485706626803,0.0
0,2026-02-03,-0.0003079306358245848,-0.0002913468504839548,1.1778350305787118,0.9990636254501841,usdt_crypto_intraday_rv_7d__regime_switch,1.1245923994418967,0.08674382877921638
0,2026-02-04,-0.0008230580626172897,-0.0007001801822543903,1.1768660027981284,0.9983643457382994,usdt_crypto_intraday_rv_7d__regime_switch,1.1245923994418967,0.0
0,2026-02-05,0.0006688982384344716,0.0006110571478464746,1.177653469732535,0.9989745898359383,usdt_crypto_intraday_rv_7d__regime_switch,1.1245923994418967,0.0
0,2026-02-06,0.0005975692364072067,0.0005476306103181545,1.1783574095226292,0.9995218087234933,usdt_crypto_intraday_rv_7d__regime_switch,0.9997605485813236,0.12483185086057313
0,2026-02-07,0.00023069939321494393,0.0002556918341906899,1.1786292872218007,0.9997774109643898,usdt_crypto_intraday_rv_7d__regime_switch,0.9997605485813236,0.0
0,2026-02-08,0.00014758080182588495,0.0001475809853333831,1.1788032431130235,0.9999249699879993,usdt_crypto_intraday_rv_7d__regime_switch,0.9997605485813236,0.0
0,2026-02-09,-0.0003050832765310487,-0.00030519151003990534,1.1784436648106815,0.9996198479391797,usdt_crypto_intraday_rv_7d__regime_switch,0.945134021525721,0.05462652705560256
0,2026-02-10,6.333852933698633e-05,7.005218890937797e-05,1.178518308063189,0.9996898759503843,usdt_crypto_intraday_rv_7d__regime_switch,0.945134021525721,0.0
0,2026-02-11,-0.00014801567228758773,-0.00016513086658667838,1.178343881792747,0.9995248099239737,usdt_crypto_intraday_rv_7d__regime_switch,0.945134021525721,0.0
0,2026-02-12,0.0002397873426529997,0.00024518450256547704,1.1786264676197917,0.9997699079631893,usdt_crypto_intraday_rv_7d__regime_switch,1.0016340501786665,0.056500028652945455
0,2026-02-13,0.00011874613013349232,0.0001300734917061789,1.1787664332617191,0.9998999599839978,usdt_crypto_intraday_rv_7d__regime_switch,1.1305371962365687,0.1289031460579022
0,2026-02-14,-0.0001015019499600721,-5.002626379902754e-05,1.1786467922421966,0.9998499399759945,usdt_crypto_intraday_rv_7d__peg_aware_vol,1.2937817987516904,0.16324460251512174
0,2026-02-15,-3.565169881881185e-05,3.101657836362384e-05,1.1786047722307926,0.9998809523809565,usdt_crypto_intraday_rv_7d__peg_aware_vol,1.4466129223275923,0.1528311235759019
0,2026-02-16,0.00022080248661384056,0.00021908971811565413,1.1788650398280451,1.0001000400160105,usdt_crypto_intraday_rv_7d__peg_aware_vol,1.4283304063565394,0.018282515971052904
0,2026-02-17,-0.000600997526836278,-0.0003741822311102542,1.1781567577138534,0.9997258903561466,usdt_crypto_intraday_rv_7d__peg_aware_vol,1.4283304063565394,0.0
0,2026-02-18,-7.431956120021909e-05,-8.005427680017759e-06,1.1780692008742284,0.9997178871548661,usdt_crypto_intraday_rv_7d__peg_aware_vol,1.355464027922793,0.07286637843374644
0,2026-02-19,0.0010883905488516719,0.0008522182194297258,1.1793520982784154,1.0005702280912405,usdt_crypto_intraday_rv_7d__peg_aware_vol,1.216261663897146,0.139202364025647
0,2026-02-20,-0.0007188712718976619,-0.0005420547608019053,1.1785046005928776,1.0000280112044857,usdt_crypto_intraday_rv_7d__peg_aware_vol,1.1611977513839096,0.05506391251323639
0,2026-02-21,0.00011690383583534559,0.00013054004334364669,1.178642380354571,1.0001585634253742,usdt_crypto_intraday_rv_7d__peg_aware_vol,0.9111977513839096,0.25
0,2026-02-22,-4.4709616433116345e-05,-8.502089388485269e-06,1.1785896848838393,1.0001500600240136,usdt_crypto_intraday_rv_7d__peg_aware_vol,0.7036051040065622,0.2075926473773474
0,2026-02-23,-7.894290167604845e-05,-0.00011503537350414633,1.1784966472666072,1.0000350140056062,usdt_crypto_intraday_rv_7d__peg_aware_vol,0.5993859318630193,0.10421917214354293
0,2026-02-24,4.696617169824846e-05,1.5005364418048156e-05,1.1785519980422854,1.0000500200080074,usdt_crypto_intraday_rv_7d__peg_aware_vol,0.5641910286080013,0.03519490325501795
0,2026-02-25,0.00018194236662632428,0.00022155300746306197,1.1787664460900025,1.0002716086434615,usdt_crypto_intraday_rv_7d__peg_aware_vol,0.5641910286080013,0.0
0,2026-02-26,0.00012520240030051229,0.00010850805682963202,1.178914039717792,1.0003801520608284,usdt_crypto_intraday_rv_7d__peg_aware_vol,0.5641910286080013,0.0
0,2026-02-27,-3.1939418856284164e-05,-0.00017001785228399596,1.1788763864897962,1.0002100840336174,usdt_crypto_intraday_rv_7d__peg_aware_vol,0.5768419918011964,0.012650963193195142
0,2026-02-28,0.0003306991306028965,0.0004699788596025377,1.1792663043550926,1.0006802721088475,usdt_crypto_intraday_rv_7d__peg_aware_vol,0.6674921959837634,0.09065020418256697
0,2026-03-01,-7.609043037081094e-05,-0.00015996800674000886,1.1791765768882165,1.0005202080832372,usdt_crypto_intraday_rv_7d__peg_aware_vol,0.7244861647359738,0.05699396875221041
0,2026-03-02,1.8909004713004175e-05,-1.3998418178932885e-05,1.1791988741544754,1.0005062024809963,usdt_crypto_intraday_rv_7d__peg_aware_vol,0.8293957733193289,0.10490960858335507
0,2026-03-03,-2.5790347719386937e-05,-3.599683228257143e-05,1.1791684625976446,1.000470188075234,usdt_crypto_intraday_rv_7d__peg_aware_vol,0.878005554066592,0.048609780747263076
0,2026-03-04,0.00017849324910283547,0.00019396760801773403,1.17937895499295,1.0006642657062865,usdt_crypto_intraday_rv_7d__peg_aware_vol,0.878005554066592,0.0
0,2026-03-05,-0.0001769768479246565,-0.00022196604010728312,1.179170250691446,1.0004421768707523,usdt_crypto_intraday_rv_7d__peg_aware_vol,0.9482472528153396,0.07024169874874764
0,2026-03-06,-8.586606953805468e-06,7.999632016977879e-06,1.1791601256634416,1.000450180072033,usdt_crypto_intraday_rv_7d__regime_switch,0.9482472528153396,0.0
0,2026-03-07,-0.00013843596027905542,-0.0001540041584167475,1.1789968987976174,1.000296118447383,usdt_crypto_intraday_rv_7d__regime_switch,0.9482472528153396,0.0
0,2026-03-08,1.8029807169931676e-05,1.1001083606829466e-05,1.1790181560759885,1.0003071228491438,usdt_crypto_intraday_rv_7d__regime_switch,0.8656878962014655,0.08255935661387415
0,2026-03-09,0.0001711498896463754,0.00019399922461146182,1.1792199621723447,1.000501200480196,usdt_crypto_intraday_rv_7d__regime_switch,0.7428312547226397,0.1228566414788258
0,2026-03-10,-0.0001691842374079248,-0.0002455053409741473,1.1790204736179437,1.0002556022409004,usdt_crypto_intraday_rv_7d__regime_switch,0.7428312547226397,0.0
0,2026-03-11,9.718884249257743e-05,8.000836091636034e-05,1.17913506682155,1.0003356342537055,usdt_crypto_intraday_rv_7d__regime_switch,0.7428312547226397,0.0
0,2026-03-12,0.0003233382692055397,0.0003844508911346164,1.1795163879577515,1.0007202881152504,usdt_crypto_intraday_rv_7d__regime_switch,0.6796158495753056,0.06321540514733404
0,2026-03-13,-4.7138707585056454e-05,-0.00011996880825389911,1.179460788390104,1.0006002400960425,usdt_crypto_intraday_rv_7d__regime_switch,0.6796158495753056,0.0
0,2026-03-14,-3.790322502750215e-05,-0.00012498281502558038,1.1794160838696588,1.0004751900760345,usdt_crypto_intraday_rv_7d__regime_switch,0.6796158495753056,0.0
0,2026-03-15,0.0002678597846505018,0.000324922833686227,1.1797320443225576,1.0008003201280553,usdt_crypto_intraday_rv_7d__regime_switch,0.5860895431978221,0.09352630637748349
0,2026-03-16,-0.00011526038989072548,-0.000268428666694038,1.1795960757832065,1.0005317126850781,usdt_crypto_intraday_rv_7d__regime_switch,0.6607766039032767,0.07468706070545461
0,2026-03-17,0.000146182382936014,0.00016846365436508912,1.1797685245526455,1.000700280112049,usdt_crypto_intraday_rv_7d__regime_switch,0.6607766039032767,0.0
0,2026-03-18,-8.298665264040616e-05,-0.0002009599091744622,1.1796706235741958,1.0004991996798762,usdt_crypto_intraday_rv_7d__regime_switch,0.5901876043621228,0.07058899954115394
0,2026-03-19,7.319396890847662e-05,4.599438869267933e-05,1.1797569715091754,1.0005452180872392,usdt_crypto_intraday_rv_7d__regime_switch,0.5901876043621228,0.0
0,2026-03-20,-9.032875552170728e-05,-0.0002549955389599173,1.1796504103429621,1.0002901160464226,usdt_crypto_intraday_rv_7d__regime_switch,0.5901876043621228,0.0
0,2026-03-21,-2.3065024894223805e-05,-0.00014102545532831956,1.179623201990663,1.0001490596238536,usdt_crypto_intraday_rv_7d__regime_switch,0.5901876043621228,0.0
0,2026-03-22,0.0001345440719808916,0.0001260236926209329,1.1797819239769736,1.0002751100440215,usdt_crypto_intraday_rv_7d__regime_switch,0.7623750462086504,0.17218744184652757
0,2026-03-23,-0.00014443380481088557,-0.00019004180976989676,1.1796115358900425,1.0000850340136094,usdt_crypto_intraday_rv_7d__regime_switch,0.07412450511074481,0.6882505410979056
0,2026-03-24,-1.2396111330636463e-05,-0.00014405574982423967,1.179596913384748,0.9999409763905601,usdt_crypto_intraday_rv_7d__regime_switch,0.07412450511074481,0.0
0,2026-03-25,0.00013659948194318572,9.00409236007522e-06,1.1797580567178154,0.9999499799920007,usdt_crypto_intraday_rv_7d__regime_switch,0.07412450511074481,0.0
0,2026-03-26,9.174912783505257e-05,-0.00029017265476443473,1.1798663034562715,0.9996598639455822,usdt_crypto_intraday_rv_7d__trend_filter,0.12601165868826616,0.051887153577521355
0,2026-03-27,0.0001162706646075043,-9.557528950703172e-05,1.1800034952710596,0.999564325730296,usdt_crypto_intraday_rv_7d__trend_filter,0.12601165868826616,0.0
0,2026-03-28,0.0001390968100546126,8.556783395249467e-05,1.1801676414089426,0.9996498599439815,usdt_crypto_intraday_rv_7d__trend_filter,0.12601165868826616,0.0
0,2026-03-29,0.00011570301048464698,-0.00010008006413476369,1.180304198257797,0.9995498199279751,usdt_crypto_intraday_rv_7d__trend_filter,0.12601165868826616,0.0
0,2026-03-30,0.000124089212737074,-3.352906131705454e-05,1.1804506703641653,0.9995163065226129,usdt_crypto_intraday_rv_7d__trend_filter,0.9102545109854376,0.7842428522971715
0,2026-03-31,-0.00026120687523346485,-0.0001291224082221597,1.1801423688001893,0.9993872549019648,usdt_crypto_intraday_rv_7d__trend_filter,0.9102545109854376,0.0
0,2026-04-01,0.0006712634420916086,0.0007229708662467077,1.180934821171225,1.000110044017611,usdt_crypto_intraday_rv_7d__trend_filter,0.9102545109854376,0.0
0,2026-04-02,0.00011241706285733955,0.00010902567565461232,1.1810675858576152,1.000219087635058,usdt_crypto_intraday_rv_7d__trend_filter,1.0289494074551122,0.11869489646967457
0,2026-04-03,3.4786186045470285e-05,6.100918190077459e-05,1.1811086714089898,1.000280112044822,usdt_crypto_intraday_rv_7d__trend_filter,1.0289494074551122,0.0
0,2026-04-04,-0.00017406123557758675,-0.00016503341964194362,1.180903104065465,1.0001150460184114,usdt_crypto_intraday_rv_7d__trend_filter,0.7723044603826977,0.2566449470724145
0,2026-04-05,-9.786039390900387e-05,-0.00010353486545843264,1.1807875460769002,1.0000115046018447,usdt_crypto_intraday_rv_7d__trend_filter,0.581453438093583,0.19085102228911477
0,2026-04-06,0.0002413674272812912,0.0003750753945506173,1.181072584127129,1.000386654661869,usdt_crypto_intraday_rv_7d__trend_filter,0.47444223021329895,0.10701120788028401
0,2026-04-07,-1.8916893065731169e-06,-0.00012150902219438452,1.1810703499068647,1.0002651060424212,usdt_crypto_intraday_rv_7d__trend_filter,0.47444223021329895,0.0
0,2026-04-08,0.00021237458616381967,0.0002849978644451722,1.1813212058704292,1.0005502200880396,usdt_crypto_intraday_rv_7d__trend_filter,0.3961935189579736,0.07824871125532534
0,2026-04-09,3.972121449939323e-05,-8.399092902924119e-05,1.181368130315382,1.000466186474594,usdt_crypto_intraday_rv_7d__trend_filter,0.3961935189579736,0.0
0,2026-04-10,0.00016351617738528316,0.00018896967093023564,1.1815613189104357,1.0006552621048461,usdt_crypto_intraday_rv_7d__trend_filter,0.305605688605243,0.0905878303527306
0,2026-04-11,7.77190535435118e-05,-1.9995101200781127e-05,1.1816531523064011,1.000635254101645,usdt_crypto_intraday_rv_7d__trend_filter,0.305605688605243,0.0
0,2026-04-12,5.107160939136066e-05,-0.0001664747378430202,1.1817135027757164,1.0004686874749944,usdt_crypto_intraday_rv_7d__trend_filter,0.305605688605243,0.0
0,2026-04-13,0.0001864297429644804,0.0002764428472022129,1.181933829857419,1.0007452981192522,usdt_crypto_intraday_rv_7d__trend_filter,0.305605688605243,0.0
0,2026-04-14,0.0001492961132132921,0.0001549345404666189,1.1821103011572036,1.000900360144062,usdt_crypto_intraday_rv_7d__trend_filter,0.305605688605243,0.0
0,2026-04-15,-8.012089579644443e-05,-0.00048437516177480546,1.182015593215038,1.0004156662665111,usdt_crypto_intraday_rv_7d__priority_stack,0.3595361042414624,0.053930415636219364
0,2026-04-16,0.00019630135181533518,0.00028445512912175504,1.1822476472493681,1.0007002801120493,usdt_crypto_intraday_rv_7d__priority_stack,0.3595361042414624,0.0
0,2026-04-17,0.000144884967016226,0.0001414475585536036,1.1824189495700108,1.0008418367346983,usdt_crypto_intraday_rv_7d__priority_stack,0.3595361042414624,0.0
0,2026-04-18,6.168403841666018e-05,-8.996432920409589e-05,1.1824918881954722,1.0007518007202927,usdt_crypto_intraday_rv_7d__priority_stack,0.3595361042414624,0.0
0,2026-04-19,0.00010427249544180024,2.8489579938052202e-05,1.1826151960041889,1.0007803121248546,usdt_crypto_intraday_rv_7d__priority_stack,0.3595361042414624,0.0
0,2026-04-20,4.2811381500908196e-05,-0.00014245601694591224,1.1826658264782863,1.0006377551020453,usdt_crypto_intraday_rv_7d__priority_stack,0.3595361042414624,0.0
0,2026-04-21,2.6446373236389194e-05,-0.00018797302642412685,1.1826971041137353,1.0004496798719535,usdt_crypto_intraday_rv_7d__priority_stack,0.4563326843934334,0.09679658015197101
0,2026-04-22,0.00010631585438872809,0.00010048997620950468,1.1828228502511278,1.00055022008804,usdt_crypto_intraday_rv_7d__priority_stack,0.4563326843934334,0.0
0,2026-04-23,-3.6772097539426114e-05,-0.0002554943166413933,1.1827793561735958,1.0002946178471437,usdt_crypto_intraday_rv_7d__priority_stack,0.4563326843934334,0.0
0,2026-04-24,0.00020553391083818573,0.00027549111715388674,1.1830224824248174,1.0005702280912414,usdt_crypto_intraday_rv_7d__priority_stack,0.5921440003548117,0.13581131596137835
0,2026-04-25,5.0477994236087365e-05,2.9994451028783343e-05,1.1830822005340789,1.0006002400960434,usdt_crypto_intraday_rv_7d__priority_stack,0.6874337605538064,0.09528976019899471
0,2026-04-26,0.00012991805675631625,0.00014995876162174387,1.1832359142594333,1.000750300120053,usdt_crypto_intraday_rv_7d__priority_stack,0.9879728980443023,0.3005391374904959
0,2026-04-27,-0.0005117670035644378,-0.00045894470521972596,1.1826305280826306,1.0002911164465835,usdt_crypto_intraday_rv_7d__priority_stack,1.3379728980443022,0.34999999999999987
0,2026-04-28,0.00011319304445062536,0.00017400382852325632,1.182764401209175,1.0004651860744347,usdt_crypto_intraday_rv_7d__priority_stack,1.5,0.1620271019556978
0,2026-04-29,-0.0008259387657922019,-0.00048008402392344936,1.1817879135544327,0.9999849939976039,usdt_crypto_intraday_rv_7d__priority_stack,1.4,0.10000000000000009
0,2026-04-30,-0.0002839260369722632,-0.00014657156382825184,1.1814524208254098,0.9998384353741546,usdt_crypto_intraday_rv_7d__priority_stack,1.4,0.0
0,2026-05-01,0.0005105781133735113,0.00040664568641873,1.1820557985961095,1.0002450980392208,usdt_crypto_intraday_rv_7d__priority_stack,1.5,0.10000000000000009
0,2026-05-02,1.1605292039205306e-05,7.00084010367291e-05,1.1820695167784605,1.0003151260504253,usdt_crypto_intraday_rv_7d__priority_stack,1.4,0.10000000000000009
0,2026-05-03,-0.0001767376090641314,-7.00084010367291e-05,1.1818606190988994,1.0002450980392208,usdt_crypto_intraday_rv_7d__priority_stack,1.4,0.0
0,2026-05-04,-0.00040182105825024535,-0.0002450680075982391,1.1813858180131547,1.000000000000005,usdt_crypto_intraday_rv_7d__priority_stack,1.4,0.0
0,2026-05-05,0.0008033397989289346,0.00047507720898035566,1.1823352535672784,1.0004751900760356,usdt_crypto_intraday_rv_7d__regime_switch,2.0,0.6000000000000001
0,2026-05-06,-0.00048681801988464187,-0.0001700017004264326,1.1817598115394359,1.0003051220488246,usdt_crypto_intraday_rv_7d__regime_switch,2.0,0.0
0,2026-05-07,-0.0006969425272382433,-0.0002750639541032333,1.1809364798105673,1.0000300120048071,usdt_crypto_intraday_rv_7d__regime_switch,2.0,0.0
0,2026-05-08,-0.00020683772793315622,-3.0011554450689768e-05,1.1806922428518294,1.0000000000000053,usdt_crypto_intraday_rv_7d__regime_switch,1.9151199367920138,0.08488006320798624
0,2026-05-09,0.0002318099327848678,0.00020006001867264663,1.1809659707664835,1.000200080032018,usdt_crypto_intraday_rv_7d__regime_switch,1.7789610987218731,0.13615883807014062
0,2026-05-10,-0.0003079685601788083,-9.35230768873409e-05,1.1806023263752403,1.0001065426170521,usdt_crypto_intraday_rv_7d__regime_switch,1.8697585128807392,0.09079741415886611
0,2026-05-11,-0.000504050932505267,-0.00019157457098745178,1.1800073926227654,0.9999149659864,usdt_crypto_intraday_rv_7d__regime_switch,1.8697585128807392,0.0
0,2026-05-12,0.0004380975224192591,0.0003026009953904555,1.1805244641935269,1.0002175870348191,usdt_crypto_intraday_rv_7d__regime_switch,1.566638574961123,0.30311993791961633
0,2026-05-13,-0.000853008664357812,-0.0004526850427386302,1.1795178959638277,0.9997649059623901,usdt_crypto_intraday_rv_7d__regime_switch,1.566638574961123,0.0
0,2026-05-14,0.00028515986178163856,0.00023512167655032079,1.1798542950854936,1.0000000000000053,usdt_crypto_intraday_rv_7d__regime_switch,1.7245233811081515,0.1578848061470286
0,2026-05-15,-0.0004545533175974091,-0.00018359028103611416,1.1793181102729058,0.9998164265706336,usdt_crypto_intraday_rv_7d__regime_switch,1.9777949343060441,0.25327155319789263
0,2026-05-16,-0.00010812646494639421,4.35244498665537e-05,1.1791906016682463,0.9998599439775965,usdt_crypto_intraday_rv_7d__regime_switch,1.9777949343060441,0.0
0,2026-05-17,-6.440163385086423e-05,4.002081082700893e-05,1.1791146623122128,0.999899959983999,usdt_crypto_intraday_rv_7d__regime_switch,1.9777949343060441,0.0
0,2026-05-18,-0.0012321855210746084,-0.0005504265944968846,1.1776626690438772,0.9993497398959638,usdt_crypto_intraday_rv_7d__regime_switch,1.9777949343060441,0.0
0,2026-05-19,-0.0006385849876454433,-0.0002502940968689422,1.176910871411804,0.9990996398559479,usdt_crypto_intraday_rv_7d__regime_switch,1.9777949343060441,0.0
0,2026-05-20,0.0007484006711527655,0.000450984703445543,1.1777920019760815,0.9995503201280568,usdt_crypto_intraday_rv_7d__regime_switch,1.9777949343060441,0.0
0,2026-05-21,-0.000142564852769273,5.004249858781527e-07,1.1776241022013147,0.9995508203281368,usdt_crypto_intraday_rv_7d__regime_switch,1.9777949343060441,0.0
0,2026-05-22,-0.000885997241653304,-0.0003753890952008452,1.1765811925708107,0.9991756702681127,usdt_crypto_intraday_rv_7d__regime_switch,1.9777949343060441,0.0
0,2026-05-23,-0.00044060970606969247,-0.00015019510372170017,1.1760628936695332,0.9990256102441032,usdt_crypto_intraday_rv_7d__regime_switch,1.9777949343060441,0.0
0,2026-05-24,0.0006326554088073779,0.0003924623256511032,1.176807171631225,0.9994177671068483,usdt_crypto_intraday_rv_7d__regime_switch,1.9777949343060441,0.0
0,2026-05-25,2.9350624080230238e-05,8.808262155600346e-05,1.176841712163025,0.999505802320934,usdt_crypto_intraday_rv_7d__peg_aware_vol,2.0,0.02220506569395586
0,2026-05-26,-0.001329220830016992,-0.0005912031054926077,1.175278468823555,0.9989150660264161,usdt_crypto_intraday_rv_7d__peg_aware_vol,2.0,0.0
0,2026-05-27,-0.0006616450433443439,-0.00025741521215628363,1.1745011088466553,0.9986579631852798,usdt_crypto_intraday_rv_7d__peg_aware_vol,2.0,0.0
0,2026-05-28,0.0007775819294853982,0.00046219827425858745,1.1754147348485557,0.9991196478591494,usdt_crypto_intraday_rv_7d__peg_aware_vol,2.0,0.0
0,2026-05-29,0.00010349012732308689,0.00012515237317743178,1.1755363849638072,0.9992446978791574,usdt_crypto_intraday_rv_7d__peg_aware_vol,2.0,0.0
0,2026-05-30,-0.0005373037078543314,-0.00019524454441127736,1.1749049345609612,0.9990496198479449,usdt_crypto_intraday_rv_7d__peg_aware_vol,2.0,0.0
0,2026-05-31,-0.0004572577772626054,-0.00015522157911541435,1.174367822950678,0.998894557823135,usdt_crypto_intraday_rv_7d__peg_aware_vol,1.7897649507350766,0.21023504926492342
0,2026-06-01,0.0005256978314726122,0.0003820020508344497,1.1749853478700885,0.9992762104841992,usdt_crypto_intraday_rv_7d__peg_aware_vol,1.767897540079424,0.021867410655652675
0,2026-06-02,-0.0010146720791431967,-0.0005076991125682224,1.173793727698298,0.9987690076030468,usdt_crypto_intraday_rv_7d__peg_aware_vol,1.5614845282422827,0.20641301183714122
0,2026-06-03,5.770074500064219e-05,0.00011618269742218602,1.173861458424901,0.9988850540216141,usdt_crypto_intraday_rv_7d__peg_aware_vol,1.389923870541225,0.17156065770105777
0,2026-06-04,0.0003684318295241578,0.0003309465326256744,1.1742940260305803,0.9992156862745152,usdt_crypto_intraday_rv_7d__peg_aware_vol,1.4059294342763584,0.01600556373513351
0,2026-06-05,0.0011106477607668083,0.0008346402174621826,1.1755989775976985,1.0000500200080085,usdt_crypto_intraday_rv_7d__peg_aware_vol,1.5106948178705617,0.10476538359420329
0,2026-06-06,0.00014131295665690592,0.00015704263739868272,1.1757651167035932,1.0002070828331384,usdt_crypto_intraday_rv_7d__peg_aware_vol,1.4267983103955775,0.08389650747498423
0,2026-06-07,-0.0005461689735444393,-0.000327116619990887,1.1751231256104409,0.9998799519807975,usdt_crypto_intraday_rv_7d__peg_aware_vol,1.5901644201524363,0.16336610975685883
0,2026-06-08,-8.749847010467705e-05,2.0010205205342078e-05,1.175020308632995,0.9998999599839988,usdt_crypto_intraday_rv_7d__peg_aware_vol,1.6618176995969958,0.07165327944455946
0,2026-06-09,-0.0002220650077541774,-6.653548006936008e-05,1.174759406708713,0.9998334333733545,usdt_crypto_intraday_rv_7d__peg_aware_vol,1.826502205529941,0.16468450593294515
0,2026-06-10,-0.0010554777874158595,-0.0004934011451324777,1.1735201283797982,0.999340236094443,usdt_crypto_intraday_rv_7d__peg_aware_vol,2.0,0.17349779447005909
0,2026-06-11,-0.000280622636316767,-4.955422919548924e-05,1.1731908582700854,0.9992907157863198,usdt_crypto_intraday_rv_7d__peg_aware_vol,1.75,0.25
0,2026-06-12,0.00012455660358835294,0.00016266718163553454,1.1733369960397755,0.9994532808123301,usdt_crypto_intraday_rv_7d__peg_aware_vol,1.706255692360303,0.043744307639697055
0,2026-06-13,-0.00041134133556030726,-0.00017518113783168438,1.1728544532844567,0.9992782107843188,usdt_crypto_intraday_rv_7d__peg_aware_vol,1.7581807286231728,0.05192503626286982
0,2026-06-14,0.0007113425361046354,0.0004769212499642968,1.1736890513530982,0.9997549014605893,usdt_crypto_intraday_rv_7d__regime_switch,1.7581807286231728,0.0
0,2026-06-15,-0.0007447788151597084,-0.0003602967488022285,1.172815238051275,0.9993947579031663,usdt_crypto_intraday_rv_7d__regime_switch,1.6932556538788848,0.06492507474428799
0,2026-06-16,-0.00048769714427594253,-0.00022024557470510966,1.1722433988624181,0.9991746698679522,usdt_crypto_intraday_rv_7d__regime_switch,1.598036775963031,0.09521887791585382
0,2026-06-17,0.00036028645899816307,0.00029231541040714124,1.1726658183771244,0.9994667867146909,usdt_crypto_intraday_rv_7d__regime_switch,1.598036775963031,0.0
0,2026-06-18,-0.00035494423520209087,-0.000167169928621384,1.1722496612657258,0.9992997198879603,usdt_crypto_intraday_rv_7d__regime_switch,2.0,0.40196322403696905
0,2026-06-19,4.8076623103427516e-05,0.000137641943471299,1.1723060204256417,0.9994372749099691,usdt_crypto_intraday_rv_7d__regime_switch,1.9014131288943559,0.09858687110564412
0,2026-06-20,-0.0007849922951116898,-0.0003328757365579654,1.1713861303326496,0.9991046418567477,usdt_crypto_intraday_rv_7d__regime_switch,2.0,0.09858687110564412
0,2026-06-21,-0.00029370071439645924,-6.358436057177686e-05,1.171042143906339,0.9990411164465837,usdt_crypto_intraday_rv_7d__regime_switch,2.0,0.0
0,2026-06-22,0.0003427906579341359,0.0002448026384829563,1.171443635023088,0.9992857142857194,usdt_crypto_intraday_rv_7d__regime_switch,2.0,0.0
0,2026-06-23,-0.0009368505639242449,-0.0003950179724462341,1.1703466813140935,0.998891056422574,usdt_crypto_intraday_rv_7d__regime_switch,2.0,0.0
0,2026-06-24,-0.0002389557331643243,-4.6070557066273804e-05,1.170067053675448,0.9988450380152112,usdt_crypto_intraday_rv_7d__regime_switch,2.0,0.0
0,2026-06-25,-0.0003381211400507616,-9.565326050949246e-05,1.1696714961462733,0.9987494997999251,usdt_crypto_intraday_rv_7d__regime_switch,2.0,0.0
0,2026-06-26,0.00034393500347523016,0.0002453748112535034,1.1700738563052702,0.9989945978391408,usdt_crypto_intraday_rv_7d__regime_switch,2.0,0.0
0,2026-06-27,-0.000688649183028041,-0.00027091728199813217,1.169268363282932,0.9987239895958434,usdt_crypto_intraday_rv_7d__regime_switch,1.9419815852990363,0.058018414700963694
0,2026-06-28,-0.00019950462536545105,-2.5543123178993965e-05,1.1690351121042817,0.9986984793917618,usdt_crypto_intraday_rv_7d__regime_switch,1.8401867398385203,0.10179484546051598
0,2026-06-29,-3.127144433352763e-05,6.110207102860937e-05,1.1689985552594453,0.9987595038015258,usdt_crypto_intraday_rv_7d__regime_switch,1.8401867398385203,0.0
0,2026-06-30,7.511532508872504e-06,7.111410260748799e-05,1.1690073362630753,0.9988305322128903,usdt_crypto_intraday_rv_7d__regime_switch,1.8401867398385203,0.0
0,2026-07-01,0.000906640893745312,0.0005597217758240333,1.170067686725131,0.9993897559023662,usdt_crypto_intraday_rv_7d__regime_switch,1.8963173968043605,0.05613065696584019
0,2026-07-02,-0.0005357939090548242,-0.00020723075218341872,1.1694409395040672,0.9991826730692329,usdt_crypto_intraday_rv_7d__regime_switch,1.7245362259337922,0.17178117087056832
0,2026-07-03,0.0002770669286153837,0.00024226552419823058,1.1697649978042186,0.9994247699079686,usdt_crypto_intraday_rv_7d__regime_switch,1.9274890532273,0.20295282729350772
0,2026-07-04,0.0001724805045815997,0.00016514739442450741,1.1699667768622586,0.9995898359343791,usdt_crypto_intraday_rv_3d__priority_stack,1.4,0.5274890532273
0,2026-07-05,-0.00043638264115639525,-0.00026975485253120327,1.1694563350521792,0.9993202280912418,usdt_crypto_intraday_rv_3d__priority_stack,1.4,0.0
0,2026-07-06,0.00026148323559939315,0.00022872077372293128,1.169762168261947,0.9995488195278164,usdt_crypto_intraday_rv_3d__priority_stack,1.4,0.0
0,2026-07-07,-0.0001273859595544174,-4.9042937101219115e-05,1.1696131664762617,0.9994997999199733,usdt_crypto_intraday_rv_3d__priority_stack,1.4,0.0
0,2026-07-08,-0.00026893079783367187,-0.00015014639301497233,1.1692986637658724,0.9993497398959637,usdt_crypto_intraday_rv_3d__priority_stack,1.4,0.0
0,2026-07-09,0.00015147910260825058,0.00015014639301497233,1.169475801494134,0.9994997999199732,usdt_crypto_intraday_rv_3d__priority_stack,1.4,0.0
0,2026-07-10,-0.00011477741506230065,-4.003683389256429e-05,1.169341579787618,0.9994597839135706,usdt_crypto_intraday_rv_3d__priority_stack,1.4,0.0
0,2026-07-11,0.001767849571972977,0.0013046967282754913,1.1714106281431957,1.0007646268507455,usdt_crypto_intraday_rv_3d__priority_stack,1.4527888326766374,0.052788832676637476
0,2026-07-13,-0.0025768100088128664,-0.0017206741723782765,1.168396011227762,0.9990441176470641,usdt_crypto_intraday_rv_3d__priority_stack,1.1027888326766373,0.3500000000000001
0,2026-07-14,0.0005888695269354364,0.0006111418707512416,1.169084246654714,0.9996548619447833,usdt_crypto_intraday_rv_3d__priority_stack,0.7527888326766373,0.35
0,2026-07-15,5.706742475491242e-05,0.00012058256906013912,1.1691509651857015,0.9997754101640709,usdt_crypto_intraday_rv_3d__priority_stack,0.40278883267663734,0.35
0,2026-07-16,-6.515401594550046e-05,-0.0002056495593662647,1.169074792786569,0.9995698279311778,usdt_crypto_intraday_rv_3d__priority_stack,0.052788832676637365,0.35
0,2026-07-17,7.064940339336761e-05,3.0024469945233467e-05,1.169157390140894,0.9995998399359797,usdt_crypto_intraday_rv_3d__priority_stack,0.40278883267663734,0.35
0,2026-07-18,7.975369012943248e-05,0.0001541114228635137,1.1692506384755,0.9997539015606295,usdt_crypto_intraday_rv_3d__priority_stack,0.40278883267663734,0.0
