split,date,router_return,bh_return,router_equity,bh_equity,selected_pair,selected_weight,selected_turnover
0,2023-01-01,0.0012329152179929078,0.005127888273735337,1.0012336755704114,1.0051410583948228,btc_crypto_composite_fast__peg_aware_vol,0.14536870809734154,0.14536870809734154
0,2023-01-02,0.0005696218665988922,0.0034010418602061776,1.0018041626311183,1.0085654050822408,btc_crypto_composite_fast__peg_aware_vol,0.39536870809734154,0.25
0,2023-01-03,-0.00010911137932761056,-4.499922152056968e-05,1.0016948603602867,1.0085200214452814,btc_crypto_composite_fast__peg_aware_vol,0.6453687080973416,0.25000000000000006
0,2023-01-04,0.00675146796981977,0.010672105748739114,1.0084806523782797,1.0193406907268512,btc_crypto_composite_fast__peg_aware_vol,0.3953687080973416,0.25
0,2023-01-05,-0.0005804479596283622,-0.0012450313222451825,1.0078954516969831,1.0180723693526117,btc_crypto_composite_fast__peg_aware_vol,0.6453687080973416,0.25
0,2023-01-06,0.004426174530659822,0.007066443091828134,1.0123664603077722,1.0252919983202002,btc_crypto_composite_fast__peg_aware_vol,0.3953687080973416,0.25
0,2023-01-07,-0.00023872926576163289,-0.00038133422576613896,1.0121248076519496,1.0249010939271856,btc_crypto_composite_fast__peg_aware_vol,0.6453687080973416,0.25
0,2023-01-08,0.006803123757814684,0.010749530290404152,1.0190338930106808,1.0359777269212103,btc_crypto_composite_fast__peg_aware_vol,0.3953687080973416,0.25
0,2023-01-09,0.001076803027415763,0.0029442011564917436,1.0201317827911496,1.0390323482461943,btc_crypto_composite_fast__peg_aware_vol,0.6453687080973416,0.25
0,2023-01-10,0.009700588766639368,0.015237849556140048,1.0300758152095275,1.0549862094255158,btc_crypto_composite_fast__peg_aware_vol,0.3953687080973416,0.25
0,2023-01-11,0.011103861397968737,0.028304272372983164,1.0415773719628711,1.0852734333871081,btc_crypto_composite_fast__peg_aware_vol,0.1453687080973416,0.25
0,2023-01-12,0.007137793787652264,0.04939006152723202,1.0490385328942615,1.1402209154424165,btc_crypto_composite_fast__peg_aware_vol,0.0,0.1453687080973416
0,2023-01-13,6.900532468016835e-05,0.05583160973395529,1.049110924636505,1.205691955236001,btc_crypto_composite_fast__peg_aware_vol,0.0,0.0
0,2023-01-14,0.00018530029115804164,0.049998730326693774,1.0493053432086499,1.26750749435125,btc_crypto_composite_fast__peg_aware_vol,0.0,0.0
0,2023-01-15,0.00018530029115804164,-0.0038888592435561975,1.049499797809951,1.2625879081047897,btc_crypto_composite_fast__peg_aware_vol,0.25,0.25
0,2023-01-16,0.003662677687538396,0.01489480987667946,1.053350825533931,1.2815346688628309,btc_crypto_composite_fast__peg_aware_vol,0.0,0.25
0,2023-01-17,-1.311270261414882e-05,-0.002570070791408696,1.053337013348365,1.2782452628559744,btc_crypto_composite_fast__peg_aware_vol,0.25,0.25
0,2023-01-18,-0.005602011068212319,-0.022166325656609587,1.0474527051096685,1.250222984936263,btc_crypto_composite_fast__peg_aware_vol,0.0,0.25
0,2023-01-19,-1.311270261414882e-05,0.019967830448248236,1.0474389702638947,1.2754381336312102,btc_crypto_composite_fast__peg_aware_vol,0.0,0.0
0,2023-01-20,0.00018728404854927435,0.07260083811330453,1.0476351572456266,1.371480196396176,btc_crypto_composite_fast__peg_aware_vol,0.0,0.0
0,2023-01-21,0.004967666329106924,0.0051050202451072835,1.0528524071907623,1.3784995322459808,btc_crypto_range_gk_60d__vol_shock_throttle,0.9720696860281982,0.9720696860281982
0,2023-01-22,-0.002943080835216392,-0.0030330250802705905,1.0497583327377953,1.3743248427608237,btc_crypto_range_gk_60d__vol_shock_throttle,0.9720696860281982,0.0
0,2023-01-23,0.00869750825318541,0.008942019686925207,1.0589284352143973,1.386669192013931,btc_crypto_range_gk_60d__vol_shock_throttle,0.9720696860281982,0.0
0,2023-01-24,-0.012147164344098616,-0.01250156796477242,1.046143266463953,1.369441563423933,btc_crypto_range_gk_60d__vol_shock_throttle,0.9447227549236169,0.027346931104581307
0,2023-01-25,0.01743257416818892,0.0184647814143446,1.064540122939809,1.3949629003895734,btc_crypto_range_gk_60d__vol_shock_throttle,0.9447227549236169,0.0
0,2023-01-26,-0.0015662837149664117,-0.0016688645654916456,1.0628740561885361,1.3926368377165852,btc_crypto_range_gk_60d__vol_shock_throttle,0.9035858561555629,0.04113689876805404
0,2023-01-27,0.0024310199157052998,0.002706809025896817,1.065461067450895,1.396411546081333,btc_crypto_range_gk_60d__vol_shock_throttle,0.9035858561555629,0.0
0,2023-01-28,-0.0022632475365648823,-0.0025247657481894947,1.0630523920571677,1.392890380968401,btc_crypto_range_gk_60d__vol_shock_throttle,0.9035858561555629,0.0
0,2023-01-29,0.028207638926369447,0.031197415996196298,1.093465514740804,1.4370299011604883,btc_crypto_range_gk_60d__vol_shock_throttle,0.9035858561555629,0.0
0,2023-01-30,-0.03543997551534455,-0.03924146455479338,1.0553917748190347,1.3817308471975287,btc_crypto_range_gk_60d__vol_shock_throttle,0.9035858561555629,0.0
0,2023-01-31,0.011528162715396813,0.012738338377754843,1.0676289032068487,1.399444383260578,btc_crypto_range_gk_60d__vol_shock_throttle,0.9035858561555629,0.0
0,2023-02-01,0.02377617407940626,0.02629340267018243,1.0933172085356877,1.4367285538110763,btc_crypto_range_gk_60d__vol_shock_throttle,0.9035858561555629,0.0
0,2023-02-02,-0.009889971322243044,-0.010964977562645473,1.0825576263774392,1.4210609121021807,btc_crypto_range_gk_60d__vol_shock_throttle,0.8727424580968058,0.03084339805875702
0,2023-02-03,-0.0019091201527721465,-0.002186415643128825,1.0804928653619439,1.417957276449281,btc_crypto_range_gk_60d__vol_shock_throttle,0.8727424580968058,0.0
0,2023-02-04,-0.0034386622137470976,-0.003967258049732081,1.076783796146472,1.4123430179997547,btc_crypto_range_gk_60d__vol_shock_throttle,0.8727424580968058,0.0
0,2023-02-05,-0.014441472660071725,-0.016574425655990765,1.0613451987516225,1.3891271697916827,btc_crypto_range_gk_60d__vol_shock_throttle,0.8727424580968058,0.0
0,2023-02-06,-0.0072253597097810636,-0.008306164620050183,1.053704235510236,1.377636638028583,btc_crypto_range_gk_60d__vol_shock_throttle,0.8727424580968058,0.0
0,2023-02-07,0.01826156943231507,0.020897100221304754,1.0731233002064942,1.4067281544350705,btc_crypto_range_gk_60d__vol_shock_throttle,0.23263194998119086,0.640110508115615
0,2023-02-08,-0.003220524911685163,-0.012260363636887206,1.0696728390152659,1.389586452197718,btc_crypto_range_gk_60d__vol_shock_throttle,0.23263194998119086,0.0
0,2023-02-09,-0.011899321018584432,-0.051775171397197894,1.0570198885764828,1.3194711535552328,btc_crypto_range_gk_60d__vol_shock_throttle,0.23263194998119086,0.0
0,2023-02-10,-0.0006775754543312258,-0.008101412250054452,1.0563039204338556,1.3088247574395886,btc_crypto_intraday_rv_3d__drawdown_modulated,0.571809361740573,0.3391774117593821
0,2023-02-11,0.006035301176767867,0.011066017771709014,1.0626983093498006,1.3233886690976147,btc_crypto_intraday_rv_3d__drawdown_modulated,0.571809361740573,0.0
0,2023-02-12,-0.0020857608305259257,-0.003789975201286211,1.060484084815624,1.3183825513833523,btc_crypto_intraday_rv_3d__drawdown_modulated,0.6372632666728771,0.06545390493230419
0,2023-02-13,0.00010343896980675183,0.0001358497357148991,1.060593785870438,1.318561665470554,btc_crypto_intraday_rv_3d__drawdown_modulated,0.8209750634420514,0.18371179676917426
0,2023-02-14,0.015126508956964987,0.018562539024969738,1.0767588193063227,1.343266096970914,btc_crypto_intraday_rv_3d__drawdown_modulated,0.8209750634420514,0.0
0,2023-02-15,0.07530879332254484,0.09168946897651331,1.1609797130926112,1.4722524443626868,btc_crypto_intraday_rv_3d__drawdown_modulated,0.6534175788573193,0.16755748458473207
0,2023-02-16,-0.022871901806147208,-0.03490021694371492,1.1347272652309075,1.4217567945355667,btc_crypto_intraday_rv_3d__drawdown_modulated,0.5022859207804032,0.1511316580769161
0,2023-02-17,0.02256908304062578,0.04498315383126261,1.1606281998741825,1.4871721637344786,btc_crypto_intraday_rv_3d__drawdown_modulated,0.42134822099558666,0.08093769978481657
0,2023-02-18,0.0009952694850721955,0.002252038545913493,1.1617839127325018,1.4905251068330814,btc_crypto_intraday_rv_3d__drawdown_modulated,0.42134822099558666,0.0
0,2023-02-19,-0.005852863516834822,-0.014154541136328191,1.1550040103312869,1.4695760200123693,btc_crypto_intraday_rv_3d__drawdown_modulated,0.2507250915881751,0.1706231294074116
0,2023-02-20,0.005641985172637376,0.022473176111127202,1.161538943494931,1.5029759563542533,btc_crypto_intraday_rv_3d__drawdown_modulated,0.2507250915881751,0.0
0,2023-02-21,-0.0037535566608214842,-0.015547090726949264,1.157187213598502,1.4797897587889959,btc_crypto_intraday_rv_3d__drawdown_modulated,0.2507250915881751,0.0
0,2023-02-22,-0.002625407853971314,-0.011045174513062861,1.1541531098221278,1.4635351553754181,btc_crypto_intraday_rv_3d__drawdown_modulated,0.4796149075235647,0.22888981593538965
0,2023-02-23,-0.0049611447370862104,-0.010170597679604043,1.1484413692964968,1.448725566962648,btc_crypto_intraday_rv_3d__drawdown_modulated,0.4796149075235647,0.0
0,2023-02-24,-0.015205877152318218,-0.031913577368028356,1.1311104110647519,1.4032215120859661,btc_crypto_intraday_rv_3d__drawdown_modulated,0.4796149075235647,0.0
0,2023-02-25,-0.00044784410596600786,-0.0011429886835490066,1.130603963347237,1.4016185620285382,btc_crypto_intraday_rv_3d__drawdown_modulated,0.4796149075235647,0.0
0,2023-02-26,0.008193046743243618,0.016873321305283184,1.1399051047813165,1.4254691760388931,btc_crypto_intraday_rv_3d__drawdown_modulated,0.4796149075235647,0.0
0,2023-02-27,-0.0012901930839312806,-0.0029005828512502774,1.1384353554328903,1.421340475305855,btc_crypto_intraday_rv_3d__drawdown_modulated,0.5945733169311611,0.11495840940759638
0,2023-02-28,-0.00884259534199688,-0.014849526477387798,1.1284130093423013,1.4003901782548245,btc_crypto_intraday_rv_3d__drawdown_modulated,0.6495161791130524,0.05494286218189126
0,2023-03-01,0.01356227478428819,0.020843339245962156,1.1438211048843265,1.4298853064726746,btc_crypto_intraday_rv_3d__drawdown_modulated,0.6495161791130524,0.0
0,2023-03-02,0.00019482229074628714,-0.00693044373015006,1.1440439684408736,1.42000982707019,btc_crypto_composite_fast__peg_aware_vol,0.0,0.6495161791130524
0,2023-03-03,0.00019482229074628714,-0.04838418303807934,1.144266875420439,1.3529394679101387,btc_crypto_composite_fast__peg_aware_vol,0.0,0.0
0,2023-03-04,0.00019482229074628714,-0.0004706278226116467,1.1444898258314833,1.3523028867623803,btc_crypto_composite_fast__peg_aware_vol,0.25,0.25
0,2023-03-05,0.0008759065143851241,0.003719159185301635,1.14549273108708,1.3573416806952523,btc_crypto_composite_fast__peg_aware_vol,0.4162727953560923,0.1662727953560923
0,2023-03-06,-0.0005233534712607803,-0.00121199726936716,1.1448933903371723,1.3556975828069835,btc_crypto_composite_fast__peg_aware_vol,0.6662727953560923,0.25
0,2023-03-07,-0.006254831302535963,-0.009187783311096709,1.137754624483382,1.3432987731895267,btc_crypto_composite_fast__peg_aware_vol,0.4162727953560923,0.25
0,2023-03-08,-0.009494700137083882,-0.02260992597345357,1.1270031074793683,1.3132676672447539,btc_crypto_composite_fast__peg_aware_vol,0.1662727953560923,0.25
0,2023-03-09,-0.010558696137078272,-0.06330413620010056,1.1151660261665792,1.2327091368758396,btc_crypto_composite_fast__peg_aware_vol,0.0,0.1662727953560923
0,2023-03-10,6.577152753021125e-05,-0.007311357042482314,1.1152393747516678,1.2237292279093637,btc_crypto_composite_fast__peg_aware_vol,0.0,0.0
0,2023-03-11,0.0001987897638150851,0.019208361540089314,1.1154610949606958,1.2474622680442318,btc_crypto_composite_fast__peg_aware_vol,0.0,0.0
0,2023-03-12,0.0001987897638150851,0.07327080176387213,1.115682859249813,1.3422967024854486,btc_crypto_composite_fast__peg_aware_vol,0.0,0.0
0,2023-03-13,0.00019323529711132148,0.0860223836451901,1.1158984693896759,1.4628761849667618,btc_crypto_composite_fast__peg_aware_vol,0.0,0.0
0,2023-03-14,0.00019363204575617693,0.022917832413995143,1.116114564013907,1.4967892589638727,btc_crypto_composite_fast__peg_aware_vol,0.0,0.0
0,2023-03-15,0.00018847430109507595,-0.014655518040751048,1.1163249427511714,1.4750129979341375,btc_crypto_composite_fast__peg_aware_vol,0.0,0.0
0,2023-03-16,0.00018807755040388665,0.026506693527140968,1.1165349181570698,1.514633499901366,btc_crypto_composite_fast__peg_aware_vol,0.0,0.0
0,2023-03-17,0.00017934899537247386,0.09227108668260975,1.116735185531279,1.6610411127341644,btc_crypto_composite_fast__peg_aware_vol,0.0,0.0
0,2023-03-18,0.00017934899537247386,-0.01712837024568259,1.1169354888264618,1.6328324593453385,btc_crypto_composite_fast__peg_aware_vol,0.0,0.0
0,2023-03-19,0.00017934899537247386,0.03819351320891862,1.1171358280490609,1.6964023180751535,btc_crypto_composite_fast__peg_aware_vol,0.0,0.0
0,2023-03-20,0.0001908548019365841,-0.007776417015517012,1.1173490591337005,1.6832615465049152,btc_crypto_composite_fast__peg_aware_vol,0.0,0.0
0,2023-03-21,0.00018966455222417807,0.013487280643104782,1.1175610007409489,1.7061179563082653,btc_crypto_composite_fast__peg_aware_vol,0.0,0.0
0,2023-03-22,-0.01433676390069846,-0.031282685592696424,1.1016530989235755,1.6535721763208755,btc_crypto_intraday_rv_3d__priority_stack,0.4598027935212047,0.4598027935212047
0,2023-03-23,0.016895608630829825,0.03652484113588983,1.1204243276604475,1.715085175253451,btc_crypto_intraday_rv_3d__priority_stack,0.4598027935212047,0.0
0,2023-03-24,-0.013720644956470308,-0.03006124390403997,1.105156365924279,1.6642948169466132,btc_crypto_intraday_rv_3d__priority_stack,0.4598027935212047,0.0
0,2023-03-25,-3.0992379332260906e-05,-0.00028836568313650446,1.105122115029726,1.663814960625157,btc_crypto_intraday_rv_3d__priority_stack,0.4598027935212047,0.0
0,2023-03-26,0.008394041449131114,0.01803478055950336,1.1144375984493118,1.694093712974516,btc_crypto_intraday_rv_3d__priority_stack,0.5153369784040428,0.05553418488283812
0,2023-03-27,-0.015617189793698739,-0.030401826886981453,1.097168414016409,1.6433651961571545,btc_crypto_intraday_rv_3d__priority_stack,0.6062709469240267,0.09093396851998392
0,2023-03-28,0.002828957494724641,0.004662462905971054,1.1002766512868418,1.651045215414946,btc_crypto_intraday_rv_3d__priority_stack,0.6602695858512315,0.0539986389272048
0,2023-03-29,0.02535515335739627,0.038368642776312356,1.128531017739671,1.7156245681898203,btc_crypto_intraday_rv_3d__priority_stack,0.6602695858512315,0.0
0,2023-03-30,-0.006977049047648065,-0.01066843752842317,1.120684605707645,1.6974188207757812,btc_crypto_intraday_rv_3d__priority_stack,0.6089540786735823,0.05131550717764921
0,2023-03-31,0.009178581740563048,0.015016535541555243,1.1310182525299637,1.7231005132586765,btc_crypto_intraday_rv_3d__priority_stack,0.6089540786735823,0.0
0,2023-04-01,-2.165523512448849e-06,-0.00012713455242696625,1.1310158032859967,1.722881461570951,btc_crypto_intraday_rv_3d__priority_stack,0.6089540786735823,0.0
0,2023-04-02,-0.0058447129194114855,-0.009721531897831426,1.1244246211554043,1.7062135645034602,btc_crypto_intraday_rv_3d__priority_stack,0.6696504874129043,0.06069640873932203
0,2023-04-03,-0.009117174300556138,-0.013638227296857153,1.1142196368954744,1.6831017961028165,btc_crypto_intraday_rv_3d__priority_stack,0.8296471865025778,0.1599966990896735
0,2023-04-04,0.010857914170139042,0.013201907924024425,1.1263836565145828,1.705469272857317,btc_crypto_intraday_rv_3d__priority_stack,0.7696824361924608,0.059964750310117054
0,2023-04-05,0.00011085848678985563,0.00014865375251282842,1.1265085326239495,1.7057228161091338,btc_crypto_intraday_rv_3d__priority_stack,0.7182856723364641,0.051396763855996674
0,2023-04-06,-0.0034414652937549803,-0.0048103870735474175,1.1226383559648931,1.6975373325797622,btc_crypto_intraday_rv_3d__priority_stack,0.6487387356337108,0.06954693670275336
0,2023-04-07,-0.0029220163180151523,-0.004524733271038528,1.1193627763487022,1.689873779773178,btc_crypto_intraday_rv_3d__priority_stack,0.7621446179807455,0.11340588234703475
0,2023-04-08,0.0009260562562971144,0.0012728082499293691,1.1203998493706717,1.692026034474621,btc_crypto_intraday_rv_3d__priority_stack,0.8511104004327729,0.08896578245202735
0,2023-04-09,0.011341323691708354,0.013374590432162492,1.1331789959687144,1.7148082011560115,btc_crypto_intraday_rv_3d__priority_stack,1.111222604813709,0.2601122043809362
0,2023-04-10,0.050119051724614824,0.04531005765648821,1.1914201576639727,1.7942934009771407,btc_crypto_intraday_rv_3d__priority_stack,1.2213165360632263,0.11009393124951727
0,2023-04-11,0.010060909226594535,0.01930093462201654,1.2034674293539482,1.8292613117504892,btc_crypto_range_gk_60d__regime_switch,0.5162532145874336,0.7050633214757928
0,2023-04-12,-0.0053425261776511536,-0.01053529907030537,1.1970550175997308,1.8100906583531922,btc_crypto_range_gk_60d__regime_switch,0.5162532145874336,0.0
0,2023-04-13,0.008584077534471626,0.016438030921388957,1.2073748604802998,1.8400908813381263,btc_crypto_range_gk_60d__regime_switch,0.5162532145874336,0.0
0,2023-04-14,0.0015548435046590407,0.0028206789568212542,1.2092535996339977,1.8452885139460873,btc_crypto_range_gk_60d__regime_switch,0.5162532145874336,0.0
0,2023-04-15,-0.002818032936571375,-0.0056497311397532,1.2058506801830777,1.8348925248914127,btc_crypto_range_gk_60d__regime_switch,0.5162532145874336,0.0
0,2023-04-16,0.00022139221280644255,0.00023773854274899975,1.2061176756877499,1.8353288014242002,btc_crypto_range_gk_60d__regime_switch,0.5162532145874336,0.0
0,2023-04-17,-0.015119502526628897,-0.02948069762597605,1.1880189431376087,1.7820118006532808,btc_crypto_range_gk_60d__regime_switch,0.5162532145874336,0.0
0,2023-04-18,0.016421581463435173,0.03161582443372524,1.207689158984197,1.8392516475458356,btc_crypto_range_gk_60d__regime_switch,0.5162532145874336,0.0
0,2023-04-19,-0.027075350438446343,-0.05263772204037309,1.1754292467182927,1.744941539824444,btc_crypto_range_gk_60d__regime_switch,0.5162532145874336,0.0
0,2023-04-20,-0.010241741536376043,-0.020028963156462964,1.1634522415667639,1.710339844775859,btc_crypto_range_gk_60d__regime_switch,0.5162532145874336,0.0
0,2023-04-21,-0.01820211114717827,-0.03544921282027147,1.1424665261207532,1.6507717033628686,btc_crypto_range_gk_60d__regime_switch,0.5162532145874336,0.0
0,2023-04-22,0.010474946201443621,0.02009922065832548,1.1544966992266665,1.684286611585052,btc_crypto_range_gk_60d__regime_switch,0.5162532145874336,0.0
0,2023-04-23,-0.004102466572577244,-0.008137722690628735,1.1497701170617265,1.6706359720993509,btc_crypto_range_gk_60d__regime_switch,0.5162532145874336,0.0
0,2023-04-24,-0.001186420758265997,-0.002491473543630107,1.1484068148125692,1.6664788076568868,btc_crypto_range_gk_60d__regime_switch,0.5162532145874336,0.0
0,2023-04-25,0.014564021388325993,0.028020641618445197,1.165254624356239,1.7138349899369352,btc_crypto_range_gk_60d__regime_switch,0.5162532145874336,0.0
0,2023-04-26,0.002318590479163437,0.0042993392447563394,1.1679595071800977,1.7212192102278994,btc_crypto_range_gk_60d__regime_switch,0.5162532145874336,0.0
0,2023-04-27,0.01884894941842531,0.03631846208005207,1.1901831046175964,1.7848802835630164,btc_crypto_range_gk_60d__regime_switch,0.5162532145874336,0.0
0,2023-04-28,-0.0024225928725270214,-0.0048822632598195526,1.1873032652589706,1.7761872661986295,btc_crypto_range_gk_60d__regime_switch,0.5162532145874336,0.0
0,2023-04-29,-0.0013242661118643988,-0.0027547670435676963,1.185732000396312,1.7713010173831423,btc_crypto_range_gk_60d__regime_switch,0.5162532145874336,0.0
0,2023-04-30,3.632038662420867e-05,-0.00011926481318269566,1.1857750674231,1.7710897760952904,btc_crypto_range_gk_60d__regime_switch,0.5162532145874336,0.0
0,2023-05-01,-0.027127884431639625,-0.0404150859678456,1.1540398986217946,1.7009381705432374,btc_crypto_composite_fast__peg_aware_vol,0.418000736137761,0.09825247844967255
0,2023-05-02,0.009380235400062352,0.022629694802200007,1.1649159949560692,1.7398687140219693,btc_crypto_composite_fast__peg_aware_vol,0.168000736137761,0.25
0,2023-05-03,0.0018280500441907412,0.011038075607759268,1.1670474673176259,1.759179899526679,btc_crypto_composite_fast__peg_aware_vol,0.0,0.168000736137761
0,2023-05-04,7.430778871123163e-05,-0.005233502352259833,1.1671341912563353,1.7499972769817818,btc_crypto_composite_fast__peg_aware_vol,0.11810903272608317,0.11810903272608317
0,2023-05-05,0.0028225694231851237,0.02313962406825887,1.1704331621342798,1.7909637020158817,btc_crypto_composite_fast__peg_aware_vol,0.0,0.11810903272608317
0,2023-05-06,0.0001142211514405739,-0.015874226519811074,1.170566857993045,1.7627580026479839,btc_crypto_composite_fast__peg_aware_vol,0.0,0.0
0,2023-05-07,0.00020870837762144043,-0.0056424448029179786,1.170811190599118,1.7528397458395315,btc_crypto_composite_fast__peg_aware_vol,0.06455776560587541,0.06455776560587541
0,2023-05-08,-0.0016601285442750225,-0.027968325622067525,1.1688691060227046,1.7044949656839197,btc_crypto_composite_fast__peg_aware_vol,0.0,0.06455776560587541
0,2023-05-09,0.00015825239218246782,-0.011093932090462388,1.1690540969921266,1.6856899181158158,btc_crypto_composite_fast__peg_aware_vol,0.0,0.0
0,2023-05-10,0.00020791489213726547,-0.005650742286091415,1.169297186018644,1.6761913809817146,btc_crypto_composite_fast__peg_aware_vol,0.06569147801279311,0.06569147801279311
0,2023-05-11,-0.0015352224578681927,-0.02550472693640593,1.1675034319768,1.6339811458672462,btc_crypto_composite_fast__peg_aware_vol,0.0,0.06569147801279311
0,2023-05-12,0.00015575845254782087,-0.007659417573760763,1.167685294667667,1.6215136099476086,btc_crypto_composite_fast__peg_aware_vol,0.0,0.0
0,2023-05-13,0.00020831163495805535,0.0006932316717787046,1.1679285624373894,1.6226380842538137,btc_crypto_composite_fast__peg_aware_vol,0.25,0.25
0,2023-05-14,0.0010733721553789328,0.004468553716641566,1.1691828574780414,1.6299051542499066,btc_crypto_composite_fast__peg_aware_vol,0.27009417044981565,0.02009417044981565
0,2023-05-15,0.0026434700980647787,0.009288078649783316,1.17227764608935,1.64511436434468,btc_crypto_composite_fast__peg_aware_vol,0.02009417044981565,0.25
0,2023-05-16,-0.00011287427061936007,-0.005783892149619163,1.1721453335725642,1.6356266646530462,btc_crypto_composite_fast__peg_aware_vol,0.04318848844674647,0.02309431799693082
0,2023-05-17,0.0007603923835545098,0.013410361893086531,1.173036962907748,1.6577087435509856,btc_crypto_composite_fast__peg_aware_vol,0.0,0.04318848844674647
0,2023-05-18,0.00017614129781990098,-0.021227251906124067,1.1732436013590335,1.6228909924372708,btc_crypto_composite_fast__peg_aware_vol,0.0,0.0
0,2023-05-19,0.00020989860466716814,0.002291613540123194,1.1734898894007473,1.6266142959666665,btc_crypto_composite_fast__peg_aware_vol,0.25,0.25
0,2023-05-20,0.002144936863312049,0.008750051639246692,1.176009652523584,1.640909706635632,btc_crypto_composite_fast__peg_aware_vol,0.0,0.25
0,2023-05-21,-0.008778795211962261,-0.012717958833398768,1.1657308882131645,1.6201728294216682,btc_crypto_range_gk_60d__hysteresis,0.6952964835582359,0.6952964835582359
0,2023-05-22,0.002036530180316532,0.0028351122305512177,1.168107353399318,1.6247727187461043,btc_crypto_range_gk_60d__hysteresis,0.722059645187934,0.02676316162969805
0,2023-05-23,0.010102388924240554,0.01393916537961104,1.1799678369258075,1.6475792772970492,btc_crypto_range_gk_60d__hysteresis,0.722059645187934,0.0
0,2023-05-24,-0.023781566357985756,-0.03301775410559671,1.1522373970892308,1.5940681792587093,btc_crypto_range_gk_60d__hysteresis,0.722059645187934,0.0
0,2023-05-25,0.004241789290678566,0.005792398996227632,1.1571353259877546,1.60332845188548,btc_crypto_range_gk_60d__hysteresis,0.722059645187934,0.0
0,2023-05-26,0.006777515278861369,0.009304805604786637,1.1650044648214888,1.6183167348409577,btc_crypto_range_gk_60d__hysteresis,0.5550699866513907,0.16698965853654324
0,2023-05-27,0.0028873666019544326,0.005272642367085467,1.1683731207362917,1.6268720750245997,btc_crypto_range_gk_60d__hysteresis,0.38252283532970505,0.1725471513216857
0,2023-05-28,0.016592055703776285,0.043394169972858165,1.187920550215186,1.6990229810635273,btc_crypto_range_gk_60d__hysteresis,0.31433238849825645,0.06819044683144859
0,2023-05-29,-0.0036652069895239067,-0.01194892925179225,1.1835745448813597,1.678842284633463,btc_crypto_range_gk_60d__hysteresis,0.26268125651124735,0.0516511319870091
0,2023-05-30,-0.0001915265540484916,-0.0011899343300267873,1.183347880634123,1.6768457606660623,btc_crypto_range_gk_60d__hysteresis,0.26268125651124735,0.0
0,2023-05-31,-0.004593524030652605,-0.018101840697225313,1.1779246092077442,1.6467648471811933,btc_crypto_range_gk_60d__hysteresis,0.26268125651124735,0.0
0,2023-06-01,-0.003560988999361479,-0.01416886089235625,1.173737492195698,1.6235965866664106,btc_crypto_range_gk_60d__hysteresis,0.26268125651124735,0.0
0,2023-06-02,0.004224919720089678,0.01547127720831476,1.1787069292169055,1.6489110178872044,btc_crypto_range_gk_60d__hysteresis,0.26268125651124735,0.0
0,2023-06-03,-0.0013878058573944744,-0.005895780540793538,1.1770722474092477,1.6392180024180403,btc_crypto_range_gk_60d__hysteresis,0.26268125651124735,0.0
0,2023-06-04,0.0006344680403738796,0.001802804141748382,1.1778192990965894,1.6421758568370157,btc_crypto_range_gk_60d__hysteresis,0.26268125651124735,0.0
0,2023-06-05,-0.013078032975636346,-0.050394794976481805,1.1625160259347733,1.561469413244036,btc_crypto_range_gk_60d__hysteresis,0.26268125651124735,0.0
0,2023-06-06,0.01723653145842616,0.06501180039223797,1.1827274570755302,1.6663558391797546,btc_crypto_range_gk_60d__hysteresis,0.26268125651124735,0.0
0,2023-06-07,-0.011472766858582558,-0.044279260762090544,1.1692358417668824,1.5941805606149924,btc_crypto_range_gk_60d__hysteresis,0.26268125651124735,0.0
0,2023-06-08,0.0018162641314683739,0.006315141225471166,1.1713614126022223,1.604279891781205,btc_crypto_range_gk_60d__hysteresis,0.26268125651124735,0.0
0,2023-06-09,-0.00013114682775868986,-0.0010973344900708781,1.1712078023417698,1.6025204256622085,btc_crypto_range_gk_60d__hysteresis,0.26268125651124735,0.0
0,2023-06-10,-0.01499073311131793,-0.02374368756363765,1.1537814817581558,1.5649188479316853,btc_crypto_intraday_rv_1d__drawdown_modulated,0.7889917552993694,0.526310498788122
0,2023-06-11,0.0023287162706145713,0.0030672470688148934,1.1564714423293145,1.5697262095949494,btc_crypto_intraday_rv_1d__drawdown_modulated,0.3727741249169199,0.41621763038244947
0,2023-06-12,0.002304457616306694,0.006714630676276201,1.1591395548479824,1.5803018072369368,btc_crypto_intraday_rv_1d__drawdown_modulated,0.6922327909195682,0.31945866600264833
0,2023-06-13,0.0027347735178717193,0.004225292203708264,1.1623138775545432,1.586993170670309,btc_crypto_intraday_rv_1d__drawdown_modulated,0.5052679595853379,0.18696483133423036
0,2023-06-14,-0.02166729282241133,-0.042794992394515674,1.1374005591673026,1.5205105184142593,btc_crypto_intraday_rv_1d__drawdown_modulated,0.5052679595853379,0.0
0,2023-06-15,0.009053314110943173,0.017710771587028162,1.1477445567776121,1.5476798173429624,btc_crypto_intraday_rv_1d__drawdown_modulated,0.36068094423367564,0.14458701535166224
0,2023-06-16,0.01058143026614592,0.02928249924713633,1.1599538175703694,1.5936698152825457,btc_crypto_intraday_rv_1d__drawdown_modulated,0.514878902967231,0.1541979587335554
0,2023-06-17,0.0034184751063493723,0.006679327650182643,1.163925876143813,1.6043500869550482,btc_crypto_intraday_rv_1d__drawdown_modulated,0.514878902967231,0.0
0,2023-06-18,-0.0034261072635391847,-0.006853836549630898,1.1599449646542843,1.5933917299818825,btc_crypto_intraday_rv_1d__drawdown_modulated,0.6074222161213224,0.09254331315409137
0,2023-06-19,0.01199577341409909,0.01973360120441292,1.1739431935541071,1.6251473831374383,btc_crypto_intraday_rv_1d__drawdown_modulated,0.7251770854080862,0.11775486928676382
0,2023-06-20,0.0383150923597224,0.05288435300074745,1.2197957485443165,1.7134054168151218,btc_crypto_intraday_rv_1d__drawdown_modulated,0.6302921160621936,0.09488496934589263
0,2023-06-21,0.036429401359141106,0.057792400976209635,1.2650514924715874,1.8153445110609006,btc_crypto_intraday_rv_1d__drawdown_modulated,0.4525123795632197,0.17777973649897388
0,2023-06-22,-0.0016480588875138454,-0.0035869544776119255,1.2629683301748318,1.8088446173191222,btc_crypto_intraday_rv_1d__drawdown_modulated,0.33193732463187203,0.12057505493134768
0,2023-06-23,0.008836465523852626,0.026479455356705373,1.2741779600961594,1.8573816182957763,btc_crypto_intraday_rv_1d__drawdown_modulated,0.46109274309218046,0.12915541846030842
0,2023-06-24,-0.0021818711169935465,-0.004758757054199592,1.2714008987038343,1.8485637880139378,btc_crypto_intraday_rv_1d__drawdown_modulated,0.34103159762448204,0.12006114546769842
0,2023-06-25,-0.0009346062549896051,-0.0028736667579902786,1.2702131945756139,1.8432592570837814,btc_crypto_intraday_rv_1d__drawdown_modulated,0.6489077740196478,0.3078761763951658
0,2023-06-26,-0.004273500174390183,-0.006324193218567586,1.2647965205893301,1.831638912771439,btc_crypto_intraday_rv_1d__drawdown_modulated,0.6489077740196478,0.0
0,2023-06-27,0.009165513102759072,0.014007737784147878,1.2764423179985864,1.857476571470455,btc_crypto_intraday_rv_1d__drawdown_modulated,0.5275027033137202,0.12140507070592765
0,2023-06-28,-0.010716117202465701,-0.02032403149235762,1.2628368416549542,1.820106203761638,btc_crypto_intraday_rv_1d__drawdown_modulated,0.5275027033137202,0.0
0,2023-06-29,0.006401256003787454,0.01194096757968488,1.2709465119152685,1.8419703124451594,btc_crypto_intraday_rv_1d__drawdown_modulated,0.4717295998957797,0.05577310341794045
0,2023-06-30,0.0004712352288289461,0.0008522600242368839,1.2715455678226784,1.8435408192533114,btc_crypto_intraday_rv_1d__drawdown_modulated,0.6001670241930067,0.128437424297227
0,2023-07-01,0.00234636117359757,0.00393718050495373,1.274532575902978,1.8508134797207743,btc_crypto_intraday_rv_1d__drawdown_modulated,0.3019343372708931,0.29823268692211363
0,2023-07-02,0.00016303201285577267,0.00083202804364646,1.2747403824533774,1.8523540492491117,btc_crypto_intraday_rv_1d__drawdown_modulated,0.9876592643720328,0.6857249271011396
0,2023-07-03,0.01708898676518335,0.01785524988090259,1.2967116022284524,1.8857253333881947,btc_crypto_intraday_rv_1d__drawdown_modulated,0.681809215420572,0.30585004895146073
0,2023-07-04,-0.008620192888742396,-0.012384981091374314,1.2855817378047423,1.8625146891704958,btc_crypto_intraday_rv_1d__drawdown_modulated,0.681809215420572,0.0
0,2023-07-05,-0.006243347794169639,-0.009257764551632519,1.2775804074325248,1.8453515355042227,btc_crypto_intraday_rv_1d__drawdown_modulated,0.7569076794459845,0.07509846402541243
0,2023-07-06,-0.014749389041548024,-0.01947658210947445,1.2588751615464704,1.8097581388100876,btc_crypto_intraday_rv_1d__drawdown_modulated,0.7569076794459845,0.0
0,2023-07-07,0.01135496694848358,0.01493220766244896,1.2732511121565162,1.8369845927998534,btc_crypto_intraday_rv_1d__drawdown_modulated,0.4471905319422658,0.30971714750371865
0,2023-07-08,-0.0009070129159445273,-0.001741990389446002,1.272096780528534,1.8337873688688222,btc_crypto_intraday_rv_1d__drawdown_modulated,0.5940996546933753,0.1469091227511095
0,2023-07-09,-0.0025790508825566027,-0.004291298796463394,1.2688202052473787,1.8259349000352778,btc_crypto_intraday_rv_1d__drawdown_modulated,0.8666998949125769,0.2726002402192016
0,2023-07-10,0.006905865271889662,0.00818617975368241,1.277612832043036,1.8409436798142051,btc_crypto_intraday_rv_1d__drawdown_modulated,0.8666998949125769,0.0
0,2023-07-11,0.0057934396253851205,0.006650978547536823,1.28503608717752,1.853228564703149,btc_crypto_intraday_rv_1d__drawdown_modulated,0.6009569667995442,0.2657429281130327
0,2023-07-12,-0.004944907321000959,-0.008018745966182905,1.2786973878787777,1.8384274182519662,btc_crypto_intraday_rv_1d__drawdown_modulated,0.8040870823467174,0.2031301155471732
0,2023-07-13,0.02866326053101414,0.03579617721516648,1.3158793568432088,1.9054281222319596,btc_crypto_intraday_rv_1d__drawdown_modulated,0.6597707862840414,0.14431629606267604
0,2023-07-14,-0.025166899883358768,-0.03808225623276762,1.2831759999651315,1.8342294282024814,btc_crypto_intraday_rv_1d__drawdown_modulated,0.46802502919119476,0.19174575709284664
0,2023-07-15,-0.00019351568662847636,-0.0003333176561977069,1.2829277093052767,1.8336181490292742,btc_crypto_intraday_rv_1d__drawdown_modulated,0.46802502919119476,0.0
0,2023-07-16,-0.0007191452352441132,-0.0017841506500300142,1.2820054296222347,1.8303496146626657,btc_crypto_intraday_rv_1d__drawdown_modulated,1.25,0.7819749708088053
0,2023-07-17,-0.004901077811721891,-0.003376831584972706,1.2757375933795827,1.8241792562662695,btc_crypto_intraday_rv_1d__drawdown_modulated,0.9329888065468757,0.31701119345312434
0,2023-07-18,-0.008814253201551976,-0.009191151559116761,1.264542330633937,1.8074897635694023,btc_crypto_intraday_rv_1d__drawdown_modulated,0.6733296522015574,0.2596591543453183
0,2023-07-19,0.001150172738255083,0.0019110109586613078,1.2659976094996084,1.8109471988614152,btc_crypto_intraday_rv_1d__drawdown_modulated,0.6733296522015574,0.0
0,2023-07-20,-0.0008358756922561473,-0.0037935266704973714,1.26493983501695,1.8040903364319245,btc_crypto_range_gk_60d__naive_scaling,0.26268125651124735,0.41064839569031003
0,2023-07-21,0.0009834574936132775,0.003131370396815214,1.26618446149497,1.8097484657305125,btc_crypto_range_gk_60d__naive_scaling,0.26268125651124735,0.0
0,2023-07-22,-0.000826954972321521,-0.0037606800295435505,1.265137816782331,1.8029553621674717,btc_crypto_range_gk_60d__naive_scaling,0.26268125651124735,0.0
0,2023-07-23,0.002772528929468141,0.00994217775938111,1.2686503149805357,1.8209700691888664,btc_crypto_range_gk_60d__naive_scaling,0.26268125651124735,0.0
0,2023-07-24,-0.007842013990535633,-0.03046738774933999,1.2587404489012655,1.7663265180357586,btc_crypto_range_gk_60d__naive_scaling,0.26268125651124735,0.0
0,2023-07-25,0.0006583842687152765,0.0018927371112891223,1.2595694566841131,1.7696728756757312,btc_crypto_range_gk_60d__naive_scaling,0.26268125651124735,0.0
0,2023-07-26,0.0011018205707885322,0.003580852616607899,1.2609580410667636,1.7760211727978936,btc_crypto_range_gk_60d__naive_scaling,0.26268125651124735,0.0
0,2023-07-27,-0.0009519781020392347,-0.004237743579043496,1.259758207822179,1.768510775285642,btc_crypto_range_gk_60d__naive_scaling,0.34242578277999364,0.07974452626874629
0,2023-07-28,0.0011331724379968708,0.003074954687546594,1.2611865402224365,1.7739572353014479,btc_crypto_range_gk_60d__naive_scaling,0.49201967324194246,0.14959389046194882
0,2023-07-29,0.0007434052655563609,0.001528029716807211,1.2621244615219076,1.7766699667126147,btc_crypto_range_gk_60d__naive_scaling,0.49201967324194246,0.0
0,2023-07-30,-0.0012415652817893755,-0.0027495343201096034,1.2605584239792749,1.7717916612710554,btc_crypto_range_gk_60d__naive_scaling,0.49201967324194246,0.0
0,2023-07-31,-0.0007266999083261887,-0.0017043306509396672,1.2596427090534041,1.768774514274061,btc_crypto_range_gk_60d__naive_scaling,0.49201967324194246,0.0
0,2023-08-01,0.008082039703079552,0.016199305373433504,1.2698644420258283,1.7976607697185842,btc_crypto_range_gk_60d__naive_scaling,0.49201967324194246,0.0
0,2023-08-02,-0.00891303809717279,-0.01834174489198226,1.2585963827929831,1.7649890783369955,btc_crypto_range_gk_60d__naive_scaling,0.49201967324194246,0.0
0,2023-08-03,0.0002941686734618845,0.00037093213318684093,1.2589666768831236,1.765643890938884,btc_crypto_range_gk_60d__naive_scaling,0.49201967324194246,0.0
0,2023-08-04,-0.001587694696360734,-0.0034538404768653663,1.256969408113413,1.7595561576821166,btc_crypto_range_gk_60d__naive_scaling,0.49201967324194246,0.0
0,2023-08-05,-0.0003149475248688749,-0.0008670594176738433,1.256573591043567,1.7580311791637044,btc_crypto_range_gk_60d__naive_scaling,0.49201967324194246,0.0
0,2023-08-06,-0.0001324322613149081,-0.0004961082677912287,1.2564071911799948,1.7571592216712313,btc_crypto_range_gk_60d__naive_scaling,0.49201967324194246,0.0
0,2023-08-07,0.002523625886967681,0.004901348830959051,1.2595818970923485,1.7657928128052027,btc_crypto_range_gk_60d__naive_scaling,0.7233240819666156,0.23130440872467312
0,2023-08-08,0.01410999118301256,0.019678436901415353,1.2774805646195162,1.8008850025535859,btc_crypto_range_gk_60d__naive_scaling,0.7233240819666156,0.0
0,2023-08-09,-0.003485488475630171,-0.006778437704271667,1.2730356716452578,1.788719095256016,btc_crypto_range_gk_20d__peg_aware_vol,0.250911110753653,0.47241297121296255
0,2023-08-10,-0.0012642763955251959,-0.004897905657985646,1.2714272196731111,1.7799795381134484,btc_crypto_range_gk_20d__peg_aware_vol,0.2945734654227426,0.043662354669089576
0,2023-08-11,-3.564554026940079e-05,-0.0005288340457028085,1.2713818997706836,1.7790384731885573,btc_crypto_range_gk_20d__peg_aware_vol,0.5445734654227425,0.24999999999999994
0,2023-08-12,0.00020201233505773777,0.0005543821180378217,1.271638760540655,1.7800250137403477,btc_crypto_range_gk_20d__peg_aware_vol,0.7945734654227425,0.25
0,2023-08-13,-0.003645262582796821,-0.004392820804476116,1.2670117418207543,1.7722228321667421,btc_crypto_range_gk_20d__peg_aware_vol,0.5445734654227425,0.25
0,2023-08-14,0.0019974856474056185,0.00385074533858365,1.269545108930022,1.7790603673309215,btc_crypto_range_gk_20d__peg_aware_vol,0.6154418101912994,0.07086834476855686
0,2023-08-15,-0.004372210849048342,-0.007149910368989154,1.2640065068226087,1.7663856108455973,btc_crypto_range_gk_20d__peg_aware_vol,0.3654418101912994,0.25
0,2023-08-16,-0.006205470933874363,-0.016816524588969983,1.2561870380200535,1.7369295125555344,btc_crypto_range_gk_20d__peg_aware_vol,0.1154418101912994,0.25
0,2023-08-17,-0.008670717991085439,-0.07506691792040598,1.245342079203887,1.611317211880466,btc_crypto_range_gk_20d__peg_aware_vol,0.0,0.1154418101912994
0,2023-08-18,0.0001278603982360402,-0.021898281901679084,1.2455013193181093,1.576415669941145,btc_crypto_range_gk_20d__peg_aware_vol,0.0,0.0
0,2023-08-19,0.00022021384638907973,0.0012642505658977399,1.2457756261562924,1.578409914690863,btc_crypto_range_gk_20d__peg_aware_vol,0.25,0.25
0,2023-08-20,0.0009516268065847075,0.00394586568717159,1.2469617038993113,1.5846504121990588,btc_crypto_range_gk_20d__peg_aware_vol,0.14546110582064853,0.10453889417935147
0,2023-08-21,-0.0002800535624983928,-0.002648692910907968,1.2466125367268726,1.5804587135977821,btc_crypto_range_gk_20d__peg_aware_vol,0.2373550515476318,0.09189394572698328
0,2023-08-22,-0.0007079603091273408,-0.0033830974529145408,1.2457302968622619,1.57512090200886,btc_crypto_range_gk_20d__peg_aware_vol,0.1836324722827762,0.0537225792648556
0,2023-08-23,0.0029302371070196406,0.015208595378322087,1.2493859353315155,1.5992593693005706,btc_crypto_range_gk_20d__peg_aware_vol,0.0,0.1836324722827762
0,2023-08-24,7.449808191455328e-05,-0.010201253317518422,1.2494790156543785,1.5830278510303268,btc_crypto_range_gk_20d__peg_aware_vol,0.0,0.0
0,2023-08-25,0.0002225942716758626,-0.004449163513809751,1.2497571734828634,1.576000346125869,btc_crypto_range_gk_20d__peg_aware_vol,0.11508020345259401,0.11508020345259401
0,2023-08-26,-8.807890443684473e-05,-0.0016770288328373795,1.24964710108781,1.573359563058444,btc_crypto_range_gk_20d__peg_aware_vol,0.3179688839758847,0.20288868052329068
0,2023-08-27,0.0010050376410437145,0.0031938105176596565,1.2509036748085964,1.5783926083973039,btc_crypto_range_gk_20d__peg_aware_vol,0.20947355828699063,0.10849532568889406
0,2023-08-28,0.00028273053071943647,0.0009285230524245236,1.2512573934696303,1.5798588629402044,btc_crypto_range_gk_20d__peg_aware_vol,0.33849767764129335,0.12902411935430272
0,2023-08-29,0.07502315160351801,0.06006264339968048,1.3487417382706446,1.677656969897939,btc_crypto_intraday_rv_1d__drawdown_brake,1.0068764344131549,0.6683787567718615
0,2023-08-30,-0.015885488057194655,-0.015582321379540076,1.3274855965823897,1.6517178009146916,btc_crypto_intraday_rv_1d__drawdown_brake,0.24196675277119387,0.764909681641961
0,2023-08-31,-0.01287182124718005,-0.051358806601131235,1.3105079403625481,1.5690291169312418,btc_crypto_intraday_rv_1d__drawdown_brake,0.6865502942998917,0.44458354152869783
0,2023-09-01,-0.003755178212277817,-0.00505176191498613,1.3055959779171715,1.561122742769175,btc_crypto_intraday_rv_1d__drawdown_brake,0.4833537344349801,0.20319655986491159
0,2023-09-02,0.0011133886780201432,0.002405243051455841,1.3070504232282758,1.5648821417203886,btc_crypto_intraday_rv_1d__drawdown_brake,0.6880712278294323,0.20471749339445222
0,2023-09-03,0.0028827338874748013,0.004328133825579172,1.310823737893913,1.5716698394871518,btc_crypto_intraday_rv_1d__drawdown_brake,1.25,0.5619287721705677
0,2023-09-04,-0.008675516325745897,-0.006536894572400698,1.2995008521134617,1.561429505899268,btc_crypto_intraday_rv_1d__drawdown_brake,1.1229876847891243,0.12701231521087575
0,2023-09-05,-0.0010520706195405103,-0.000822250491927079,1.298134404372684,1.5601461474133123,btc_crypto_intraday_rv_1d__drawdown_brake,0.9546592508136069,0.16832843397551733
0,2023-09-06,-0.0013380904447962587,-0.001271042371776332,1.2963985447577162,1.5581643952660624,btc_crypto_intraday_rv_1d__drawdown_brake,1.103457458103418,0.14879820728981108
0,2023-09-07,0.02073673687233494,0.01892096152740841,1.3235622905986937,1.5879270448959122,btc_crypto_intraday_rv_1d__drawdown_brake,0.8398396080307836,0.2636178500726344
0,2023-09-08,-0.011291611445926625,-0.013235844791706697,1.3087012002172531,1.5670479698991502,btc_crypto_intraday_rv_1d__drawdown_brake,0.6746845808460065,0.16515502718477715
0,2023-09-09,-0.0003287532755095696,-0.0003976201933753032,1.3082710311246417,1.5664250038424803,btc_crypto_intraday_rv_1d__drawdown_brake,0.8492198650094049,0.17453528416339847
0,2023-09-10,-0.0018930935933446106,-0.002103894778155535,1.3057966944316932,1.5631328748174056,btc_crypto_intraday_rv_1d__drawdown_brake,1.25,0.40078013499059506
0,2023-09-11,-0.0333813017718589,-0.026404499361815326,1.262927004721125,1.5223992755561313,btc_crypto_intraday_rv_1d__drawdown_brake,1.1037888401901452,0.14621115980985477
0,2023-09-12,0.029145483469771218,0.026531659179717337,1.3002772747765319,1.5633316551472913,btc_crypto_intraday_rv_1d__drawdown_brake,0.39304710110653623,0.710741739083609
0,2023-09-13,0.005394026709167786,0.014830183587621448,1.3073099553076926,1.586688918768129,btc_crypto_intraday_rv_1d__drawdown_brake,0.4761188529366908,0.08307175183015458
0,2023-09-14,0.005550442691570273,0.011554959810256449,1.3145862790232579,1.605129379672246,btc_crypto_intraday_rv_1d__drawdown_brake,0.6888783484488422,0.2127594955121514
0,2023-09-15,0.0016639369104325308,0.002562873084153594,1.316775488502999,1.6092483985627304,btc_crypto_intraday_rv_1d__drawdown_brake,0.5795789004994232,0.10929944794941904
0,2023-09-16,-0.0005663438248776152,-0.0009863257797189107,1.316029951971268,1.607661937893399,btc_crypto_intraday_rv_1d__drawdown_brake,0.926118303482795,0.3465394029833718
0,2023-09-17,-0.0014958888558400318,-0.0013334758778107414,1.314062789127474,1.605519588182827,btc_crypto_intraday_rv_1d__drawdown_brake,1.25,0.323881696517205
0,2023-09-18,0.006631975344973467,0.009035895844501596,1.3228065834125355,1.6200926370797613,btc_crypto_composite_fast__peg_aware_vol,0.5,0.75
0,2023-09-19,0.007987056403892858,0.016154295699495336,1.333414219709319,1.6464766262167356,btc_crypto_composite_fast__peg_aware_vol,0.25,0.25
0,2023-09-20,-0.0007692896162336567,-0.002938990217925763,1.3323888324564108,1.6416447514126415,btc_crypto_composite_fast__peg_aware_vol,0.5,0.25
0,2023-09-21,-0.010541028833334319,-0.020903064988782916,1.3184178469998116,1.6076855071288607,btc_crypto_composite_fast__peg_aware_vol,0.25,0.25
0,2023-09-22,-1.5725583821542938e-06,0.00013187801348024664,1.3184157737124051,1.607897539480737,btc_crypto_composite_fast__peg_aware_vol,0.5,0.25
0,2023-09-23,3.154713889720137e-05,0.00024248369346402399,1.3184573666140078,1.6082874756894976,btc_crypto_composite_fast__peg_aware_vol,0.75,0.25
0,2023-09-24,-0.00942128177560831,-0.012368579228921206,1.3060941384293123,1.5885177583145837,btc_crypto_composite_fast__peg_aware_vol,0.5,0.25
0,2023-09-25,0.0009046092427141458,0.0019878144256875174,1.3072761778200623,1.5916785773500537,btc_crypto_composite_fast__peg_aware_vol,0.75,0.25
0,2023-09-26,-0.0030194213681696575,-0.0038330298441398014,1.3033349133580645,1.5855893035003494,btc_crypto_composite_fast__peg_aware_vol,0.5,0.25
0,2023-09-27,0.002465653933619046,0.005109903807497318,1.3065524512514193,1.5937122483779893,btc_crypto_composite_fast__peg_aware_vol,0.25,0.25
0,2023-09-28,0.006333922317681065,0.025473857517733123,1.3148543169128193,1.634831759832214,btc_crypto_composite_fast__peg_aware_vol,0.0,0.25
0,2023-09-29,2.0213846389079718e-05,-0.004049050449195235,1.3148808954446316,1.6282256268690496,btc_crypto_composite_fast__peg_aware_vol,0.25,0.25
0,2023-09-30,0.0005271136049335519,0.0022478128805669684,1.315574169754596,1.6318896899268907,btc_crypto_composite_fast__peg_aware_vol,0.5,0.25
0,2023-10-01,0.018252589112322803,0.036684964378256524,1.3398072903359226,1.6928671445462775,btc_crypto_composite_fast__peg_aware_vol,0.25,0.25
0,2023-10-02,-0.004300682388127507,-0.017071702578528303,1.3340575774255738,1.66421230949462,btc_crypto_composite_fast__peg_aware_vol,0.0,0.25
0,2023-10-03,2.2991008672757916e-05,-0.002776572109288722,1.3340882491074917,1.6595979130788372,btc_crypto_composite_fast__peg_aware_vol,0.25,0.25
0,2023-10-04,0.003318935495479584,0.013407959166890748,1.3385233578002076,1.6819995788398476,btc_crypto_composite_fast__peg_aware_vol,0.0,0.25
0,2023-10-05,2.25942716758626e-05,-0.014112498638935378,1.3385536011022596,1.6584290726368132,btc_crypto_composite_fast__peg_aware_vol,0.0,0.0
0,2023-10-06,0.00022338774551225308,0.019555961669011523,1.3388526509742518,1.691180446550782,btc_crypto_composite_fast__peg_aware_vol,0.0,0.0
0,2023-10-07,0.00022338774551225308,0.0008057772757190662,1.3391517676577829,1.6925437104935448,btc_crypto_composite_fast__peg_aware_vol,0.25,0.25
0,2023-10-08,-0.00044466578920865303,-0.0011448920976775412,1.338556425054201,1.6906070394256731,btc_crypto_range_gk_60d__naive_scaling,0.4882433502517367,0.2382433502517367
0,2023-10-09,-0.005976036699188049,-0.012474019073247078,1.330581017134826,1.6696493599696944,btc_crypto_range_gk_60d__naive_scaling,0.4882433502517367,0.0
0,2023-10-10,-0.0034705280242895422,-0.007341507306074746,1.3259712022989927,1.6574365022407425,btc_crypto_range_gk_60d__naive_scaling,0.4882433502517367,0.0
0,2023-10-11,-0.00927082789839657,-0.019221443553268713,1.3137351582522614,1.625882409181291,btc_crypto_range_gk_60d__naive_scaling,0.4882433502517367,0.0
0,2023-10-12,-0.0020495780503708475,-0.004432007550114747,1.3110453129734467,1.6186924308565172,btc_crypto_range_gk_60d__naive_scaling,0.4882433502517367,0.0
0,2023-10-13,0.00211680958731066,0.004101832528299099,1.313823485655243,1.6253456720348454,btc_crypto_range_gk_60d__naive_scaling,0.4882433502517367,0.0
0,2023-10-14,3.761210187128618e-05,-0.0001566944631434808,1.3138729022473514,1.625091009319983,btc_crypto_range_gk_60d__naive_scaling,0.4882433502517367,0.0
0,2023-10-15,0.005643558320520445,0.011325174600221644,1.3213087832751558,1.6436000600274228,btc_crypto_range_gk_60d__naive_scaling,0.4882433502517367,0.0
0,2023-10-16,0.023891676920927335,0.04870063833934779,1.3532571967264813,1.7256255680518573,btc_crypto_range_gk_60d__naive_scaling,0.4882433502517367,0.0
0,2023-10-17,-0.0017385671657241537,-0.0037945919719977184,1.3509065122010404,1.7190899310047678,btc_crypto_range_gk_60d__naive_scaling,0.7709256630243304,0.2826823127725937
0,2023-10-18,-0.002566917411178524,-0.003102455023713091,1.3474432935537335,1.7137647965784357,btc_crypto_range_gk_60d__naive_scaling,0.7709256630243304,0.0
0,2023-10-19,0.01119292581814128,0.014452789159376422,1.3626098470964971,1.7387133315341252,btc_crypto_range_gk_60d__naive_scaling,0.7709256630243304,0.0
0,2023-10-20,0.024968202947345045,0.03232151445238607,1.3970600565050817,1.7958292437633805,btc_crypto_range_gk_60d__naive_scaling,0.7709256630243304,0.0
0,2023-10-21,0.0063719266585535676,0.008199504794751178,1.4059904423891394,1.8106146880812874,btc_crypto_range_gk_60d__naive_scaling,0.7709256630243304,0.0
0,2023-10-22,0.002043613172559474,0.0025850678994814302,1.4088666809361738,1.8153013049913527,btc_crypto_range_gk_60d__naive_scaling,0.7709256630243304,0.0
0,2023-10-23,0.07526309188916568,0.0975611236055105,1.5189946486965187,2.001331253350824,btc_crypto_range_gk_60d__naive_scaling,0.7709256630243304,0.0
0,2023-10-24,0.019298814169411344,0.024967512568867534,1.5485941430421186,2.051928532268977,btc_crypto_range_gk_60d__naive_scaling,0.41534492485363794,0.35558073817069247
0,2023-10-25,0.007014042587710426,0.017259944175345154,1.5594942304637784,2.08765211082321,btc_crypto_range_gk_60d__naive_scaling,0.41534492485363794,0.0
0,2023-10-26,-0.004025401398578492,-0.01000392231060232,1.5532292581812124,2.06687151831865,btc_crypto_range_gk_60d__naive_scaling,0.41534492485363794,0.0
0,2023-10-27,-0.002859021239184071,-0.007195701745958516,1.548794884747213,2.0520523085748437,btc_crypto_range_gk_60d__naive_scaling,0.41534492485363794,0.0
0,2023-10-28,0.002222263166735889,0.00503818893588992,1.5522405417326997,2.062417023583759,btc_crypto_range_gk_60d__naive_scaling,0.41534492485363794,0.0
0,2023-10-29,0.005694510656684359,0.013398102063929329,1.5611050074823494,2.090235438206244,btc_crypto_range_gk_60d__naive_scaling,0.41534492485363794,0.0
0,2023-10-30,-0.0004846271037958536,-0.0014795799425151301,1.5603486369774793,2.087145054575335,btc_crypto_range_gk_60d__naive_scaling,0.41534492485363794,0.0
0,2023-10-31,0.002272070365439993,0.005158106613279756,1.5638978894241022,2.097938584442006,btc_crypto_range_gk_60d__naive_scaling,0.41534492485363794,0.0
0,2023-11-01,0.00919538874230359,0.021828064211883103,1.5783448594262555,2.1442359755485083,btc_crypto_range_gk_60d__naive_scaling,0.41534492485363794,0.0
0,2023-11-02,-0.0058035422781356994,-0.01428224858698357,1.5692113971577168,2.1138291203198873,btc_crypto_range_gk_60d__naive_scaling,0.41534492485363794,0.0
0,2023-11-03,-0.002406967086419958,-0.00610396845524086,1.5654388989339798,2.1009656730272326,btc_crypto_range_gk_60d__naive_scaling,0.41534492485363794,0.0
0,2023-11-04,0.004279759301764355,0.009995244483356203,1.5721529576525846,2.1220706375130267,btc_crypto_range_gk_60d__naive_scaling,0.41534492485363794,0.0
0,2023-11-05,-0.00018317256906204244,-0.0007498774713639023,1.57186500872935,2.1204799410375776,btc_crypto_range_gk_60d__naive_scaling,0.41534492485363794,0.0
0,2023-11-06,0.00026941038865991587,0.0003381028212867676,1.5722885425419153,2.1211970025015456,btc_crypto_range_gk_60d__naive_scaling,0.41534492485363794,0.0
0,2023-11-07,0.004608506364553369,0.010785631299631504,1.579551166367366,2.1441992753140835,btc_crypto_range_gk_60d__naive_scaling,0.41534492485363794,0.0
0,2023-11-08,0.002282029760671263,0.005184877541152488,1.5831598651504566,2.1553455570629634,btc_crypto_range_gk_60d__naive_scaling,0.41534492485363794,0.0
0,2023-11-09,0.012568218735411786,0.029950291439890364,1.6031829281769647,2.2208752022597404,btc_crypto_range_gk_60d__naive_scaling,0.41534492485363794,0.0
0,2023-11-10,0.007172733407210904,0.01696047731114625,1.6147234710643101,2.258863545321309,btc_crypto_range_gk_60d__naive_scaling,0.41534492485363794,0.0
0,2023-11-11,-0.0018146815612489762,-0.004677959637678697,1.6117959192453923,2.248321350036124,btc_crypto_range_gk_60d__naive_scaling,0.41534492485363794,0.0
0,2023-11-12,-0.0005780274455002893,-0.0017005448632367859,1.6108645261788335,2.244501227778658,btc_crypto_range_gk_60d__naive_scaling,0.41534492485363794,0.0
0,2023-11-13,-0.006631500381364668,-0.016276229995240143,1.6002174196235182,2.208264904894052,btc_crypto_range_gk_60d__naive_scaling,0.41534492485363794,0.0
0,2023-11-14,-0.01076206996220517,-0.026219468659324008,1.5830881065607532,2.151117829234082,btc_crypto_range_gk_60d__naive_scaling,0.41534492485363794,0.0
0,2023-11-15,0.026734458692358576,0.06405801989467719,1.6259819269204134,2.2934234269123737,btc_crypto_range_gk_60d__naive_scaling,0.41534492485363794,0.0
0,2023-11-16,-0.01939883250437694,-0.047013103227017794,1.5947437475787059,2.188097717626643,btc_crypto_range_gk_60d__naive_scaling,0.41534492485363794,0.0
0,2023-11-17,0.006893015292672526,0.012655974286664318,1.605774313874562,2.2159662055285745,btc_crypto_intraday_rv_3d__priority_stack,0.5483349213858325,0.13298999653219457
0,2023-11-18,-0.00031609131300428455,-0.0007562134685201727,1.6052668227742903,2.2142910954883823,btc_crypto_intraday_rv_3d__priority_stack,0.5483349213858325,0.0
0,2023-11-19,0.011634631948362967,0.02103835549886135,1.6240525822245397,2.2613696297542365,btc_crypto_intraday_rv_3d__priority_stack,0.703097841478848,0.1547629200930155
0,2023-11-20,0.002016456936988141,0.002951229511339193,1.627330718319366,2.2680533082250873,btc_crypto_intraday_rv_3d__priority_stack,0.8716648230778229,0.16856698159897487
0,2023-11-21,-0.04132644714083589,-0.04728853547401357,1.561449613530778,2.1632968005141042,btc_crypto_intraday_rv_3d__priority_stack,0.9423463422596704,0.07068151918184751
0,2023-11-22,0.043212621478648114,0.045902967405742956,1.630403044319767,2.264912942082006,btc_crypto_intraday_rv_3d__priority_stack,0.7202840932842853,0.22206224897538507
0,2023-11-23,-0.002761994638418267,-0.003673316134097604,1.625906092989419,2.2566084626565264,btc_crypto_intraday_rv_3d__priority_stack,0.6461740364980271,0.07411005678625826
0,2023-11-24,0.007545339945557796,0.011648333986991943,1.6382205069766715,2.2830478803421084,btc_crypto_intraday_rv_3d__priority_stack,0.49311619998896666,0.1530578365090604
0,2023-11-25,0.0010649500455919957,0.0021819899319179825,1.6399660592782956,2.288034906673088,btc_crypto_intraday_rv_3d__priority_stack,0.49311619998896666,0.0
0,2023-11-26,-0.004409063952670057,-0.009167181455261186,1.6327512609841477,2.2671559224435978,btc_crypto_intraday_rv_3d__priority_stack,0.6012542170584526,0.10813801706948595
0,2023-11-27,-0.0035335445710286523,-0.005877537675246458,1.6269920428494786,2.253869711444786,btc_crypto_intraday_rv_3d__priority_stack,0.9512542170584526,0.35
0,2023-11-28,0.014800073694293087,0.015841710493777583,1.6512507172637445,2.2898591776000887,btc_crypto_intraday_rv_3d__priority_stack,1.192572930091074,0.2413187130326213
0,2023-11-29,0.00048570102166458403,0.0006040714056254615,1.6520529262252295,2.2912428339237216,btc_crypto_intraday_rv_3d__priority_stack,0.9386259602384857,0.25394696985258824
0,2023-11-30,-0.0037681269479433992,-0.0038122121509225337,1.6458394949253787,2.282524758286747,btc_crypto_intraday_rv_3d__priority_stack,0.854220996984419,0.08440496325406666
0,2023-12-01,0.02252532044112367,0.026411708411435697,1.6833332510624663,2.343613312049414,btc_crypto_intraday_rv_3d__priority_stack,0.922628161090948,0.06840716410652903
0,2023-12-02,0.01765183542744776,0.019173370065624695,1.7133109751197617,2.3889818211303777,btc_crypto_intraday_rv_3d__priority_stack,0.922628161090948,0.0
0,2023-12-03,0.011549692789396231,0.012500185104462602,1.733213905655616,2.4190319609724926,btc_crypto_intraday_rv_3d__priority_stack,0.922628161090948,0.0
0,2023-12-04,0.044762445540924456,0.04849806817668778,1.8125593997818799,2.539241748347128,btc_crypto_intraday_rv_3d__priority_stack,0.922628161090948,0.0
0,2023-12-05,0.04507466827831768,0.048836507265182405,1.8961292053288357,2.666327398767259,btc_crypto_intraday_rv_3d__priority_stack,0.8092507818789961,0.1133773792119519
0,2023-12-06,-0.005213536659716845,-0.006381314315449416,1.8862693907908321,2.6493668982644083,btc_crypto_intraday_rv_3d__priority_stack,0.6937924553686016,0.11545832651039456
0,2023-12-07,-0.0044621421407085365,-0.01104705872065459,1.8778713392375848,2.620260253978936,btc_crypto_range_gk_60d__naive_scaling,0.41534492485363794,0.2784475305149636
0,2023-12-08,0.00853727718385778,0.020250830206595793,1.8939718769623022,2.6738636239862794,btc_crypto_range_gk_60d__naive_scaling,0.41534492485363794,0.0
0,2023-12-09,-0.004074175833869965,-0.010112976506997384,1.8862712001188027,2.646959175300653,btc_crypto_range_gk_60d__naive_scaling,0.41534492485363794,0.0
0,2023-12-10,0.000539721849491115,0.0009956163931974515,1.8872895366840996,2.64959584358499,btc_crypto_range_gk_60d__naive_scaling,0.41534492485363794,0.0
0,2023-12-11,-0.024548904980655723,-0.05941037678536709,1.8415227063816852,2.4967671117490355,btc_crypto_range_gk_60d__naive_scaling,0.41534492485363794,0.0
0,2023-12-12,0.002170955431771919,0.004921918541276327,1.8455249128378761,2.509086288211507,btc_crypto_range_gk_60d__naive_scaling,0.3538352945462772,0.06150963030736073
0,2023-12-13,0.012162765730189016,0.034118978944833955,1.8681086620213816,2.596170922038173,btc_crypto_range_gk_60d__naive_scaling,0.3538352945462772,0.0
0,2023-12-14,0.0012527560856157275,0.0031470517276908083,1.8704504130314734,2.6043540758741783,btc_crypto_range_gk_60d__naive_scaling,0.3538352945462772,0.0
0,2023-12-15,-0.00901852370346578,-0.025882093489515867,1.8536575488858231,2.537812768898048,btc_crypto_range_gk_60d__naive_scaling,0.3538352945462772,0.0
0,2023-12-16,0.0026771340715231362,0.007171866800076643,1.85862668722382,2.5560790474035113,btc_crypto_range_gk_60d__naive_scaling,0.3538352945462772,0.0
0,2023-12-17,-0.007545384767486377,-0.021718746987103188,1.8446554093485332,2.5011627287789127,btc_crypto_range_gk_60d__naive_scaling,0.3538352945462772,0.0
0,2023-12-18,0.011168387346439573,0.031168174368993107,1.8653727095539876,2.580347009339346,btc_crypto_range_gk_60d__naive_scaling,0.3538352945462772,0.0
0,2023-12-19,-0.002999701121172331,-0.008871130947502692,1.8597855330650699,2.557557646295663,btc_crypto_range_gk_60d__naive_scaling,0.3538352945462772,0.0
0,2023-12-20,0.011496872127822796,0.03209797844648321,1.8812906333431938,2.64098178724393,btc_crypto_range_gk_60d__naive_scaling,0.3538352945462772,0.0
0,2023-12-21,0.0019323508885425698,0.005068429195633328,1.884929461584358,2.654401395879648,btc_crypto_range_gk_60d__naive_scaling,0.3538352945462772,0.0
0,2023-12-22,0.0012302061216892693,0.003082597097094464,1.887249740264843,2.662596470484295,btc_crypto_range_gk_60d__naive_scaling,0.3538352945462772,0.0
0,2023-12-23,-0.0019254938121857474,-0.0058359590292003105,1.8836193488376758,2.6471029204067817,btc_crypto_range_gk_60d__naive_scaling,0.4112149660200349,0.057379671473757665
0,2023-12-24,-0.006590755692497959,-0.016224947024232605,1.871245694548642,2.60450036246398,btc_crypto_range_gk_60d__naive_scaling,0.4112149660200349,0.0
0,2023-12-25,0.005289833696846593,0.012554855828538436,1.8811705002212218,2.637405617163002,btc_crypto_range_gk_60d__naive_scaling,0.4112149660200349,0.0
0,2023-12-26,-0.010068933256121803,-0.02479543979908172,1.86232416050473,2.572814081997944,btc_crypto_range_gk_60d__naive_scaling,0.4112149660200349,0.0
0,2023-12-27,0.02241495386973693,0.02201091993872417,1.9045394298060359,2.6300719239878543,btc_crypto_intraday_rv_3d__priority_stack,0.8818059818958742,0.47059101587583935
0,2023-12-28,-0.01782123817803141,-0.02011303353604177,1.8708988279373435,2.5777016273967086,btc_crypto_intraday_rv_3d__priority_stack,0.8818059818958742,0.0
0,2023-12-29,-0.010568791816650597,-0.012014112639853636,1.8512298096788533,2.546918118237081,btc_crypto_intraday_rv_3d__priority_stack,0.8284983351780647,0.05330764671780952
0,2023-12-30,0.0010876447408064169,0.0013199114493982478,1.85324438541813,2.5502820441758263,btc_crypto_intraday_rv_3d__priority_stack,0.8284983351780647,0.0
0,2023-12-31,0.002555342966247463,0.00303995366017773,1.8579861162171647,2.558046579344513,btc_crypto_intraday_rv_3d__priority_stack,0.8284983351780647,0.0
0,2024-01-01,0.03691749260685752,0.04451517235597002,1.9278601563347968,2.6744910073836152,btc_crypto_intraday_rv_3d__priority_stack,0.8284983351780647,0.0
0,2024-01-02,0.013985519285000846,0.0168357183396175,1.9550117034157657,2.7198991515075224,btc_crypto_intraday_rv_3d__priority_stack,0.9925005277618111,0.16400219258374638
0,2024-01-03,-0.047338007223649566,-0.04756514964920022,1.8646216662506268,2.593555342017141,btc_crypto_intraday_rv_3d__priority_stack,0.7932226597552191,0.19927786800659197
0,2024-01-04,0.024568461668560273,0.031117269132183267,1.910999940774502,2.6755284773245203,btc_crypto_intraday_rv_3d__priority_stack,0.44322265975521913,0.35
0,2024-01-05,-0.0005860935092681465,-0.0009632549663880496,1.9098802442684812,2.672952502090672,btc_crypto_intraday_rv_3d__priority_stack,0.3552376531478805,0.0879850066073386
0,2024-01-06,-0.0013396548910292465,-0.003966938899974792,1.9073233769003002,2.6623700666473815,btc_crypto_intraday_rv_3d__priority_stack,0.3552376531478805,0.0
0,2024-01-07,-0.0002547593744473571,-0.0011110831022964618,1.9068375302795506,2.6594135950012623,btc_crypto_intraday_rv_3d__priority_stack,0.592945965793059,0.2377083126451785
0,2024-01-08,0.03958919138012786,0.06693811974354169,1.9838418993734375,2.843522968356107,btc_crypto_intraday_rv_3d__priority_stack,0.6876649505389605,0.09471898474590146
0,2024-01-09,-0.012648705327282739,-0.018382090448403332,1.9589068979594495,2.7917305567422552,btc_crypto_intraday_rv_3d__priority_stack,0.7451107618835597,0.05744581134459925
0,2024-01-10,0.008588167734680673,0.011513596102719958,1.975802767407773,2.8240591669500628,btc_crypto_intraday_rv_3d__priority_stack,0.45024448899436365,0.2948662728891961
0,2024-01-11,-0.0030192099758198244,-0.006446314880882653,1.969846400268375,2.805912943292238,btc_crypto_intraday_rv_3d__priority_stack,0.349149965998009,0.10109452299635463
0,2024-01-12,-0.028043852581264614,-0.08049183363740475,1.9153717281702154,2.5889104780530783,btc_crypto_intraday_rv_3d__priority_stack,0.349149965998009,0.0
0,2024-01-13,0.0006760454225583079,0.0015331561218356882,1.9166670442564637,2.5928827262616325,btc_crypto_intraday_rv_3d__priority_stack,0.09883040857278372,0.25031955742522527
0,2024-01-14,-0.0026327774309298168,-0.02658489988479218,1.9116275233990863,2.524859401492698,btc_crypto_intraday_rv_3d__priority_stack,0.09883040857278372,0.0
0,2024-01-15,0.002014848872276219,0.018415123098929342,1.9154830468029818,2.5717857492959464,btc_crypto_intraday_rv_3d__priority_stack,0.09883040857278372,0.0
0,2024-01-16,0.00021624645831901047,0.015270984360824968,1.9158973080174688,2.6113608555844263,btc_crypto_composite_fast__peg_aware_vol,0.0,0.09883040857278372
0,2024-01-17,0.00021703993719223875,-0.009595142638117338,1.9163131793775823,2.586424301908894,btc_crypto_composite_fast__peg_aware_vol,0.0,0.0
0,2024-01-18,0.00021624645831901047,-0.034874315381715704,1.9167276201247094,2.4977792273647608,btc_crypto_composite_fast__peg_aware_vol,0.0,0.0
0,2024-01-19,0.00021624645831901047,0.008616224809088635,1.9171421505028712,2.5193936383033053,btc_crypto_composite_fast__peg_aware_vol,0.0,0.0
0,2024-01-20,0.00021624645831901047,0.0006456432273633794,1.917556770531452,2.5210207929671085,btc_crypto_composite_fast__peg_aware_vol,0.25,0.25
0,2024-01-21,-0.0006659162610762238,-0.0025124044192619266,1.916280263367029,2.5146949190900507,btc_crypto_composite_fast__peg_aware_vol,0.22886934150360772,0.021130658496392285
0,2024-01-22,-0.01139283925591475,-0.05043486761961269,1.8945722829247482,2.3910118009558383,btc_crypto_composite_fast__peg_aware_vol,0.0,0.22886934150360772
0,2024-01-23,3.31509851161243e-05,0.008766577072249149,1.8946350909033685,2.4120649373282226,btc_crypto_composite_fast__peg_aware_vol,0.0,0.0
0,2024-01-24,0.00021584971864629292,0.005621997505347309,1.8950440914944207,2.425663750818417,btc_crypto_composite_fast__peg_aware_vol,0.047186928958212956,0.047186928958212956
0,2024-01-25,-2.4120071752835742e-05,-0.004069664335714762,1.8949983834462019,2.4158121734647313,btc_crypto_composite_fast__peg_aware_vol,0.2541815566410338,0.20699462768282084
0,2024-01-26,0.011661619100519905,0.045897232890038,1.9172264887329864,2.529275168857385,btc_crypto_composite_fast__peg_aware_vol,0.004181556641033812,0.25
0,2024-01-27,4.768441026059591e-05,0.007828969508034689,1.9173179127271702,2.5491545028434346,btc_crypto_composite_fast__peg_aware_vol,0.004181556641033812,0.0
0,2024-01-28,0.0002060621020086818,-0.0021248136940084095,1.9177130399954654,2.5437437748777985,btc_crypto_composite_fast__peg_aware_vol,0.2541815566410338,0.25
0,2024-01-29,0.007428462359991709,0.029380847097653984,1.9320117420628047,2.6195898771495205,btc_crypto_composite_fast__peg_aware_vol,0.004181556641033812,0.25
0,2024-01-30,-1.830872435398668e-05,-0.00776402094387052,1.931976369716183,2.5993300770069565,btc_crypto_composite_fast__peg_aware_vol,0.004181556641033812,0.0
0,2024-01-31,0.00017747682447604715,-0.008771887518870258,1.9323192811757612,2.5766287582189773,btc_crypto_composite_fast__peg_aware_vol,0.004181556641033812,0.0
0,2024-02-01,0.00026203510628969,0.011449835890031679,1.932825683008621,2.6063002775058126,btc_crypto_composite_fast__peg_aware_vol,0.004181556641033812,0.0
0,2024-02-02,0.00022547777289026163,0.0026128362823722995,1.9332615413753511,2.6131190176802552,btc_crypto_composite_fast__peg_aware_vol,0.2541815566410338,0.25
0,2024-02-03,-0.0011702352312018707,-0.004449276538489144,1.9310004938452783,2.601518354958131,btc_crypto_composite_fast__peg_aware_vol,0.3114719755053502,0.057290418864316406
0,2024-02-04,-0.0028862675911943904,-0.00959566479497731,1.9254351451076896,2.576674444413517,btc_crypto_composite_fast__peg_aware_vol,0.06147197550535022,0.25
0,2024-02-05,0.0018780016096062544,0.0020374211351015248,1.9290545129349377,2.581929567015898,btc_crypto_composite_fast__regime_switch,0.9553002284661183,0.8938282529607681
0,2024-02-06,0.009620002859481405,0.010060035724897887,1.947701571436922,2.6080349611334515,btc_crypto_composite_fast__regime_switch,1.0388465700099714,0.0835463415438531
0,2024-02-07,0.029245426855204808,0.02822421942191511,2.0055040444906016,2.6826933433701754,btc_crypto_composite_fast__regime_switch,1.0388465700099714,0.0
0,2024-02-08,0.022677697880163442,0.021837760797682293,2.051503873041531,2.7419217126211293,btc_crypto_composite_fast__regime_switch,1.0388465700099714,0.0
0,2024-02-09,0.0415713833933382,0.040024936901073005,2.1385852327151524,2.853892826843875,btc_crypto_composite_fast__regime_switch,1.0388465700099714,0.0
0,2024-02-10,0.013348902373737152,0.01285780574393769,2.167324389545083,2.8908245480697436,btc_crypto_composite_fast__regime_switch,0.7928956280925378,0.2459509419174336
0,2024-02-11,0.008524004793874187,0.010942249924966063,2.1858776346689472,2.9226303690355326,btc_crypto_composite_fast__regime_switch,0.7928956280925378,0.0
0,2024-02-12,0.027063198571606877,0.03407583086660715,2.2458422321758986,3.0239376900818002,btc_crypto_composite_fast__regime_switch,0.8436150614033091,0.050719433310771334
0,2024-02-13,-0.0038433099566554203,-0.004547752019423257,2.237227329838112,3.0102167946081804,btc_crypto_composite_fast__regime_switch,0.7689780914566711,0.07463696994663804
0,2024-02-14,0.031637048317440714,0.04115459710312663,2.309138123723296,3.1366855906347526,btc_crypto_composite_fast__regime_switch,0.7689780914566711,0.0
0,2024-02-15,0.001764008518689211,0.0022292366705460864,2.313215057860456,3.1436858048455183,btc_crypto_composite_fast__regime_switch,0.6732100193830702,0.09576807207360083
0,2024-02-16,0.0031038903716904638,0.0046196093558243945,2.320406178257528,3.158242001285265,btc_crypto_composite_fast__regime_switch,0.6732100193830702,0.0
0,2024-02-17,-0.006608250809593775,-0.009920809469067038,2.3051229057175737,3.12706459241258,btc_crypto_composite_fast__regime_switch,0.6732100193830702,0.0
0,2024-02-18,0.005860637417336349,0.008600733389663162,2.3186720598290362,3.154075632133554,btc_crypto_composite_fast__regime_switch,0.6732100193830702,0.0
0,2024-02-19,-0.004158413612683837,-0.006281770942642595,2.3090500823188127,3.13432455230555,btc_crypto_composite_fast__regime_switch,0.6732100193830702,0.0
0,2024-02-20,0.0064397332907253696,0.009460934302774504,2.323967730287922,3.164118909969758,btc_crypto_composite_fast__regime_switch,0.8136360260971992,0.14042600671412897
0,2024-02-21,-0.006455927350265702,-0.007846030597795206,2.3090126897270675,3.1393902738630177,btc_crypto_composite_fast__regime_switch,0.8136360260971992,0.0
0,2024-02-22,-0.00922533908557308,-0.011387941705743643,2.2878092196917645,3.103841876147453,btc_crypto_composite_fast__regime_switch,0.8136360260971992,0.0
0,2024-02-23,-0.008922378650787861,-0.011015678817772212,2.267487314237362,3.069838579480061,btc_crypto_composite_fast__regime_switch,0.8136360260971992,0.0
0,2024-02-24,0.013461758939756811,0.016495563153549497,2.2982180627433557,3.120897258707308,btc_crypto_composite_fast__regime_switch,0.884018702950606,0.07038267685340682
0,2024-02-25,0.0011733094262439835,0.0031552239944616645,2.3009161662055195,3.130759939924168,btc_crypto_range_gk_60d__naive_scaling,0.32555382840166947,0.5584648745489366
0,2024-02-26,0.017237813065907135,0.0524995555883816,2.34092275134476,3.2995144555960434,btc_crypto_range_gk_60d__naive_scaling,0.32555382840166947,0.0
0,2024-02-27,0.015232586836658735,0.04634176877843288,2.3768540288210827,3.456018112306954,btc_crypto_range_gk_60d__naive_scaling,0.32555382840166947,0.0
0,2024-02-28,0.029798455525020077,0.09108358232083091,2.4487464294932804,3.785585914855454,btc_crypto_range_gk_60d__naive_scaling,0.32555382840166947,0.0
0,2024-02-29,-0.007165184990064693,-0.02245721275001955,2.4312634176371746,3.7015196862114816,btc_crypto_range_gk_60d__naive_scaling,0.32555382840166947,0.0
0,2024-03-01,0.006699327021067202,0.020132717210820772,2.44760592713173,3.7767965566526986,btc_crypto_range_gk_60d__naive_scaling,0.32555382840166947,0.0
0,2024-03-02,-0.0018458770402175328,-0.006115489124942641,2.4430921148002556,3.7537700792337776,btc_crypto_range_gk_60d__naive_scaling,0.32555382840166947,0.0
0,2024-03-03,0.0061413937248219995,0.018418919836713954,2.4581422725519237,3.8235511425179345,btc_crypto_range_gk_60d__naive_scaling,0.32555382840166947,0.0
0,2024-03-04,0.025688902190381828,0.0784578482207543,2.5221073273686776,4.135620830000155,btc_crypto_range_gk_60d__naive_scaling,0.32555382840166947,0.0
0,2024-03-05,-0.021972017295427724,-0.06794083534124873,2.4672959053959507,3.8639756792115105,btc_crypto_range_gk_60d__naive_scaling,0.32555382840166947,0.0
0,2024-03-06,0.011598605089897662,0.03517766444768888,2.4960796994889627,4.002320374590484,btc_crypto_range_gk_60d__naive_scaling,0.32555382840166947,0.0
0,2024-03-07,0.004024673570468507,0.011912904955797998,2.5061458483793593,4.050284767194041,btc_crypto_range_gk_60d__naive_scaling,0.32555382840166947,0.0
0,2024-03-08,0.006694952681671041,0.020115992917180137,2.5229806675250606,4.132585269802694,btc_crypto_range_gk_60d__naive_scaling,0.32555382840166947,0.0
0,2024-03-09,0.001123546937206564,0.0030023691216385373,2.525816947775317,4.145011460881117,btc_crypto_range_gk_60d__naive_scaling,0.32555382840166947,0.0
0,2024-03-10,0.0028524635387075265,0.008313062625042278,2.5330320340173555,4.179612823116364,btc_crypto_range_gk_60d__naive_scaling,0.32555382840166947,0.0
0,2024-03-11,0.01429227755430071,0.0434509656660822,2.5694947780479955,4.365224334343068,btc_crypto_range_gk_60d__naive_scaling,0.32555382840166947,0.0
0,2024-03-12,-0.002718684873318458,-0.008801414565892784,2.5625186187491016,4.326972766187128,btc_crypto_range_gk_60d__naive_scaling,0.32555382840166947,0.0
0,2024-03-13,0.007412911772307958,0.022319695867267342,2.5815849242954907,4.424635327349145,btc_crypto_range_gk_60d__naive_scaling,0.4414463401416406,0.11589251173997112
0,2024-03-14,-0.010639125533908143,-0.024165703973171304,2.5542647075171425,4.31899250746409,btc_crypto_range_gk_60d__naive_scaling,0.4414463401416406,0.0
0,2024-03-15,-0.011701733795468204,-0.026782833544528373,2.5245495801964326,4.2048529630674,btc_crypto_range_gk_60d__naive_scaling,0.4414463401416406,0.0
0,2024-03-16,-0.014668855765688634,-0.06278502209986137,2.487787613709885,3.948968097118558,btc_crypto_composite_fast__regime_switch,0.5079928488169744,0.0665465086753338
0,2024-03-17,0.02346132032959659,0.046401655763760985,2.546844462772816,4.136524569490816,btc_crypto_composite_fast__regime_switch,0.5079928488169744,0.0
0,2024-03-18,-0.0057908199843694375,-0.011610006711352483,2.5321387650793086,4.0887772014392,btc_crypto_composite_fast__regime_switch,0.5079928488169744,0.0
0,2024-03-19,-0.04387657574816066,-0.08658302228132797,2.423439304838608,3.749651604946938,btc_crypto_composite_fast__regime_switch,0.5079928488169744,0.0
0,2024-03-20,0.04641761136167292,0.09116432695525489,2.538581201623585,4.1075521094919525,btc_crypto_composite_fast__regime_switch,0.22611291706286438,0.28187993175410997
0,2024-03-21,-0.008307368657825037,-0.03648679719321457,2.5175796264083026,3.960381900279438,btc_crypto_composite_fast__regime_switch,0.22611291706286438,0.0
0,2024-03-22,-0.00559457161789225,-0.025483855876753836,2.5035341726673517,3.8607312332610007,btc_crypto_composite_fast__regime_switch,0.22611291706286438,0.0
0,2024-03-23,0.0010741387890163805,0.004008976702353451,2.5062247606055825,3.876239880961744,btc_crypto_composite_fast__regime_switch,0.22611291706286438,0.0
0,2024-03-24,0.01109211611584509,0.04831417366747637,2.534178845027382,4.0681150299713495,btc_crypto_composite_fast__regime_switch,0.22611291706286438,0.0
0,2024-03-25,0.009102722949099777,0.03951594492147237,2.557352082728303,4.232088893837386,btc_crypto_composite_fast__regime_switch,0.22611291706286438,0.0
0,2024-03-26,0.0004238681526746125,0.0011331098797562333,2.5584362925961317,4.236887033471336,btc_crypto_composite_fast__regime_switch,0.4634613521303641,0.23734843506749972
0,2024-03-27,-0.003788185387521074,-0.00801432785009304,2.548762795685605,4.203066935418481,btc_crypto_composite_fast__regime_switch,0.4634613521303641,0.0
0,2024-03-28,0.008599583055979708,0.018304321533065604,2.5707756078815045,4.280709654854414,btc_crypto_composite_fast__regime_switch,0.4634613521303641,0.0
0,2024-03-29,-0.005458429532928299,-0.012028331932619096,2.556781438221096,4.22952828852859,btc_crypto_composite_fast__regime_switch,0.4634613521303641,0.0
0,2024-03-30,-0.0013725161886052595,-0.0032122498029192315,2.553274621438326,4.215963785067937,btc_crypto_composite_fast__regime_switch,0.5456193479820226,0.0821579958516585
0,2024-03-31,0.012799136928994393,0.023398042784599227,2.5861643641025625,4.315772193338464,btc_crypto_composite_fast__regime_switch,0.618790840805171,0.07317149282314839
0,2024-04-01,-0.01408591251543477,-0.022801984581048984,2.5499912429286846,4.218477493951875,btc_crypto_composite_fast__regime_switch,0.618790840805171,0.0
0,2024-04-02,-0.03907773570904537,-0.06328425460544018,2.4522652502161786,3.9597861644049446,btc_crypto_composite_fast__regime_switch,0.6996374274332287,0.08084658662805766
0,2024-04-03,0.006564180026691973,0.009382377490775085,2.4684153087475655,3.997113207364494,btc_crypto_composite_fast__regime_switch,0.6457914856285437,0.05384594180468494
0,2024-04-04,0.024374212050514068,0.037692126829671935,2.529320226317259,4.150648259870334,btc_crypto_composite_fast__regime_switch,0.6457914856285437,0.0
0,2024-04-05,0.00021545297881617293,-0.011460954057607609,2.52986523460412,4.103349433430679,btc_crypto_composite_fast__peg_aware_vol,0.0,0.6457914856285437
0,2024-04-06,0.00021545297881617293,0.015539881011680023,2.530410360327291,4.167613026435057,btc_crypto_composite_fast__peg_aware_vol,0.0,0.0
0,2024-04-07,0.00021545297881617293,0.007665887913200109,2.530955603512076,4.1996842509097885,btc_crypto_composite_fast__peg_aware_vol,0.0,0.0
0,2024-04-08,0.00021545297881617293,0.03193130777920672,2.531500964183785,4.335949649577806,btc_crypto_composite_fast__peg_aware_vol,0.0,0.0
0,2024-04-09,0.00021545297881617293,-0.03549037345418604,2.5320464423677342,4.184763865911319,btc_crypto_composite_fast__peg_aware_vol,0.0,0.0
0,2024-04-10,0.00021624645831901047,0.020688520567562207,2.532594047649913,4.272242217916493,btc_crypto_composite_fast__peg_aware_vol,0.0,0.0
0,2024-04-11,0.00021624645831901047,-0.007550300769340268,2.5331417713625988,4.240106972257889,btc_crypto_composite_fast__peg_aware_vol,0.0,0.0
0,2024-04-12,0.00021624645831901047,-0.042027554126915945,2.533689613531405,4.06559841653465,btc_crypto_composite_fast__peg_aware_vol,0.0,0.0
0,2024-04-13,0.00021624645831901047,-0.04851930916531444,2.5342375741819505,3.8730473841476782,btc_crypto_composite_fast__peg_aware_vol,0.0,0.0
0,2024-04-14,0.00021624645831901047,0.027328980303837014,2.5347856533398585,3.9803534235600346,btc_crypto_composite_fast__peg_aware_vol,0.0,0.0
0,2024-04-15,0.00021624645831901047,-0.035667972111642854,2.5353338510307593,3.8408843637032564,btc_crypto_composite_fast__peg_aware_vol,0.0,0.0
0,2024-04-16,0.00021624645831901047,0.005446810552086845,2.5358821672802874,3.8618620119594924,btc_crypto_composite_fast__peg_aware_vol,0.05943390487035206,0.05943390487035206
0,2024-04-17,-0.0022434542430201584,-0.04036923387827862,2.530199408560369,3.709066470690038,btc_crypto_composite_fast__peg_aware_vol,0.0,0.05943390487035206
0,2024-04-18,0.0001690960739380441,0.03484553802531565,2.530627291522282,3.840589067505436,btc_crypto_composite_fast__peg_aware_vol,0.0,0.0
0,2024-04-19,0.00021624645831901047,0.006227699025012967,2.5311745898849325,3.864581732299475,btc_crypto_composite_fast__peg_aware_vol,0.0,0.0
0,2024-04-20,0.00021624645831901047,0.018069507252647554,2.5317220066117128,3.9350475438980776,btc_crypto_composite_fast__peg_aware_vol,0.0,0.0
0,2024-04-21,0.00021624645831901047,-0.0006957700218599427,2.5322695417282217,3.9323106080318153,btc_crypto_composite_fast__peg_aware_vol,0.25,0.25
0,2024-04-22,0.007120418864552216,0.02863650674172291,2.5503647076711817,4.046546093437037,btc_crypto_composite_fast__peg_aware_vol,0.0,0.25
0,2024-04-23,1.6246458319010463e-05,-0.0073839139504165985,2.550406142401686,4.016776787540434,btc_crypto_composite_fast__peg_aware_vol,0.0,0.0
0,2024-04-24,0.00021664319783432572,-0.031671787015710606,2.550958730399207,3.891551805724146,btc_crypto_composite_fast__peg_aware_vol,0.0,0.0
0,2024-04-25,0.00021703993719223875,0.00249380407703903,2.551512450409337,3.9012686844433326,btc_crypto_range_gk_60d__peg_aware_vol,0.25,0.25
0,2024-04-26,-0.0026172137401527427,-0.010318784554113947,2.544843328032165,3.861219319148628,btc_crypto_range_gk_60d__peg_aware_vol,0.0,0.25
0,2024-04-27,1.6643197834325714e-05,-0.006473078683669087,2.544885682715589,3.836306062406734,btc_crypto_range_gk_60d__peg_aware_vol,0.0,0.0
0,2024-04-28,0.00021664319783432572,-0.004917545404087065,2.5454370746135107,3.817487162481893,btc_crypto_range_gk_60d__peg_aware_vol,0.10553720060621927,0.10553720060621927
0,2024-04-29,0.0012914397480097146,0.011204059698718183,2.5487264768029148,3.8604990203185543,btc_crypto_range_gk_60d__peg_aware_vol,0.0,0.10553720060621927
0,2024-04-30,0.00013221343734935031,-0.051527229078780934,2.549063474968628,3.6666162202328696,btc_crypto_range_gk_60d__peg_aware_vol,0.0,0.0
0,2024-05-01,0.00021664319783432572,-0.038340361587977156,2.5496157720548713,3.5286976469491895,btc_crypto_range_gk_60d__peg_aware_vol,0.0,0.0
0,2024-05-02,0.00021664319783432572,0.013532924556420411,2.5501681888054835,3.5767758314584834,btc_crypto_range_gk_60d__peg_aware_vol,0.0,0.0
0,2024-05-03,0.00021624645831901047,0.06158551587820149,2.5507197132748876,3.8039777850122665,btc_crypto_range_gk_60d__peg_aware_vol,0.0,0.0
0,2024-05-04,0.00021624645831901047,0.01622175358154898,2.5512713570224013,3.8661881920248256,btc_crypto_range_gk_60d__peg_aware_vol,0.0,0.0
0,2024-05-05,0.00021624645831901047,0.0028433391405666697,2.5518231200738204,3.8771967193076513,btc_crypto_range_gk_60d__peg_aware_vol,0.25,0.25
0,2024-05-06,-0.0037114853704360486,-0.014694680856701225,2.5423696200112422,3.820639116580274,btc_crypto_range_gk_60d__peg_aware_vol,0.0,0.25
0,2024-05-07,1.6246458319010463e-05,-0.012732619403742262,2.5424109248488334,3.7723007628081704,btc_crypto_range_gk_60d__peg_aware_vol,0.0,0.0
0,2024-05-08,0.00021624645831901047,-0.0186548557606514,2.5429607716559928,3.702581360758765,btc_crypto_range_gk_60d__peg_aware_vol,0.0,0.0
0,2024-05-09,0.00021664319783432572,0.029899309076203195,2.543511746489852,3.814957599580772,btc_crypto_range_gk_60d__peg_aware_vol,0.0,0.0
0,2024-05-10,0.00021703993719223875,-0.03605922967242137,2.5440638500316495,3.6798438560842515,btc_crypto_range_gk_60d__peg_aware_vol,0.0,0.0
0,2024-05-11,0.00021703993719223875,-0.00022020999965732813,2.54461607341497,3.679033606885726,btc_crypto_range_gk_60d__peg_aware_vol,0.25,0.25
0,2024-05-12,0.002734416086494276,0.011086544534400389,2.5515836343039684,3.7200483123943293,btc_crypto_range_gk_60d__peg_aware_vol,0.0,0.25
0,2024-05-13,1.6246458319010463e-05,0.022563291085390347,2.5516250888378744,3.8049389499315587,btc_crypto_range_gk_60d__peg_aware_vol,0.0,0.0
0,2024-05-14,0.00021584971864629292,-0.021001577595740173,2.552175915841179,3.725862500892541,btc_crypto_range_gk_60d__peg_aware_vol,0.0,0.0
0,2024-05-15,0.03816342387222812,0.07347442756047329,2.65145811173139,4.009926036774052,btc_crypto_range_gk_60d__vol_target_clip,0.5549705922761268,0.5549705922761268
0,2024-05-16,-0.008904518615775583,-0.016165130513916992,2.6279529599582636,3.9456261671158597,btc_crypto_range_gk_60d__vol_target_clip,0.5549705922761268,0.0
0,2024-05-17,0.015492352226078107,0.0277419017265661,2.6689831391971612,4.056617781429979,btc_crypto_range_gk_60d__vol_target_clip,0.5549705922761268,0.0
0,2024-05-18,-0.0007453308807282242,-0.001516735276540615,2.666994604793479,4.050469629875261,btc_crypto_range_gk_60d__vol_target_clip,0.5549705922761268,0.0
0,2024-05-19,-0.005129463977402214,-0.009416492773047125,2.653349378307864,4.01250742778858,btc_crypto_range_gk_60d__vol_target_clip,0.5549705922761268,0.0
0,2024-05-20,0.04153471335653733,0.07466787952369813,2.7658761921433612,4.323581973135306,btc_crypto_range_gk_60d__vol_target_clip,0.5845082524388314,0.02953766016270465
0,2024-05-21,-0.010962436497397298,-0.01886826223944915,2.7357210389937867,4.242768298984976,btc_crypto_range_gk_60d__vol_target_clip,0.5845082524388314,0.0
0,2024-05-22,-0.007938867900700275,-0.013735848015954844,2.7140884936289877,4.184888701168719,btc_crypto_range_gk_60d__vol_target_clip,0.5845082524388314,0.0
0,2024-05-23,-0.01059514663647446,-0.018280597498421258,2.6854841293580587,4.109081447290233,btc_crypto_range_gk_60d__vol_target_clip,0.5845082524388314,0.0
0,2024-05-24,0.005189876855919412,0.008725049430482912,2.699457690454015,4.1450902468748785,btc_crypto_range_gk_60d__vol_target_clip,0.5845082524388314,0.0
0,2024-05-25,0.006492302754323679,0.010953291534798737,2.717040401435174,4.190742191896535,btc_crypto_range_gk_60d__vol_target_clip,0.5845082524388314,0.0
0,2024-05-26,-0.00595154952413094,-0.010336146598081797,2.700917825670734,4.147649157861234,btc_crypto_range_gk_60d__vol_target_clip,0.5845082524388314,0.0
0,2024-05-27,0.006981296169271541,0.011789880946338371,2.719839705712998,4.196838848151193,btc_crypto_range_gk_60d__vol_target_clip,0.5845082524388314,0.0
0,2024-05-28,-0.00896958168943841,-0.01549951623865553,2.6955529650715153,4.132291395625497,btc_crypto_range_gk_60d__vol_target_clip,0.5845082524388314,0.0
0,2024-05-29,-0.005718312329122189,-0.009937115114718509,2.680182938505891,4.091431690364995,btc_crypto_range_gk_60d__vol_target_clip,0.5845082524388314,0.0
0,2024-05-30,0.00640266180795485,0.010799930233234889,2.697398296692175,4.135858337700249,btc_crypto_range_gk_60d__vol_target_clip,0.5845082524388314,0.0
0,2024-05-31,-0.00739686544756222,-0.01280885064871029,2.677519615035937,4.083220580208619,btc_crypto_range_gk_60d__vol_target_clip,0.5845082524388314,0.0
0,2024-06-01,0.002209087970987787,0.003625397077424708,2.683441029464213,4.098050742536814,btc_crypto_range_gk_60d__vol_target_clip,0.5845082524388314,0.0
0,2024-06-02,0.0005147709245530529,0.0007266919875217326,2.6848227424862676,4.101029845489895,btc_crypto_range_gk_60d__vol_target_clip,0.6112744854575622,0.026766233018730823
0,2024-06-03,0.009440323312660235,0.015339420257591385,2.7102883498723913,4.164422223943439,btc_crypto_range_gk_60d__vol_target_clip,0.6112744854575622,0.0
0,2024-06-04,0.016332857089231677,0.024683629986775202,2.754918579609691,4.268494437176336,btc_crypto_composite_slow__hysteresis,0.6595843978158556,0.048309912358293405
0,2024-06-05,0.00527179027694424,0.00787975926765938,2.769480281987344,4.302262011233359,btc_crypto_composite_slow__hysteresis,0.6595843978158556,0.0
0,2024-06-06,-0.002848689743412079,-0.004431750900328879,2.7616021184629083,4.2832376444561175,btc_crypto_composite_slow__hysteresis,0.6595843978158556,0.0
0,2024-06-07,-0.013460679855517623,-0.020520859744088682,2.724678144870964,4.196237635984507,btc_crypto_composite_slow__hysteresis,0.6595843978158556,0.0
0,2024-06-08,-0.00027304889483835556,-0.0005270105803596437,2.7239342760756147,4.194026756982124,btc_crypto_composite_slow__hysteresis,0.6595843978158556,0.0
0,2024-06-09,0.0033115058560867798,0.004907555129191721,2.732969552310728,4.214659761899283,btc_crypto_composite_slow__hysteresis,0.6595843978158556,0.0
0,2024-06-10,-0.0010973885940514301,-0.001776797115551787,2.729972067699657,4.20717781551007,btc_crypto_composite_slow__hysteresis,0.6916209490078078,0.032036551191952145
0,2024-06-11,-0.021991557232784065,-0.031857725424748295,2.670591064273255,4.0752591708227985,btc_crypto_composite_slow__hysteresis,0.6916209490078078,0.0
0,2024-06-12,0.009226126926483395,0.013242379349298616,2.6953442890120622,4.129584201169326,btc_crypto_composite_slow__hysteresis,0.6916209490078078,0.0
0,2024-06-13,-0.015393243917968811,-0.02235424461035862,2.654171898241975,4.038294622099534,btc_crypto_composite_slow__hysteresis,0.728427737718669,0.03680678871086118
0,2024-06-14,-0.00801051775506757,-0.011038082307548436,2.632995537171913,3.9939647024225176,btc_crypto_composite_slow__hysteresis,0.728427737718669,0.0
0,2024-06-15,0.002216097410299797,0.002960793910887105,2.6388369819778705,4.005807532231459,btc_crypto_composite_slow__hysteresis,0.728427737718669,0.0
0,2024-06-16,0.0047071860159519216,0.00638060959974851,2.6512877595910105,4.031448742510184,btc_crypto_composite_slow__hysteresis,0.7596805820652901,0.03125284434662112
0,2024-06-17,-0.0016026662672182907,-0.002146033032691008,2.6470420332839675,4.022806397035421,btc_crypto_composite_slow__hysteresis,0.7596805820652901,0.0
0,2024-06-18,-0.015261324433851392,-0.02015816876071952,2.6069513625076106,3.942525859596342,btc_crypto_composite_slow__hysteresis,0.7855493757387714,0.025868793673481272
0,2024-06-19,-0.0024228797030242076,-0.0031175433862564716,2.6006426786418446,3.9302540031393374,btc_crypto_composite_slow__hysteresis,0.7855493757387714,0.0
0,2024-06-20,-0.0015538003590625305,-0.002037554864561031,2.59660493684866,3.922254047917857,btc_crypto_composite_slow__hysteresis,0.8127560972525586,0.027206721513787224
0,2024-06-21,-0.00901336861814825,-0.011113286323320537,2.5733059383636157,3.8789062301446595,btc_crypto_composite_slow__hysteresis,0.8127560972525586,0.0
0,2024-06-22,0.0018197356996643307,0.0021887842205341457,2.5779929383029785,3.887405617163005,btc_crypto_composite_slow__hysteresis,0.8127560972525586,0.0
0,2024-06-23,-0.013149796467919849,-0.01622945000519138,2.5443147716797894,3.824824365324962,btc_crypto_composite_slow__hysteresis,0.8127560972525586,0.0
0,2024-06-24,-0.04245159283272126,-0.047685426444253665,2.4385650596317343,3.6467163123313995,btc_crypto_intraday_rv_3d__priority_stack,1.0764727765398345,0.26371667928727593
0,2024-06-25,0.027059056581531862,0.02529170203665032,2.505451186222906,3.7401242180399374,btc_crypto_intraday_rv_3d__priority_stack,0.8225679704765616,0.2539048060632729
0,2024-06-26,-0.013639221694326496,-0.01638140476203276,2.4715107686446496,3.6793548322681264,btc_crypto_intraday_rv_3d__priority_stack,0.6391968808096609,0.18337108966690074
0,2024-06-27,0.008450268101145101,0.013326676416717476,2.49248418795868,3.7287165870536834,btc_crypto_intraday_rv_3d__priority_stack,0.5667420795177857,0.0724548012918752
0,2024-06-28,-0.011920991619743965,-0.021098193293031642,2.462947706699516,3.6508714868526613,btc_crypto_intraday_rv_3d__priority_stack,0.7077039520772375,0.1409618725594518
0,2024-06-29,0.006393199115018195,0.009103259509817718,2.4787442632596894,3.684258050149522,btc_crypto_intraday_rv_3d__priority_stack,0.7619119199503642,0.05420796787312676
0,2024-06-30,0.02235236057254052,0.02932616918170794,2.534773913458665,3.793903101699285,btc_crypto_intraday_rv_3d__priority_stack,0.8876650449013181,0.12575312495095392
0,2024-07-01,0.002401882478494331,0.002791710478057041,2.540869459971075,3.804509378679857,btc_crypto_intraday_rv_3d__priority_stack,0.8876650449013181,0.0
0,2024-07-02,-0.011939492100394022,-0.013477914153218862,2.5107131528555544,3.753576533150023,btc_crypto_intraday_rv_3d__priority_stack,1.0147679677307113,0.12710292282939317
0,2024-07-03,-0.031063864432471496,-0.03050842935518716,2.4339196268348275,3.6407900262498987,btc_crypto_intraday_rv_3d__priority_stack,0.905345161520052,0.10942280621065936
0,2024-07-04,-0.04909639251660675,-0.05415547598389736,2.317308957866741,3.4488651065184217,btc_crypto_intraday_rv_3d__priority_stack,0.7397468003258716,0.16559836119418037
0,2024-07-05,-0.003962936084471293,-0.00525428359977731,2.308143783074509,3.4307913151451883,btc_crypto_intraday_rv_3d__priority_stack,0.5521210370354759,0.1876257632903957
0,2024-07-06,0.015193327041573204,0.02761423075506997,2.3434799234597095,3.526850169855825,btc_crypto_intraday_rv_3d__priority_stack,0.40490761089185884,0.14721342614361704
0,2024-07-07,-0.017530762795914,-0.04332325276510396,2.302754945753845,3.377318044897124,btc_crypto_intraday_rv_3d__priority_stack,0.40490761089185884,0.0
0,2024-07-08,0.006626061726312057,0.016045978967444086,2.318063804876878,3.4319475389361345,btc_crypto_intraday_rv_3d__priority_stack,0.49569479289975577,0.09078718200789693
0,2024-07-09,0.011305402446774922,0.022733298919098033,2.344419147253984,3.5108606068820936,btc_crypto_intraday_rv_3d__priority_stack,0.49569479289975577,0.0
0,2024-07-10,-0.0021342530835453963,-0.0045259853612176215,2.3394208991203467,3.495006408169539,btc_crypto_intraday_rv_3d__priority_stack,0.49569479289975577,0.0
0,2024-07-11,-0.003438088557209316,-0.007155497183104487,2.331391573571917,3.470087160787572,btc_crypto_intraday_rv_3d__priority_stack,0.4339214183375121,0.06177337456224369
0,2024-07-12,0.004475522474322928,0.010146947514549254,2.3418491530662124,3.505477199865909,btc_crypto_intraday_rv_3d__priority_stack,0.5048465423506517,0.07092512401313966
0,2024-07-13,0.011034370586010648,0.02175795509394618,2.3678330789675903,3.58258502775663,btc_crypto_intraday_rv_3d__priority_stack,0.5048465423506517,0.0
0,2024-07-14,0.021167536980440844,0.026385378071774213,2.4184885071602635,3.6783710057861083,btc_crypto_range_gk_60d__vol_shock_throttle,0.8006168885543574,0.2957703462037057
0,2024-07-15,0.0511956159983386,0.06389155542973413,2.545528720669118,3.9210581285724464,btc_crypto_range_gk_60d__vol_shock_throttle,0.8006168885543574,0.0
0,2024-07-16,0.003985860797032244,0.0049248312996059695,2.5556950912139573,3.940416307127409,btc_crypto_range_gk_60d__vol_shock_throttle,0.8006168885543574,0.0
0,2024-07-17,-0.011943088807701655,-0.014971013807404177,2.525353743131513,3.8818636699750346,btc_crypto_range_gk_60d__vol_shock_throttle,0.8006168885543574,0.0
0,2024-07-18,-0.0022536936168041552,-0.0028686021178465637,2.519668778011472,3.870744104060447,btc_crypto_range_gk_60d__vol_shock_throttle,0.8006168885543574,0.0
0,2024-07-19,0.03359566260411754,0.04190856500593654,2.6057567138654893,4.036408568914749,btc_crypto_range_gk_60d__vol_shock_throttle,0.8006168885543574,0.0
0,2024-07-20,0.005506668755441069,0.006824376488010486,2.6201453332671556,4.064048746867014,btc_crypto_range_gk_60d__vol_shock_throttle,0.8006168885543574,0.0
0,2024-07-21,0.01136835168275442,0.014145834492596876,2.6501020233382446,4.121946649416849,btc_crypto_range_gk_60d__vol_shock_throttle,0.8006168885543574,0.0
0,2024-07-22,-0.006542170938027421,-0.008225068340994568,2.632821191610833,4.0881824034932075,btc_crypto_range_gk_60d__vol_shock_throttle,0.8006168885543574,0.0
0,2024-07-23,-0.019762184012783207,-0.024737154280236595,2.581301640880045,3.9882929882886033,btc_crypto_range_gk_60d__vol_shock_throttle,0.8006168885543574,0.0
0,2024-07-24,-0.006855141599152701,-0.008615683822309705,2.563666965777881,3.9540787182208637,btc_crypto_range_gk_60d__vol_shock_throttle,0.8006168885543574,0.0
0,2024-07-25,0.005440549144620353,0.006742185869050843,2.577652732523575,3.980827924612335,btc_crypto_range_gk_60d__vol_shock_throttle,0.8006168885543574,0.0
0,2024-07-26,0.025651500965730316,0.031986508357654486,2.6446287391559857,4.110219063790028,btc_crypto_range_gk_60d__vol_shock_throttle,0.8006168885543574,0.0
0,2024-07-27,-0.0007099339203903664,-0.0009398953480186378,2.6427518938041374,4.1063577029344485,btc_crypto_range_gk_60d__vol_shock_throttle,0.8006168885543574,0.0
0,2024-07-28,0.0050016063361491316,0.0061940289273643145,2.656003009228272,4.131871536472105,btc_crypto_range_gk_60d__vol_shock_throttle,0.8006168885543574,0.0
0,2024-07-29,-0.017116527993388943,-0.021432632408144414,2.610928320928681,4.044256912533024,btc_crypto_range_gk_60d__vol_shock_throttle,0.8006168885543574,0.0
0,2024-07-30,-0.007975053378901116,-0.010014494908809013,2.590188837366717,4.003957846467762,btc_crypto_range_gk_60d__vol_shock_throttle,0.7750595937751309,0.025557294779226525
0,2024-07-31,-0.0178466985877461,-0.023062147079160766,2.544372568522563,3.91267462110714,btc_crypto_range_gk_60d__vol_shock_throttle,0.7750595937751309,0.0
0,2024-08-01,0.008410768686771639,0.010789931678822029,2.565862946259972,3.9551206962697045,btc_crypto_range_gk_60d__vol_shock_throttle,0.7750595937751309,0.0
0,2024-08-02,-0.04840176243324016,-0.06251000245627125,2.444628309948554,3.715454883218828,btc_crypto_range_gk_60d__vol_shock_throttle,0.7750595937751309,0.0
0,2024-08-03,0.00020989860466716814,-0.011845380282112572,2.4451414878755235,3.671703544401535,btc_crypto_range_parkinson_20d__peg_aware_vol,0.0,0.7750595937751309
0,2024-08-04,0.00020989860466716814,-0.04343905878797649,2.445654773529129,3.51562274216406,btc_crypto_range_parkinson_20d__peg_aware_vol,0.0,0.0
0,2024-08-05,0.00021227905450871062,-0.07345342731141535,2.446173989919541,3.266644297576269,btc_crypto_range_parkinson_20d__peg_aware_vol,0.0,0.0
0,2024-08-06,0.00021188231326196315,0.0373312776767154,2.4466923458364525,3.39089713163312,btc_crypto_range_parkinson_20d__peg_aware_vol,0.0,0.0
0,2024-08-07,0.00021188231326196315,-0.016830653193350642,2.447210811595451,3.3343037060883063,btc_crypto_range_parkinson_20d__peg_aware_vol,0.0,0.0
0,2024-08-08,0.00021188231326196315,0.11380498826038377,2.4477293872198125,3.7361992898368515,btc_crypto_range_parkinson_20d__peg_aware_vol,0.0,0.0
0,2024-08-09,0.00021148557185781202,-0.014180174563284353,2.448247101411633,3.6835931949959417,btc_crypto_range_parkinson_20d__peg_aware_vol,0.0,0.0
0,2024-08-10,0.00021148557185781202,0.0011673779002201456,2.4487649251041144,3.6878958512094413,btc_crypto_range_parkinson_20d__peg_aware_vol,0.25,0.25
0,2024-08-11,-0.009101290655250846,-0.03623961933657682,2.426579116663664,3.5566405942714945,btc_crypto_range_parkinson_20d__peg_aware_vol,0.0,0.25
0,2024-08-12,1.1485571857812015e-05,0.009953243387403887,2.4266069874725327,3.592217462655316,btc_crypto_range_parkinson_20d__peg_aware_vol,0.0,0.0
0,2024-08-13,0.00021108883029625708,0.021354903176648676,2.427119271169888,3.669753863357738,btc_crypto_range_parkinson_20d__peg_aware_vol,0.0,0.0
0,2024-08-14,0.00021108883029625708,-0.032205331049905084,2.427631663016024,3.553451062521711,btc_crypto_range_parkinson_20d__peg_aware_vol,0.0,0.0
0,2024-08-15,0.00021188231326196315,-0.020523180643657213,2.428146089725568,3.481266209522334,btc_crypto_range_parkinson_20d__peg_aware_vol,0.0,0.0
0,2024-08-16,0.00021148557185781202,0.02345601925605756,2.4286596618945455,3.563888058536417,btc_crypto_range_parkinson_20d__peg_aware_vol,0.0,0.0
0,2024-08-17,0.00021148557185781202,0.010227332119763233,2.429173342688113,3.6005241507511276,btc_crypto_range_parkinson_20d__peg_aware_vol,0.0,0.0
0,2024-08-18,0.00021148557185781202,-0.017760667041953226,2.4296871321292453,3.5371409700480068,btc_crypto_range_parkinson_20d__peg_aware_vol,0.0,0.0
0,2024-08-19,0.00021069208857729815,0.0178020937317811,2.430199101917801,3.6006733116379372,btc_crypto_range_parkinson_20d__peg_aware_vol,0.0,0.0
0,2024-08-20,0.00020989860466716814,-0.008461781507849153,2.430709250856259,3.570333745215049,btc_crypto_range_parkinson_20d__peg_aware_vol,0.0,0.0
0,2024-08-21,0.00020870837762144043,0.03583487789923723,2.431216613184017,3.7005962502223797,btc_crypto_range_parkinson_20d__peg_aware_vol,0.0,0.0
0,2024-08-22,0.0002095018624759967,-0.012760945853674599,2.431726010950589,3.653673170040992,btc_crypto_range_parkinson_20d__peg_aware_vol,0.0,0.0
0,2024-08-23,0.03296038373751218,0.05959279129326589,2.513212163860115,3.878024214288218,btc_crypto_intraday_rv_1d__drawdown_modulated,0.6959796706022415,0.6959796706022415
0,2024-08-24,0.0010078807093477698,0.0015224167466865168,2.5157464588375444,3.8839326797282756,btc_crypto_intraday_rv_1d__drawdown_modulated,0.5424428003690681,0.15353687023317342
0,2024-08-25,0.0010242606225690603,0.0019389613608993272,2.51832455896953,3.891470780804295,btc_crypto_intraday_rv_1d__drawdown_modulated,0.9665488270952651,0.424106026726197
0,2024-08-26,-0.02203159236973234,-0.022450249730859184,2.463448581093828,3.805079669461898,btc_crypto_intraday_rv_1d__drawdown_modulated,0.9665488270952651,0.0
0,2024-08-27,-0.05395011523987542,-0.05582445030482219,2.3340667098984276,3.59848339987583,btc_crypto_intraday_rv_1d__drawdown_modulated,0.5032808725548468,0.46326795454041836
0,2024-08-28,-0.004113742941469166,-0.0076414838744156555,2.324484681958522,3.5710904417219633,btc_crypto_intraday_rv_1d__drawdown_modulated,0.4082025062691916,0.09507836628565519
0,2024-08-29,0.0025766315257164845,0.006198198812855438,2.3304817452643993,3.5932935086876374,btc_crypto_intraday_rv_1d__drawdown_modulated,0.4082025062691916,0.0
0,2024-08-30,-0.001844026500566147,-0.004817132691893988,2.326188235056997,3.576025760962568,btc_crypto_intraday_rv_1d__drawdown_modulated,0.5501831730036478,0.14198066673445625
0,2024-08-31,-0.0012347114491911982,-0.002206747147548427,2.323317836232008,3.568143077058994,btc_crypto_intraday_rv_1d__drawdown_modulated,0.5501831730036478,0.0
0,2024-09-01,-0.015119070240893736,-0.027649079832261947,2.2884556367777704,3.470838592792594,btc_crypto_intraday_rv_1d__drawdown_modulated,1.233021304192576,0.6828381311889281
0,2024-09-02,0.03664472131618853,0.030201556895274706,2.373870907214349,3.577262313790939,btc_crypto_intraday_rv_1d__drawdown_modulated,0.5852675438983962,0.6477537602941797
0,2024-09-03,-0.016629437517361664,-0.027673909172404976,2.334721190368767,3.4796227470049788,btc_crypto_intraday_rv_1d__drawdown_modulated,0.5852675438983962,0.0
0,2024-09-04,0.004726045513542014,0.007929371382653372,2.3457813036892547,3.507323648263498,btc_crypto_intraday_rv_1d__drawdown_modulated,0.7028999271070946,0.1176323832086984
0,2024-09-05,-0.02213550648511032,-0.031444179182269494,2.2944267231330238,3.3987546124903014,btc_crypto_intraday_rv_1d__drawdown_modulated,0.4441150182755162,0.2587849088315784
0,2024-09-06,-0.017952760604696492,-0.04021229349569211,2.2536029753901294,3.264794369766509,btc_crypto_intraday_rv_1d__drawdown_modulated,0.4441150182755162,0.0
0,2024-09-07,0.0019020414526155353,0.004027989588042402,2.257893500752097,3.2779714482463125,btc_crypto_intraday_rv_1d__drawdown_modulated,0.34382511022723433,0.10028990804828186
0,2024-09-08,0.004266780876919334,0.012254625426873389,2.2675480197747544,3.318388905092526,btc_crypto_intraday_rv_1d__drawdown_modulated,0.7924095172921418,0.4485844070649075
0,2024-09-09,0.030703404477069176,0.03914665442095533,2.338249294635182,3.4508688848574742,btc_crypto_intraday_rv_1d__drawdown_modulated,0.6975309175099005,0.09487859978224134
0,2024-09-10,0.0072484957338788646,0.010413403415839184,2.3552596599744238,3.4869919301842294,btc_crypto_intraday_rv_1d__drawdown_modulated,0.5071760935201051,0.19035482398979542
0,2024-09-11,-0.0024597061418254206,-0.004746182625218864,2.3494735323272935,3.4704812420351674,btc_crypto_intraday_rv_1d__drawdown_modulated,0.6131817155784359,0.10600562205833086
0,2024-09-12,0.008288220607714399,0.013618682244139535,2.3690274087589924,3.5180679217561854,btc_crypto_composite_slow__vol_target_clip,0.6027352893909675,0.010446426187468383
0,2024-09-13,0.02496637282254081,0.04129181011412264,2.4289179441093514,3.6663762013048653,btc_crypto_composite_slow__vol_target_clip,0.6027352893909675,0.0
0,2024-09-14,-0.005642818739340853,-0.00949199514939636,2.4152505978623737,3.63173962136734,btc_crypto_composite_slow__vol_target_clip,0.6027352893909675,0.0
0,2024-09-15,-0.008290634284999985,-0.013884994186062372,2.395309415195883,3.5816614102329796,btc_crypto_composite_slow__vol_target_clip,0.6027352893909675,0.0
0,2024-09-16,-0.010115736587631232,-0.01691276561587607,2.371201237670983,3.521594986741927,btc_crypto_composite_slow__vol_target_clip,0.6280321599855208,0.02529687059455321
0,2024-09-17,0.02277087581893415,0.036173394973276984,2.425815008484481,3.651315096776064,btc_crypto_composite_slow__vol_target_clip,0.6280321599855208,0.0
0,2024-09-18,0.014531509457119668,0.023024417849768497,2.4613231306918295,3.7363597966328936,btc_crypto_composite_slow__vol_target_clip,0.6280321599855208,0.0
0,2024-09-19,0.01209521177517717,0.019146101539080362,2.4912741218582024,3.8085857369515956,btc_crypto_composite_slow__vol_target_clip,0.6280321599855208,0.0
0,2024-09-20,0.0026368236926055913,0.0040869201889091045,2.4978518408189414,3.82418297351169,btc_crypto_composite_slow__vol_target_clip,0.6280321599855208,0.0
0,2024-09-21,0.002220429220028696,0.003423905618785028,2.503404306180485,3.8372990563834195,btc_crypto_composite_slow__vol_target_clip,0.6280321599855208,0.0
0,2024-09-22,0.0023453344495939672,0.0036227891115796496,2.5092825170317674,3.8512259935688355,btc_crypto_composite_slow__vol_target_clip,0.6280321599855208,0.0
0,2024-09-23,-0.0030183112948706167,-0.004916905748823197,2.501720139814107,3.832336355681848,btc_crypto_composite_slow__vol_target_clip,0.6280321599855208,0.0
0,2024-09-24,0.009656743845514864,0.01526597449869982,2.5259956328404143,3.891289548814034,btc_crypto_composite_slow__vol_target_clip,0.6280321599855208,0.0
0,2024-09-25,-0.011328374641924708,-0.018148108130322527,2.4975416807778044,3.821306951926021,btc_crypto_composite_slow__vol_target_clip,0.6280321599855208,0.0
0,2024-09-26,0.019669855589314587,0.031209838460824813,2.547154301917019,3.942449917643821,btc_crypto_composite_slow__vol_target_clip,0.6280321599855208,0.0
0,2024-09-27,0.005915498592035291,0.00930911764806197,2.5622666440540436,3.979322004770728,btc_crypto_composite_slow__vol_target_clip,0.6280321599855208,0.0
0,2024-09-28,0.001354107558831034,0.0020461280691375094,2.565738578840553,3.9874725428996345,btc_crypto_composite_slow__vol_target_clip,0.6280321599855208,0.0
0,2024-09-29,-0.0025911658268536093,-0.004235832691877661,2.559098930644136,3.9706179980612095,btc_crypto_composite_slow__vol_target_clip,0.6561774283593232,0.02814526837380249
0,2024-09-30,-0.02358193339738386,-0.03600237535890827,2.4994564367088317,3.830209012827231,btc_crypto_composite_slow__vol_target_clip,0.6561774283593232,0.0
0,2024-10-01,-0.025932920024640975,-0.039619125822168755,2.4354714771211867,3.681426262482008,btc_crypto_composite_slow__vol_target_clip,0.6561774283593232,0.0
0,2024-10-02,-0.0018230496393977058,-0.0032440885682731846,2.4310355364216782,3.669502740566556,btc_crypto_range_gk_60d__naive_scaling,0.5857249619548883,0.07045246640443492
0,2024-10-03,0.0014239936798371242,0.0022998234970348364,2.4344997816072396,3.6779516609805976,btc_crypto_range_gk_60d__naive_scaling,0.5857249619548883,0.0
0,2024-10-04,0.012605113067363416,0.0213877884855318,2.465381149291472,3.757462159123498,btc_crypto_range_gk_60d__naive_scaling,0.5857249619548883,0.0
0,2024-10-05,0.00011734870934602043,6.760380987991255e-05,2.4656704755630874,3.7577161864674458,btc_crypto_range_gk_60d__naive_scaling,0.6759713921580683,0.09024643020318002
0,2024-10-06,0.008161917256429882,0.012091192833324271,2.4858774255161213,3.8034272512401777,btc_crypto_range_gk_60d__naive_scaling,0.6759713921580683,0.0
0,2024-10-07,-0.006286527860010393,-0.00939071699785643,2.4702989065266494,3.7678775222712577,btc_crypto_range_gk_60d__naive_scaling,0.6759713921580683,0.0
0,2024-10-08,-0.0012203520601359492,-0.0018956765632385242,2.4672861108765103,3.7607416109859866,btc_crypto_range_gk_60d__naive_scaling,0.7272624974604488,0.05129110530238046
0,2024-10-09,-0.018556181611590148,-0.02552936910999115,2.4219248690388206,3.6659474167028727,btc_crypto_range_gk_60d__naive_scaling,0.7272624974604488,0.0
0,2024-10-10,-0.0036160759772699,-0.005042855915505129,2.413182820183487,3.647507107077542,btc_crypto_range_gk_60d__naive_scaling,0.7272624974604488,0.0
0,2024-10-11,0.025934094845353455,0.0355894980742022,2.4765851194030173,3.7796576924054412,btc_crypto_range_gk_60d__naive_scaling,0.7272624974604488,0.0
0,2024-10-12,0.008580971905625576,0.011728618405136615,2.497928067390952,3.8242488402967965,btc_crypto_range_gk_60d__naive_scaling,0.7272624974604488,0.0
0,2024-10-13,-0.004213043567313487,-0.005863400319347178,2.487426325297097,3.8018913479424215,btc_crypto_range_gk_60d__naive_scaling,0.7272624974604488,0.0
0,2024-10-14,0.03644746498547358,0.05004558535607373,2.579759136491698,3.997000686200587,btc_crypto_range_gk_60d__naive_scaling,0.7272624974604488,0.0
0,2024-10-15,0.010873201833694054,0.014880478890274773,2.607962430454683,4.056922698958836,btc_crypto_range_gk_60d__naive_scaling,0.7272624974604488,0.0
0,2024-10-16,0.00632838820162967,0.008631421034197118,2.6245189619538523,4.092091265888808,btc_crypto_range_gk_60d__naive_scaling,0.7272624974604488,0.0
0,2024-10-17,-0.0018651237632445479,-0.0026351139668516765,2.619628471373631,4.081322333953373,btc_crypto_range_gk_60d__naive_scaling,0.7272624974604488,0.0
0,2024-10-18,0.010668711812902893,0.014599301156643207,2.647726149095431,4.141343857899593,btc_crypto_range_gk_60d__naive_scaling,0.7272624974604488,0.0
0,2024-10-19,-0.0007642698022178381,-0.001121269689569715,2.645703345037625,4.136702896928314,btc_crypto_range_gk_60d__naive_scaling,0.7272624974604488,0.0
0,2024-10-20,0.006582399330004049,0.008980542459243068,2.6631758634226794,4.174020046254998,btc_crypto_range_gk_60d__naive_scaling,0.7272624974604488,0.0
0,2024-10-21,-0.017149393044941775,-0.02365113105316219,2.6178934069138418,4.07645802497673,btc_crypto_range_gk_60d__naive_scaling,0.7807008756398894,0.05343837817944064
0,2024-10-22,0.00018728404854927435,-0.00018280003180493054,2.618383742504343,4.075712916425121,btc_crypto_composite_balanced__peg_aware_vol,0.25,0.5307008756398894
0,2024-10-23,-0.002686694105122847,-0.010509818819157246,2.6113583880535427,4.033102219683424,btc_crypto_composite_balanced__peg_aware_vol,0.0,0.25
0,2024-10-24,-1.3509453934983578e-05,0.022342144280937504,2.611323110265984,4.124224514667385,btc_crypto_composite_balanced__peg_aware_vol,0.0,0.0
0,2024-10-25,0.00018768079955528615,-0.022840594372034673,2.6118132514688237,4.0310924204485366,btc_crypto_composite_balanced__peg_aware_vol,0.0,0.0
0,2024-10-26,0.00018768079955528615,0.005984411705297177,2.6123034846703894,4.055288464447664,btc_crypto_composite_balanced__peg_aware_vol,0.0,0.0
0,2024-10-27,0.00018768079955528615,0.014009738189205478,2.6127938098879486,4.112501830473356,btc_crypto_composite_balanced__peg_aware_vol,0.0,0.0
0,2024-10-28,0.00018649054606501643,0.027942645157148505,2.6132811166699517,4.229036571950006,btc_crypto_composite_balanced__peg_aware_vol,0.0,0.0
0,2024-10-29,0.00018649054606501643,0.04008788947875708,2.613768514338537,4.402013702227667,btc_crypto_composite_balanced__peg_aware_vol,0.0,0.0
0,2024-10-30,0.00018530029115804164,-0.005693824173704343,2.6142528912814718,4.37702063079624,btc_crypto_composite_balanced__peg_aware_vol,0.04435041115882391,0.04435041115882391
0,2024-10-31,-0.001150365811939128,-0.02910525806582598,2.611247273243151,4.251462381805875,btc_crypto_composite_balanced__peg_aware_vol,0.0,0.04435041115882391
0,2024-11-01,0.00014743944816690433,-0.011189887581954494,2.6116323024836974,4.204154176081243,btc_crypto_composite_balanced__peg_aware_vol,0.0,0.0
0,2024-11-02,0.00018291977709396345,-0.0026063007462671095,2.6121100653771276,4.193211152514428,btc_crypto_composite_balanced__peg_aware_vol,0.25,0.25
0,2024-11-03,-0.002049912608941895,-0.007948409767049469,2.6067609524982798,4.160013899495207,btc_crypto_composite_balanced__peg_aware_vol,0.0,0.25
0,2024-11-04,-1.5493212900334863e-05,-0.013505972863930182,2.6067205657087236,4.104206579054054,btc_crypto_composite_balanced__peg_aware_vol,0.0,0.0
0,2024-11-05,0.00018411003483435843,0.022214093622492825,2.6072005333049493,4.196397991501756,btc_crypto_composite_balanced__peg_aware_vol,0.0,0.0
0,2024-11-06,0.00018411003483435843,0.0871527778562271,2.607680589276161,4.578536081201608,btc_crypto_composite_balanced__peg_aware_vol,0.0,0.0
0,2024-11-07,0.00018371328241163938,0.003763308631608453,2.608159698844746,4.595798988005405,btc_crypto_composite_balanced__peg_aware_vol,0.25,0.25
0,2024-11-08,0.002010273350506287,0.00828995355479023,2.613408086360495,4.634056304755349,btc_crypto_composite_balanced__peg_aware_vol,0.0,0.25
0,2024-11-09,-1.6286717588360626e-05,0.0025184828174644736,2.61336552286766,4.645741804622831,btc_crypto_composite_balanced__peg_aware_vol,0.25,0.25
0,2024-11-10,0.011738884719671317,0.04720439903145035,2.6442242888549057,4.870299616720051,btc_crypto_composite_balanced__peg_aware_vol,0.0,0.25
0,2024-11-11,0.08256598875936766,0.09773299837384108,2.8718135711339126,5.37032515257978,btc_crypto_range_gk_60d__naive_scaling,0.8445195205658562,0.8445195205658562
0,2024-11-12,-0.006348709755628278,-0.007551363147394241,2.8536390138385546,5.329924608702274,btc_crypto_range_gk_60d__naive_scaling,0.8445195205658562,0.0
0,2024-11-13,0.023487788632636803,0.027778410438171974,2.921458025316918,5.480057007899162,btc_crypto_range_gk_60d__naive_scaling,0.7894919934224166,0.055027527143439614
0,2024-11-14,-0.0290874301789181,-0.03683623707033945,2.8377043141989686,5.281865061739897,btc_crypto_range_gk_60d__naive_scaling,0.7894919934224166,0.0
0,2024-11-15,0.03380459033743571,0.042769487291545616,2.935271565444856,5.512668206886446,btc_crypto_range_gk_60d__naive_scaling,0.7894919934224166,0.0
0,2024-11-16,-0.004653367452859511,-0.005942796190369748,2.921644398973396,5.480004695693636,btc_crypto_range_gk_60d__naive_scaling,0.7894919934224166,0.0
0,2024-11-17,-0.006672503695846407,-0.008500309451820343,2.902214610678594,5.433620379794472,btc_crypto_range_gk_60d__naive_scaling,0.7894919934224166,0.0
0,2024-11-18,0.006669335247427104,0.008398643920150661,2.9216351419084834,5.479447596422071,btc_crypto_range_gk_60d__naive_scaling,0.7894919934224166,0.0
0,2024-11-19,0.01552267815225608,0.019612723984527847,2.9673405614165467,5.587975272574119,btc_crypto_range_gk_60d__naive_scaling,0.7894919934224166,0.0
0,2024-11-20,0.01682861488497728,0.021266872150185634,3.017699338720765,5.708086698479577,btc_crypto_range_gk_60d__naive_scaling,0.7894919934224166,0.0
0,2024-11-21,0.03436635151735778,0.04348071758357719,3.123209266465191,5.961753242509568,btc_crypto_range_gk_60d__naive_scaling,0.7894919934224166,0.0
0,2024-11-22,0.003685886115917183,0.004619695993678619,3.1347423018078997,5.989358444805622,btc_crypto_range_gk_60d__naive_scaling,0.7894919934224166,0.0
0,2024-11-23,-0.009884188293117808,-0.012568666297633868,3.103910543114837,5.914551295006944,btc_crypto_range_gk_60d__naive_scaling,0.7894919934224166,0.0
0,2024-11-24,0.0023180771817967807,0.0028871781904378224,3.111113993170138,5.931652333505575,btc_crypto_range_gk_60d__naive_scaling,0.7894919934224166,0.0
0,2024-11-25,-0.04073918515206688,-0.05165065015107295,2.9869167678927666,5.633056351954333,btc_crypto_range_gk_60d__naive_scaling,0.7894919934224166,0.0
0,2024-11-26,-0.010012044170828821,-0.012730401742137687,2.9571608327101115,5.5617998061210905,btc_crypto_range_gk_60d__naive_scaling,0.7894919934224166,0.0
0,2024-11-27,0.0344102718059826,0.043536666026216864,3.0606885337966503,5.809290393554784,btc_crypto_range_gk_60d__naive_scaling,0.7894919934224166,0.0
0,2024-11-28,-0.0023464340738216694,-0.003020748344086499,3.0535152490426727,5.791768467206983,btc_crypto_range_gk_60d__naive_scaling,0.7348224704792752,0.054669522943141424
0,2024-11-29,0.013533690821485696,0.018411570683744216,3.0951214882802622,5.899391738241693,btc_crypto_range_gk_60d__naive_scaling,0.7348224704792752,0.0
0,2024-11-30,-0.0076596226528491875,-0.010489354295915021,3.071504589348819,5.837834341253472,btc_crypto_range_gk_60d__naive_scaling,0.7348224704792752,0.0
0,2024-12-01,0.006383311478028914,0.008898431625908643,3.0911736699955465,5.890013724011801,btc_crypto_composite_slow__vol_target_clip,0.7114596648221412,0.023362805657134
0,2024-12-02,-0.010950593612982831,-0.015464304016939323,3.0575081484881537,5.79962942747633,btc_crypto_composite_slow__vol_target_clip,0.7114596648221412,0.0
0,2024-12-03,0.0014159556507116402,0.0019179578800390118,3.0618405109207956,5.8107635464105085,btc_crypto_composite_slow__vol_target_clip,0.7114596648221412,0.0
0,2024-12-04,0.020561211423354066,0.028828105677371596,3.1254473368374587,5.9807147680774975,btc_crypto_composite_slow__vol_target_clip,0.7114596648221412,0.0
0,2024-12-05,-0.012446829660693657,-0.01756655059938339,3.086786527597209,5.876571635347917,btc_crypto_composite_slow__vol_target_clip,0.7114596648221412,0.0
0,2024-12-06,0.020615848021491728,0.028905705294844708,3.1510837430887415,6.048916964887582,btc_crypto_composite_slow__vol_target_clip,0.7114596648221412,0.0
0,2024-12-07,-0.0006274490148601997,-0.0009530457865150055,3.149107218847338,6.043154816293081,btc_crypto_composite_slow__vol_target_clip,0.7114596648221412,0.0
0,2024-12-08,0.010296598643444363,0.014401370209837339,3.181699820478882,6.130814218753965,btc_crypto_composite_slow__vol_target_clip,0.7114596648221412,0.0
0,2024-12-09,-0.027758180630190036,-0.03908694565013171,3.0945961349009896,5.89580228588302,btc_crypto_composite_slow__vol_target_clip,0.7114596648221412,0.0
0,2024-12-10,-0.005046081212692708,-0.007163542229571718,3.079019884048598,5.853718372143393,btc_crypto_composite_slow__vol_target_clip,0.7114596648221412,0.0
0,2024-12-11,0.032292043183130156,0.045317954167920504,3.180070511777884,6.125099692722507,btc_crypto_composite_slow__vol_target_clip,0.7114596648221412,0.0
0,2024-12-12,-0.008113953216076577,-0.011474658198091348,3.1543719678043853,6.055217968531586,btc_crypto_composite_slow__vol_target_clip,0.7114596648221412,0.0
0,2024-12-13,0.01012647354751966,0.014163536271514232,3.186476912682008,6.1415915012786035,btc_crypto_composite_slow__vol_target_clip,0.7114596648221412,0.0
0,2024-12-14,-0.0004975335795565878,-0.0007691544379895277,3.184891927741778,6.136869485131709,btc_crypto_composite_slow__vol_target_clip,0.7114596648221412,0.0
0,2024-12-15,0.02041995228241238,0.028631649144035265,3.250595821059525,6.315117773563476,btc_crypto_composite_slow__vol_target_clip,0.7114596648221412,0.0
0,2024-12-16,0.01172296675466725,0.016407022227250323,3.2889266845451672,6.419584703414895,btc_crypto_composite_slow__vol_target_clip,0.7114596648221412,0.0
0,2024-12-17,0.0003661198118445312,0.00044411950117684285,3.2901310462209654,6.422436399371158,btc_crypto_composite_slow__vol_target_clip,0.7114596648221412,0.0
0,2024-12-18,-0.04054894932533056,-0.05706418659069712,3.1593883424166314,6.0662059521547445,btc_crypto_composite_slow__vol_target_clip,0.7114596648221412,0.0
0,2024-12-19,-0.019941882903066723,-0.028099535575991652,3.097008245595902,5.8981209964068215,btc_crypto_composite_slow__vol_target_clip,0.6860453366668996,0.025414328155241583
0,2024-12-20,0.0018128221309861151,0.0025932517635762764,3.1026276626462255,5.913436158535325,btc_crypto_composite_slow__vol_target_clip,0.6860453366668996,0.0
0,2024-12-21,-0.0012342982635481928,-0.004653815235226233,3.0988004571522256,5.885980056614567,btc_crypto_composite_balanced__peg_aware_vol,0.1538527214861661,0.5321926151807335
0,2024-12-22,-0.0033885254493816815,-0.02247162358048982,3.08831786323892,5.755187591750583,btc_crypto_composite_balanced__peg_aware_vol,0.0,0.1538527214861661
0,2024-12-23,4.991873030693922e-05,-0.004129440387870886,3.0884720319933594,5.7314708897250135,btc_crypto_composite_balanced__peg_aware_vol,0.19937310213265952,0.19937310213265952
0,2024-12-24,0.00808568080882773,0.040654428347828286,3.113545663114369,5.969281843277585,btc_crypto_composite_balanced__peg_aware_vol,0.0,0.19937310213265952
0,2024-12-25,1.5089451536857008e-05,0.00698936202060807,3.1135926451652263,6.0111494586034535,btc_crypto_composite_balanced__peg_aware_vol,0.0,0.0
0,2024-12-26,0.00017260415066555444,-0.0366204599732054,3.114130110562308,5.795000296506415,btc_crypto_composite_balanced__peg_aware_vol,0.0,0.0
0,2024-12-27,0.00017101712177012226,-0.016288944286245055,3.1146627256724875,5.7013704950689075,btc_crypto_composite_balanced__peg_aware_vol,0.0,0.0
0,2024-12-28,0.00017101712177012226,0.009978383263110402,3.115195431876759,5.758545738839547,btc_crypto_composite_balanced__peg_aware_vol,0.0,0.0
0,2024-12-29,0.00017101712177012226,-0.016500584534794527,3.115728229190703,5.664306011577059,btc_crypto_composite_balanced__peg_aware_vol,0.0,0.0
0,2024-12-30,0.0001733976641687738,-0.010093654008711539,3.116268536030448,5.6074200431084,btc_crypto_composite_balanced__peg_aware_vol,0.0,0.0
0,2024-12-31,0.0001733976641687738,0.00863377823628042,3.1168089365662595,5.656042861516971,btc_crypto_composite_balanced__peg_aware_vol,0.0,0.0
0,2025-01-01,0.0001733976641687738,0.010480476626780089,3.1173494308143863,5.715632605541156,btc_crypto_composite_balanced__peg_aware_vol,0.0,0.0
0,2025-01-02,0.0001730009074958721,0.02481821143018692,3.117888781747654,5.859259290635593,btc_crypto_composite_balanced__peg_aware_vol,0.0,0.0
0,2025-01-03,0.0001722073936778208,0.012985734284059802,3.118425751482288,5.935842241636997,btc_crypto_composite_balanced__peg_aware_vol,0.0,0.0
0,2025-01-04,0.0001722073936778208,0.0019752754525903526,3.1189628136950436,5.947578752712422,btc_crypto_composite_balanced__peg_aware_vol,0.25,0.25
0,2025-01-05,1.5727596962624563e-05,0.00034628820681703587,3.11901186787087,5.949638685738274,btc_crypto_composite_balanced__peg_aware_vol,0.5,0.25
0,2025-01-06,0.019694619920446833,0.03961663569022811,3.1810485099715695,6.190074538085336,btc_crypto_composite_balanced__peg_aware_vol,0.25,0.25
0,2025-01-07,-0.013615107067734191,-0.054178240722933424,3.1380316976774423,5.8636301281996905,btc_crypto_composite_balanced__peg_aware_vol,0.0,0.25
0,2025-01-08,-2.7395849334445566e-05,-0.019229231541800118,3.137945729811433,5.751954189151729,btc_crypto_composite_balanced__peg_aware_vol,0.0,0.0
0,2025-01-09,0.00017260415066555444,-0.027283911372695258,3.138487399014793,5.597139953454533,btc_crypto_composite_balanced__peg_aware_vol,0.0,0.0
0,2025-01-10,0.016507667950513807,0.023982895341555732,3.1907264934058412,5.732998200387509,btc_crypto_composite_slow__vol_shock_throttle,0.6860453366668996,0.6860453366668996
0,2025-01-11,-0.001176126215958961,-0.001793526742133622,3.186976002286785,5.722725130069494,btc_crypto_composite_slow__vol_shock_throttle,0.6860453366668996,0.0
0,2025-01-12,-0.0006905711582153701,-0.0010857673102240284,3.1847759283189276,5.716514954210929,btc_crypto_composite_slow__vol_shock_throttle,0.6860453366668996,0.0
0,2025-01-13,0.0006471768269698887,0.0008639922028663705,3.1868377085950734,5.721456112812815,btc_crypto_composite_slow__vol_shock_throttle,0.7163563673112042,0.030311030644304626
0,2025-01-14,0.01529045015136063,0.021310103555460813,3.235940335684337,5.8446893278259715,btc_crypto_composite_slow__vol_shock_throttle,0.7163563673112042,0.0
0,2025-01-15,0.02789266362768374,0.03886851130238611,3.3274698985463504,6.076336427085429,btc_crypto_composite_slow__vol_shock_throttle,0.7163563673112042,0.0
0,2025-01-16,-0.002691763108496028,-0.003825761540309003,3.3185251817589556,6.053134224224204,btc_crypto_composite_slow__vol_shock_throttle,0.7163563673112042,0.0
0,2025-01-17,0.028808623923777487,0.040147306152951145,3.415517728556242,6.301095439973174,btc_crypto_composite_slow__vol_shock_throttle,0.7163563673112042,0.0
0,2025-01-18,0.002208802161162867,0.003015198480822434,3.423070269460287,6.3201231651395515,btc_crypto_composite_slow__vol_shock_throttle,0.7163563673112042,0.0
0,2025-01-19,-0.022670534942121408,-0.03171519303739245,3.346340474323234,6.122824459722922,btc_crypto_composite_slow__vol_shock_throttle,0.7163563673112042,0.0
0,2025-01-20,0.006869317315881834,0.009521059763541118,3.369406682737749,6.181398638974975,btc_crypto_composite_slow__vol_shock_throttle,0.7163563673112042,0.0
0,2025-01-21,0.02741997470550527,0.038208502567485425,3.4630740383967265,6.422150724504373,btc_crypto_composite_slow__vol_shock_throttle,0.7163563673112042,0.0
0,2025-01-22,-0.016541428504274692,-0.023159561172613863,3.4062610263937003,6.275125621907094,btc_crypto_composite_slow__vol_shock_throttle,0.6806911471628967,0.03566522014830753
0,2025-01-23,0.0018649480103734705,0.0027005485128483997,3.4126194533426295,6.292094805812485,btc_crypto_composite_slow__vol_shock_throttle,0.6806911471628967,0.0
0,2025-01-24,0.005754359085506496,0.008372732737772282,3.432313500064215,6.344997997068814,btc_crypto_composite_slow__vol_shock_throttle,0.6806911471628967,0.0
0,2025-01-25,-0.0009150174647355192,-0.0014252153889806607,3.429174309693242,6.3359614493234115,btc_crypto_composite_slow__vol_shock_throttle,0.6806911471628967,0.0
0,2025-01-26,-0.013629557245685616,-0.020104082939916168,3.3827532499936006,6.209854633185234,btc_crypto_composite_slow__vol_shock_throttle,0.6806911471628967,0.0
0,2025-01-27,-0.0033133531140123055,-0.00494804008717864,3.3715635419428103,6.17920391654735,btc_crypto_composite_slow__vol_shock_throttle,0.6806911471628967,0.0
0,2025-01-28,-0.0051164511454340625,-0.007596776376415093,3.3543571571461497,6.1324397396068395,btc_crypto_composite_slow__vol_shock_throttle,0.6806911471628967,0.0
0,2025-01-29,0.01594670584600393,0.023347003455640447,3.408276882400117,6.277298257631394,btc_crypto_composite_slow__vol_shock_throttle,0.6806911471628967,0.0
0,2025-01-30,0.006713166124691281,0.010247486528092153,3.431234183180345,6.341955508302771,btc_crypto_intraday_rv_3d__drawdown_modulated,0.5704213879635319,0.11026975919936477
0,2025-01-31,-0.01305660565043722,-0.022894646106427885,3.3867251125527917,6.198408184061491,btc_crypto_intraday_rv_3d__drawdown_modulated,0.7302623547720969,0.15984096680856497
0,2025-02-01,-0.012773363764407393,-0.01737953581167595,3.3437403551351204,6.09161343670313,btc_crypto_intraday_rv_3d__drawdown_modulated,0.7831328031660564,0.05287044839395949
0,2025-02-02,-0.023424844376696192,-0.029905063262717135,3.2663240303398866,5.912140304421321,btc_crypto_intraday_rv_3d__drawdown_modulated,0.9697679458095432,0.1866351426434868
0,2025-02-03,0.036556594509174097,0.0378448231854005,3.3879390861883403,6.140171901114494,btc_crypto_intraday_rv_3d__drawdown_modulated,0.7813559488952617,0.18841199691428145
0,2025-02-04,-0.0284049239616662,-0.03620854205785484,3.2930588463996755,5.9218221469727785,btc_crypto_intraday_rv_3d__drawdown_modulated,0.34956791693208755,0.43178803196317417
0,2025-02-05,-0.004821899710517747,-0.013125404858168821,3.277218268432714,5.844603704030905,btc_crypto_intraday_rv_3d__drawdown_modulated,0.34956791693208755,0.0
0,2025-02-06,0.00023992510078698785,0.0003659257065695698,3.278004649688597,5.846742786119615,btc_crypto_intraday_rv_3d__drawdown_modulated,0.34956791693208755,0.0
0,2025-02-07,-9.450212828344715e-05,-0.0005914999504579299,3.2776948859095767,5.8432854606560065,btc_crypto_intraday_rv_3d__drawdown_modulated,0.616358573879231,0.26679065694714343
0,2025-02-08,-0.00074433159019453,-0.0009687821220598636,3.275256101807596,5.837627331357416,btc_crypto_intraday_rv_3d__drawdown_modulated,0.6789420407956485,0.06258346691641747
0,2025-02-09,0.0007147715447542732,0.0010448938779710204,3.2775979985318147,5.843730220298211,btc_crypto_intraday_rv_3d__drawdown_modulated,0.8055759156638111,0.1266338748681627
0,2025-02-10,0.006440367530043657,0.00807883664276332,3.298775055072724,5.891131979852071,btc_crypto_intraday_rv_3d__drawdown_modulated,0.9225572912422929,0.11698137557848176
0,2025-02-11,-0.014927285184055653,-0.01609338212109357,3.2498990000328942,5.797082558281652,btc_crypto_intraday_rv_3d__drawdown_modulated,1.0461399077229978,0.1235826164807049
0,2025-02-12,0.02232873187108123,0.02144604343857104,3.3232813418890355,5.922749758256485,btc_crypto_intraday_rv_3d__drawdown_modulated,0.9435567096876892,0.10258319803530858
0,2025-02-13,-0.012279074056548881,-0.012936954100348785,3.2827240368439123,5.846620915926496,btc_crypto_intraday_rv_3d__drawdown_modulated,0.7920711196932246,0.1514855899944646
0,2025-02-14,0.007567807175367112,0.009662249470450135,3.3076613005497717,5.903386224432365,btc_crypto_intraday_rv_3d__drawdown_modulated,0.7920711196932246,0.0
0,2025-02-15,-2.981741462665225e-05,-8.285153131204481e-05,3.307562676111699,5.902897140104717,btc_crypto_intraday_rv_3d__drawdown_modulated,0.7920711196932246,0.0
0,2025-02-16,-0.01106393625894299,-0.01401356882421112,3.2711697094622907,5.820753392578132,btc_crypto_intraday_rv_3d__drawdown_modulated,1.1333597503970172,0.34128863070379256
0,2025-02-17,-0.0044099061428563395,-0.0036298357179305185,3.256775919025297,5.799663313925267,btc_crypto_intraday_rv_3d__drawdown_modulated,1.25,0.1166402496029828
0,2025-02-18,-0.004023527960665559,-0.0031097311300509745,3.243698516343407,5.78165593394078,btc_crypto_intraday_rv_3d__drawdown_modulated,1.25,0.0
0,2025-02-19,0.005604276515584781,0.01143634563749174,3.2619281339582993,5.848156486410915,btc_crypto_composite_fast__peg_aware_vol,0.25,1.0
0,2025-02-20,0.004353606689251781,0.01769899484740911,3.276160244127695,5.952584386334557,btc_crypto_composite_fast__peg_aware_vol,0.0,0.25
0,2025-02-21,-2.8586120769895183e-05,-0.023163175717071383,3.2760665927538657,5.816288247816433,btc_crypto_composite_fast__peg_aware_vol,0.0,0.0
0,2025-02-22,0.00017141387923010483,0.004550087570859063,3.276628204169766,5.842813168274042,btc_crypto_composite_fast__peg_aware_vol,0.25,0.25
0,2025-02-23,-0.0006301402529094115,-0.0022348026493279605,3.274564119244299,5.8297702135693354,btc_crypto_composite_fast__peg_aware_vol,0.5,0.25
0,2025-02-24,-0.026126666475914804,-0.052024350073599734,3.1901186178775687,5.53423439014678,btc_crypto_composite_fast__peg_aware_vol,0.25,0.25
0,2025-02-25,-0.007856297738419801,-0.03113705204613737,3.1651542882007155,5.3645697812750655,btc_crypto_composite_fast__peg_aware_vol,0.0,0.25
0,2025-02-26,-2.8982878229877752e-05,-0.05207636278515615,3.165062554248765,5.0923520705225345,btc_crypto_composite_fast__peg_aware_vol,0.0,0.0
0,2025-02-27,0.00017141387923010483,0.006097579506937123,3.1656051364009214,5.123497952895402,btc_crypto_composite_fast__peg_aware_vol,0.0,0.0
0,2025-02-28,0.00017141387923010483,-0.0034628944358026104,3.1661478115671615,5.105786504479662,btc_crypto_composite_fast__peg_aware_vol,0.25,0.25
0,2025-03-01,0.004640091905125938,0.018846125982813433,3.1808731654754965,5.202923250823855,btc_crypto_composite_fast__peg_aware_vol,0.0,0.25
0,2025-03-02,-2.8586120769895183e-05,0.09146011351059613,3.180782237950673,5.701223179783336,btc_crypto_composite_fast__peg_aware_vol,0.0,0.0
0,2025-03-03,0.00017260415066555444,-0.09035179703658969,3.1813313015512716,5.208692933102087,btc_crypto_composite_fast__peg_aware_vol,0.0,0.0
0,2025-03-04,0.0001722073936778208,0.013233574726671193,3.18187919749765,5.278080671532587,btc_crypto_composite_fast__peg_aware_vol,0.0,0.0
0,2025-03-05,0.00017260415066555444,0.037955308846379765,3.1824284504543607,5.4822622290748075,btc_crypto_composite_fast__peg_aware_vol,0.0,0.0
0,2025-03-06,0.0001722073936778208,-0.0071139473429671085,3.1829765353541615,5.443400099722969,btc_crypto_composite_fast__peg_aware_vol,0.0,0.0
0,2025-03-07,0.0001722073936778208,-0.03678554011001722,3.1835247146463614,5.246799878734913,btc_crypto_composite_fast__peg_aware_vol,0.0,0.0
0,2025-03-08,0.0001722073936778208,-0.006855643875297801,3.1840729883472174,5.210952705409358,btc_crypto_composite_fast__peg_aware_vol,0.0,0.0
0,2025-03-09,0.0001722073936778208,-0.06568638748916555,3.1846213564729884,4.8796637435570265,btc_crypto_composite_fast__peg_aware_vol,0.0,0.0
0,2025-03-10,0.00017181063653267097,-0.027011814892313524,3.185168555301303,4.749619443076205,btc_crypto_composite_fast__peg_aware_vol,0.0,0.0
0,2025-03-11,0.0317325524095237,0.054061472031499136,3.287862842103111,5.013458366261671,btc_crypto_composite_slow__vol_shock_throttle,0.5856518033407299,0.5856518033407299
0,2025-03-12,0.005938747105261794,0.010018288773686379,3.307446722337012,5.063937072864323,btc_crypto_composite_slow__vol_shock_throttle,0.5856518033407299,0.0
0,2025-03-13,-0.01826395301097564,-0.03130752219903954,3.2475879635176024,4.907853789654695,btc_crypto_composite_slow__vol_shock_throttle,0.5856518033407299,0.0
0,2025-03-14,0.020944273638230426,0.035640775101775546,3.3163236311769766,5.085928004608545,btc_crypto_composite_slow__vol_shock_throttle,0.5856518033407299,0.0
0,2025-03-15,0.0020356171247764335,0.0033542587697272808,3.323081272003105,5.103016166256592,btc_crypto_composite_slow__vol_shock_throttle,0.5856518033407299,0.0
0,2025-03-16,-0.011909013049036944,-0.020456186437252555,3.283741368430356,4.9996883656928635,btc_crypto_composite_slow__vol_shock_throttle,0.5856518033407299,0.0
0,2025-03-17,0.010191758904244452,0.017280583827272267,3.317379593931595,5.086836718145817,btc_crypto_composite_slow__vol_shock_throttle,0.5856518033407299,0.0
0,2025-03-18,-0.008975673351105858,-0.015447791883369533,3.287737107956874,5.008860156676409,btc_crypto_composite_slow__vol_shock_throttle,0.5856518033407299,0.0
0,2025-03-19,0.02815839892698062,0.0479588884373765,3.3816302575185784,5.254933050058747,btc_crypto_composite_slow__vol_shock_throttle,0.5856518033407299,0.0
0,2025-03-20,-0.01838891235776195,-0.031520609481392015,3.320014019185212,5.091877660237507,btc_crypto_composite_slow__vol_shock_throttle,0.5856518033407299,0.0
0,2025-03-21,-0.0006313200137373176,-0.0011995343259325608,3.3179186893704293,5.0857734400433685,btc_crypto_composite_slow__vol_shock_throttle,0.5856518033407299,0.0
0,2025-03-22,-0.0016243466756359118,-0.002895126580979124,3.312533613976022,5.07107077547927,btc_crypto_composite_slow__vol_shock_throttle,0.5856518033407299,0.0
0,2025-03-23,0.015565255214268017,0.026456105314576206,3.3644974108308072,5.207021998356497,btc_crypto_composite_slow__vol_shock_throttle,0.5856518033407299,0.0
0,2025-03-24,0.010192408106443864,0.01728197304489676,3.3989650974898806,5.297791692737038,btc_crypto_composite_slow__vol_shock_throttle,0.5856518033407299,0.0
0,2025-03-25,-0.00036668051477536814,-0.0007476625866971176,3.397718991693549,5.293832212458343,btc_crypto_composite_slow__vol_shock_throttle,0.6123358739710564,0.026684070630326517
0,2025-03-26,-0.004097510552422292,-0.006765515940305278,3.3838252865118483,5.2581375886644866,btc_crypto_composite_slow__vol_shock_throttle,0.6123358739710564,0.0
0,2025-03-27,0.0025055226994193684,0.003982974022653352,3.392314167679455,5.27912237727961,btc_crypto_composite_slow__vol_shock_throttle,0.6123358739710564,0.0
0,2025-03-28,-0.020477332584774667,-0.03355011241101913,3.3235550267972602,5.104945394407998,btc_crypto_composite_slow__vol_shock_throttle,0.6123358739710564,0.0
0,2025-03-29,-0.01297811757840492,-0.021303214384717606,3.280700227698552,4.997343847007512,btc_crypto_composite_slow__vol_shock_throttle,0.6123358739710564,0.0
0,2025-03-30,-0.0019624626989797624,-0.00331365122555205,3.2742682891591475,4.980811798293326,btc_crypto_composite_slow__vol_shock_throttle,0.6123358739710564,0.0
0,2025-03-31,0.0021289717548253493,0.002503448474380221,3.2812465394776456,4.993296625030698,btc_crypto_intraday_rv_1d__trend_filter,0.8693372006022841,0.25700132663122777
0,2025-04-01,0.027843484053538828,0.03200264134210329,3.373891671545641,5.155679792421285,btc_crypto_intraday_rv_1d__trend_filter,0.5712443631228628,0.2980928374794214
0,2025-04-02,-0.018322807442008385,-0.03178644554095733,3.3126354112123684,4.994376271498217,btc_crypto_intraday_rv_1d__trend_filter,0.7320828771158792,0.1608385139930164
0,2025-04-03,0.005031121943410761,0.006985512841829689,3.329343679343901,5.029386691581264,btc_crypto_intraday_rv_1d__trend_filter,0.4091159759254589,0.32296690119042026
0,2025-04-04,0.003107350112970841,0.007981540332007597,3.3397052059101524,5.069689569872038,btc_crypto_intraday_rv_1d__trend_filter,0.5693357191856394,0.1602197432601805
0,2025-04-05,-0.0020828029957490877,-0.003561634182359441,3.3327564968104264,5.051665307174599,btc_crypto_intraday_rv_1d__trend_filter,0.468002577922007,0.10133314126363241
0,2025-04-06,-0.029438732863417666,-0.0629227597991715,3.2360744493543776,4.743594553479467,btc_crypto_intraday_rv_1d__trend_filter,1.060540772294672,0.5925381943726651
0,2025-04-07,0.010042797758023832,0.009926194312489756,3.2687374299072194,4.790914861507281,btc_crypto_intraday_rv_1d__trend_filter,0.4586178950182609,0.6019228772764111
0,2025-04-08,-0.017761751909772118,-0.03788077047589056,3.211191497777761,4.612825688106699,btc_crypto_intraday_rv_1d__trend_filter,0.24926034212464027,0.20935755289362062
0,2025-04-09,0.019862519150131024,0.07983790859709394,3.2756115043043854,4.996204505929514,btc_crypto_intraday_rv_1d__trend_filter,0.4522631069488477,0.20300276482420743
0,2025-04-10,-0.016582682590181544,-0.036515480629207175,3.2217409718715713,4.817056441511378,btc_crypto_intraday_rv_1d__trend_filter,0.2973937867696483,0.1548693201791994
0,2025-04-11,0.01395572526353608,0.04693651096930651,3.2670179051150527,5.04854233809235,btc_crypto_intraday_rv_1d__trend_filter,0.49160982804409664,0.19421604127444836
0,2025-04-12,0.01078532627523955,0.022076756693321542,3.3024444592308764,5.161237170045822,btc_crypto_intraday_rv_1d__trend_filter,0.49160982804409664,0.0
0,2025-04-13,-0.009423113986809487,-0.019345956876273718,3.2714713096044283,5.06234773789799,btc_crypto_intraday_rv_1d__trend_filter,0.7648172783257595,0.2732074502816629
0,2025-04-14,0.008270530955461722,0.011046677764745993,3.2986403105049673,5.11857987943685,btc_crypto_intraday_rv_1d__trend_filter,0.5819752709470093,0.18284200737875023
0,2025-04-15,-0.006221262138046491,-0.010561977344718088,3.278182307717281,5.064802054729025,btc_crypto_intraday_rv_1d__trend_filter,0.5819752709470093,0.0
0,2025-04-16,0.002455380713954561,0.004095637285912446,3.2862413833329542,5.085588184037292,btc_crypto_intraday_rv_1d__trend_filter,0.7454050351515107,0.1634297642045014
0,2025-04-17,0.007573029529115265,0.010276198635526868,3.311222658946502,5.138118140263261,btc_crypto_intraday_rv_1d__trend_filter,0.6730012671488468,0.0724037680026639
0,2025-04-18,-0.003990346977711837,-0.005926787596891359,3.298036058669496,5.107755670231594,btc_crypto_intraday_rv_1d__trend_filter,0.9136645600535819,0.2406632929047351
0,2025-04-19,0.007138128413357526,0.008007086808923702,3.3216620860591104,5.1488180890705175,btc_crypto_intraday_rv_1d__trend_filter,1.25,0.3363354399464181
0,2025-04-20,0.00035023151044788286,0.0004824650000987418,3.3228256405335355,5.151302812938322,btc_crypto_range_gk_60d__naive_scaling,0.5737945277916567,0.6762054722083433
0,2025-04-21,0.01617134311270735,0.028055247304505926,3.3769970255620807,5.297870266940486,btc_crypto_range_gk_60d__naive_scaling,0.5737945277916567,0.0
0,2025-04-22,0.03735139934128875,0.06496780799093038,3.5055178650777035,5.6534880653137,btc_crypto_range_gk_60d__naive_scaling,0.5737945277916567,0.0
0,2025-04-23,0.0015505032317684774,0.0025745742190679266,3.5109573977732937,5.668062142906409,btc_crypto_range_gk_60d__naive_scaling,0.5737945277916567,0.0
0,2025-04-24,0.0015947406776798487,0.0026519652430216922,3.516560931256942,5.68311359584841,btc_crypto_range_gk_60d__naive_scaling,0.5737945277916567,0.0
0,2025-04-25,0.004773144200360912,0.008191236478168662,3.5333861062204828,5.729856502991076,btc_crypto_range_gk_60d__naive_scaling,0.5737945277916567,0.0
0,2025-04-26,-0.00016812958023524856,-0.0004203370751962865,3.5327920894349303,5.727448537981253,btc_crypto_range_gk_60d__naive_scaling,0.5737945277916567,0.0
0,2025-04-27,-0.0049192444792602605,-0.00870050474655848,3.515456096406015,5.6778329978978155,btc_crypto_range_gk_60d__naive_scaling,0.5737945277916567,0.0
0,2025-04-28,0.007002098583050465,0.012075822814793469,3.540158048382192,5.746813161012665,btc_crypto_range_gk_60d__naive_scaling,0.5737945277916567,0.0
0,2025-04-29,-0.003923701246233703,-0.006965193088813493,3.5262947413593735,5.70692457481582,btc_crypto_range_gk_60d__naive_scaling,0.5737945277916567,0.0
0,2025-04-30,-0.0008813593824401155,-0.001663047954208352,3.52318817760448,5.697441573105765,btc_crypto_range_gk_60d__naive_scaling,0.5737945277916567,0.0
0,2025-05-01,0.014124207834031344,0.02448841653295375,3.573303506185276,5.838685254190717,btc_crypto_range_gk_60d__naive_scaling,0.5737945277916567,0.0
0,2025-05-02,0.0022452744281267847,0.003785410437796344,3.581335566887593,5.860828959359241,btc_crypto_range_gk_60d__naive_scaling,0.6250094710940757,0.051214943302418936
0,2025-05-03,-0.006530440919093407,-0.010486075218098634,3.558024066590705,5.799692964568075,btc_crypto_range_gk_60d__naive_scaling,0.6250094710940757,0.0
0,2025-05-04,-0.009926323048897054,-0.015984958424507312,3.522880681149973,5.707722146851754,btc_crypto_range_gk_60d__naive_scaling,0.6250094710940757,0.0
0,2025-05-05,0.0030529538976661373,0.004781569999202873,3.5336523077297426,5.735079372955452,btc_crypto_range_gk_60d__naive_scaling,0.6250094710940757,0.0
0,2025-05-06,0.013134314128866358,0.020911501940158672,3.580370541528367,5.856271231978143,btc_crypto_range_gk_60d__naive_scaling,0.6787695594556369,0.05376008836156121
0,2025-05-07,0.001640663554374805,0.0023989781884647954,3.5862495464027786,5.870337164115693,btc_crypto_range_gk_60d__naive_scaling,0.6787695594556369,0.0
0,2025-05-08,0.042056270939756356,0.061878073490072794,3.7402903150953275,6.2450562091471475,btc_crypto_range_gk_60d__naive_scaling,0.6787695594556369,0.0
0,2025-05-09,-0.0010067347353717236,-0.0015646738683443573,3.7365267296986913,6.235292373491594,btc_crypto_range_gk_60d__naive_scaling,0.6787695594556369,0.0
0,2025-05-10,0.015086363932859318,0.016538709082643877,3.79332469189571,6.3392735471487445,btc_crypto_intraday_rv_3d__drawdown_modulated,0.8593262819278996,0.18055672247226273
0,2025-05-11,-0.005625591177435221,-0.006518580956972997,3.772044909773682,6.298084871031795,btc_crypto_intraday_rv_3d__drawdown_modulated,0.7183771842849745,0.14094909764292507
0,2025-05-12,-0.008971121057193186,-0.012399827542349584,3.738356774363049,6.220471893005953,btc_crypto_intraday_rv_3d__drawdown_modulated,0.7936232470599117,0.07524606277493717
0,2025-05-13,0.01093607481745208,0.013810279545472426,3.7794640903892835,6.306974285026169,btc_crypto_intraday_rv_3d__drawdown_modulated,0.7362736823052132,0.057349564754698545
0,2025-05-14,-0.004564678676986949,-0.006200068266258185,3.7622513664099406,6.267991586478818,btc_crypto_intraday_rv_3d__drawdown_modulated,0.8515501162601901,0.11527643395497689
0,2025-05-15,0.0015909441445413962,0.0019462924125228653,3.7682416620409973,6.280202810396837,btc_crypto_intraday_rv_3d__drawdown_modulated,0.8515501162601901,0.0
0,2025-05-16,-0.002232456194221397,-0.0026518663014520882,3.759838610813102,6.263570615123755,btc_crypto_intraday_rv_3d__drawdown_modulated,0.9843620237070754,0.1328119074468853
0,2025-05-17,-0.0029248523615041724,-0.0028661349748979603,3.7488577045664258,6.245644078524571,btc_crypto_intraday_rv_3d__drawdown_modulated,0.9843620237070754,0.0
0,2025-05-18,0.03160958116443887,0.03210898918758254,3.8692502817460745,6.449439723873838,btc_crypto_intraday_rv_3d__drawdown_modulated,0.9843620237070754,0.0
0,2025-05-19,-0.008537798184681013,-0.008676200398319622,3.83635602578981,6.393725137330872,btc_crypto_intraday_rv_3d__drawdown_modulated,0.9843620237070754,0.0
0,2025-05-20,0.010925001383138908,0.011095799438681553,3.8784980020963973,6.465063676268224,btc_crypto_intraday_rv_3d__drawdown_modulated,0.9843620237070754,0.0
0,2025-05-21,0.025361515999055447,0.02576167101557303,3.9781205407683258,6.633778375362602,btc_crypto_intraday_rv_3d__drawdown_modulated,0.8743853898757429,0.1099766338313325
0,2025-05-22,0.015919019997335342,0.018281664137470344,4.041955064692548,6.756170238258035,btc_crypto_intraday_rv_3d__drawdown_modulated,0.7569896186805282,0.11739577119521472
0,2025-05-23,-0.0304026148401711,-0.0400939966556173,3.920918301608777,6.490646886258918,btc_crypto_intraday_rv_3d__drawdown_modulated,0.7569896186805282,0.0
0,2025-05-24,0.004245809378902506,0.005553270822565182,3.937601164373574,6.526791473685349,btc_crypto_intraday_rv_3d__drawdown_modulated,0.6949362401063499,0.06205337857417825
0,2025-05-25,0.007592862469437341,0.010921475132494862,3.967612620720632,6.598464338748298,btc_crypto_intraday_rv_3d__drawdown_modulated,0.8077112110046241,0.11277497089827415
0,2025-05-26,0.0030242405607019086,0.003814722837127249,3.979629797995717,6.623683723249356,btc_crypto_intraday_rv_3d__drawdown_modulated,0.8799655211556676,0.07225431015104355
0,2025-05-27,-0.0034528652015318826,-0.0038817204999084254,3.9659123685971323,6.598022271868546,btc_crypto_intraday_rv_3d__drawdown_modulated,1.0340322480027604,0.15406672684709277
0,2025-05-28,-0.011908489319445426,-0.011391677438936654,3.918964437794252,6.523286223101109,btc_crypto_intraday_rv_3d__drawdown_modulated,0.9487272935411942,0.08530495446156616
0,2025-05-29,-0.019306112750285993,-0.020286903457392924,3.8440301409677358,6.392282270488882,btc_crypto_intraday_rv_3d__drawdown_modulated,0.9487272935411942,0.0
0,2025-05-30,3.950835220935741e-05,-0.01506860155942924,3.8441820152645803,6.2966816089769875,btc_crypto_composite_balanced__peg_aware_vol,0.0,0.9487272935411942
0,2025-05-31,0.0001730009074958721,0.005839802513076364,3.8448471197719827,6.333560564160956,btc_crypto_composite_balanced__peg_aware_vol,0.02929166995957748,0.02929166995957748
0,2025-06-01,0.00042174113660199306,0.009464842767293646,3.8464689919474044,6.393791306673564,btc_crypto_composite_balanced__peg_aware_vol,0.0,0.02929166995957748
0,2025-06-02,0.00015274162050378845,0.002939452487950689,3.8470565527258023,6.412613201918447,btc_crypto_composite_balanced__peg_aware_vol,0.25,0.25
0,2025-06-03,-0.0012602631556934386,-0.004768387225475124,3.842211302880757,6.382108166755206,btc_crypto_composite_balanced__peg_aware_vol,0.27201890983889904,0.022018909838899037
0,2025-06-04,-0.001741387420573148,-0.006808439643663178,3.835526346689351,6.338803554204385,btc_crypto_composite_balanced__peg_aware_vol,0.022018909838899037,0.25
0,2025-06-05,-0.0006989702022089897,-0.030485886136476736,3.8328463647860853,6.148475412355713,btc_crypto_composite_balanced__peg_aware_vol,0.0,0.022018909838899037
0,2025-06-06,0.00015816307302933744,0.027319241449623277,3.8334526274885117,6.3187625637034825,btc_crypto_composite_balanced__peg_aware_vol,0.0,0.0
0,2025-06-07,0.00017577820090045667,0.011542979164508083,3.834126524121042,6.392122489831031,btc_crypto_composite_balanced__peg_aware_vol,0.0,0.0
0,2025-06-08,0.00017577820090045667,0.001198838335360719,3.8348005392203217,6.399790206574205,btc_crypto_composite_balanced__peg_aware_vol,0.25,0.25
0,2025-06-09,0.010545331715804079,0.04245280199380197,3.875453757071379,6.677328694923916,btc_crypto_composite_balanced__peg_aware_vol,0.0,0.25
0,2025-06-10,-2.3428288114970717e-05,-0.0008092676977362601,3.875362962887763,6.671927134452946,btc_crypto_composite_balanced__peg_aware_vol,0.25,0.25
0,2025-06-11,-0.0035733240804500595,-0.014023011457455326,3.8615397472153488,6.579019568214013,btc_crypto_composite_balanced__peg_aware_vol,0.0,0.25
0,2025-06-12,-2.3031532858806684e-05,-0.027378011303973437,3.861450811059947,6.401342417725502,btc_crypto_composite_balanced__peg_aware_vol,0.0,0.0
0,2025-06-13,0.0001765717118850293,0.0029427668711345945,3.862132694238884,6.420207820750353,btc_crypto_composite_balanced__peg_aware_vol,0.25,0.25
0,2025-06-14,-0.0015190389014742918,-0.005805870741552255,3.856270418073709,6.3830409215177575,btc_crypto_composite_balanced__peg_aware_vol,0.04863808749169965,0.20136191250830035
0,2025-06-15,4.917251483862301e-05,0.0008692455956182954,3.8564600452502478,6.388591763898572,btc_crypto_composite_balanced__peg_aware_vol,0.2986380874916996,0.24999999999999997
0,2025-06-16,0.003271858796600846,0.011212818463864238,3.869098502321894,6.460628999054799,btc_crypto_composite_balanced__peg_aware_vol,0.04863808749169962,0.25
0,2025-06-17,-0.001018060346533489,-0.020249800607372137,3.8651615309371126,6.331118258865829,btc_crypto_composite_balanced__peg_aware_vol,0.0,0.04863808749169962
0,2025-06-18,0.00013647097517868815,0.002451658005300672,3.8656890492951166,6.34665903818154,btc_crypto_composite_balanced__peg_aware_vol,0.25,0.25
0,2025-06-19,-0.0011796724145220073,-0.001462605105567505,3.8611314913017996,6.337383167390578,btc_crypto_intraday_rv_1d__trend_filter,0.7307570517560097,0.4807570517560097
0,2025-06-20,-0.009957981045563297,-0.013585461827949175,3.8228732208079355,6.251869079704547,btc_crypto_intraday_rv_1d__trend_filter,1.2274155969879372,0.49665854523192754
0,2025-06-21,-0.014040778471763308,-0.011083318379238705,3.7695721745402606,6.1829601991554926,btc_crypto_intraday_rv_1d__trend_filter,0.8531478872518153,0.3742677097361219
0,2025-06-22,-0.010331241969451736,-0.01178858706012953,3.7308282930994237,6.110499776712495,btc_crypto_intraday_rv_1d__trend_filter,0.8531478872518153,0.0
0,2025-06-23,0.03650952584499675,0.04276398536795156,3.8695560989211635,6.377476917882234,btc_crypto_intraday_rv_1d__trend_filter,0.5546251298415866,0.2985227574102287
0,2025-06-24,0.0032449912218825835,0.006141816475638606,3.8821331697005386,6.416766742628774,btc_crypto_intraday_rv_1d__trend_filter,0.6097036665843883,0.05507853674280172
0,2025-06-25,0.007679867346561628,0.01255708185860982,3.912062215915875,6.49785063095357,btc_crypto_intraday_rv_1d__trend_filter,0.8573664312491012,0.24766276466471282
0,2025-06-26,-0.0033571649948160353,-0.0037135583762850644,3.898950798497267,6.473765232261339,btc_crypto_intraday_rv_1d__trend_filter,0.9412283123431485,0.08386188109404735
0,2025-06-27,0.0003710128790169997,0.00045458138990461805,3.9003976278377266,6.476708754443051,btc_crypto_intraday_rv_1d__trend_filter,1.0177397141107996,0.07651140176765103
0,2025-06-28,0.0030074049944565557,0.003018162871079255,3.9121453593829663,6.496286045197246,btc_crypto_intraday_rv_1d__trend_filter,1.0934455097125064,0.07570579560170687
0,2025-06-29,0.010719705616666022,0.009873878067606867,3.9543079876980722,6.560747299068476,btc_crypto_intraday_rv_1d__trend_filter,1.25,0.15655449028749358
0,2025-06-30,-0.015425532567255604,-0.012205234242163243,3.89377872930135,6.4811585292796945,btc_crypto_intraday_rv_1d__trend_filter,1.25,0.0
0,2025-07-01,-0.01683309557766946,-0.01343155887548697,3.828782954559224,6.394688480664745,btc_crypto_intraday_rv_1d__trend_filter,1.25,0.0
0,2025-07-02,0.036206929500058604,0.02900054053790413,3.969951649908344,6.5828531542837805,btc_crypto_intraday_rv_1d__trend_filter,1.099938284626437,0.15006171537356305
0,2025-07-03,0.008550609260382232,0.007898794027719092,4.004042697153712,6.635055652441202,btc_crypto_intraday_rv_1d__trend_filter,1.099938284626437,0.0
0,2025-07-04,-0.01675375961863039,-0.015215610304471383,3.9375187474686295,6.534863407355038,btc_crypto_intraday_rv_1d__trend_filter,1.022974561625561,0.07696372300087595
0,2025-07-05,0.002202058688779955,0.0022167305660047987,3.9461989484871944,6.549365506499528,btc_crypto_intraday_rv_1d__trend_filter,1.25,0.227025438374439
0,2025-07-06,0.011961066489091336,0.00974922576086712,3.993683110984489,6.6135290134565405,btc_crypto_intraday_rv_1d__trend_filter,1.25,0.0
0,2025-07-07,-0.01220934102099028,-0.009732396527757814,3.945219329402746,6.549475728225826,btc_crypto_intraday_rv_1d__trend_filter,1.25,0.0
0,2025-07-08,0.008880240007589106,0.007139268295105694,3.9804098427766994,6.596401501169678,btc_crypto_intraday_rv_1d__trend_filter,1.1752096701962813,0.07479032980371869
0,2025-07-09,0.026011209966440876,0.02084404426218711,4.085303409205895,6.73534017758918,btc_crypto_intraday_rv_3d__trend_filter,1.25,0.07479032980371869
0,2025-07-10,0.05084924170607438,0.040714469653893914,4.298410233672138,7.015224999969724,btc_crypto_intraday_rv_3d__trend_filter,1.1315724358287425,0.11842756417125755
0,2025-07-11,0.015837895042695373,0.014100432063059998,4.367029965489726,7.114843384094409,btc_crypto_intraday_rv_3d__trend_filter,0.8072010177166977,0.32437141811204473
0,2025-07-12,-0.0010942827886871041,-0.001075968073806166,4.362253813467889,7.107192156739329,btc_crypto_intraday_rv_3d__trend_filter,0.6528714076024488,0.15432961011424895
0,2025-07-13,0.009092580768737996,0.014023132520947001,4.40209883110586,7.207559340618101,btc_crypto_intraday_rv_3d__trend_filter,0.6528714076024488,0.0
0,2025-07-14,0.00426924302981677,0.006445929576049281,4.420932635294667,7.25416881986809,btc_crypto_intraday_rv_3d__trend_filter,0.8351848335214128,0.18231342591896404
0,2025-07-15,-0.014677619988328812,-0.01743407469252567,4.3565177510933895,7.128795161257119,btc_crypto_intraday_rv_3d__trend_filter,0.9030916226225877,0.06790678910117487
0,2025-07-16,0.0067852923944175325,0.007554782009361105,4.3861785125266675,7.18285560500018,btc_crypto_intraday_rv_3d__trend_filter,0.786292124922369,0.11679949770021869
0,2025-07-17,0.003709175156476879,0.004788575427854269,4.4024778267157,7.2173337355332015,btc_crypto_intraday_rv_3d__trend_filter,0.7128213956020318,0.07347072932033716
0,2025-07-18,-0.007583968660931922,-0.010627248344714957,4.369215861125815,7.141039454718612,btc_crypto_intraday_rv_3d__trend_filter,0.7128213956020318,0.0
0,2025-07-19,-0.00047989464366354425,-0.0007435699404467755,4.367119600869316,7.13573156607432,btc_crypto_intraday_rv_3d__trend_filter,0.7757001032756665,0.06287870767363468
0,2025-07-20,-0.0037533633533269645,-0.004824313451527118,4.350758937164665,7.101389465429148,btc_crypto_intraday_rv_3d__trend_filter,0.9052146966480962,0.12951459337242965
0,2025-07-21,0.0005640910894257902,0.0007192954220460734,4.353213853846576,7.106499299881748,btc_crypto_intraday_rv_3d__trend_filter,1.0413094536293743,0.13609475698127815
0,2025-07-22,0.02278347538088977,0.02199113782033635,4.453533672047712,7.2645103589663975,btc_crypto_intraday_rv_3d__trend_filter,1.1128168484427703,0.07150739481339596
0,2025-07-23,-0.011943751167333662,-0.010663753021818323,4.4006581685518515,7.187454994560006,btc_crypto_intraday_rv_3d__trend_filter,0.8882379765330912,0.22457887190967907
0,2025-07-24,-0.0031135134802365255,-0.0033250676574620996,4.386977967818132,7.163595908937416,btc_crypto_intraday_rv_3d__trend_filter,0.8353398405035136,0.0528981360295776
0,2025-07-25,-0.005010150502459105,-0.005981649728759919,4.365053516211073,7.12087368947183,btc_crypto_intraday_rv_3d__trend_filter,0.8353398405035136,0.0
0,2025-07-26,0.0021389973529677814,0.0025260605491546073,4.374400346987235,7.138884185799387,btc_crypto_intraday_rv_3d__trend_filter,0.8353398405035136,0.0
0,2025-07-27,0.010534038671446594,0.01257591201250463,4.420724008666841,7.2292290590822255,btc_crypto_intraday_rv_3d__trend_filter,0.9973825345780934,0.16204269407457983
0,2025-07-28,-0.01206611416705881,-0.01196826350556357,4.367703566704026,7.143223436352156,btc_crypto_intraday_rv_3d__trend_filter,1.1301628122090397,0.13278027763094624
0,2025-07-29,-0.0008905240632048172,-0.0008063915006566447,4.36381575292972,7.1374655235637725,btc_crypto_composite_slow__vol_shock_throttle,1.085763839323038,0.0443989728860017
0,2025-07-30,-0.0010500638279806035,-0.0009532979748616555,4.359235872859624,7.130664634286543,btc_crypto_composite_slow__vol_shock_throttle,1.085763839323038,0.0
0,2025-07-31,-0.01941379028257309,-0.017866484608560995,4.275422779123913,7.004396070866227,btc_crypto_composite_slow__vol_shock_throttle,1.085763839323038,0.0
0,2025-08-01,-0.023483556798977033,-0.021614970727856786,4.176190370727781,6.854620780380706,btc_crypto_composite_slow__vol_shock_throttle,1.085763839323038,0.0
0,2025-08-02,-0.006797071794083974,-0.006246541240191306,4.147900757134855,6.811936562147126,btc_crypto_composite_slow__vol_shock_throttle,1.085763839323038,0.0
0,2025-08-03,0.01592207472202993,0.014678033417110825,4.21447251680381,6.912659795785723,btc_crypto_composite_slow__vol_shock_throttle,1.085763839323038,0.0
0,2025-08-04,0.008008418959184575,0.007389472612047143,4.2483592870270686,6.963929902249681,btc_crypto_composite_slow__vol_shock_throttle,1.085763839323038,0.0
0,2025-08-05,-0.008655026181722675,-0.007957768256371622,4.2117482892827685,6.908732477377751,btc_crypto_composite_slow__vol_shock_throttle,1.1159273695953804,0.03016353027234242
0,2025-08-06,0.008592746825146429,0.007739526285323706,4.248094710183091,6.962410246293961,btc_crypto_composite_slow__vol_shock_throttle,1.1159273695953804,0.0
0,2025-08-07,0.023628187795913743,0.021191396501565762,4.349664722000107,7.111527867368429,btc_crypto_composite_slow__vol_shock_throttle,1.1159273695953804,0.0
0,2025-08-08,-0.008056842908947296,-0.007202055947180597,4.314760952530143,7.060494239908789,btc_crypto_composite_slow__vol_shock_throttle,1.1159273695953804,0.0
0,2025-08-09,-0.0016313656601956233,-0.0014440851116042097,4.3077277381122965,7.050305643667032,btc_crypto_composite_slow__vol_shock_throttle,1.1159273695953804,0.0
0,2025-08-10,0.02596740136420458,0.02328760243039696,4.421053249845718,7.216417019393991,btc_crypto_composite_slow__vol_shock_throttle,1.1159273695953804,0.0
0,2025-08-11,-0.005208205048181303,-0.004649264494595684,4.398087355448394,7.182943861046188,btc_crypto_composite_slow__vol_shock_throttle,1.1159273695953804,0.0
0,2025-08-12,0.0133492662331286,0.01198033505813001,4.457192220040427,7.269515478240649,btc_crypto_composite_slow__vol_shock_throttle,1.1159273695953804,0.0
0,2025-08-13,0.029419178009853525,0.02638066991354293,4.5902670293888646,7.463842130295801,btc_crypto_composite_slow__vol_shock_throttle,1.1159273695953804,0.0
0,2025-08-14,-0.045560311706429955,-0.0408095843665226,4.385825603017687,7.165377367966883,btc_crypto_composite_slow__vol_shock_throttle,1.1159273695953804,0.0
0,2025-08-15,-0.009197501010346405,-0.008224299977209526,4.3456719074934655,7.106688821949697,btc_crypto_composite_slow__vol_shock_throttle,1.0790571232588355,0.0368702463365449
0,2025-08-16,0.00013893805040302238,0.00016859441331718017,4.346275728621878,7.10788707098847,btc_crypto_composite_slow__vol_shock_throttle,1.0790571232588355,0.0
0,2025-08-17,0.00019585194637461282,0.00019400335443009453,4.347127038545441,7.109266158692647,btc_crypto_composite_slow__vol_shock_throttle,1.1052557764440694,0.026198653185233844
0,2025-08-18,-0.009275078594012871,-0.01042424571521039,4.306993502170682,7.0355423465639575,btc_crypto_intraday_rv_3d__trend_filter,1.25,0.14474422355593064
0,2025-08-19,-0.037237964659410816,-0.029520510523608934,4.14955928718461,6.830885198762168,btc_crypto_intraday_rv_3d__trend_filter,1.25,0.0
0,2025-08-20,0.014892918420909005,0.01194845880955775,4.211820812246955,6.912993305005859,btc_crypto_intraday_rv_3d__trend_filter,1.0286082408573836,0.22139175914261644
0,2025-08-21,-0.016509217358654023,-0.015873098671839614,4.1428577761981,6.804128973034848,btc_crypto_intraday_rv_3d__trend_filter,0.8808470193814072,0.14776122147597637
0,2025-08-22,0.034427206277887694,0.039195486157224124,4.287968338879636,7.076115620563738,btc_crypto_intraday_rv_3d__trend_filter,0.8808470193814072,0.0
0,2025-08-23,-0.011644889812849843,-0.013243023653885189,4.2383250264862475,6.983024220339363,btc_crypto_intraday_rv_3d__trend_filter,0.8808470193814072,0.0
0,2025-08-24,-0.014934720429726989,-0.01697787266227202,4.1754971532733265,6.865468074729289,btc_crypto_intraday_rv_3d__trend_filter,0.946183902445384,0.06533688306397678
0,2025-08-25,-0.028016110046287897,-0.029564021579471245,4.060139447893391,6.665468195752324,btc_crypto_intraday_rv_3d__trend_filter,0.8053907769981364,0.14079312544724754
0,2025-08-26,0.01185266859854228,0.01481548282978018,4.108549261230914,6.764955481677704,btc_crypto_intraday_rv_3d__trend_filter,0.8053907769981364,0.0
0,2025-08-27,-0.0038259604293747235,-0.004791283914599376,4.0928601464395555,6.7326201849473915,btc_crypto_intraday_rv_3d__trend_filter,0.6565380826637683,0.1488526943343681
0,2025-08-28,0.007814197833616322,0.011995074900745806,4.124967849923615,6.813864761602765,btc_crypto_intraday_rv_3d__trend_filter,0.6565380826637683,0.0
0,2025-08-29,-0.025130200089458835,-0.03836464091349434,4.022598254079013,6.557404249602734,btc_crypto_intraday_rv_3d__trend_filter,0.7259692513474257,0.0694311686836574
0,2025-08-30,0.002882395962264366,0.003983566429894836,4.034209701399628,6.58357820326785,btc_crypto_intraday_rv_3d__trend_filter,0.6219661557315211,0.1040030956159046
0,2025-08-31,-0.003385698214142998,-0.005411783362303524,4.020574180722398,6.548045538546429,btc_crypto_intraday_rv_3d__trend_filter,0.7864808415257245,0.16451468579420336
0,2025-09-01,0.007354740357606885,0.009473230630291596,4.050253467850801,6.610371431787178,btc_crypto_intraday_rv_3d__trend_filter,0.7864808415257245,0.0
0,2025-09-02,0.014279344909380392,0.018110754383476646,4.108503329262301,6.731180918540596,btc_crypto_intraday_rv_3d__trend_filter,1.0385492948276487,0.2520684533019242
0,2025-09-03,0.004613466879219229,0.004642548431167626,4.127501563460489,6.762503403772768,btc_crypto_intraday_rv_3d__trend_filter,0.8524046707641058,0.18614462406354293
0,2025-09-04,-0.0083884329781543,-0.009694785229040548,4.0930231055201265,6.697259161140944,btc_crypto_intraday_rv_3d__trend_filter,0.7586050533835285,0.0937996173805773
0,2025-09-05,0.00012246197235752293,0.00020895934435927188,4.0935243758951865,6.698658762249033,btc_crypto_intraday_rv_3d__trend_filter,0.8298020669493673,0.07119701356583885
0,2025-09-06,-0.0036081264645852745,-0.004312660926842682,4.0787810361729795,6.669831923213296,btc_crypto_intraday_rv_3d__trend_filter,0.7504396868370288,0.07936238011233854
0,2025-09-07,0.006269857937667854,0.00838581065932864,4.104434752367058,6.725999045128269,btc_crypto_intraday_rv_3d__trend_filter,0.7504396868370288,0.0
0,2025-09-08,0.0062003276217399575,0.008208158451143532,4.129962651419639,6.781434310513629,btc_crypto_intraday_rv_3d__trend_filter,0.898294475665582,0.14785478882855319
0,2025-09-09,-0.0046357220328170756,-0.005047325020896665,4.110861600350046,6.747292442474717,btc_crypto_intraday_rv_3d__trend_filter,1.0439496717237775,0.14565519605819555
0,2025-09-10,0.022555178669732674,0.021724069620923103,4.2046363963536,6.895474827814479,btc_crypto_intraday_rv_3d__trend_filter,0.9682265107615842,0.07572316096219334
0,2025-09-11,0.013253264934484083,0.013745440196604619,4.260732463387491,6.990910565189652,btc_crypto_intraday_rv_3d__trend_filter,0.7687334638915375,0.19949304687004665
0,2025-09-12,0.003684450435697908,0.004951787491133786,4.276459876614007,7.025613919585022,btc_crypto_intraday_rv_3d__trend_filter,0.8315244773549085,0.06279101346337101
0,2025-09-13,-0.0008281314322906604,-0.0009683099234347736,4.272919871768207,7.01881424053811,btc_crypto_intraday_rv_3d__trend_filter,0.9434457715687297,0.11192129421382113
0,2025-09-14,-0.005255458753977682,-0.005485293943008784,4.250522623082104,6.980419381112409,btc_crypto_intraday_rv_3d__trend_filter,1.25,0.30655422843127034
0,2025-09-15,0.00034156306374103645,0.0005016647840108135,4.251974692584281,6.983922090212982,btc_crypto_intraday_rv_3d__trend_filter,1.25,0.0
0,2025-09-16,0.015615952823571361,0.012524823181026434,4.3188944769839965,7.071944561769543,btc_crypto_intraday_rv_3d__trend_filter,1.25,0.0
0,2025-09-17,-0.00402352167102866,-0.0031869151194321432,4.301552223323424,7.049442749449636,btc_crypto_intraday_rv_3d__trend_filter,1.25,0.0
0,2025-09-18,0.006695420255078654,0.005388317773858731,4.3304495551458535,7.087529907816752,btc_crypto_intraday_rv_3d__trend_filter,1.0116757800978176,0.23832421990218244
0,2025-09-19,-0.01262916272391498,-0.012293104711778469,4.276103497974436,7.000935508036526,btc_crypto_intraday_rv_3d__trend_filter,1.0116757800978176,0.0
0,2025-09-20,3.8924124821241303e-05,4.0320401559768015e-05,4.276269944800117,7.0012177942584115,btc_crypto_intraday_rv_3d__trend_filter,1.0739982393610918,0.06232245926327429
0,2025-09-21,-0.003899221346101008,-0.0035731254845341454,4.259628287587056,6.9762462044151565,btc_crypto_intraday_rv_3d__trend_filter,1.25,0.17600176063890816
0,2025-09-22,-0.028155150328859024,-0.02237973562379203,4.141370408918964,6.821853733984104,btc_crypto_intraday_rv_3d__trend_filter,1.25,0.0
0,2025-09-23,-0.008011610582438121,-0.006377544953464209,4.108323916498992,6.77848549357427,btc_crypto_intraday_rv_3d__trend_filter,1.25,0.0
0,2025-09-24,0.014503109660423832,0.01163438994572985,4.168341557992099,6.8578095859923,btc_crypto_intraday_rv_3d__trend_filter,1.07475666190524,0.17524333809476
0,2025-09-25,-0.0417136590617878,-0.03867059589101807,3.9980413941005213,6.59767617625309,btc_crypto_intraday_rv_3d__trend_filter,0.9341116787051691,0.1406449832000709
0,2025-09-26,0.005566941448604666,0.00606881130666892,4.020360322895314,6.637837971944426,btc_crypto_intraday_rv_3d__trend_filter,0.8426802796328944,0.09143139907227471
0,2025-09-27,-9.636049765900905e-05,-3.1277994279932386e-05,4.01997293763845,6.637630356933216,btc_crypto_composite_slow__vol_shock_throttle,1.137628666898786,0.2949483872658917
0,2025-09-28,0.025579613427985794,0.022504326298342647,4.124128744838699,6.788699232350901,btc_crypto_composite_slow__vol_shock_throttle,1.137628666898786,0.0
0,2025-09-29,0.021970090529535854,0.019331574246784555,4.215738883363944,6.9212121908920405,btc_crypto_composite_slow__vol_shock_throttle,1.137628666898786,0.0
0,2025-09-30,-0.0030813314904850194,-0.002689259053722637,4.202768787231954,6.902624263423566,btc_crypto_composite_slow__vol_shock_throttle,1.137628666898786,0.0
0,2025-10-01,0.044805354921622485,0.039404117457962684,4.395357622202309,7.180045964547497,btc_crypto_composite_slow__vol_shock_throttle,1.137628666898786,0.0
0,2025-10-02,0.018654863839785957,0.01641732287649944,4.478121999082181,7.298896027903059,btc_crypto_composite_slow__vol_shock_throttle,1.137628666898786,0.0
0,2025-10-03,0.016001323573416333,0.014084852064407016,4.550354242739415,7.4024272984391555,btc_crypto_composite_slow__vol_shock_throttle,1.137628666898786,0.0
0,2025-10-04,0.0008835524117657668,0.0007960069416288462,4.554376495879038,7.408322027765092,btc_crypto_composite_slow__vol_shock_throttle,1.137628666898786,0.0
0,2025-10-05,0.009765359359793611,0.008603305761058166,4.599069485404804,7.4723330457019195,btc_crypto_composite_slow__vol_shock_throttle,1.137628666898786,0.0
0,2025-10-06,0.011291714059692577,0.009944956282428308,4.651295166796175,7.54701581407957,btc_crypto_composite_slow__vol_shock_throttle,1.137628666898786,0.0
0,2025-10-07,-0.03063510890923454,-0.026909668424833555,4.510962757225667,7.346636285851555,btc_crypto_composite_slow__vol_shock_throttle,1.137628666898786,0.0
0,2025-10-08,0.017988697592660474,0.015831700456494957,4.592843356800575,7.463871599404069,btc_crypto_composite_slow__vol_shock_throttle,1.137628666898786,0.0
0,2025-10-09,-0.015031520903262477,-0.01319368387586195,4.52432221454037,7.366042419782898,btc_crypto_composite_slow__vol_shock_throttle,1.1105922522100569,0.027036414688729193
0,2025-10-10,-0.08272831240916838,-0.07445490676034261,4.165096591896753,6.837523947432424,btc_crypto_composite_slow__vol_shock_throttle,1.1105922522100569,0.0
0,2025-10-11,-0.02193078895921669,-0.019731047308543026,4.074747076795051,6.703934700812899,btc_crypto_composite_slow__vol_shock_throttle,0.8890068450875542,0.22158540712250263
0,2025-10-12,0.03363434870332739,0.03801310707221006,4.214129418325673,6.963677629739704,btc_crypto_composite_slow__vol_shock_throttle,0.8890068450875542,0.0
0,2025-10-13,0.0014209861417483886,0.001578482225101041,4.220121894433064,6.9746783510369745,btc_crypto_composite_slow__vol_shock_throttle,0.8890068450875542,0.0
0,2025-10-14,-0.017009956795877062,-0.019153577420413015,4.148944878498458,6.842359543694746,btc_crypto_composite_slow__vol_shock_throttle,0.8890068450875542,0.0
0,2025-10-15,-0.017767096341214136,-0.020005295927857603,4.075881162161474,6.706836228002537,btc_crypto_composite_slow__vol_shock_throttle,0.8890068450875542,0.0
0,2025-10-16,-0.021288144289723688,-0.023965899752335318,3.9900302612280325,6.548011652097505,btc_crypto_composite_slow__vol_shock_throttle,0.8890068450875542,0.0
0,2025-10-17,0.0001587175624314375,-0.016215754296935003,3.9906635993647357,6.4426869715075314,btc_crypto_composite_balanced__peg_aware_vol,0.0,0.8890068450875542
0,2025-10-18,0.0001587175624314375,0.007346777789951631,3.991297038031302,6.49019426011963,btc_crypto_composite_balanced__peg_aware_vol,0.0,0.0
0,2025-10-19,0.0001587175624314375,0.012979713516987346,3.9919305772436884,6.574984206494328,btc_crypto_composite_balanced__peg_aware_vol,0.0,0.0
0,2025-10-20,0.00015752727446705395,0.017387255302347526,3.992559464719548,6.69030478440351,btc_crypto_composite_balanced__peg_aware_vol,0.0,0.0
0,2025-10-21,0.00015713051149741802,-0.02006930659341677,3.9931868669211474,6.557373388729603,btc_crypto_composite_balanced__peg_aware_vol,0.0,0.0
0,2025-10-22,0.00015713051149741802,-0.007039814135428202,3.993814367714521,6.511372806608819,btc_crypto_composite_balanced__peg_aware_vol,0.0,0.0
0,2025-10-23,0.0001567337483703612,0.023236905450408685,3.9944403822681904,6.664448576708621,btc_crypto_composite_balanced__peg_aware_vol,0.0,0.0
0,2025-10-24,0.00015594022164398425,0.008014173658127177,3.995063324756378,6.718073216513819,btc_crypto_composite_balanced__peg_aware_vol,0.0,0.0
0,2025-10-25,0.00015594022164398425,0.005708025022476804,3.9956863643939293,6.756529797685787,btc_crypto_composite_balanced__peg_aware_vol,0.03837164983595624,0.03837164983595624
0,2025-10-26,0.0011126911148273706,0.02588973632563274,4.000134803519611,6.933738619296623,btc_crypto_composite_balanced__peg_aware_vol,0.0,0.03837164983595624
0,2025-10-27,0.00012365584643340884,-0.004271685429683814,4.000629474158416,6.90418304007434,btc_crypto_composite_balanced__peg_aware_vol,0.24390577231575472,0.24390577231575472
0,2025-10-28,-0.0026063669265997532,-0.010364444526308247,3.9902159424487627,6.832994569696546,btc_crypto_composite_balanced__peg_aware_vol,0.0,0.24390577231575472
0,2025-10-29,-3.918439620861954e-05,-0.025682713505494448,3.990059591309598,6.65973908644553,btc_crypto_composite_balanced__peg_aware_vol,0.0,0.0
0,2025-10-30,0.0001555434580446639,-0.015941059000709856,3.9906802672460238,6.554417491942877,btc_crypto_composite_balanced__peg_aware_vol,0.0,0.0
0,2025-10-31,0.00015435316630217383,0.011413303522159524,3.9912962889221983,6.6296535776223475,btc_crypto_composite_balanced__peg_aware_vol,0.0,0.0
0,2025-11-01,0.00015435316630217383,0.0046746407872966245,3.991912405690608,6.660717376123843,btc_crypto_composite_balanced__peg_aware_vol,0.2283258838432264,0.2283258838432264
0,2025-11-02,0.0009124773300094657,0.004274713306582356,3.9955565976326,6.689250976353297,btc_crypto_composite_balanced__peg_aware_vol,0.30941973300757647,0.08109384916435006
0,2025-11-03,-0.011369029107436266,-0.036885860966256345,3.9503882450492362,6.447007342467333,btc_crypto_composite_balanced__peg_aware_vol,0.05941973300757647,0.25
0,2025-11-04,-0.002959670977813906,-0.04893096432964583,3.938713680566199,6.139142539716723,btc_crypto_composite_balanced__peg_aware_vol,0.0,0.05941973300757647
0,2025-11-05,0.00010959472509135685,0.02366629044032109,3.9391453664640506,6.286166159781853,btc_crypto_composite_balanced__peg_aware_vol,0.0,0.0
0,2025-11-06,-0.012427120258717624,-0.02499140207398831,3.8904960448515906,6.131012878060808,btc_crypto_intraday_rv_3d__trend_filter,0.42414021432839366,0.42414021432839366
0,2025-11-07,0.008208643720412691,0.019271974339973852,3.9225631745391967,6.250315507044137,btc_crypto_intraday_rv_3d__trend_filter,0.42414021432839366,0.0
0,2025-11-08,-0.003995800908415866,-0.009632126341278635,3.906920666030814,6.190400695156286,btc_crypto_intraday_rv_3d__trend_filter,0.5375542144852516,0.11341400015685799
0,2025-11-09,0.012406641818404457,0.02311477106321469,3.9556943646297977,6.335156948718893,btc_crypto_intraday_rv_3d__trend_filter,0.6251072900167036,0.08755307553145197
0,2025-11-10,0.007679104099062427,0.012302509253427019,3.986187483512302,6.413576666275341,btc_crypto_intraday_rv_3d__trend_filter,0.7054274763686931,0.08032018635198945
0,2025-11-11,-0.01998695654370961,-0.02830747386424015,3.9073066473418425,6.234570077781485,btc_crypto_intraday_rv_3d__trend_filter,0.7920385388043635,0.0866110624356704
0,2025-11-12,-0.010896428262722857,-0.013711118159095648,3.8649620819889052,6.14967051479566,btc_crypto_intraday_rv_3d__trend_filter,0.692646140070221,0.09939239873414252
0,2025-11-13,-0.014018732201245958,-0.0201943130009532,3.811158225666811,6.026727694547538,btc_crypto_intraday_rv_3d__trend_filter,0.692646140070221,0.0
0,2025-11-14,-0.036327342851248216,-0.052516737579889394,3.6751935440581267,5.71839090197254,btc_crypto_intraday_rv_3d__trend_filter,0.5647387939137622,0.1279073461564587
0,2025-11-15,0.006083218788099237,0.010832130908308812,3.6976186898548304,5.780669959299943,btc_crypto_intraday_rv_3d__trend_filter,0.48133280038770265,0.0834059935260596
0,2025-11-16,-0.006852950765589514,-0.014267713772236235,3.6723657185372858,5.698778605306358,btc_crypto_intraday_rv_3d__trend_filter,0.48133280038770265,0.0
0,2025-11-17,-0.010612891265936796,-0.022218713305290905,3.633597386408023,5.573555378324032,btc_crypto_intraday_rv_3d__trend_filter,0.5324879375456498,0.05115513715794717
0,2025-11-18,0.004850901382975086,0.009049474601390273,3.6512664297404247,5.624222033695221,btc_crypto_intraday_rv_3d__trend_filter,0.5900628107760816,0.057574873230431756
0,2025-11-19,-0.009421818647313104,-0.015998313346635484,3.6170264145054407,5.534959892967217,btc_crypto_intraday_rv_3d__trend_filter,0.5141455445600983,0.07591726621598327
0,2025-11-20,-0.02851962995641471,-0.055499563238674554,3.5153272638467454,5.236140896223948,btc_crypto_intraday_rv_3d__trend_filter,0.5141455445600983,0.0
0,2025-11-21,-0.00848321420989331,-0.0166458705002821,3.485632122854502,5.1497021925742565,btc_crypto_intraday_rv_3d__trend_filter,0.5141455445600983,0.0
0,2025-11-22,-0.002443893790278192,-0.004899545975030506,3.4771240088523934,5.124532699818095,btc_crypto_intraday_rv_3d__trend_filter,0.32914045568735867,0.18500508887273964
0,2025-11-23,0.008159079927814351,0.024923306720252114,3.505610194062198,5.253857911699168,btc_crypto_intraday_rv_3d__trend_filter,0.32914045568735867,0.0
0,2025-11-24,0.005615831938511604,0.016745891313693306,3.525352494589586,5.342579230753397,btc_crypto_intraday_rv_3d__trend_filter,0.32914045568735867,0.0
0,2025-11-25,-0.003468272351280358,-0.010852776549736376,3.513146790592045,5.284910908895057,btc_crypto_intraday_rv_3d__trend_filter,0.603370006226583,0.2742295505392243
0,2025-11-26,0.017633210396470197,0.03548603521696414,3.5756442431157844,5.475818690554984,btc_crypto_intraday_rv_1d__priority_stack,0.6036014764995351,0.00023147027295211675
0,2025-11-27,0.0056675299477928825,0.009428342725678718,3.5959668490368037,5.527690735323829,btc_crypto_intraday_rv_1d__priority_stack,0.6036014764995351,0.0
0,2025-11-28,-0.0029954898811473335,-0.00506380135008655,3.5852112838633308,5.499770358796972,btc_crypto_intraday_rv_1d__priority_stack,0.784564956075553,0.18096347957601788
0,2025-11-29,-0.0004029946310910519,-0.00037140513276412435,3.583766754053036,5.497728095133771,btc_crypto_intraday_rv_1d__priority_stack,0.6885812195389344,0.09598373653661862
0,2025-11-30,-0.0037619205758004956,-0.005421406212688495,3.570310235209422,5.468003325712899,btc_crypto_intraday_rv_1d__priority_stack,1.0385812195389343,0.35
0,2025-12-01,-0.04819687937971056,-0.04613124694180115,3.402313404230431,5.22148727624353,btc_crypto_intraday_rv_1d__priority_stack,1.0385812195389343,0.0
0,2025-12-02,0.058600569707109286,0.0564292325393172,3.6076485285089483,5.524603679826292,btc_crypto_intraday_rv_1d__priority_stack,0.6885812195389344,0.35
0,2025-12-03,0.015953332591326228,0.023508286576813475,3.6656640856453944,5.656016236449946,btc_crypto_intraday_rv_1d__priority_stack,0.5160540005959857,0.17252721894294865
0,2025-12-04,-0.0077968950451823985,-0.014979276630871396,3.637194419225416,5.571924592969273,btc_crypto_intraday_rv_1d__priority_stack,0.5160540005959857,0.0
0,2025-12-05,-0.01552977882749902,-0.03023137340442794,3.5811459311030966,5.405998385552744,btc_crypto_intraday_rv_1d__priority_stack,0.5160540005959857,0.0
0,2025-12-06,-0.00037318011599128247,-0.0008611937449281015,3.579809767979407,5.401344777674626,btc_crypto_intraday_rv_1d__priority_stack,0.5160540005959857,0.0
0,2025-12-07,0.0065973428971399795,0.012646158208706737,3.6035050776220126,5.470084770582671,btc_crypto_intraday_rv_1d__priority_stack,0.8660540005959857,0.35
0,2025-12-08,0.0020474007554359256,0.002664471368939658,3.6108904544733598,5.484679089277467,btc_crypto_intraday_rv_1d__priority_stack,0.5892243414129443,0.27682965918304137
0,2025-12-09,0.01297286230435721,0.02228952249634908,3.6580392050193478,5.608302603568475,btc_crypto_intraday_rv_1d__priority_stack,0.5892243414129443,0.0
0,2025-12-10,-0.004099320832845494,-0.007059222489651518,3.6430744223776834,5.568851757677989,btc_crypto_intraday_rv_1d__priority_stack,0.5158181835660076,0.07340615784693671
0,2025-12-11,0.0029224446335722326,0.005643176440882414,3.6537366780103655,5.600366609019349,btc_crypto_intraday_rv_1d__priority_stack,0.5158181835660076,0.0
0,2025-12-12,-0.012761058270357018,-0.024874653306445893,3.607407365590298,5.462777762986059,btc_crypto_intraday_rv_1d__priority_stack,0.5158181835660076,0.0
0,2025-12-13,8.261313056864932e-05,2.4956304315537636e-05,3.607705397116495,5.46291409543149,btc_crypto_intraday_rv_1d__priority_stack,0.6035985124627204,0.08778032889671283
0,2025-12-14,-0.014272827810426337,-0.023624478574973296,3.5565789664893717,5.3353681339095465,btc_crypto_intraday_rv_1d__priority_stack,0.6665915464448249,0.06299303398210443
0,2025-12-15,-0.013597211345134369,-0.02039495519752066,3.508546703066358,5.227655668900333,btc_crypto_intraday_rv_1d__priority_stack,0.7933164418545997,0.12672489540977483
0,2025-12-16,0.010694678890541341,0.01682882170856459,3.5462708476734126,5.31637538439939,btc_crypto_intraday_rv_3d__drawdown_brake,0.5460014844175751,0.24731495743702459
0,2025-12-17,-0.01045063267381439,-0.01912753190158689,3.5094030551059383,5.215652604597169,btc_crypto_intraday_rv_3d__drawdown_brake,0.5460014844175751,0.0
0,2025-12-18,-0.004610582859619612,-0.008563704598497424,3.4932599047955044,5.171178001885526,btc_crypto_intraday_rv_3d__drawdown_brake,0.4274995627044666,0.11850192171310853
0,2025-12-19,0.012927090027910688,0.03026823524123401,3.5387107305966117,5.3300933450644905,btc_crypto_intraday_rv_3d__drawdown_brake,0.36824110528346166,0.05925845742100494
0,2025-12-20,0.0010421118586212892,0.0027122786167215196,3.54240038519569,5.344569666303177,btc_crypto_intraday_rv_3d__drawdown_brake,0.36824110528346166,0.0
0,2025-12-21,0.0014582473563493847,0.003713602821164841,3.547569849455262,5.364454174023847,btc_crypto_intraday_rv_3d__drawdown_brake,0.44562134743208714,0.07738024214862549
0,2025-12-22,-0.00036872361819372565,-0.0008682047222610123,3.5462620177936044,5.359798750800251,btc_crypto_intraday_rv_3d__drawdown_brake,0.7057460723595035,0.26012472492741634
0,2025-12-23,-0.009455493344977405,-0.013163389716408957,3.5128883915858804,5.289707959321729,btc_crypto_intraday_rv_3d__drawdown_brake,0.7827532145343297,0.07700714217482618
0,2025-12-24,0.0018212822018199564,0.002364831052172889,3.519292182475491,5.30223202777719,btc_crypto_intraday_rv_3d__drawdown_brake,0.63497194173965,0.14778127279467967
0,2025-12-25,-0.00335687380267382,-0.005184631307582066,3.507498169326236,5.274813049671469,btc_crypto_intraday_rv_3d__drawdown_brake,0.63497194173965,0.0
0,2025-12-26,0.0009073193532605423,0.0013458813368654177,3.5106820344696024,5.281917101643605,btc_crypto_intraday_rv_3d__drawdown_brake,0.7536872585189753,0.11871531677932534
0,2025-12-27,0.0044610009851756,0.005997709593353662,3.5263781747024137,5.3136916986671565,btc_crypto_intraday_rv_3d__drawdown_brake,0.7536872585189753,0.0
0,2025-12-28,0.0006843337453075634,0.0008607785260839051,3.528792220198265,5.3182675795030425,btc_crypto_intraday_rv_3d__drawdown_brake,0.9326794408095183,0.17899218229054292
0,2025-12-29,-0.008292864919422691,-0.008748452080777014,3.4996494286206117,5.271943896142863,btc_crypto_intraday_rv_3d__drawdown_brake,1.019379049272962,0.08669960846344371
0,2025-12-30,0.014706482903931818,0.01449769767594411,3.5514972784000958,5.348931669185948,btc_crypto_intraday_rv_3d__drawdown_brake,1.019379049272962,0.0
0,2025-12-31,-0.010516356943816025,-0.010313665844419617,3.514344165442087,5.294048087291477,btc_crypto_intraday_rv_3d__drawdown_brake,0.8157392378445066,0.20363981142845533
0,2026-01-01,0.011606213059204893,0.014394663779757622,3.5553700094042,5.370805250947294,btc_crypto_intraday_rv_3d__drawdown_brake,0.7407871086130798,0.0749521292314268
0,2026-01-02,0.009976587818849464,0.013497815229746024,3.5910179974967,5.443790852837186,btc_crypto_intraday_rv_3d__drawdown_brake,0.94889809693089,0.20811098831781016
0,2026-01-03,0.006502947985142393,0.007020812528546472,3.6144462946852194,5.482145169547206,btc_crypto_intraday_rv_3d__drawdown_brake,0.86013141332308,0.08876668360781004
0,2026-01-04,0.008476888143123688,0.009914350390213045,3.64521578212456,5.536767402204298,btc_crypto_intraday_rv_3d__drawdown_brake,0.9212971639506937,0.06116575062761376
0,2026-01-05,0.03057178724378469,0.025733895038712262,3.7583775079794437,5.681099137226797,btc_crypto_intraday_rv_1d__priority_stack,0.9900839500097336,0.06878678605903987
0,2026-01-06,-0.0017650597054631144,-0.0016145652557835177,3.751749598331052,5.671934032765765,btc_crypto_intraday_rv_1d__priority_stack,0.6942569951274107,0.2958269548823229
0,2026-01-07,-0.018560161010738294,-0.026456221034516503,3.6827587428903654,5.523843685441762,btc_crypto_intraday_rv_1d__priority_stack,0.6942569951274107,0.0
0,2026-01-08,-0.001930415876478822,-0.0028438070647514024,3.6756563444408066,5.508157254907165,btc_crypto_intraday_rv_1d__priority_stack,0.6942569951274107,0.0
0,2026-01-09,-0.003778465016169942,-0.005505716347137479,3.661794210817582,5.477914234607973,btc_crypto_intraday_rv_1d__priority_stack,0.6942569951274107,0.0
0,2026-01-10,-0.00111769988836823,-0.0016731800580167544,3.657703710238783,5.468756361273099,btc_crypto_intraday_rv_1d__priority_stack,0.6942569951274107,0.0
0,2026-01-11,0.003866731098517186,0.005506338509125186,3.6718744464813122,5.498952243101369,btc_crypto_intraday_rv_1d__priority_stack,1.0442569951274105,0.34999999999999987
0,2026-01-12,0.0033257078623538205,0.0034590649369761195,3.684106356803635,5.518006411800216,btc_crypto_intraday_rv_1d__priority_stack,1.2000000000000002,0.15574300487258963
0,2026-01-13,0.05359387805015303,0.04478966443119248,3.886938640618638,5.77077451109719,btc_crypto_intraday_rv_1d__priority_stack,0.8500000000000002,0.35
0,2026-01-14,0.01392690268637395,0.016688304751575345,3.941450365476063,5.867887022579249,btc_crypto_intraday_rv_1d__priority_stack,0.5720196972473687,0.2779803027526315
0,2026-01-15,-0.008406890616216278,-0.014417336608554265,3.9084539164902674,5.783894648240489,btc_crypto_intraday_rv_1d__priority_stack,0.6611240781075918,0.0891043808602231
0,2026-01-16,-0.0005290320700577959,-0.0007670226464302488,3.9063867658667997,5.779459971027067,btc_crypto_intraday_rv_1d__priority_stack,0.7329300918425312,0.07180601373493944
0,2026-01-17,-0.0031499016447919257,-0.004272370232298428,3.894101390787221,5.754820649917868,btc_crypto_intraday_rv_1d__priority_stack,0.8740211471973277,0.1410910553547965
0,2026-01-18,-0.013811751764695412,-0.015694385140200495,3.840686753021785,5.665207330607077,btc_crypto_intraday_rv_1d__priority_stack,1.2000000000000002,0.32597885280267247
0,2026-01-19,-0.01398462329201845,-0.011412262788663696,3.787350011965101,5.600922013968464,btc_crypto_intraday_rv_1d__priority_stack,1.25,0.04999999999999982
0,2026-01-20,-0.05864960785682567,-0.046858323361654186,3.5716117389124156,5.344526249290489,btc_crypto_intraday_rv_1d__priority_stack,0.9,0.35
0,2026-01-21,0.010454782154335054,0.011911222991590975,3.609148036589946,5.408566736335572,btc_crypto_intraday_rv_1d__priority_stack,0.55,0.35
0,2026-01-22,0.00032154680471299115,0.0009732757835827499,3.6103087332079915,5.413833325870228,btc_crypto_intraday_rv_1d__priority_stack,0.55,0.0
0,2026-01-23,0.00013745549335487058,0.00012979802689194742,3.6108050240842506,5.414536076360674,btc_crypto_intraday_rv_1d__priority_stack,0.7610812442081659,0.21108124420816587
0,2026-01-24,-0.0034896569901510834,-0.004409343662629794,3.5982265132008786,5.390714084297364,btc_crypto_intraday_rv_1d__priority_stack,0.7610812442081659,0.0
0,2026-01-25,-0.014896702339842497,-0.028502306010171452,3.545022073123081,5.239235303870666,btc_crypto_intraday_rv_3d__drawdown_brake,0.8053455587201139,0.04426431451194801
0,2026-01-26,0.015311073670491327,0.019254710772928618,3.5997178240660244,5.341092735108404,btc_crypto_intraday_rv_3d__drawdown_brake,0.8053455587201139,0.0
0,2026-01-27,0.00787411168582815,0.009741822604270922,3.6281742919244286,5.393378981203894,btc_crypto_intraday_rv_3d__drawdown_brake,0.8053455587201139,0.0
0,2026-01-28,0.0002964270170196825,0.0003325887831380214,3.629249940224743,5.395173056884441,btc_crypto_intraday_rv_3d__drawdown_brake,0.6508209024944108,0.1545246562257031
0,2026-01-29,-0.03480469057623112,-0.053366963652067057,3.5051079129920257,5.114797002017433,btc_crypto_intraday_rv_3d__drawdown_brake,0.6508209024944108,0.0
0,2026-01-30,-0.002914613543100197,-0.004557134117707307,3.494906751442143,5.091541216208838,btc_crypto_intraday_rv_3d__drawdown_brake,0.6508209024944108,0.0
0,2026-01-31,-0.04375771126311594,-0.06731341247858325,3.3452752711294904,4.7600928065119925,btc_crypto_intraday_rv_3d__drawdown_brake,0.33304445590907084,0.31777644658534
0,2026-02-01,-0.007692778594547345,-0.022629039840415643,3.319639540554867,4.653586093969525,btc_crypto_intraday_rv_3d__drawdown_brake,0.15532269535153403,0.1777217605575368
0,2026-02-02,0.003489140652537016,0.022580776597768804,3.3312424601655786,4.7598630745417,btc_crypto_intraday_rv_3d__drawdown_brake,0.15532269535153403,0.0
0,2026-02-03,-0.005925666863931226,-0.038949091289756765,3.311560997589397,4.578034743291977,btc_crypto_intraday_rv_3d__drawdown_brake,0.15532269535153403,0.0
0,2026-02-04,-0.005436393442276762,-0.035799046664616085,3.293606896096708,4.417044308952424,btc_crypto_intraday_rv_3d__drawdown_brake,0.329776293465986,0.174453598114452
0,2026-02-05,-0.04972396597896129,-0.1506560742024199,3.1338407195806064,3.799291833728865,btc_crypto_intraday_rv_3d__drawdown_brake,0.329776293465986,0.0
0,2026-02-06,0.03842536395147887,0.11622110525446594,3.2566031813182548,4.267532515863079,btc_crypto_intraday_rv_3d__drawdown_brake,0.22097612007296644,0.10880017339301959
0,2026-02-07,-0.004042255154673686,-0.018416411279027045,3.243465730674271,4.18965915678411,btc_crypto_intraday_rv_3d__drawdown_brake,0.15596711015445183,0.0650090099185146
0,2026-02-08,0.0024128702489312117,0.015009325282585806,3.251301241873681,4.253017406742664,btc_crypto_intraday_rv_3d__drawdown_brake,0.15596711015445183,0.0
0,2026-02-09,-0.0002997726014698248,-0.0027165276590892518,3.2503267369144835,4.241479645741365,btc_crypto_intraday_rv_3d__drawdown_brake,0.15596711015445183,0.0
0,2026-02-10,-0.002777625155325967,-0.018603547373709617,3.241311074468872,4.1633025188523485,btc_crypto_intraday_rv_3d__drawdown_brake,0.3463654461044413,0.19039833594998948
0,2026-02-11,-0.009070144462436196,-0.026023926471506087,3.212044839901548,4.056354677358636,btc_crypto_intraday_rv_3d__drawdown_brake,0.39737206028838234,0.051006614183941035
0,2026-02-12,-0.004818566166455033,-0.012246043325147227,3.1966046190487525,4.006983301242045,btc_crypto_intraday_rv_3d__drawdown_brake,0.39737206028838234,0.0
0,2026-02-13,0.015451100587364682,0.03866055903585419,3.246379224526317,4.164928977633721,btc_crypto_intraday_rv_3d__drawdown_brake,0.39737206028838234,0.0
0,2026-02-14,0.003463414988964744,0.01384047799750654,3.257642276044546,4.2229743467479155,btc_crypto_composite_fast__drawdown_brake,0.24219964214589734,0.155172418142485
0,2026-02-15,-0.0033578103153666166,-0.014323169330355157,3.246722075447711,4.162919087631553,btc_crypto_composite_fast__drawdown_brake,0.24219964214589734,0.0
0,2026-02-16,0.00039486246107110686,0.0011709608144663264,3.248004337258703,4.16779655786291,btc_crypto_composite_fast__drawdown_brake,0.31256953263914555,0.07036989049324821
0,2026-02-17,-0.006403526430713872,-0.02062950699657584,3.2272721061768173,4.082697760710829,btc_crypto_composite_fast__drawdown_brake,0.3711741598396015,0.05860462720045595
0,2026-02-18,-0.005730205637197933,-0.015560465642581178,3.2088320564566124,4.019660796646197,btc_crypto_composite_fast__drawdown_brake,0.3711741598396015,0.0
0,2026-02-19,0.0031165278077131156,0.008147676505442902,3.218848070276722,4.0525454774298,btc_crypto_composite_fast__drawdown_brake,0.3711741598396015,0.0
0,2026-02-20,0.005738748871430887,0.015212341418676445,3.237373336090081,4.114665480237529,btc_crypto_composite_fast__drawdown_brake,0.3711741598396015,0.0
0,2026-02-21,-0.00015500336271095678,-0.0006663292212429894,3.2368715712252616,4.111924671634247,btc_crypto_composite_fast__drawdown_brake,0.3711741598396015,0.0
0,2026-02-22,-0.0018076214995376427,-0.0051187354381543315,3.2310258176285616,4.090930594501427,btc_crypto_composite_fast__drawdown_brake,0.3711741598396015,0.0
0,2026-02-23,-0.016623229929697815,-0.045034252284915866,3.177759686712228,3.910785391067761,btc_crypto_composite_fast__drawdown_brake,0.3711741598396015,0.0
0,2026-02-24,-0.0031788256834682175,-0.008812969391625458,3.1676741811290845,3.876471186231438,btc_crypto_composite_fast__drawdown_brake,0.3711741598396015,0.0
0,2026-02-25,0.022182102801419076,0.05951325379117023,3.2387249700796525,4.1141757302832165,btc_crypto_composite_fast__drawdown_brake,0.3711741598396015,0.0
0,2026-02-26,-0.0026868058362677586,-0.007487392612754107,3.2300348245226687,4.083486316530889,btc_crypto_composite_fast__drawdown_brake,0.3711741598396015,0.0
0,2026-02-27,-0.008924495456909296,-0.02429268321632705,3.201336642279927,3.9854826822092413,btc_crypto_composite_fast__drawdown_brake,0.3711741598396015,0.0
0,2026-02-28,0.006324949953163019,0.0167916568591302,3.221649106268031,4.0529705708293235,btc_crypto_composite_fast__drawdown_brake,0.3711741598396015,0.0
0,2026-03-01,-0.006669667533262409,-0.01821783165709867,3.200233275445415,3.979802738509153,btc_crypto_composite_fast__drawdown_brake,0.31114946628065987,0.06002469355894163
0,2026-03-02,0.014256257415402514,0.045647334740277046,3.246183384861147,4.165680258359956,btc_crypto_composite_fast__drawdown_brake,0.31114946628065987,0.0
0,2026-03-03,-0.002110639030295141,-0.007108391942340475,3.2393390889694147,4.136173965767417,btc_crypto_composite_fast__drawdown_brake,0.31114946628065987,0.0
0,2026-03-04,0.019284727516087962,0.06165395177026056,3.302415107727082,4.399210748297491,btc_crypto_composite_fast__drawdown_brake,0.31114946628065987,0.0
0,2026-03-05,-0.007757501369144155,-0.02525678347374516,3.2768957292910463,4.289492235767375,btc_crypto_composite_fast__drawdown_brake,0.31114946628065987,0.0
0,2026-03-06,-0.007553153083154451,-0.03998293797269348,3.252238072963379,4.121369157764403,btc_crypto_composite_fast__regime_switch,0.19074638552011008,0.12040308076054979
0,2026-03-07,-0.0022474530059351477,-0.012405284957788254,3.2449370281809604,4.070558212683441,btc_crypto_composite_fast__regime_switch,0.19074638552011008,0.0
0,2026-03-08,-0.0036029631445669433,-0.019511632660973888,3.233266676210735,3.99190479965241,btc_crypto_composite_fast__regime_switch,0.19074638552011008,0.0
0,2026-03-09,0.007129248898431069,0.03675266830459556,3.2563998020256735,4.141347337311754,btc_crypto_composite_fast__regime_switch,0.19074638552011008,0.0
0,2026-03-10,0.004296542016661638,0.02190202317155432,3.2704211607066416,4.233051813590631,btc_crypto_composite_fast__regime_switch,0.19074638552011008,0.0
0,2026-03-11,0.0007778750431903021,0.003455188837698131,3.2729661294137706,4.247703103877684,btc_crypto_composite_fast__regime_switch,0.19074638552011008,0.0
0,2026-03-12,0.0010188407045045931,0.0047184665698409844,3.2763024598368986,4.267793108706508,btc_crypto_composite_fast__regime_switch,0.19074638552011008,0.0
0,2026-03-13,0.0011961656448792083,0.005648103794111847,3.2802238051032746,4.2919662490968555,btc_crypto_composite_fast__regime_switch,0.2597443373733049,0.0689979518531948
0,2026-03-14,0.001125260556185879,0.004126282695562367,3.2839169890740476,4.309712703424579,btc_crypto_composite_fast__regime_switch,0.2597443373733049,0.0
0,2026-03-15,0.005859389064080449,0.022139880965800884,3.3032152190731705,4.406193323401361,btc_crypto_composite_fast__regime_switch,0.5810836096444463,0.3213392722711414
0,2026-03-16,0.016133958250854983,0.028101853756307804,3.3569413980496337,4.5317717529823,btc_crypto_composite_fast__regime_switch,0.5810836096444463,0.0
0,2026-03-17,-0.007370633067918525,-0.012790132082235672,3.332289576144246,4.474178888984352,btc_crypto_composite_fast__regime_switch,0.5810836096444463,0.0
0,2026-03-18,-0.021460854666505665,-0.03703831489917775,3.261537707117907,4.311494222965559,btc_crypto_composite_fast__regime_switch,0.5810836096444463,0.0
0,2026-03-19,-0.010922832544296126,-0.018903192952341996,3.226106334650901,4.230758699438076,btc_crypto_composite_fast__regime_switch,0.6847881817200316,0.10370457207558537
0,2026-03-20,0.005701758390764132,0.00837988227395492,3.244553353760894,4.2663609221470775,btc_crypto_composite_fast__regime_switch,0.6847881817200316,0.0
0,2026-03-21,-0.015523485922533853,-0.02273661263610194,3.1945754943760907,4.170452771366904,btc_crypto_composite_fast__regime_switch,0.7412767017142415,0.056488519994209896
0,2026-03-22,-0.011528200804721164,-0.015542096931625338,3.157959251811779,4.10613629129758,btc_crypto_composite_fast__regime_switch,0.7412767017142415,0.0
0,2026-03-23,0.03227456261212104,0.04348791507287331,3.2615435835378843,4.288643259198645,btc_crypto_composite_fast__regime_switch,0.7412767017142415,0.0
0,2026-03-24,-0.003626181082581091,-0.004943046822569741,3.2497380533265,4.26749660227837,btc_crypto_composite_fast__regime_switch,0.7412767017142415,0.0
0,2026-03-25,0.00800414073022108,0.010746535469584373,3.275853791636021,4.313604713362987,btc_crypto_composite_fast__regime_switch,0.7412767017142415,0.0
0,2026-03-26,-0.020459825227187978,-0.03598460985574192,3.209511386845576,4.161140956735463,btc_crypto_intraday_rv_1d__priority_stack,0.6282674112533564,0.11300929046088515
0,2026-03-27,-0.02240882978432177,-0.03567518262675762,3.1383898439105495,4.0153082638156725,btc_crypto_intraday_rv_1d__priority_stack,0.6282674112533564,0.0
0,2026-03-28,-0.0003775651707425677,-0.0006878296429206898,3.137205120882427,4.0125473653890955,btc_crypto_intraday_rv_1d__priority_stack,0.6282674112533564,0.0
0,2026-03-29,-0.0033770162685958617,-0.005461992752653799,3.1266285967497476,3.9906906058291796,btc_crypto_intraday_rv_1d__priority_stack,0.9223812425224949,0.2941138312691385
0,2026-03-30,0.010804419908621698,0.011956352641309564,3.1605931582946405,4.038691093551997,btc_crypto_intraday_rv_1d__priority_stack,0.7176416168743335,0.2047396256481614
0,2026-03-31,0.015687806167976354,0.02203069492946419,3.210566895384176,4.128653594565568,btc_crypto_intraday_rv_1d__priority_stack,0.5546456333307095,0.162995983543624
0,2026-04-01,-0.0009061714579581192,-0.0015165704951982661,3.207658889074864,4.12239694586275,btc_crypto_intraday_rv_1d__priority_stack,0.5546456333307095,0.0
0,2026-04-02,-0.00993274851748105,-0.018026163821245333,3.175955730402009,4.048751707937521,btc_crypto_intraday_rv_1d__priority_stack,0.6389860037543341,0.08434037042362463
0,2026-04-03,0.0004883360917792572,0.0007868814854159467,3.1775070429611847,4.051938849482428,btc_crypto_intraday_rv_1d__priority_stack,0.574769754285473,0.06421624946886118
0,2026-04-04,0.0029323421903751524,0.005082531138153712,3.1868382553911188,4.072585378723411,btc_crypto_intraday_rv_1d__priority_stack,0.9247697542854729,0.35
0,2026-04-05,0.022908452258774373,0.025062895116869655,3.260686431548803,4.175946006784537,btc_crypto_intraday_rv_1d__priority_stack,1.2000000000000002,0.27523024571452726
0,2026-04-06,-0.0029734814473357666,-0.002269945272464824,3.2510052414916184,4.166477588349822,btc_crypto_intraday_rv_1d__priority_stack,0.9020388547075553,0.2979611452924449
0,2026-04-07,0.03888169445000672,0.04335254632761121,3.3798994077827667,4.351077528564441,btc_crypto_intraday_rv_1d__priority_stack,0.655800228593308,0.2462386261142473
0,2026-04-08,-0.007799379062894767,-0.011669592944071994,3.3536408245388887,4.300597339429653,btc_crypto_intraday_rv_1d__priority_stack,0.5275229147135699,0.12827731387973806
0,2026-04-09,0.005321670069709496,0.010151076338443588,3.3715353667328385,4.344475359105576,btc_crypto_intraday_rv_1d__priority_stack,0.7099531594574771,0.18243024474390712
0,2026-04-10,0.011596391533840835,0.016479612010151357,3.410860585541399,4.4166638125401505,btc_crypto_intraday_rv_1d__priority_stack,0.61600635849801,0.09394680095946706
0,2026-04-11,0.000858646547642452,0.0014243815767773782,3.413790566936852,4.4229593096362,btc_crypto_intraday_rv_1d__priority_stack,0.7616754518853072,0.14566909338729717
0,2026-04-12,-0.024695675894833926,-0.032315771877557964,3.33051717997365,4.282312756190612,btc_crypto_intraday_rv_1d__priority_stack,1.0946536955546944,0.3329782436693872
0,2026-04-13,0.055305319071304336,0.050779162796619204,3.519901197435905,4.505380683997954,btc_crypto_intraday_rv_1d__priority_stack,0.7635564123117763,0.3310972832429181
0,2026-04-14,-0.003010144911438375,-0.003640831790903576,3.5093217156327,4.4890071754555425,btc_crypto_intraday_rv_1d__priority_stack,0.6326151858607711,0.13094122645100514
0,2026-04-15,0.005995127494517215,0.008876752775186958,3.530423738191761,4.529032366399629,btc_crypto_intraday_rv_3d__drawdown_modulated,0.5483497476071824,0.08426543825358879
0,2026-04-16,0.0023046207373539082,0.004259259269748128,3.5385694086856883,4.548363829120305,btc_crypto_intraday_rv_3d__drawdown_modulated,0.5483497476071824,0.0
0,2026-04-17,0.013970700806271993,0.025356794650139847,3.5883526468154723,4.665170418582344,btc_crypto_intraday_rv_3d__drawdown_modulated,0.5483497476071824,0.0
0,2026-04-18,-0.009634420724784397,-0.01769077058365731,3.553946953304009,4.583365686823845,btc_crypto_intraday_rv_3d__drawdown_modulated,0.5483497476071824,0.0
0,2026-04-19,-0.01403163638373298,-0.02570976881997744,3.5044274939268605,4.467030300536475,btc_crypto_intraday_rv_3d__drawdown_modulated,0.5483497476071824,0.0
0,2026-04-20,0.015135082078963379,0.027480222768366147,3.55787070519615,4.591487512238435,btc_crypto_intraday_rv_3d__drawdown_modulated,0.6014233885763802,0.053073640969197866
0,2026-04-21,0.003730570309320166,0.006176202022217581,3.5711683805476317,4.619933219490985,btc_crypto_intraday_rv_3d__drawdown_modulated,0.6014233885763802,0.0
0,2026-04-22,0.014675515756862162,0.024304008060113347,3.623963569156321,4.733591697335901,btc_crypto_intraday_rv_3d__drawdown_modulated,0.6014233885763802,0.0
0,2026-04-23,0.0004566748903701149,0.0006620261608905054,3.625618920271846,4.73672649641952,btc_crypto_intraday_rv_3d__drawdown_modulated,0.6014233885763802,0.0
0,2026-04-24,-0.006229490950327041,-0.01045520999536187,3.6031033630611793,4.687461015455831,btc_crypto_intraday_rv_3d__drawdown_modulated,0.6014233885763802,0.0
0,2026-04-25,0.0015314321749036626,0.002449048922139596,3.6086254987897908,4.6989549056080735,btc_crypto_intraday_rv_3d__drawdown_modulated,0.6014233885763802,0.0
0,2026-04-26,0.00782085958261401,0.012906619291323196,3.6369587026881254,4.759995594761619,btc_crypto_intraday_rv_3d__drawdown_modulated,0.7956713009892002,0.19424791241282002
0,2026-04-27,-0.01337589113349964,-0.01665322253950663,3.5886350454941205,4.681382724446271,btc_crypto_intraday_rv_3d__drawdown_modulated,0.8922848433133276,0.09661354232412733
0,2026-04-28,-0.012176518841663264,-0.013577550104415081,3.5452029258882245,4.618250575767058,btc_crypto_intraday_rv_3d__drawdown_modulated,0.8922848433133276,0.0
0,2026-04-29,-0.006600321532860811,-0.007414824696546418,3.5218804991045696,4.584133698984238,btc_crypto_intraday_rv_3d__drawdown_modulated,0.7380236716169327,0.15426117169639486
0,2026-04-30,0.005263359092103134,0.007246794757810093,3.540466289789277,4.6174746365980734,btc_crypto_intraday_rv_3d__drawdown_modulated,0.7380236716169327,0.0
0,2026-05-01,0.018452261883104684,0.02495014812724783,3.6064023649717596,4.734130552385407,btc_crypto_intraday_rv_3d__drawdown_modulated,0.7380236716169327,0.0
0,2026-05-02,0.004372427413388577,0.005872393562995626,3.6222056216550693,4.762013018447523,btc_crypto_intraday_rv_3d__drawdown_modulated,0.7380236716169327,0.0
0,2026-05-03,-0.0011228065226826021,-0.0015734840523276006,3.6181408679495983,4.754525958835207,btc_crypto_intraday_rv_3d__drawdown_modulated,0.8189840035961107,0.08096033197917796
0,2026-05-04,0.013262713990269044,0.016240740237780216,3.6664468616654515,4.8323734189853536,btc_crypto_intraday_rv_3d__drawdown_modulated,0.9491779186704207,0.13019391507431
0,2026-05-05,0.015891899432877027,0.012949358000632571,3.725179113914061,4.895356467289273,btc_crypto_intraday_rv_1d__priority_stack,0.8798403797227771,0.0693375389476436
0,2026-05-06,0.005660231886264023,0.006731437694705633,3.746324278329182,4.928420413438864,btc_crypto_intraday_rv_1d__priority_stack,0.8798403797227771,0.0
0,2026-05-07,-0.015802262473017865,-0.017980424661660166,3.687589174766236,4.840597236560073,btc_crypto_intraday_rv_1d__priority_stack,0.8798403797227771,0.0
0,2026-05-08,0.0021417970552639123,0.00241425139757645,3.6954957064724705,4.852297773539265,btc_crypto_intraday_rv_1d__priority_stack,0.8798403797227771,0.0
0,2026-05-09,0.0051399440000219525,0.0058218546559114515,3.714539246895768,4.880629537607286,btc_crypto_intraday_rv_1d__priority_stack,0.9436282139269638,0.06378783420418677
0,2026-05-10,0.017825580465086525,0.01893577816605685,3.7813467372750975,4.973928613354395,btc_crypto_intraday_rv_1d__priority_stack,1.25,0.30637178607303617
0,2026-05-11,-0.007288214543558724,-0.005605130767953881,3.7538876563743147,4.946127081444853,btc_crypto_intraday_rv_1d__priority_stack,1.0078131598646483,0.24218684013535174
0,2026-05-12,-0.01581572368712616,-0.015499725297322797,3.694984234394271,4.870054545080458,btc_crypto_intraday_rv_1d__priority_stack,0.8756765655089566,0.1321365943556917
0,2026-05-13,-0.013133005895622135,-0.014897679841674005,3.646775242055273,4.798039789952405,btc_crypto_intraday_rv_1d__priority_stack,1.0157662671402274,0.14008970163127088
0,2026-05-14,0.02253242965411115,0.022295302439683695,3.7298786939929163,4.906214956268313,btc_crypto_intraday_rv_1d__priority_stack,1.0157662671402274,0.0
0,2026-05-15,-0.025582303194604247,-0.02518294740001359,3.63566998216373,4.784204739503959,btc_crypto_intraday_rv_1d__priority_stack,0.857301714314023,0.15846455282620442
0,2026-05-16,-0.010387513940635454,-0.01199308518944342,3.5980998773528388,4.727170059016257,btc_crypto_intraday_rv_1d__priority_stack,0.857301714314023,0.0
0,2026-05-17,-0.00787118481092833,-0.0092057847005389,3.5698897375098837,4.683852441458116,btc_crypto_intraday_rv_1d__priority_stack,1.207301714314023,0.35
0,2026-05-18,-0.0074629196312933814,-0.005924355630643419,3.543347103270595,4.65618566869459,btc_crypto_intraday_rv_1d__priority_stack,1.1041989095814977,0.10310280473252531
0,2026-05-19,-0.0027442382570034055,-0.0023967222454572834,3.5336366445920513,4.645039447457228,btc_crypto_intraday_rv_1d__priority_stack,0.7541989095814977,0.35
0,2026-05-20,0.006616080271984952,0.009095734548786538,3.557092977212619,4.68748222474217,btc_crypto_intraday_rv_1d__priority_stack,0.9702257077920764,0.21602679821057869
0,2026-05-21,0.0009804591110350596,0.001184166981980539,3.5605822717066937,4.693036274233328,btc_crypto_intraday_rv_1d__priority_stack,0.8780307648932388,0.09219494289883756
0,2026-05-22,-0.024378030042858868,-0.027700830002560295,3.4748317511690945,4.564819330766824,btc_crypto_intraday_rv_1d__priority_stack,0.8780307648932388,0.0
0,2026-05-23,0.013925384632981165,0.015839396889340662,3.523558602503916,4.637698976992296,btc_crypto_intraday_rv_1d__priority_stack,0.8780307648932388,0.0
0,2026-05-24,0.003915927392915452,0.004439503354536356,3.5373836534371654,4.658333827510694,btc_crypto_intraday_rv_1d__priority_stack,0.8780307648932388,0.0
0,2026-05-25,0.002956491129508325,0.0035444484538160737,3.547857371929037,4.67487434783712,btc_crypto_composite_fast__drawdown_brake,0.8269509450110959,0.05107981988214294
0,2026-05-26,-0.0154707647261128,-0.018738923935792684,3.4933917043446514,4.588087914761041,btc_crypto_composite_fast__drawdown_brake,0.8269509450110959,0.0
0,2026-05-27,-0.016460212593966825,-0.019935425220207748,3.4363603956097073,4.4975281045735676,btc_crypto_composite_fast__drawdown_brake,0.8269509450110959,0.0
0,2026-05-28,-0.009090385876061983,-0.011023376975549226,3.4052641063754505,4.448222413707537,btc_crypto_composite_fast__drawdown_brake,0.8269509450110959,0.0
0,2026-05-29,-0.0014245910176471335,-0.0017534258319393814,3.400416451499432,4.440429619660903,btc_crypto_composite_fast__drawdown_brake,0.8269509450110959,0.0
0,2026-05-30,0.004568889649759394,0.005494260023629849,3.4159881245696266,4.464893638908403,btc_crypto_composite_fast__drawdown_brake,0.8269509450110959,0.0
0,2026-05-31,-0.0021542300755983475,-0.0026357503063874077,3.408637220825539,4.453140789723678,btc_crypto_composite_fast__drawdown_brake,0.8269509450110959,0.0
0,2026-06-01,-0.02603304743778393,-0.03151148653505231,3.3210450981519792,4.315003588332877,btc_crypto_composite_fast__drawdown_brake,0.8269509450110959,0.0
0,2026-06-02,-0.05589754009254018,-0.06762546987943985,3.1404998712018677,4.032847435945519,btc_crypto_composite_fast__drawdown_brake,0.8269509450110959,0.0
0,2026-06-03,-0.03285299031349851,-0.03975858138010757,3.039001451585261,3.8756527679782575,btc_crypto_composite_fast__drawdown_brake,0.6777852063390302,0.14916573867206573
0,2026-06-04,-0.002605989243898151,-0.003738592213933245,3.031092156735012,3.8611903341324725,btc_crypto_composite_fast__drawdown_brake,0.6264030042892319,0.051382202049798265
0,2026-06-05,-0.02794063106763318,-0.044626821096283464,2.947573741023195,3.6926660042672554,btc_crypto_composite_fast__drawdown_brake,0.5678234921989451,0.05857951209028678
0,2026-06-06,-0.0016194376756847534,-0.0028812191074099047,2.9428041920911174,3.682041936900997,btc_crypto_composite_fast__drawdown_brake,0.5000880604491683,0.06773543174977681
0,2026-06-07,0.01982540751852982,0.03960542762245822,3.0017286552002895,3.8307970939949394,btc_crypto_composite_fast__drawdown_brake,0.5000880604491683,0.0
0,2026-06-08,-0.00190338835048568,-0.003952869279991944,2.9960206338606166,3.8156843428872764,btc_crypto_composite_fast__drawdown_brake,0.4498255374850263,0.05026252296414202
0,2026-06-09,-0.009816593544852877,-0.021913289395946833,2.966753802366292,3.732979623352105,btc_crypto_composite_fast__drawdown_brake,0.4498255374850263,0.0
0,2026-06-10,-0.0016772498545590117,-0.003908234108946473,2.961781985637749,3.7184187372698725,btc_crypto_composite_fast__drawdown_brake,0.4498255374850263,0.0
0,2026-06-11,0.015289696867553191,0.03381071536860958,3.0074147005971974,3.846290674328215,btc_crypto_composite_fast__drawdown_brake,0.4498255374850263,0.0
0,2026-06-12,-0.0001256240440114052,-0.0004588394409097418,3.007036920730103,3.8445262492904844,btc_crypto_composite_fast__drawdown_brake,0.4498255374850263,0.0
0,2026-06-13,0.006342872682640134,0.013921172780754887,3.0261707907715927,3.8984208309683233,btc_crypto_composite_fast__drawdown_brake,0.4498255374850263,0.0
0,2026-06-14,0.01296197644649994,0.019620966190608158,3.0656512650059073,3.975666957928745,btc_crypto_intraday_rv_1d__priority_stack,1.0120704658097681,0.5622449283247418
0,2026-06-15,0.008648157763930986,0.008823427010712592,3.0922784729873203,4.010901179853519,btc_crypto_intraday_rv_1d__priority_stack,0.7262368846342978,0.2858335811754703
0,2026-06-16,-0.007634683414544651,-0.010253140723968102,3.06875979887075,3.9699869537171466,btc_crypto_intraday_rv_1d__priority_stack,0.7262368846342978,0.0
0,2026-06-17,-0.013005389139790153,-0.01796325943131727,3.0291077873240737,3.8993097451375776,btc_crypto_intraday_rv_1d__priority_stack,0.7262368846342978,0.0
0,2026-06-18,-0.017773487640882518,-0.02452874598532695,2.9757455983446057,3.8048280625785735,btc_crypto_intraday_rv_1d__priority_stack,0.5085708179392111,0.2176660666950867
0,2026-06-19,0.004820364367065949,0.009678786235165049,2.990124404091706,3.8418329724829743,btc_crypto_intraday_rv_1d__priority_stack,0.653838977586436,0.14526815964722495
0,2026-06-20,0.007642033034050799,0.011787957474775013,3.013062569037251,3.887388310869427,btc_crypto_intraday_rv_1d__priority_stack,0.7545100015338215,0.10067102394738547
0,2026-06-21,-0.011821810477399117,-0.015609223409763118,2.9776524327446006,3.8271803206868142,btc_crypto_intraday_rv_1d__priority_stack,0.8813208356003202,0.12681083406649862
0,2026-06-22,0.009459121537868828,0.010828231880292805,3.005952042719972,3.86884709829126,btc_crypto_intraday_rv_1d__priority_stack,0.9465489869849296,0.06522815138460947
0,2026-06-23,-0.01928772755405492,-0.020330054426825228,2.948529612932973,3.790987354303381,btc_crypto_intraday_rv_1d__priority_stack,0.6338971511309031,0.31265183585402656
0,2026-06-24,-0.01743526077852407,-0.027195087609037216,2.897566796219859,3.689280354694285,btc_crypto_intraday_rv_1d__priority_stack,0.691778711764706,0.0578815606338029
0,2026-06-25,-0.01452410719562336,-0.02099378470476232,2.8557863716093292,3.6126357424581346,btc_crypto_intraday_rv_1d__priority_stack,0.49542066491323533,0.19635804685147062
0,2026-06-26,0.0024953227980024886,0.00520432391144432,2.8629213788194514,3.6314860781155085,btc_crypto_intraday_rv_1d__priority_stack,0.3884034131963546,0.10701725171688076
0,2026-06-27,-0.0003851157531038529,-0.0010022910674738483,2.8618190349751846,3.627848095521043,btc_crypto_intraday_rv_1d__priority_stack,0.3884034131963546,0.0
0,2026-06-28,-0.003011093191875386,-0.007983669572441343,2.8532147917526793,3.59899986566442,btc_crypto_intraday_rv_1d__priority_stack,0.7384034131963546,0.35000000000000003
0,2026-06-29,0.00825585420315664,0.011507866632335606,2.876868021543498,3.6406559024747853,btc_crypto_intraday_rv_1d__priority_stack,0.7384034131963546,0.0
0,2026-06-30,-0.020287329792287742,-0.027526600815040325,2.8190920924691714,3.5418077391808285,btc_crypto_intraday_rv_1d__priority_stack,0.50283118269758,0.23557223049877463
0,2026-07-01,0.012060929371105686,0.02421567302106098,2.8532988309567124,3.6286218865312123,btc_crypto_intraday_rv_1d__priority_stack,0.6255895584279755,0.1227583757303955
0,2026-07-02,0.015682791972381812,0.02513793514415852,2.8983992488265837,3.720994107388563,btc_crypto_intraday_rv_1d__priority_stack,0.5405341527749173,0.08505540565305814
0,2026-07-03,0.008912684693910267,0.016489749388371777,2.924347228763614,3.7828610510366047,btc_crypto_intraday_rv_1d__priority_stack,0.5405341527749173,0.0
0,2026-07-04,0.004183642494388419,0.009151637047679628,2.93660728005183,3.8176393186887263,btc_crypto_intraday_rv_3d__drawdown_modulated,0.4482962220902789,0.09223793068463843
0,2026-07-05,0.0036335310034316215,0.007924520993942252,2.947296942497863,3.848012469002958,btc_crypto_intraday_rv_3d__drawdown_modulated,0.6002252622178493,0.1519290401275704
0,2026-07-06,0.003938309022180802,0.006666096431317214,2.9589271953700895,3.8737493782441565,btc_crypto_intraday_rv_3d__drawdown_modulated,0.7414779784348454,0.1412527162169961
0,2026-07-07,-0.008054984605267339,-0.010762203971648177,2.935188816850894,3.8322828332459764,btc_crypto_intraday_rv_3d__drawdown_modulated,0.6200710428007707,0.12140693563407468
0,2026-07-08,-0.010771579039186492,-0.017304843921307267,2.9037418692133636,3.766536284520293,btc_crypto_intraday_rv_3d__drawdown_modulated,0.5429679318985903,0.07710311090218047
0,2026-07-09,0.007949268750591239,0.014630426188471546,2.926916482292655,3.8220474010908827,btc_crypto_intraday_rv_3d__drawdown_modulated,0.4877752655116548,0.055192666386935485
0,2026-07-10,0.007403375483609485,0.015114188969244324,2.9486659544340834,3.8802533072568903,btc_crypto_intraday_rv_3d__drawdown_modulated,0.4877752655116548,0.0
0,2026-07-11,-0.0026328217899564544,-0.005551785956937394,2.940912853203423,3.858770660144317,btc_crypto_intraday_rv_3d__drawdown_modulated,0.5598435942021219,0.07206832869046714
0,2026-07-12,-0.00020122720718321766,-0.0003718787558142367,2.9403211210617037,3.857335932101224,btc_crypto_intraday_rv_3d__drawdown_modulated,0.6745530215335895,0.1147094273314676
0,2026-07-13,-0.015793583691445248,-0.023348196540476707,2.894247703244987,3.7683173502249057,btc_crypto_intraday_rv_3d__drawdown_modulated,0.8162362099775089,0.14168318844391936
0,2026-07-14,0.03479680839279418,0.04273661877079249,2.9967309911751414,3.9328533055625656,btc_crypto_intraday_rv_3d__drawdown_modulated,0.8162362099775089,0.0
0,2026-07-15,-0.0033608992862818724,-0.004150610394017207,2.986676186183805,3.916563393679431,btc_crypto_intraday_rv_3d__drawdown_modulated,0.6324454859859583,0.1837907239915506
0,2026-07-16,-0.009356912861026667,-0.014647654008218325,2.958860454994887,3.8596130409578064,btc_crypto_intraday_rv_3d__drawdown_modulated,0.5717922567931775,0.06065322919278082
0,2026-07-17,0.0010005669504672737,0.001724791417546001,2.961822474579536,3.8662758126998984,btc_crypto_intraday_rv_3d__drawdown_modulated,0.5717922567931775,0.0
0,2026-07-18,0.008201784055761593,0.014234045323947342,2.9862145956458512,3.9217020921251327,btc_crypto_intraday_rv_3d__drawdown_modulated,0.6519415952391576,0.08014933844598016
0,2026-07-19,4.3501915790276636e-05,8.669691405494007e-05,2.9863445045273447,3.922042106333241,btc_crypto_intraday_rv_3d__drawdown_modulated,0.6519415952391576,0.0
