split,date,router_return,bh_return,router_equity,bh_equity,selected_pair,selected_weight,selected_turnover
0,2023-02-10,0.0006789533370648163,0.001341627430301285,1.0006791838780544,1.0013425278149974,rsharrates__trend_filter,0.4245453412402609,0.4245453412402609
0,2023-02-12,-0.0009808046597149032,-0.0025678678239180294,0.999698194229877,0.9987745111319197,rsharrates__trend_filter,0.4245453412402609,0.0
0,2023-02-13,0.006173872128064214,0.014283618860185171,1.0058892949143412,1.0131429982837177,rsharrates__trend_filter,0.4245453412402609,0.0
0,2023-02-14,-0.000839191443238305,-0.0022348411924565676,1.0050455153210303,1.0108813127726117,rsharrates__trend_filter,0.4245453412402609,0.0
0,2023-02-15,0.0021509536743177706,0.004808866837410718,1.0072096483055821,1.0157542135691195,rsharrates__trend_filter,0.4245453412402609,0.0
0,2023-02-16,-0.0072897389298676694,-0.0174310054306487,0.9998940497197533,0.9982020169924103,rsharrates__trend_filter,0.4245453412402609,0.0
0,2023-02-17,-9.730437067315389e-05,-0.0004895062301566239,0.9997967603919207,0.9977135104593878,rsharrates__trend_filter,0.4245453412402609,0.0
0,2023-02-19,-0.0005920321012645024,-0.0016548181121479742,0.9992050237958423,0.9960638413991225,rsharrates__trend_filter,0.4245453412402609,0.0
0,2023-02-20,-9.775038589358455e-05,-0.0004905568016200339,0.9991073558927948,0.9955753353366585,rsharrates__trend_filter,0.4245453412402609,0.0
0,2023-02-21,-0.006955847628378012,-0.016645613042757745,0.9921818317298099,0.979140536672098,rsharrates__trend_filter,0.4245453412402609,0.0
0,2023-02-22,-6.802741694538264e-05,-6.234413969130934e-05,0.9921143384583797,0.9790794949005204,random_forest_vol_estimator__priority_stack_controller,0.7371702034552399,0.312624862214979
0,2023-02-23,0.00046386740890229524,0.0005607826326738028,0.9925746547204972,0.9796286996551191,random_forest_vol_estimator__priority_stack_controller,0.7371702034552399,0.0
0,2023-02-24,-0.006951100813021096,-0.009498192543079764,0.9856990922792398,0.9703680469972981,random_forest_vol_estimator__priority_stack_controller,0.800577570972151,0.06340736751691112
0,2023-02-26,0.0010126299964611596,0.0012564395818436057,0.9866977462957363,0.9715880220724966,random_forest_vol_estimator__priority_stack_controller,0.7020729025300416,0.09850466844210937
0,2023-02-27,0.002163099492578418,0.0030688342813696354,0.9888343817344839,0.9745742444692095,random_forest_vol_estimator__priority_stack_controller,0.7020729025300416,0.0
0,2023-02-28,-0.004946405908363607,-0.007127599033803744,0.9839552824570709,0.9676525668007745,random_forest_vol_estimator__priority_stack_controller,0.7020729025300416,0.0
0,2023-03-01,-0.000562594422706539,-0.0008838384988843509,0.9834018703908357,0.966797696048183,random_forest_vol_estimator__priority_stack_controller,1.0520729025300417,0.3500000000000001
0,2023-03-02,0.004838594973353063,0.004775087280956105,0.9881716840299406,0.9714252791935829,random_forest_vol_estimator__priority_stack_controller,1.0520729025300417,0.0
0,2023-03-03,0.01907230231291266,0.018137951494786718,1.0071992662506228,0.9892057065977379,random_forest_vol_estimator__priority_stack_controller,1.1408505370796547,0.08877763454961296
0,2023-03-05,-0.0022577736603038327,-0.0019160652054719587,1.004927803465934,0.9873121386414315,random_forest_vol_estimator__priority_stack_controller,0.7908505370796547,0.35
0,2023-03-06,0.0011907177802305295,0.002466245796543534,1.0061251015499655,0.9897500981211781,random_forest_vol_estimator__trend_filter,0.5380955096823331,0.2527550273973216
0,2023-03-07,-0.008468981490166342,-0.01591047127753558,0.9976402265266944,0.9741273200590432,random_forest_vol_estimator__trend_filter,0.5380955096823331,0.0
0,2023-03-08,0.0005305428098525632,0.0008136188155320801,0.9981696578062587,0.9749202108870757,random_forest_vol_estimator__trend_filter,0.5997109676248249,0.06161545794249179
0,2023-03-09,-0.012598810645418089,-0.021090512286880733,0.9856727953989627,0.9545739548607511,random_forest_vol_estimator__trend_filter,0.5094779715792043,0.09023299604562063
0,2023-03-10,-0.004281963935408286,-0.008507449658964335,0.9814612034144805,0.9464874116965073,random_forest_vol_estimator__trend_filter,0.5094779715792043,0.0
0,2023-03-12,0.0038135059383911313,0.007293730813713052,0.9852111572330035,0.9534160732760415,random_forest_vol_estimator__trend_filter,0.5846647692712551,0.07518679769205083
0,2023-03-13,-0.0022103849699277754,-0.0038535740756206168,0.9830358662997125,0.9497490838583711,random_forest_vol_estimator__trend_filter,0.5846647692712551,0.0
0,2023-03-14,0.00891970510427588,0.015118548882110382,0.9918434785909596,0.9642170032040774,random_forest_vol_estimator__trend_filter,0.5846647692712551,0.0
0,2023-03-15,-0.004356122362013862,-0.007584521271690109,0.9875322838974202,0.9569315421246394,random_forest_vol_estimator__trend_filter,0.433216132664067,0.1514486366071881
0,2023-03-16,0.007813296460468837,0.017964292810467075,0.9952783882941094,0.9742774777992298,random_forest_vol_estimator__trend_filter,0.433216132664067,0.0
0,2023-03-17,-0.0072324037490240885,-0.01177913295933333,0.98810610085036,0.9628686587593767,rnnvolatility__variance_scaling,1.0708405556439997,0.6376244229799327
0,2023-03-19,0.00603152180395378,0.005854981876830653,0.9940838938142655,0.9685227735236233,rnnvolatility__variance_scaling,1.5,0.4291594443560003
0,2023-03-20,0.004865986594376632,0.003450662478348616,0.9989328807000577,0.9718705914906773,rnnvolatility__variance_scaling,1.2848832030166797,0.2151167969833203
0,2023-03-21,0.01670442925055559,0.013126500412321641,1.0157596337109474,0.9847119478601319,rnnvolatility__variance_scaling,1.5,0.2151167969833203
0,2023-03-22,-0.023786979350470396,-0.015722926867223916,0.9918828839739954,0.9693504740417626,rnnvolatility__variance_scaling,1.5,0.0
0,2023-03-23,0.003388406424194033,0.002321497882647784,0.9952494867983396,0.9716034332229461,rnnvolatility__variance_scaling,1.5,0.0
0,2023-03-24,0.00963050271245658,0.0064830276584390166,1.004880541191082,0.977922827423782,rnnvolatility__variance_scaling,1.5,0.0
0,2023-03-26,0.004938276835680164,0.0033548770739214055,1.0098551924833366,0.9812091478156918,rnnvolatility__variance_scaling,1.5,0.0
0,2023-03-27,-0.003459804993283468,-0.002241595898606883,1.0063673275912914,0.9790121367397341,rnnvolatility__variance_scaling,1.5,0.0
0,2023-03-28,-0.0015911155866222748,-0.00099725770701823,1.0047673540594535,0.9780362960043277,rnnvolatility__variance_scaling,1.5,0.0
0,2023-03-29,0.01572375137065879,0.010545986931169147,1.020690927200037,0.9884052332377529,rnnvolatility__variance_scaling,1.5,0.0
0,2023-03-30,0.01174072882911106,0.007892886811566196,1.032745207142733,0.9962374726966147,rnnvolatility__variance_scaling,1.5,0.0
0,2023-03-31,0.0192907199106156,0.012924627206860195,1.0528610059864314,1.0091970390193366,rnnvolatility__variance_scaling,1.5,0.0
0,2023-04-02,-0.003091684311708149,-0.0019969756080223055,1.049610918842364,1.0071837081041728,rnnvolatility__variance_scaling,1.5,0.0
0,2023-04-03,0.006769867444917834,0.004578053477469776,1.0567407524151025,1.011805219673377,rnnvolatility__variance_scaling,1.231786283804963,0.2682137161950371
0,2023-04-04,-0.0050957168914581045,-0.00399154370014702,1.0513695972785342,1.007774604462843,rnnvolatility__variance_scaling,0.8640459287198469,0.36774035508511604
0,2023-04-05,-0.004411208514032634,-0.004922834980004395,1.046742000909813,1.0028256877326882,rnnvolatility__variance_scaling,0.977631385425362,0.11358545670551512
0,2023-04-06,0.0034405933707661695,0.003572950138939001,1.0503496171104205,1.0064151425660044,rnnvolatility__variance_scaling,0.9276255883805259,0.0500057970448361
0,2023-04-07,0.002956991905043134,0.0031993293787155722,1.0534600889793044,1.0096401522821112,rnnvolatility__variance_scaling,0.6308252139547056,0.2968003744258203
0,2023-04-09,-0.001067514914519661,-0.0015719474427775906,1.0523361046642177,1.0080542977931164,rnnvolatility__variance_scaling,0.5572925847899208,0.07353262916478476
0,2023-04-10,0.0011834958774854106,0.0017502573971221907,1.0535822773804975,1.0098201972229948,xgb_vix__trend_filter,0.6340382071076482,0.07674562231772741
0,2023-04-11,-0.00034802650643300467,-0.0006643314898527161,1.0532156666200925,1.0091495646527222,xgb_vix__trend_filter,0.6340382071076482,0.0
0,2023-04-12,-0.004245044492502432,-0.006810219157948412,1.048754195526527,1.0023003836377131,xgb_vix__trend_filter,0.7180404157979244,0.08400220869027619
0,2023-04-13,0.01013106256979098,0.01408835209810486,1.0594331933598795,1.0165210822434363,xgb_vix__trend_filter,0.7180404157979244,0.0
0,2023-04-14,0.00031568451586231537,0.0003595613429194329,1.0597676928099844,1.0168866496468882,xgb_vix__trend_filter,0.7180404157979244,0.0
0,2023-04-16,0.00010053228965330569,5.992329821421789e-05,1.0598742390382216,1.0169475866746005,xgb_vix__trend_filter,0.7180404157979244,0.0
0,2023-04-17,0.000831945966294362,0.0010774574095343032,1.060756364025452,1.018043894893618,xgb_vix__trend_filter,0.7180404157979244,0.0
0,2023-04-18,-2.779613788236334e-05,-0.00011973180105232691,1.0607268795050777,1.0179220099614288,xgb_vix__trend_filter,0.8114312611768659,0.09339084537894149
0,2023-04-19,-0.001955836216720172,-0.0024003863651780822,1.0586542989328518,1.0154815340622447,xgb_vix__trend_filter,0.8114312611768659,0.0
0,2023-04-20,-0.002795794171670222,-0.003492720572186501,1.0556986530281036,1.0119409275914286,xgb_vix__trend_filter,0.8114312611768659,0.0
0,2023-04-21,0.0002721869877494225,0.0004213567812647725,1.0559860395741074,1.0123674056069007,rnnvolatility__variance_scaling,0.31387582922564966,0.49755543195121626
0,2023-04-23,-6.803168788345731e-05,-0.0006625708230755154,1.055914201505114,1.0116968626673373,rnnvolatility__variance_scaling,0.31387582922564966,0.0
0,2023-04-24,0.0005569461598208759,0.0013233882593700096,1.0565024526616482,1.0130366167292986,rnnvolatility__variance_scaling,0.31387582922564966,0.0
0,2023-04-25,-0.0032771438315332122,-0.010884981766293529,1.053045809218378,1.0020695281910879,rnnvolatility__variance_scaling,0.22744055095637283,0.08643527826927683
0,2023-04-26,-0.0013325662956609225,-0.006364402483457615,1.0516434904141259,0.9957122061343386,rnnvolatility__variance_scaling,0.22744055095637283,0.0
0,2023-04-27,0.0036400870187098277,0.015306414958096115,1.0554785399543092,1.0110702286261353,rnnvolatility__variance_scaling,0.22744055095637283,0.0
0,2023-04-28,0.002435799426656217,0.010022240621264772,1.0580526076604118,1.0212543664366573,rnnvolatility__variance_scaling,0.22744055095637283,0.0
0,2023-04-30,-0.00029229229920600593,-0.0019725057614307213,1.0577433922238846,1.0192419217468454,rnnvolatility__variance_scaling,0.17543596744047923,0.0520045835158936
0,2023-05-01,-5.13043864320047e-07,-0.0008375210359148974,1.0577428495552663,1.0183886425662048,rnnvolatility__variance_scaling,0.17543596744047923,0.0
0,2023-05-02,-0.0015561343321838794,-0.009847316370058954,1.0560981396191464,1.0084094621282875,rnnvolatility__variance_scaling,0.17543596744047923,0.0
0,2023-05-03,-0.008765539734181442,-0.010932182468757877,1.0468813236107806,0.9974453857222498,xgb_vix__trend_filter,0.8055233854767931,0.6300874180363139
0,2023-05-04,-0.0011418311741751316,-0.001467890435207788,1.0456866440707908,0.9959823192542493,xgb_vix__trend_filter,0.74226784763209,0.06325553784470317
0,2023-05-05,0.011025091659244955,0.014823393743762688,1.0572792223621583,1.0108561251202874,xgb_vix__trend_filter,0.74226784763209,0.0
0,2023-05-07,-0.0004385182707046817,-0.0006632499732499345,1.056815687747543,1.0101858971112658,xgb_vix__trend_filter,0.74226784763209,0.0
0,2023-05-08,0.0008143645044329936,0.001023973194287955,1.0576766714610772,1.0112208301725827,xgb_vix__trend_filter,0.74226784763209,0.0
0,2023-05-09,-0.0021881358742711593,-0.0030207875776702476,1.0553648613925466,1.0081707559829944,xgb_vix__trend_filter,0.74226784763209,0.0
0,2023-05-10,0.0034462104240500506,0.004570619732772998,1.0590081449341666,1.0127892678247008,xgb_vix__trend_filter,0.74226784763209,0.0
0,2023-05-11,-0.0019161800893498506,-0.0026531627826288616,1.0569808375756953,1.0101057345321678,xgb_vix__trend_filter,0.74226784763209,0.0
0,2023-05-12,-0.002461260506419115,-0.003388196215804142,1.0543825312501687,1.0066890895052931,xgb_vix__trend_filter,0.74226784763209,0.0
0,2023-05-14,9.859560876864927e-05,6.049972778814173e-05,1.0544864938627565,1.0067499957635628,xgb_vix__trend_filter,0.74226784763209,0.0
0,2023-05-15,0.004556488674765221,0.003556795545587238,1.059302212682037,1.0103371753144166,regime_gjrgarch__variance_scaling,1.2984095453901248,0.5561416977580348
0,2023-05-16,-0.0057222416386367705,-0.0043594228509659435,1.0532579393418422,1.005942274920037,regime_gjrgarch__variance_scaling,1.2984095453901248,0.0
0,2023-05-17,0.012704062644102638,0.009832293101597571,1.066723949592808,1.0158817781909049,regime_gjrgarch__variance_scaling,1.3484704017783116,0.0500608563881868
0,2023-05-18,0.01508914940112398,0.011262835110097548,1.0829419568937728,1.0273881627729409,regime_gjrgarch__variance_scaling,1.3484704017783116,0.0
0,2023-05-19,-0.006256230711209069,-0.004585259900368575,1.0761879714396805,1.0226881047565777,regime_gjrgarch__variance_scaling,1.3484704017783116,0.0
0,2023-05-21,0.000568947116241687,0.0004761621512018339,1.076800439697068,1.0231751860801896,regime_gjrgarch__variance_scaling,1.3484704017783116,0.0
0,2023-05-22,0.005201868281094151,0.003912976142179283,1.0824164078489575,1.0271866895127337,regime_gjrgarch__variance_scaling,1.4045993236939625,0.05612892191565089
0,2023-05-23,-0.017822481803706464,-0.012607645186335396,1.0632959542017344,1.0143175792438497,regime_gjrgarch__variance_scaling,1.4045993236939625,0.0
0,2023-05-24,-0.006779644041289775,-0.004765369685291379,1.056111567432498,1.0094954796693458,regime_gjrgarch__variance_scaling,0.7225865343508037,0.6820127893431588
0,2023-05-25,0.0011103130024402354,0.0019265514632594773,1.0572848330633553,1.0114421992885017,regime_gjrgarch__variance_scaling,1.4278721935366336,0.70528565918583
0,2023-05-26,0.004579675298181121,0.01582100982316991,1.0621379586840194,1.0275714906630709,rnnvolatility__variance_scaling,0.2798230062600672,1.1480491872765666
0,2023-05-28,0.0009132069699310014,0.0027181975231601366,1.0631083534891297,1.030368432541982,rnnvolatility__variance_scaling,0.34158954346264686,0.061766537202579685
0,2023-05-29,-0.0005790473642954212,-0.0020131460094776825,1.062492941592595,1.028296236959694,rnnvolatility__variance_scaling,0.34158954346264686,0.0
0,2023-05-30,-0.00034111336627396817,-0.0014230660004497613,1.0621305728565695,1.026833944262772,rnnvolatility__variance_scaling,0.34158954346264686,0.0
0,2023-05-31,-0.0014838692153890743,-0.004766178285709176,1.0605556787541979,1.0219515151210963,rnnvolatility__variance_scaling,0.43655114616633917,0.0949616027036923
0,2023-06-01,0.00358423295383922,0.00803743674865922,1.0643637778477018,1.0301984836315639,rnnvolatility__variance_scaling,0.5501149234061059,0.11356377723976674
0,2023-06-02,0.007545383647669529,0.013640762552187232,1.0724251858538012,1.0443474585405086,rnnvolatility__variance_scaling,0.715687744514208,0.16557282110810212
0,2023-06-04,-0.0006888665566503472,-0.0009335435161600832,1.0716866824031255,1.0433729696766225,rnnvolatility__variance_scaling,0.6036746663589597,0.1120130781552483
0,2023-06-05,-0.0012408173989078613,-0.0021048954317679047,1.070357739579617,1.041179088434437,rnnvolatility__variance_scaling,0.5009669183801467,0.10270774797881299
0,2023-06-06,0.002127443715028226,0.00413416807132004,1.0726372893726845,1.0454924076282477,rnnvolatility__variance_scaling,0.5837157260783766,0.0827488076982299
0,2023-06-07,-0.002580747497866842,-0.004503729310006357,1.0698726523215263,1.0407943800918453,rnnvolatility__variance_scaling,0.5124073732031919,0.07130835287518478
0,2023-06-08,0.0025142997514831593,0.004773287837311282,1.0725660174100755,1.0457742670090495,rnnvolatility__variance_scaling,0.5740166362979452,0.06160926309475334
0,2023-06-09,0.001393411337829694,0.002323017364363221,1.0740615847875934,1.0482064426899342,rnnvolatility__variance_scaling,0.6416207887636646,0.06760415246571938
0,2023-06-11,0.007373212197632322,0.01142521195488823,1.0820101359329624,1.0602510988238223,rnnvolatility__variance_scaling,0.6416207887636646,0.0
0,2023-06-12,0.005120338383090823,0.007860641601814627,1.0875646022007723,1.0686181950084743,rnnvolatility__variance_scaling,0.478626400136737,0.16299438862692756
0,2023-06-13,0.0030634884798360087,0.006339186739653161,1.090901452422114,1.0754138821075916,rnnvolatility__variance_scaling,0.478626400136737,0.0
0,2023-06-14,0.0004357431177057119,0.0006787330837959687,1.0913769088030019,1.0761440488542844,rnnvolatility__variance_scaling,0.408437715933679,0.07018868420305802
0,2023-06-15,0.004229114228674188,0.010133984990535335,1.0960022400501361,1.0871051223640262,rnnvolatility__variance_scaling,0.408437715933679,0.0
0,2023-06-16,-0.0004471492334197123,-0.0014016600237260518,1.0955122730410214,1.0855824379646417,rnnvolatility__variance_scaling,0.408437715933679,0.0
0,2023-06-18,-1.2102404821859601e-05,-0.00033651150382664474,1.0954990147882342,1.0852171884446937,rnnvolatility__variance_scaling,0.408437715933679,0.0
0,2023-06-19,-0.0017069557386333832,-0.0024174982773282542,1.0936306415271604,1.0825968463734947,xgb_vix__trend_filter,0.729768090158688,0.32133037422500904
0,2023-06-20,-0.0017519247118554528,-0.0024798537490657584,1.0917163603085285,1.0799154905845136,xgb_vix__trend_filter,0.729768090158688,0.0
0,2023-06-21,-0.004120025856995933,-0.005725005721328149,1.0872277136950252,1.0737506319858563,xgb_vix__trend_filter,0.729768090158688,0.0
0,2023-06-22,0.0022437026492591666,0.0029952008649468237,1.0896698681062273,1.0769715520508327,xgb_vix__trend_filter,0.8142507302629518,0.08448264010426376
0,2023-06-23,-0.006542791459963116,-0.008032443499217326,1.0825636579747566,1.068355489253278,xgb_vix__trend_filter,0.8142507302629518,0.0
0,2023-06-25,0.0017525270004104202,0.0021033498548226268,1.0844625434530444,1.0706049795196833,xgb_vix__trend_filter,0.8142507302629518,0.0
0,2023-06-26,-0.0033992500056975765,-0.004224480211871073,1.0807824424812569,1.0660917696638166,xgb_vix__trend_filter,0.8142507302629518,0.0
0,2023-06-27,0.0059010516079722915,0.007197976572238474,1.0871790502454979,1.073793157197967,xgb_vix__trend_filter,0.8142507302629518,0.0
0,2023-06-28,0.002845481834837411,0.0034453612418866987,1.090277003979441,1.077499143087658,xgb_vix__trend_filter,0.8142507302629518,0.0
0,2023-06-29,0.0020587814504618926,0.0024790154428462182,1.0925239582513282,1.0801735937355976,xgb_vix__trend_filter,0.8771436035868413,0.06289287332388949
0,2023-06-30,0.004083447545870531,0.010094985054434614,1.0969943436077094,1.0911331552526602,rnnvolatility__trend_filter,0.391515968311913,0.4856276352749283
0,2023-07-02,0.000719780163248684,0.001503592480780812,1.0977842226109513,1.092775008890497,rnnvolatility__trend_filter,0.391515968311913,0.0
0,2023-07-03,2.2295882727648277e-05,-0.0002785205027093892,1.0978086989520988,1.092470691027022,rnnvolatility__trend_filter,0.391515968311913,0.0
0,2023-07-04,0.0002403559684794159,0.0002784429506383003,1.0980725955384298,1.0927749241435354,rnnvolatility__trend_filter,0.391515968311913,0.0
0,2023-07-05,-0.0006113666373493771,-0.001897004987031109,1.097401475759155,1.0907038896651728,rnnvolatility__trend_filter,0.391515968311913,0.0
0,2023-07-06,-0.0029948763314418514,-0.007986137248447813,1.0941198105968244,1.0820280679670808,rnnvolatility__trend_filter,0.391515968311913,0.0
0,2023-07-07,-0.0005077641835631519,-0.0016336194734965068,1.093564396766035,1.080261888869449,rnnvolatility__trend_filter,0.391515968311913,0.0
0,2023-07-09,8.770945105993406e-05,-0.00011267605657644899,1.0936603169054637,1.080140176076929,rnnvolatility__trend_filter,0.391515968311913,0.0
0,2023-07-10,0.0008808195117757865,0.001911832024412202,1.0946240586307976,1.0822071979260923,rnnvolatility__trend_filter,0.391515968311913,0.0
0,2023-07-11,0.0024305756056373935,0.00586956251282656,1.0972878611403367,1.0885779592266847,rnnvolatility__trend_filter,0.391515968311913,0.0
0,2023-07-12,0.007850598096524587,0.008919786133045437,1.1059361297575336,1.098331275895014,xgb_vix__trend_filter,0.8771436035868413,0.4856276352749283
0,2023-07-13,0.005435799598888465,0.006166760872687318,1.1119641456282563,1.105125349414889,xgb_vix__trend_filter,0.8771436035868413,0.0
0,2023-07-14,-0.0009886183893907858,-0.0011575990677894497,1.1108653806446707,1.1038467975086386,xgb_vix__trend_filter,0.8771436035868413,0.0
0,2023-07-16,-0.0011352100981721765,-0.0013247230235270775,1.109605030563274,1.1023854743794346,xgb_vix__trend_filter,0.8771436035868413,0.0
0,2023-07-17,0.003738989298446238,0.004232177097144949,1.1137615977357265,1.107060851469736,xgb_vix__trend_filter,0.8771436035868413,0.0
0,2023-07-18,0.007199298742561738,0.008177151933609014,1.1218088326727471,1.116150569605844,xgb_vix__trend_filter,0.8771436035868413,0.0
0,2023-07-19,-0.00021238483913651503,-0.0002726430046316339,1.1215706027833818,1.1158463004412398,xgb_vix__trend_filter,0.8771436035868413,0.0
0,2023-07-20,-0.0037198786402225527,-0.004271411036163861,1.1174062465065897,1.1110902270422671,xgb_vix__trend_filter,0.8771436035868413,0.0
0,2023-07-21,-0.00021342336755450175,-0.00027388256258241363,1.1171677913493903,1.1107859604721804,xgb_vix__trend_filter,0.8771436035868413,0.0
0,2023-07-23,-0.0005020232430742349,-0.0006029049419734074,1.1166070879065755,1.1101164639687922,xgb_vix__trend_filter,0.8771436035868413,0.0
0,2023-07-24,0.002065925277494097,0.005125710896838701,1.1189162992222064,1.1158212079691459,rnnvolatility__priority_stack_controller,0.3764554230206575,0.5006881805661838
0,2023-07-25,0.000955640704518398,0.002176398693904189,1.1199860922701674,1.1182523243684541,rnnvolatility__priority_stack_controller,0.3764554230206575,0.0
0,2023-07-26,0.00032057959257711355,0.000489449660614698,1.1203451945126695,1.1187997865557595,rnnvolatility__priority_stack_controller,0.3764554230206575,0.0
0,2023-07-27,-0.0024195694259514155,-0.006789364379416191,1.1176377183176947,1.111229574679996,rnnvolatility__priority_stack_controller,0.3764554230206575,0.0
0,2023-07-28,0.003486880644823264,0.008899618499882692,1.1215415898572956,1.121163231272723,rnnvolatility__priority_stack_controller,0.3764554230206575,0.0
0,2023-07-30,0.0005650801630524702,0.0011382733230050996,1.122175529858353,1.1224401480719077,rnnvolatility__priority_stack_controller,0.3764554230206575,0.0
0,2023-07-31,0.0004023939049598356,0.0007041491211394158,1.1226271773158607,1.1232307916485256,rnnvolatility__priority_stack_controller,0.3764554230206575,0.0
0,2023-08-01,-0.0022638926761982705,-0.006377802776049445,1.1200885445513478,1.1160898431735469,rnnvolatility__priority_stack_controller,0.3764554230206575,0.0
0,2023-08-02,-0.0033844114906898845,-0.009353643637935683,1.116304111661973,1.1056990083538805,rnnvolatility__priority_stack_controller,0.3764554230206575,0.0
0,2023-08-03,-0.0009430925323980438,-0.002869286061899867,1.115251829867924,1.102530988751272,rnnvolatility__priority_stack_controller,0.3764554230206575,0.0
0,2023-08-04,-0.0016411429652161936,-0.007281077999756489,1.1134230432335153,1.0945325286667986,rnnvolatility__variance_scaling,0.24809839981766416,0.12835702320299333
0,2023-08-06,0.0006607073016507576,0.0019968950486737237,1.1141589330451218,1.0967203789806144,rnnvolatility__variance_scaling,0.24809839981766416,0.0
0,2023-08-07,0.0018878478048895227,0.006940674969205302,1.1162642822052813,1.1043588360231167,rnnvolatility__variance_scaling,0.24809839981766416,0.0
0,2023-08-08,-0.001042323378267881,-0.004871047690375212,1.1151013800129692,1.0989925318379323,rnnvolatility__variance_scaling,0.3046594103442394,0.05656101052657522
0,2023-08-09,-0.0011962325074771458,-0.004336237723691844,1.1137682570145706,1.0942373562002572,rnnvolatility__variance_scaling,0.3046594103442394,0.0
0,2023-08-10,-0.00023719779485314841,-0.0012802675358279158,1.113504104969409,1.0928373360280412,rnnvolatility__variance_scaling,0.3046594103442394,0.0
0,2023-08-11,-0.0003227316007689096,-0.0015610197562143308,1.1131447999898036,1.0911327261671546,rnnvolatility__variance_scaling,0.3046594103442394,0.0
0,2023-08-13,0.0004752207737915139,0.0010581423227078491,1.1136739152363175,1.0922879109515742,rnnvolatility__variance_scaling,0.3645841891846976,0.059924778840458215
0,2023-08-14,0.0018882893309937019,0.0048769867697044805,1.1157788405372084,1.0976279958191282,rnnvolatility__variance_scaling,0.3128631709988597,0.05172101818583791
0,2023-08-15,-0.003736010080219403,-0.012343220891606397,1.1116180567463627,1.0841630026569735,rnnvolatility__variance_scaling,0.3128631709988597,0.0
0,2023-08-16,-0.007317248639419774,-0.008373032683346793,1.1035137577784644,1.0751231686279579,xgb_vix__trend_filter,0.8771436035868413,0.5642804325879816
0,2023-08-17,-0.0074802081985591495,-0.008558817038922091,1.0952900410225097,1.0659606522161735,xgb_vix__trend_filter,0.8771436035868413,0.0
0,2023-08-18,-0.00027333697132760824,-0.00034246576011827607,1.0949906986725007,1.0655956596934444,xgb_vix__trend_filter,0.8118262111580868,0.06531739242875445
0,2023-08-20,0.0011655573295866325,0.00142490786337184,1.0962677171817377,1.067115117614799,xgb_vix__trend_filter,0.8118262111580868,0.0
0,2023-08-21,0.0036347700722981257,0.00442604862684629,1.1002596487531124,1.0718486887964036,xgb_vix__trend_filter,0.8118262111580868,0.0
0,2023-08-22,-0.0008807849760363779,-0.0011361702154019427,1.0992909832403897,1.0706315777943392,xgb_vix__trend_filter,0.8118262111580868,0.0
0,2023-08-23,0.012529620372803547,0.015382642757770855,1.1131513330712917,1.0872280423622724,xgb_vix__trend_filter,0.8118262111580868,0.0
0,2023-08-24,-0.015084681369366477,-0.01863249006037245,1.0964858129419393,1.0671578362712517,xgb_vix__trend_filter,0.8118262111580868,0.0
0,2023-08-25,0.004732688818987955,0.005778086919392114,1.1016874382169395,1.0733418155859311,xgb_vix__trend_filter,0.6898854204927262,0.12194079066536068
0,2023-08-27,0.0012953052961193227,0.0018658837022112243,1.1031153844038069,1.075346416180736,xgb_vix__trend_filter,0.6898854204927262,0.0
0,2023-08-28,0.0018154376614642387,0.004839091607443126,1.105119840549657,1.080562726922027,rnnvolatility__trend_filter,0.3452017022062518,0.34468371828647437
0,2023-08-29,0.005178626628290132,0.014583274534919559,1.1108576878445646,1.0964363330776494,rnnvolatility__trend_filter,0.41563464072132095,0.07043293851506915
0,2023-08-30,0.0015405476195920209,0.0034810546661021725,1.1125703358804895,1.1002597387721906,rnnvolatility__trend_filter,0.4799159388686479,0.06428129814732697
0,2023-08-31,-0.0005546728264381758,-0.001327874684666465,1.1119533944638125,1.0987997013064463,rnnvolatility__trend_filter,0.550078601384781,0.07016266251613312
0,2023-09-01,0.00012450345668090523,0.00011064394800172697,1.1120918451237052,1.0989212835695088,rnnvolatility__trend_filter,0.550078601384781,0.0
0,2023-09-03,0.0001900010730272292,0.0001659383823092727,1.1123031638423395,1.0991036519201256,rnnvolatility__trend_filter,0.6209393935845505,0.07086079219976948
0,2023-09-04,8.208721545069553e-05,5.530973454144033e-05,1.112394473459421,1.0991644447325486,rnnvolatility__trend_filter,0.6941021193427415,0.07316272575819094
0,2023-09-05,-0.0028218065108317697,-0.0041097527544731415,1.1092599361004838,1.0946564204059548,rnnvolatility__trend_filter,0.6344098945504509,0.05969222479229053
0,2023-09-06,-0.0043843183452087495,-0.00699071731735538,1.1044072330837824,1.0870306725908374,rnnvolatility__trend_filter,0.6344098945504509,0.0
0,2023-09-07,-0.0018057913894482193,-0.0029728560696602544,1.1024147035995786,1.0838038856210275,rnnvolatility__trend_filter,0.8695303162075221,0.23512042165707114
0,2023-09-08,0.002036716370674257,0.001456256816006208,1.1046622977526166,1.0853833321774582,harrvrates__hysteresis_controller,1.4696111453535066,0.6000808291459845
0,2023-09-10,0.016579500778146884,0.011351925104486998,1.1231297144275791,1.0977747224722791,harrvrates__hysteresis_controller,1.4696111453535066,0.0
0,2023-09-11,0.006458817692060895,0.004465284976528852,1.1304072814374537,1.1026875598947232,harrvrates__hysteresis_controller,1.4696111453535066,0.0
0,2023-09-12,-0.006940540765432123,-0.004652209938570547,1.122588807223951,1.097569540151397,harrvrates__hysteresis_controller,1.4696111453535066,0.0
0,2023-09-13,0.0028208630452744546,0.0019898310727607563,1.1257599470781001,1.0997556924424592,harrvrates__hysteresis_controller,1.4696111453535066,0.0
0,2023-09-14,0.01102155927061845,0.007570012096341224,1.138236204669952,1.1081124467960364,harrvrates__hysteresis_controller,1.4696111453535066,0.0
0,2023-09-15,-0.019213329332985408,-0.013003254775401268,1.1165756496320185,1.0937966559826366,harrvrates__hysteresis_controller,1.4696111453535066,0.0
0,2023-09-17,0.0020980031925486873,0.001498086339841686,1.118920687998495,1.0954364858081753,harrvrates__hysteresis_controller,1.4696111453535066,0.0
0,2023-09-18,-0.0007560315599003818,-0.0004440743970527807,1.1180750683431948,1.0949501385064153,harrvrates__hysteresis_controller,1.4696111453535066,0.0
0,2023-09-19,-0.003865384859650422,-0.00255996717740795,1.1137616198420066,1.0921506868719246,harrvrates__hysteresis_controller,1.4696111453535066,0.0
0,2023-09-20,-0.005151272629740298,-0.011654356058890949,1.1080390819243804,1.079496256745334,rnnvolatility__hysteresis_controller,0.45237038346858405,1.0172407618849224
0,2023-09-21,-0.00720355304621316,-0.016191562199787356,1.1000859434393875,1.0621582692961438,rnnvolatility__hysteresis_controller,0.5268724474600607,0.07450206399147663
0,2023-09-22,-0.0007782373808846198,-0.0016044932673796761,1.0992301484850222,1.0604554099826382,rnnvolatility__hysteresis_controller,0.5268724474600607,0.0
0,2023-09-24,0.0006171335877482362,0.0009732083057132487,1.0999087296964098,1.061487956355328,rnnvolatility__hysteresis_controller,0.6394321837745316,0.11255973631447092
0,2023-09-25,0.0016301665287224091,0.002512565459360683,1.1017032263590103,1.064158367716813,rnnvolatility__hysteresis_controller,0.5655826381586183,0.07384954561591328
0,2023-09-26,-0.007368624838352353,-0.013133150369079747,1.093615024659548,1.0502739882426042,rnnvolatility__hysteresis_controller,0.5655826381586183,0.0
0,2023-09-27,9.618176753355881e-05,0.0,1.0937202155442625,1.0502739882426042,rnnvolatility__hysteresis_controller,0.5655826381586183,0.0
0,2023-09-28,0.0024419836864598902,0.004148194198568772,1.096394326206606,1.0546397775180485,rnnvolatility__hysteresis_controller,0.5655826381586183,0.0
0,2023-09-29,-0.0012107581975884902,-0.0023098709678061042,1.0950676610857644,1.0522065070667457,rnnvolatility__hysteresis_controller,0.6449386560268787,0.07935601786826041
0,2023-10-01,0.0023023702528700003,0.0035101925065093077,1.0975918169491885,1.0559064444102715,rnnvolatility__hysteresis_controller,0.5873709017060401,0.057567754320838604
0,2023-10-02,-0.0033084624294095325,-0.004392569883891066,1.0939664761188417,1.0512784733467693,xgb_vix__trend_filter,0.7651190224295058,0.17774812072346569
0,2023-10-03,-0.010710406451112882,-0.014066808537897773,1.082312173084854,1.0365938652697193,xgb_vix__trend_filter,0.7651190224295058,0.0
0,2023-10-04,0.004732075729320432,0.006116424284326019,1.087445893247198,1.0429535425759726,xgb_vix__trend_filter,0.6898854204927262,0.07523360193677964
0,2023-10-05,-0.0008941219197377841,-0.0013415776304851492,1.0864740185894817,1.041555277583855,xgb_vix__trend_filter,0.6898854204927262,0.0
0,2023-10-06,0.00947655552531874,0.013636003094301245,1.0968189898817373,1.0558552039143563,xgb_vix__trend_filter,0.6898854204927262,0.0
0,2023-10-08,-0.0051296084375845,-0.007535866217665524,1.091207143529253,1.0479283258123213,xgb_vix__trend_filter,0.6898854204927262,0.0
0,2023-10-09,0.009029592066002056,0.012988122379562475,1.101104918078146,1.0616277192721806,xgb_vix__trend_filter,0.6898854204927262,0.0
0,2023-10-10,0.0037595338966268203,0.005349445078908206,1.1052523506630807,1.0673220556411525,xgb_vix__trend_filter,0.6898854204927262,0.0
0,2023-10-11,0.0042057133719165555,0.005996189396205225,1.109910513837041,1.0737411466434157,xgb_vix__trend_filter,0.6898854204927262,0.0
0,2023-10-12,-0.005675900633968768,-0.008327725532497976,1.103628616624801,1.0648364544598399,xgb_vix__trend_filter,0.6898854204927262,0.0
0,2023-10-13,-0.0035142482963858787,-0.007238946251954273,1.0997569985371394,1.0571559933609098,rnnvolatility__priority_stack_controller,0.5008403547934138,0.18904506569931234
0,2023-10-15,0.002003223297302982,0.0037774815196551094,1.1019622654615606,1.0611569325686112,rnnvolatility__priority_stack_controller,0.5935737536563388,0.09273339886292498
0,2023-10-16,0.004662218681726454,0.007780191085633553,1.1071118494377303,1.0694451363725277,rnnvolatility__priority_stack_controller,0.5935737536563388,0.0
0,2023-10-17,-0.001294647581046053,-0.002333790824031856,1.105679457181564,1.0669521852711632,rnnvolatility__priority_stack_controller,0.6461329505309575,0.05255919687461874
0,2023-10-18,-0.007087246325981827,-0.01104994800191526,1.0978709376461573,1.0552273179918714,rnnvolatility__priority_stack_controller,0.6461329505309575,0.0
0,2023-10-19,-0.007293012930998717,-0.011408861459366124,1.0898932766533722,1.043256790599226,rnnvolatility__priority_stack_controller,0.7078660561485658,0.06173310561760825
0,2023-10-20,-0.008388398420597725,-0.011898029910870696,1.0807890559132962,1.0309176414464944,rnnvolatility__priority_stack_controller,0.7078660561485658,0.0
0,2023-10-22,0.0028471465238170636,0.00393078161961801,1.0838706054466916,1.034977928385496,rnnvolatility__priority_stack_controller,0.7078660561485658,0.0
0,2023-10-23,-0.0011417217200106365,-0.0017042791509616188,1.0826338329941052,1.0332155393085045,rnnvolatility__priority_stack_controller,0.6070110115116663,0.10085504463689954
0,2023-10-24,0.0020631554886719017,0.0033386110219957104,1.0848697806896193,1.0366708087870575,rnnvolatility__priority_stack_controller,0.6070110115116663,0.0
0,2023-10-25,-0.012564319455842155,-0.018311885918360946,1.071324402617049,1.017860166011157,xgb_vix__trend_filter,0.6898854204927262,0.08287440898105991
0,2023-10-26,-0.00182922885991428,-0.0027511996405429314,1.0693664963766936,1.0150636781004791,xgb_vix__trend_filter,0.6898854204927262,0.0
0,2023-10-27,-0.007186279192137124,-0.010516330158008805,1.0617092765878378,1.0044448666575294,xgb_vix__trend_filter,0.6898854204927262,0.0
0,2023-10-29,0.0022301344620471253,0.003132912708232535,1.0640796732033915,1.0075966392813287,xgb_vix__trend_filter,0.6340382071076482,0.05584721338507792
0,2023-10-30,0.004980807207849333,0.0077714796225135255,1.0693928699293442,1.0154576623571185,xgb_vix__trend_filter,0.6340382071076482,0.0
0,2023-10-31,0.003174052201441244,0.004878068150085868,1.072792571282911,1.0204232353929192,xgb_vix__trend_filter,0.6340382071076482,0.0
0,2023-11-01,0.009555581831070015,0.014943423738528904,1.0830928627487812,1.035786355107397,xgb_vix__trend_filter,0.6340382071076482,0.0
0,2023-11-02,0.009090823474993695,0.014211097550475433,1.0929839597603832,1.050611104527486,xgb_vix__trend_filter,0.6340382071076482,0.0
0,2023-11-03,0.007429428538331493,0.011590987710096933,1.1011344452178358,1.0628595737235857,xgb_vix__trend_filter,0.6340382071076482,0.0
0,2023-11-05,-0.00013698573001292034,-0.0003427004864879964,1.100983615842987,1.0624953936365131,xgb_vix__trend_filter,0.6340382071076482,0.0
0,2023-11-06,-1.1347905074188432e-05,-0.00011424654429051875,1.1009711220563156,1.0623740141431914,rsharrates__trend_filter,0.6927088288664591,0.05867062175881088
0,2023-11-07,0.0029835176019537128,0.004209341226339573,1.104260793734675,1.066855333963978,rsharrates__trend_filter,0.6927088288664591,0.0
0,2023-11-08,-0.0002872628958690399,-0.0005122076372137299,1.1039436261386941,1.0663090224385312,rsharrates__trend_filter,0.6927088288664591,0.0
0,2023-11-09,-0.00509574438950478,-0.007453769940532838,1.098332520122248,1.058390548204007,rsharrates__trend_filter,0.8156765701820273,0.1229677413155682
0,2023-11-10,0.011824156137175062,0.014521927104039302,1.1113964581460527,1.073872560844296,rsharrates__trend_filter,0.8156765701820273,0.0
0,2023-11-12,-0.0006053073911778309,-0.0007916761740629268,1.1107239252205179,1.073022737960546,rsharrates__trend_filter,0.7195040916779173,0.09617247850411004
0,2023-11-13,0.001110550214337139,0.0015244769048682453,1.1119581251073682,1.0746597838452416,rsharrates__trend_filter,0.7195040916779173,0.0
0,2023-11-14,0.01420072858130809,0.01965144258712848,1.1278613923723657,1.095987270479514,rsharrates__trend_filter,0.7195040916779173,0.0
0,2023-11-15,6.15465159971324e-05,0.0,1.1279308104477923,1.095987270479514,rsharrates__trend_filter,0.7195040916779173,0.0
0,2023-11-16,0.001293828659947109,0.0017129919416068807,1.1293911041379912,1.0978662967609127,rsharrates__trend_filter,0.7195040916779173,0.0
0,2023-11-17,8.836242346376159e-05,-0.0001105277703271713,1.1294909042822177,1.0977449587527477,regime_gjrgarch__priority_stack_controller,0.39502540051791046,0.3244786911600068
0,2023-11-19,0.00019750475927184745,0.0001657641735959065,1.129714006142482,1.0979269406212748,regime_gjrgarch__priority_stack_controller,0.39502540051791046,0.0
0,2023-11-20,0.003573298956250751,0.008709098667308315,1.1337580329769255,1.1075306538174277,regime_gjrgarch__priority_stack_controller,0.39502540051791046,0.0
0,2023-11-21,-0.001518541535386312,-0.004180200269909333,1.132037680856437,1.1029106169466647,regime_gjrgarch__priority_stack_controller,0.7450254005179104,0.35
0,2023-11-22,0.002860504301098639,0.003999134150166953,1.135280515371368,1.1073301356935124,regime_gjrgarch__priority_stack_controller,1.0950254005179105,0.3500000000000001
0,2023-11-23,0.0015410121870356036,0.0015861736129318003,1.1370313451598029,1.109087947264172,regime_gjrgarch__priority_stack_controller,1.4450254005179106,0.3500000000000001
0,2023-11-24,-0.0010636223538490906,-0.000547255540911631,1.135822616133622,1.1084811587889947,regime_gjrgarch__priority_stack_controller,1.4985341633313296,0.053508762813418986
0,2023-11-26,-0.002189352874257592,-0.0013700135805509157,1.1333386197888162,1.1069635643475353,regime_gjrgarch__priority_stack_controller,1.4985341633313296,0.0
0,2023-11-27,0.0005480784161329671,0.00043821210868029865,1.1339599484773608,1.1074487554858519,regime_gjrgarch__priority_stack_controller,1.3948467285148858,0.10368743481644382
0,2023-11-28,-6.114057316080941e-05,5.477351155720828e-05,1.1338906196355936,1.107509416004339,regime_gjrgarch__priority_stack_controller,1.4947094814949697,0.09986275298008396
0,2023-11-29,-0.00023371129259579018,-0.0003835616532396173,1.1336256475579058,1.1070846993194818,xgb_vix__trend_filter,0.7544499944814117,0.740259487013558
0,2023-11-30,0.0017568443732070382,0.0022960877391935445,1.1356190018921064,1.1096295834444,xgb_vix__trend_filter,0.7544499944814117,0.0
0,2023-12-01,0.005132862528108697,0.006733326377002909,1.1414629634081201,1.1171262921569705,xgb_vix__trend_filter,0.7544499944814117,0.0
0,2023-12-03,-0.0009726654001787784,-0.001359360975303651,1.1403532416594921,1.1156087459511566,xgb_vix__trend_filter,0.7544499944814117,0.0
0,2023-12-04,-0.0045695357580574315,-0.0061272881308174106,1.135154244293634,1.1087939890339369,xgb_vix__trend_filter,0.7544499944814117,0.0
0,2023-12-05,0.0014126921160856267,0.0018020979614249524,1.1367590009917723,1.1107939459390983,xgb_vix__trend_filter,0.7544499944814117,0.0
0,2023-12-06,-0.0037148187177147227,-0.0049942581540321895,1.1325439812417177,1.1052601842365972,xgb_vix__trend_filter,0.7544499944814117,0.0
0,2023-12-07,0.004866572037556089,0.006380237488450143,1.1380690212102762,1.1123345507695779,xgb_vix__trend_filter,0.8561817342103103,0.1017317397288986
0,2023-12-08,0.0042079082746003214,0.004937889753227764,1.1428680010140169,1.1178407193888276,xgb_vix__trend_filter,0.8561817342103103,0.0
0,2023-12-10,0.0008201080537332801,0.0009216091514194273,1.1438056607045803,1.1188714064980292,xgb_vix__trend_filter,0.8561817342103103,0.0
0,2023-12-11,0.01437083379257926,0.014268641713274712,1.1603617794297878,1.1349506232097948,xgb_vix__drawdown_brake,1.0825890011386654,0.2264072669283551
0,2023-12-12,0.0058706412613066415,0.005474092002333369,1.1671938819596268,1.141180483195887,xgb_vix__drawdown_brake,1.0825890011386654,0.0
0,2023-12-13,0.01479396618086647,0.013681824753388876,1.1845896678387797,1.1569012134847871,xgb_vix__drawdown_brake,1.0825890011386654,0.0
0,2023-12-14,0.0005493925470081859,0.0005239168259832658,1.1852406513799323,1.1575074923025013,xgb_vix__drawdown_brake,0.9828811456742099,0.09970785546445549
0,2023-12-15,-0.000509830629872689,-0.00047174758013307196,1.1846365334040982,1.156961569722974,xgb_vix__drawdown_brake,0.9828811456742099,0.0
0,2023-12-17,0.000981584027443586,0.0009949208323484849,1.185799924593307,1.1581132277001756,xgb_vix__drawdown_brake,0.9828811456742099,0.0
0,2023-12-18,0.0034400043956973186,0.003496145721663817,1.1898861057573795,1.1621692463911946,xgb_vix__drawdown_brake,0.9828811456742099,0.0
0,2023-12-19,0.005410326999759563,0.005500806191467284,1.1963412250892158,1.168579729425169,xgb_vix__drawdown_brake,0.9828811456742099,0.0
0,2023-12-20,-0.01202640457316117,-0.012239628083209247,1.1820397117751293,1.1543639237091239,xgb_vix__drawdown_brake,0.9828811456742099,0.0
0,2023-12-21,0.00697561907300867,0.007093367888140627,1.1903139961097653,1.1625813618972747,xgb_vix__drawdown_brake,0.9828811456742099,0.0
0,2023-12-22,0.0009206741669315132,0.0012501956687978215,1.191410392090803,1.1640357250103466,rsharrates__trend_filter,0.731445585101525,0.2514355605726849
0,2023-12-25,0.0016926964155542694,0.0022349290965100466,1.1934287959815335,1.1666401716142163,rsharrates__trend_filter,0.731445585101525,0.0
0,2023-12-26,0.002596373658765792,0.003470250924169219,1.196531409099586,1.1706957385954884,rsharrates__trend_filter,0.731445585101525,0.0
0,2023-12-27,0.0012305200297968702,0.0016030620168922935,1.1980046712181385,1.1725739415030207,rsharrates__trend_filter,0.731445585101525,0.0
0,2023-12-28,0.00017152912769145725,0.00015511090491848454,1.198210181539362,1.1727558346146092,rsharrates__trend_filter,0.8349931551732152,0.10354757007169013
0,2023-12-29,-0.003920094481313972,-0.004675098824244526,1.1935222789331266,1.1672858814397595,rsharrates__trend_filter,0.8349931551732152,0.0
0,2024-01-01,0.0014642485976605428,0.0017112640589727083,1.195271172351226,1.1692851259449608,rsharrates__trend_filter,0.8349931551732152,0.0
0,2024-01-02,-0.005631472925817064,-0.0067871460996219235,1.1885589526857612,1.1613758879019214,rsharrates__trend_filter,0.8349931551732152,0.0
0,2024-01-03,-0.006732034672110313,-0.008105351726658806,1.1805844051889332,1.1520005742780786,rsharrates__trend_filter,0.8349931551732152,0.0
0,2024-01-04,-0.0027862414213362563,-0.0033798120904021205,1.1772995902865233,1.1481136011285222,rsharrates__trend_filter,0.7317198019912265,0.1032733531819886
0,2024-01-05,0.0002656504971836,0.00031675641961455736,1.1776123820528215,1.1484773310859848,xgb_vix__trend_filter,0.7775925134145448,0.04587271142331828
0,2024-01-07,0.0006225642050868307,0.0007385525043771565,1.1783457496298688,1.1493258551963126,xgb_vix__trend_filter,0.7775925134145448,0.0
0,2024-01-08,0.00949049903544388,0.012142672531093138,1.1895820736538583,1.1633668175700818,xgb_vix__trend_filter,0.7775925134145448,0.0
0,2024-01-09,-0.0008036405277778368,-0.0010955761790407855,1.1886264613241815,1.162092958529492,xgb_vix__trend_filter,0.7775925134145448,0.0
0,2024-01-10,0.004765781359671512,0.006066928640862995,1.1943047150677404,1.169164723839464,xgb_vix__trend_filter,0.7775925134145448,0.0
0,2024-01-11,-0.0016085056211938434,-0.0021305358034315446,1.192385213398607,1.1666764281779487,xgb_vix__trend_filter,0.8771391526203522,0.09954663920580742
0,2024-01-12,2.2372412109460186e-05,5.196154847755345e-05,1.192411890230406,1.166737052066771,xgb_vix__trend_filter,0.8771391526203522,0.0
0,2024-01-14,-0.00015577971284520204,-0.0002078894043349677,1.1922261511161212,1.166494525006278,xgb_vix__trend_filter,0.8771391526203522,0.0
0,2024-01-15,-0.0002926568056844522,-0.00036393886630499325,1.191877289069998,1.1660700695538992,xgb_vix__trend_filter,0.8771391526203522,0.0
0,2024-01-16,-0.0014809369214248307,-0.0017186613321652031,1.190113500339091,1.1640677111955835,xgb_vix__trend_filter,0.8771391526203522,0.0
0,2024-01-17,-0.0024967349171470766,-0.006394508627173834,1.1871458087187101,1.1566478187399947,rnnvolatility__priority_stack_controller,0.41045979287902534,0.4666793597413269
0,2024-01-18,0.003963813979929037,0.009346416055014553,1.19186077231745,1.167509008014707,rnnvolatility__priority_stack_controller,0.4756391197688932,0.06517932688986788
0,2024-01-19,0.005452886195151655,0.011294455085981571,1.1983776050955084,1.1807701336917047,rnnvolatility__priority_stack_controller,0.4756391197688932,0.0
0,2024-01-21,0.0005768820390208777,0.0009744590731205333,1.1990691270559743,1.1819213066561272,rnnvolatility__priority_stack_controller,0.4756391197688932,0.0
0,2024-01-22,0.0007713334216574203,0.0013828429504800105,1.1999943659365129,1.1835568487913835,rnnvolatility__priority_stack_controller,0.399376268253245,0.07626285151564821
0,2024-01-23,0.001985019359778871,0.004740562174724885,1.202378743719622,1.1891808936551824,rnnvolatility__priority_stack_controller,0.399376268253245,0.0
0,2024-01-24,-0.0002779240001670683,-0.0010205124742626226,1.2020446202420692,1.1879679387421311,rnnvolatility__priority_stack_controller,0.399376268253245,0.0
0,2024-01-25,0.0012878474257282475,0.0029000295067207298,1.203593667566065,1.1914180811569006,rnnvolatility__priority_stack_controller,0.399376268253245,0.0
0,2024-01-26,4.835063194687453e-05,-0.00020355198349292136,1.2036518634873927,1.191175590323894,rnnvolatility__priority_stack_controller,0.399376268253245,0.0
0,2024-01-28,-0.0005625510768892196,-0.0017331914673510873,1.202974938255749,1.1891128430389908,rnnvolatility__priority_stack_controller,0.399376268253245,0.0
0,2024-01-29,0.008615979409337981,0.009792696394797677,1.213384525552296,1.2008146667797006,xgb_vix__trend_filter,0.8771391526203522,0.47776288436710723
0,2024-01-30,-0.004065930280772753,-0.004665567897960191,1.208461004796578,1.195225233498223,xgb_vix__trend_filter,0.8771391526203522,0.0
0,2024-01-31,-0.009506420121913056,-0.010868106941950494,1.1970272996932894,1.182305730278311,xgb_vix__trend_filter,0.8771391526203522,0.0
0,2024-02-01,0.01370461264884397,0.015594094296492389,1.2135450211286178,1.2008872215411603,xgb_vix__trend_filter,0.8771391526203522,0.0
0,2024-02-02,0.003333775168377746,0.0037705584375634475,1.2175974585902043,1.2054237842996645,xgb_vix__trend_filter,0.7469865121496463,0.13015264047070596
0,2024-02-04,0.0005898172353386851,0.0008037374653636764,1.218315830390194,1.2063930180092926,xgb_vix__trend_filter,0.7469865121496463,0.0
0,2024-02-05,-0.0027705234208496533,-0.003781775847317762,1.2149451293073221,1.2018393259798543,xgb_vix__trend_filter,0.7469865121496463,0.0
0,2024-02-06,0.002345179858684126,0.0030664100773737037,1.217797737786541,1.2055303143502334,xgb_vix__trend_filter,0.7469865121496463,0.0
0,2024-02-07,0.006088575520185119,0.00807787411473136,1.2252350095011906,1.2153078742529742,xgb_vix__trend_filter,0.7988786840935111,0.05189217194386486
0,2024-02-08,0.00025640075096629224,0.00029908778672340795,1.225549200955478,1.2156714123574655,xgb_vix__trend_filter,0.7988786840935111,0.0
0,2024-02-09,0.002598411078126532,0.005305459273978003,1.2287378224566845,1.2221382471215267,rnnvolatility__priority_stack_controller,0.46812261993345733,0.3307560641600538
0,2024-02-11,0.00016122329436376809,9.915716426750676e-05,1.2289359395864494,1.2222594368927717,rnnvolatility__priority_stack_controller,0.5485726574785894,0.08045003754513208
0,2024-02-12,-0.0007328257533885743,-0.0014398495614268616,1.2280356735899987,1.2205008335445648,rnnvolatility__priority_stack_controller,0.6223354574153072,0.07376279993671775
0,2024-02-13,-0.0078089248441348125,-0.012619740640443687,1.2184833804197148,1.2051952092063987,rnnvolatility__priority_stack_controller,0.6223354574153072,0.0
0,2024-02-14,0.00578582901624433,0.009166214133520622,1.2255537511722274,1.2162930715550893,rnnvolatility__priority_stack_controller,0.6223354574153072,0.0
0,2024-02-15,0.003748894763076935,0.005893165444269941,1.2301568460799917,1.2234820499683354,rnnvolatility__priority_stack_controller,0.6223354574153072,0.0
0,2024-02-16,-0.004107130132977075,-0.0067305323332098425,1.2251147931006916,1.215275014312922,rnnvolatility__priority_stack_controller,0.5696048740350738,0.0527305833802334
0,2024-02-18,0.0012001909633044512,0.001990249100429041,1.2265860475209047,1.2176961228222625,rnnvolatility__priority_stack_controller,0.48215481060955284,0.08745006342552092
0,2024-02-19,-0.0007971453071884838,-0.001794438207127256,1.225608669817041,1.2155130016985827,rnnvolatility__priority_stack_controller,0.48215481060955284,0.0
0,2024-02-20,-0.002497874130885522,-0.005412475022324462,1.2225510739607026,1.2089518400168042,rnnvolatility__priority_stack_controller,0.48215481060955284,0.0
0,2024-02-21,0.004963650554080173,0.0065717888931982665,1.2286344757264869,1.2169229799274197,xgb_vix__trend_filter,0.7469865121496463,0.26483170154009344
0,2024-02-22,0.01140864390402128,0.015199646109663798,1.242731791671852,1.2355610658932643,xgb_vix__trend_filter,0.7469865121496463,0.0
0,2024-02-23,-0.0005683166388538251,-0.0008341921571832991,1.2420257271701185,1.2345308003218496,xgb_vix__trend_filter,0.6898854204927262,0.05710109165692012
0,2024-02-25,0.0006474457084271583,0.0008824828326148607,1.2428301317729853,1.235620733412354,xgb_vix__trend_filter,0.6898854204927262,0.0
0,2024-02-26,-0.0026150967972992482,-0.003888187757674445,1.2395842566644046,1.2308257359696464,xgb_vix__trend_filter,0.6898854204927262,0.0
0,2024-02-27,0.0011180443388949897,0.0015234169735792143,1.2409709418684738,1.2327022257626283,xgb_vix__trend_filter,0.6898854204927262,0.0
0,2024-02-28,-0.0021436777781774865,-0.0032045016346193868,1.2383135493513082,1.2287583519151823,xgb_vix__trend_filter,0.8071354508802289,0.1172500303875027
0,2024-02-29,0.00417909615350971,0.005198650224624647,1.2434994092984024,1.2351628697975234,xgb_vix__trend_filter,0.8071354508802289,0.0
0,2024-03-01,0.006520619636373108,0.008027330362915095,1.251634289370319,1.2451178326366636,xgb_vix__trend_filter,0.8071354508802289,0.0
0,2024-03-03,0.0005124071451223952,0.0005834589721858162,1.2522758000665684,1.2458445197829968,xgb_vix__trend_filter,0.8071354508802289,0.0
0,2024-03-04,-0.003324624908097141,-0.0021439377132671774,1.2481193658706549,1.2431763679298646,regime_gjrgarch__drawdown_brake,1.5,0.6928645491197711
0,2024-03-05,-0.012711851911903113,-0.008402221295537997,1.232353873919295,1.2327746847930918,regime_gjrgarch__drawdown_brake,1.5,0.0
0,2024-03-06,0.005983985177678423,0.004061670097516362,1.2397503694230354,1.2377919912915698,regime_gjrgarch__drawdown_brake,0.9966015207008754,0.5033984792991246
0,2024-03-07,0.009599807732637725,0.00988436116335238,1.2517090432519153,1.2500874406035363,regime_gjrgarch__drawdown_brake,0.9966015207008754,0.0
0,2024-03-08,-0.005388162181116396,-0.005407274950523562,1.2449827693239575,1.2433461166217243,regime_gjrgarch__drawdown_brake,0.9966015207008754,0.0
0,2024-03-10,-0.00048498435869485224,-0.0004873769566159179,1.2443791185464153,1.2427402860213144,regime_gjrgarch__drawdown_brake,0.9966015207008754,0.0
0,2024-03-11,0.013370945866077864,0.013415800231401884,1.2611293782318551,1.2595249797401848,regime_gjrgarch__drawdown_brake,0.9966015207008754,0.0
0,2024-03-12,0.00826980854768329,0.00829726768611024,1.2716019200170166,1.270019071593943,regime_gjrgarch__drawdown_brake,0.47222088936304,0.5243806313378354
0,2024-03-13,-0.0005305450757565685,-0.0008113010339098703,1.2709274568124156,1.2689891216642886,regime_gjrgarch__drawdown_brake,0.47222088936304,0.0
0,2024-03-14,-0.002149664102397496,-0.004795261474218787,1.2681983240920307,1.2629185536309626,regime_gjrgarch__drawdown_brake,0.47222088936304,0.0
0,2024-03-15,-0.004335241675757893,-0.005836139771700625,1.2627122781240645,1.2555694504877841,xgb_vix__trend_filter,0.7520642369329535,0.2798433475699135
0,2024-03-17,0.00041647324881611907,0.00048209036240642655,1.2632382735327603,1.2561748943467947,xgb_vix__trend_filter,0.7520642369329535,0.0
0,2024-03-18,0.003554413912538937,0.004654527382573582,1.2677363344766015,1.2620354232053481,xgb_vix__trend_filter,0.7520642369329535,0.0
0,2024-03-19,0.004145527515265452,0.0054405155650953,1.2730026786786568,1.2689202581126056,xgb_vix__trend_filter,0.7520642369329535,0.0
0,2024-03-20,0.009166312675328083,0.012116652096164865,1.284725062709249,1.2843888479295038,xgb_vix__trend_filter,0.841437392663048,0.08937315573009441
0,2024-03-21,0.0011386463026802393,0.00136534882360027,1.2861887433009702,1.2861436844414427,xgb_vix__trend_filter,0.7883740776595508,0.05306331500349715
0,2024-03-22,-0.0029987124194792727,-0.0038281675717923517,1.282337610248766,1.2812295230140716,xgb_vix__trend_filter,0.7883740776595508,0.0
0,2024-03-24,0.0005299236274272955,0.0006140185536083342,1.2830173313309996,1.2820164632858724,xgb_vix__trend_filter,0.7883740776595508,0.0
0,2024-03-25,-0.001334320924118217,-0.0017506514734426598,1.2813065161019068,1.2797740626791119,xgb_vix__trend_filter,0.7883740776595508,0.0
0,2024-03-26,-0.0011870384365801246,-0.0015638334492182578,1.2797864583802117,1.277774273268791,xgb_vix__trend_filter,0.7883740776595508,0.0
0,2024-03-27,0.005710390013513373,0.005279556943395166,1.2871154439589803,1.2845381948485912,naive_vol_estimator__variance_scaling,1.0960139923069967,0.3076399146474459
0,2024-03-28,0.00013417127181244407,0.00014139605080813975,1.2872881494608648,1.2847198363178456,naive_vol_estimator__variance_scaling,1.0960139923069967,0.0
0,2024-03-31,0.005785582776494181,0.005297727579738803,1.2947574478940003,1.291543992326182,naive_vol_estimator__variance_scaling,1.1645477134403646,0.06853372113336786
0,2024-04-01,-0.009536861121846986,-0.00812940214846346,1.282468219403394,1.2810870736576339,naive_vol_estimator__variance_scaling,1.1645477134403646,0.0
0,2024-04-02,-0.006900688508563498,-0.00589525136408653,1.273648770830985,1.2735569611007427,naive_vol_estimator__variance_scaling,1.1645477134403646,0.0
0,2024-04-03,0.004431986720385488,0.003836144866531995,1.2793060925968842,1.2784518929302908,naive_vol_estimator__variance_scaling,1.1645477134403646,0.0
0,2024-04-04,-0.017501670718547288,-0.014998397049160549,1.2571108917100402,1.2594202427208832,naive_vol_estimator__variance_scaling,1.1645477134403646,0.0
0,2024-04-05,0.012151447077394118,0.010464920614037438,1.272479796285447,1.2726691792025153,naive_vol_estimator__variance_scaling,1.0903556437956634,0.07419206964470115
0,2024-04-07,0.0005654602680930791,0.0005704778060841843,1.2731995365252742,1.273395415854988,naive_vol_estimator__variance_scaling,1.0332161211849762,0.05713952261068722
0,2024-04-08,-0.0007238489492530023,-0.0006660007152273636,1.2722782658492018,1.2725476159462714,naive_vol_estimator__variance_scaling,1.0332161211849762,0.0
0,2024-04-09,0.000613166458598874,0.0012827825640092155,1.2730586234279218,1.2741810652960603,rnnvolatility__trend_filter,0.3726248061518585,0.6605913150331177
0,2024-04-10,-0.004579412009530284,-0.012653692388143309,1.2672420917912524,1.2581595494897326,rnnvolatility__trend_filter,0.3726248061518585,0.0
0,2024-04-11,0.0035639069850832983,0.009200244494670867,1.2717664821984138,1.2697883367754892,rnnvolatility__trend_filter,0.42573971573608466,0.053114909584226155
0,2024-04-12,-0.0063301226624621785,-0.015097832602208892,1.2637414708184267,1.2507612801096242,rnnvolatility__trend_filter,0.42573971573608466,0.0
0,2024-04-14,0.0014795198163982824,0.003183489849965312,1.2656125852013917,1.2547494106679815,rnnvolatility__trend_filter,0.42573971573608466,0.0
0,2024-04-15,-0.006571622503390749,-0.015727459780066202,1.2573227258031479,1.235169762431429,rnnvolatility__trend_filter,0.49223626707633744,0.06649655134025279
0,2024-04-16,0.0004380315905027941,0.0007343582369750085,1.2578735935164291,1.2360771526544971,rnnvolatility__trend_filter,0.5469824519976775,0.054746184921340035
0,2024-04-17,-0.004275084429941286,-0.007944815710122512,1.2525075560062855,1.2262956550218964,rnnvolatility__trend_filter,0.5469824519976775,0.0
0,2024-04-18,-0.0027507366306589835,-0.00520835685044128,1.2490669718317082,1.2199252736568693,rnnvolatility__trend_filter,0.6447451331150601,0.09776268111738262
0,2024-04-19,-0.004675447502491402,-0.007294958158075482,1.243240655708905,1.2110583510663258,rnnvolatility__trend_filter,0.6447451331150601,0.0
0,2024-04-21,0.002595168449617213,0.0036341992749650575,1.2464712648081337,1.2154675856133308,xgb_vix__trend_filter,0.6960078499950096,0.051262716879949544
0,2024-04-22,0.003410253610881613,0.00480580528293192,1.2507293043104113,1.221322944745935,xgb_vix__trend_filter,0.6960078499950096,0.0
0,2024-04-23,0.00962275520415533,0.013731192799662378,1.2628228595741913,1.2382088319446969,xgb_vix__trend_filter,0.6960078499950096,0.0
0,2024-04-24,-0.005591410997276319,-0.008128168136049751,1.255781601577996,1.2281852542193266,xgb_vix__trend_filter,0.6960078499950096,0.0
0,2024-04-25,0.006115932574269208,0.00869236480187482,1.2634854111580682,1.2389076223483468,xgb_vix__trend_filter,0.6960078499950096,0.0
0,2024-04-26,0.0017272996914027244,0.0023871021855874524,1.265669715049488,1.2418685540586618,xgb_vix__trend_filter,0.6960078499950096,0.0
0,2024-04-28,0.0014194986910902021,0.0019448643569268574,1.2674676073043118,1.24428617015107,xgb_vix__trend_filter,0.6960078499950096,0.0
0,2024-04-29,0.00047159245070099026,0.0005831187463022719,1.2680654764236257,1.245011948329515,xgb_vix__trend_filter,0.6960078499950096,0.0
0,2024-04-30,-0.011906987123150513,-0.01720216942198277,1.2530561722502327,1.2237781987529825,xgb_vix__trend_filter,0.6960078499950096,0.0
0,2024-05-01,0.0013021678814234131,0.0017762875087381043,1.2546889245794637,1.2259539124553624,xgb_vix__trend_filter,0.6960078499950096,0.0
0,2024-05-02,0.0063015875976080125,0.007832850604844049,1.2626204210085836,1.2355943329975363,rnnvolatility__variance_scaling,0.8092686864152675,0.11326083642025786
0,2024-05-03,0.00862562813666158,0.010607581029279273,1.2735584209812731,1.248770761468872,rnnvolatility__variance_scaling,0.8092686864152675,0.0
0,2024-05-05,-0.00031168512579154886,-0.0004361099135172487,1.2731615336197832,1.2482262788958385,rnnvolatility__variance_scaling,0.712633280058975,0.09663540635629253
0,2024-05-06,0.006345535755840536,0.008884950507880709,1.2812661124067908,1.2593661228036699,rnnvolatility__variance_scaling,0.9064483435860006,0.1938150635270256
0,2024-05-07,0.0014010392791999598,0.001630227036157486,1.2830624746505703,1.2614208498862458,rnnvolatility__variance_scaling,0.9064483435860006,0.0
0,2024-05-08,-0.0006321725651263437,-0.0007197351995975603,1.28225161408366,1.2605132875405372,rnnvolatility__variance_scaling,1.1552014442113663,0.2487531006253657
0,2024-05-09,0.007167394572359075,0.006341226888661933,1.2914750317947947,1.2685318852971157,rnnvolatility__variance_scaling,1.1552014442113663,0.0
0,2024-05-10,-0.0004744753237005623,-0.00038157017047161135,1.2908624041108854,1.268047943704104,rnnvolatility__variance_scaling,1.497963449904663,0.34276200569329673
0,2024-05-12,7.769221767159749e-05,0.00023842449322265845,1.2909626979697455,1.2683503134372065,rnnvolatility__variance_scaling,1.064805124116745,0.4331583257879179
0,2024-05-13,7.397056781252245e-05,0.00028602755788791556,1.2910581947454711,1.2687131484678404,rnnvolatility__variance_scaling,0.7895500122051077,0.27525511191163743
0,2024-05-14,0.0036825903470132718,0.005169329701097385,1.2958213982715332,1.2752885255321196,xgb_vix__trend_filter,0.6998596220533343,0.08969039015177338
0,2024-05-15,0.008751503357091244,0.012411916318126678,1.3072115513738225,1.2912159403874812,xgb_vix__trend_filter,0.6998596220533343,0.0
0,2024-05-16,-0.0022701579845095183,-0.0033364723505381277,1.3042473405195314,1.2869150130562088,xgb_vix__trend_filter,0.6998596220533343,0.0
0,2024-05-17,0.0010830730140804917,0.0014546483476444083,1.305660700865798,1.2887883840711976,xgb_vix__trend_filter,0.6998596220533343,0.0
0,2024-05-19,0.001048847727168243,0.0014057452736081692,1.3070308585421293,1.2906013662477938,xgb_vix__trend_filter,0.6998596220533343,0.0
0,2024-05-20,-0.0004273537572994041,-0.0007033668403167089,1.3064724133291543,1.2896939192141954,xgb_vix__trend_filter,0.7544499944814117,0.054590372428077405
0,2024-05-21,0.0021424720041055122,0.0028055774229819993,1.309274494517258,1.2933173358677397,xgb_vix__trend_filter,0.7544499944814117,0.0
0,2024-05-22,-0.000723810567284987,-0.0010297698879998293,1.3083271706855086,1.2919862021179918,xgb_vix__trend_filter,0.7544499944814117,0.0
0,2024-05-23,-0.007544579171048883,-0.010070615633969446,1.2984935347318551,1.2790404011752494,xgb_vix__trend_filter,0.7544499944814117,0.0
0,2024-05-24,0.004732426110868408,0.00620217298253279,1.3046531228424505,1.286997882323962,xgb_vix__trend_filter,0.7544499944814117,0.0
0,2024-05-26,-0.00022482048290527112,-0.0009406011827309468,1.304359843066235,1.2857878997384105,rnnvolatility__trend_filter,0.38147835336556796,0.37297164111584374
0,2024-05-27,0.0008681621456255942,0.0019245224052474987,1.30549273060014,1.2882648100300338,rnnvolatility__trend_filter,0.38147835336556796,0.0
0,2024-05-28,-0.0003859956487044674,-0.0013631026546421022,1.3049889133286057,1.2865099691334572,rnnvolatility__trend_filter,0.38147835336556796,0.0
0,2024-05-29,-0.0036324980757041895,-0.00987342151902239,1.3002571428886245,1.2738702154094408,rnnvolatility__trend_filter,0.38147835336556796,0.0
0,2024-05-30,-0.001594046856356731,-0.004529864797223222,1.2981861231673215,1.2681128055535527,rnnvolatility__trend_filter,0.4317092577967153,0.05023090443114736
0,2024-05-31,0.004680555571967812,0.010614909496915799,1.3042765977429496,1.281645404807855,rnnvolatility__trend_filter,0.4317092577967153,0.0
0,2024-06-02,0.00036737637225502367,0.0005657975689728657,1.3047558461747304,1.2823707618454543,rnnvolatility__trend_filter,0.3687405539043843,0.062968703892331
0,2024-06-03,-0.0002761137672321361,-0.0010383727735139119,1.3043956348546657,1.2810398740592068,rnnvolatility__trend_filter,0.3687405539043843,0.0
0,2024-06-04,0.0011622521070865292,0.002776996888097295,1.305912552779519,1.284602261883607,rnnvolatility__trend_filter,0.3687405539043843,0.0
0,2024-06-05,0.00413811452092064,0.010848018172011569,1.3113277651341657,1.2986135103002583,rnnvolatility__trend_filter,0.3687405539043843,0.0
0,2024-06-06,-5.119000554354666e-05,-0.0010253066064039224,1.3112606399766824,1.2972827156418432,rnnvolatility__regime_switch_controller,0.5029902867390312,0.13424973283464692
0,2024-06-07,-0.001044206501459947,-0.0020080334773009403,1.3098921277203563,1.2946803422202264,rnnvolatility__regime_switch_controller,0.5029902867390312,0.0
0,2024-06-09,8.536692292963075e-05,-4.670060245472384e-05,1.3100039539537325,1.2946198812800507,rnnvolatility__regime_switch_controller,0.5029902867390312,0.0
0,2024-06-10,0.001327376346343421,0.002422550705489892,1.3117439767929233,1.2977599655577803,rnnvolatility__regime_switch_controller,0.5029902867390312,0.0
0,2024-06-11,0.0018369479864100123,0.0034356351596057516,1.3141557967655002,1.3022262632156183,rnnvolatility__regime_switch_controller,0.5029902867390312,0.0
0,2024-06-12,0.004850866273818543,0.00942802815365918,1.3205460774663875,1.3145617473609406,rnnvolatility__regime_switch_controller,0.5029902867390312,0.0
0,2024-06-13,0.0002936506044973297,0.00036778228118638834,1.3209339135616671,1.3150453087963585,rnnvolatility__regime_switch_controller,0.5029902867390312,0.0
0,2024-06-14,-9.954123546523333e-05,-0.000413926332933559,1.320802432711935,1.3145010895551548,rnnvolatility__regime_switch_controller,0.5029902867390312,0.0
0,2024-06-16,0.006142768398233534,0.011996471637509743,1.3289407865766059,1.3303654324032674,rnnvolatility__regime_switch_controller,0.5029902867390312,0.0
0,2024-06-17,0.004683823869720733,0.009095537464613439,1.3351799112284415,1.342521018026233,rnnvolatility__regime_switch_controller,0.4424186019525519,0.06057168478647934
0,2024-06-18,0.0010851931885275878,0.002246284292731164,1.3366296258415067,1.3455400914808584,rnnvolatility__regime_switch_controller,0.21889788456000372,0.22352071739254817
0,2024-06-19,-1.0160885123894356e-05,-0.00031457847004508866,1.3366160445704243,1.3451168801075792,rnnvolatility__regime_switch_controller,0.21889788456000372,0.0
0,2024-06-20,-0.00046093910057222785,-0.0028844460376341485,1.3360000879431824,1.341242553381993,rnnvolatility__regime_switch_controller,0.21889788456000372,0.0
0,2024-06-21,-0.0002449910423565094,-0.0018965061485241577,1.3356728199795456,1.3387012891561443,rnnvolatility__regime_switch_controller,0.21889788456000372,0.0
0,2024-06-23,0.0001800340032907841,4.5152842386678524e-05,1.3359133081517878,1.3387617366891351,rnnvolatility__regime_switch_controller,0.4424643102769263,0.22356642571692256
0,2024-06-24,-0.0013930451918075077,-0.003170725968110368,1.3340536161594287,1.3345236126012188,rnnvolatility__regime_switch_controller,0.21989099660970987,0.22257331366721642
0,2024-06-25,0.0006447324504434479,0.0026653446830137524,1.3349140011456548,1.3380853225001421,rnnvolatility__regime_switch_controller,0.21989099660970987,0.0
0,2024-06-26,-0.00017798474016959143,-0.0015836394110540887,1.3346764279668395,1.3359679548640107,rnnvolatility__regime_switch_controller,0.4544464411175414,0.23455544450783153
0,2024-06-27,0.0024150339870717395,0.005310795059492749,1.337903612213426,1.343081880458382,rnnvolatility__regime_switch_controller,0.4544464411175414,0.0
0,2024-06-28,-0.0017296432812623753,-0.004067072523122618,1.3355915163465435,1.3376305620140176,rnnvolatility__regime_switch_controller,0.21132058404709378,0.24312585707044762
0,2024-06-30,-6.473111481605875e-05,-0.0005425690911371808,1.3355050648168336,1.3369050018667625,rnnvolatility__regime_switch_controller,0.21132058404709378,0.0
0,2024-07-01,0.00015206386743181244,-9.043635553817559e-05,1.3357081623234692,1.3367841025176237,rnnvolatility__regime_switch_controller,0.21132058404709378,0.0
0,2024-07-02,0.0014344707477839031,0.005978101104429759,1.337625571514808,1.3447994674975146,rnnvolatility__regime_switch_controller,0.21132058404709378,0.0
0,2024-07-03,0.0012578795059939255,0.005142445446055165,1.3393092019880486,1.3517328373538666,rnnvolatility__regime_switch_controller,0.21132058404709378,0.0
0,2024-07-04,7.663702051306886e-05,-0.0004473672586911517,1.3394118465879725,1.351128251585959,rnnvolatility__regime_switch_controller,0.21132058404709378,0.0
0,2024-07-05,0.001177602374747684,0.0047640429755067375,1.3409900702368551,1.3575804416941222,rnnvolatility__regime_switch_controller,0.21132058404709378,0.0
0,2024-07-07,8.614930937352371e-05,-0.0004008730230735289,1.3411056005816409,1.3570363333848527,rnnvolatility__regime_switch_controller,0.21132058404709378,0.0
0,2024-07-08,0.0011359279127058503,0.004566833308356913,1.3426298654308213,1.363247864831538,rnnvolatility__regime_switch_controller,0.21132058404709378,0.0
0,2024-07-09,-7.309328147933841e-06,-0.0008431330042433228,1.3426200517444193,1.3620989499758123,rnnvolatility__regime_switch_controller,0.21132058404709378,0.0
0,2024-07-10,0.00202066120582958,0.008753521023201401,1.345335774851271,1.374074449194607,rnnvolatility__regime_switch_controller,0.21132058404709378,0.0
0,2024-07-11,-0.0024509492363142048,-0.008204446815149499,1.342042462680407,1.362847048740132,rnnvolatility__trend_filter,0.3167108122922993,0.10539022824520553
0,2024-07-12,0.001837652971764142,0.005337475751599836,1.3445109384063987,1.3701406592350847,rnnvolatility__trend_filter,0.3167108122922993,0.0
0,2024-07-14,0.00039848587368724936,0.0007933710282389738,1.3450468137846647,1.371228120461809,rnnvolatility__trend_filter,0.3167108122922993,0.0
0,2024-07-15,0.0012739078039869785,0.0035574759982069178,1.3467613712796882,1.3761149187684667,rnnvolatility__trend_filter,0.3167108122922993,0.0
0,2024-07-16,0.0012837246071749815,0.003588472108244812,1.3484913521639317,1.3810619395867008,rnnvolatility__trend_filter,0.3167108122922993,0.0
0,2024-07-17,-0.003426998507151354,-0.011285422092685425,1.343877983831425,1.365563689299137,rnnvolatility__trend_filter,0.3167108122922993,0.0
0,2024-07-18,-0.002524227582610166,-0.008434963916006564,1.3404900077672277,1.354093651538565,rnnvolatility__trend_filter,0.3167108122922993,0.0
0,2024-07-19,-0.002647620241345506,-0.008824570629595675,1.3369455934913288,1.3421969254241637,rnnvolatility__trend_filter,0.3167108122922993,0.0
0,2024-07-21,0.0012413831077811935,0.0034547807477025958,1.3386062857314935,1.346841940656292,rnnvolatility__trend_filter,0.3167108122922993,0.0
0,2024-07-22,0.002039978347017668,0.005976308931272893,1.341339800777357,1.3549151842453013,rnnvolatility__trend_filter,0.3167108122922993,0.0
0,2024-07-23,-0.004973762848447209,-0.005470879271572879,1.334684858480817,1.347522846580557,xgb_vix__trend_filter,0.8538556989603825,0.5371448866680832
0,2024-07-24,-0.01408819229884284,-0.016501794231097475,1.3160133939481904,1.3254687682344488,xgb_vix__trend_filter,0.8538556989603825,0.0
0,2024-07-25,-0.005137489062907392,-0.006053416717726331,1.3092697271200016,1.317469389647353,xgb_vix__trend_filter,0.7645727730629283,0.08928292589745424
0,2024-07-26,0.006644485713677394,0.00868311157620524,1.317998116834995,1.3289589336630974,xgb_vix__trend_filter,0.7645727730629283,0.0
0,2024-07-28,0.0019225965569387349,0.002448870981170245,1.3205345329476204,1.3322173707485276,xgb_vix__trend_filter,0.7645727730629283,0.0
0,2024-07-29,-0.0032926297796155215,-0.004372594196276949,1.3161936519981405,1.3264048419808803,xgb_vix__trend_filter,0.7645727730629283,0.0
0,2024-07-30,-0.0011004969116873576,-0.001505337672590977,1.3147459816734002,1.3244096568935417,xgb_vix__trend_filter,0.7645727730629283,0.0
0,2024-07-31,0.014692919071962122,0.019151064355578572,1.33420605050212,1.350017941744739,xgb_vix__trend_filter,0.7645727730629283,0.0
0,2024-08-01,-0.01766217113190618,-0.023166315663270515,1.3108479594281992,1.3191024812390697,xgb_vix__trend_filter,0.670400729980366,0.09417204308256222
0,2024-08-02,-0.012866203018564455,-0.019224769376783152,1.2940903579762468,1.2939852503274307,xgb_vix__trend_filter,0.6202142862579276,0.05018644372243841
0,2024-08-04,-0.003413097475469682,-0.006386219147224393,1.2896810304551638,1.2857479076790574,rnnvolatility__trend_filter,0.5492618865237644,0.07095239973416323
0,2024-08-05,-0.005137942096585905,-0.009528468086997406,1.2830717176704405,1.2735548824506886,rnnvolatility__trend_filter,0.5492618865237644,0.0
0,2024-08-06,-0.0030732319715333386,-0.005769079347097421,1.2791345935924854,1.2662287959870617,rnnvolatility__trend_filter,0.5492618865237644,0.0
0,2024-08-07,-0.004259783177325128,-0.007929344304313695,1.2736973465378418,1.2562281336419796,rnnvolatility__trend_filter,0.6909939181365244,0.14173203161276005
0,2024-08-08,0.020052421107267415,0.029027482982380733,1.2994958589527867,1.2932276783077503,rnnvolatility__trend_filter,0.9833961375803056,0.2924022194437812
0,2024-08-09,0.0011862244716528715,0.0013513517627857913,1.301038267381936,1.2949764651574818,rnnvolatility__trend_filter,1.4244140176146447,0.44101788003433906
0,2024-08-11,0.0011484950872807786,0.0010241133901227166,1.302533361830362,1.2963033472182157,rnnvolatility__trend_filter,1.1608247022298637,0.26358931538478103
0,2024-08-12,0.00026632901447190457,0.00037226617891068076,1.302880310456127,1.2967860069453658,rnnvolatility__trend_filter,0.7323405258100609,0.42848417641980274
0,2024-08-13,0.011281876494237448,0.015620627636944197,1.3176624736853484,1.3172016557855857,rnnvolatility__trend_filter,0.7323405258100609,0.0
0,2024-08-14,0.0023305414726622967,0.0031051696133058524,1.3207369219002256,1.3212981472005016,rnnvolatility__trend_filter,1.5,0.7676594741899391
0,2024-08-15,0.021493940645453315,0.01789494084434387,1.3494320438027598,1.3451555259244155,rnnvolatility__priority_stack_controller,1.5,0.0
0,2024-08-16,0.0012965994667822472,0.0010304199664507587,1.3511828514740762,1.346542315401389,rnnvolatility__priority_stack_controller,1.5,0.0
0,2024-08-18,0.0013041580572961474,0.0009399338954833689,1.3529461570413648,1.3478085711704708,rnnvolatility__priority_stack_controller,1.5,0.0
0,2024-08-19,0.011354301932162915,0.007639765317634376,1.3683954582447662,1.3581449458111876,rnnvolatility__priority_stack_controller,1.5,0.0
0,2024-08-20,-0.002440463391224458,-0.0015570093925939162,1.3650600108982283,1.356031946780599,rnnvolatility__priority_stack_controller,1.15,0.3500000000000001
0,2024-08-21,0.004988344084383219,0.004517087253066466,1.371886411991743,1.362171116546228,rnnvolatility__priority_stack_controller,1.15,0.0
0,2024-08-22,-0.008393083262849533,-0.0072710069421549,1.3604202406839925,1.3523026811093246,rnnvolatility__priority_stack_controller,1.5,0.3500000000000001
0,2024-08-23,0.011998112895520548,0.008184845808666383,1.3768410285634647,1.3634164904042172,rnnvolatility__priority_stack_controller,1.5,0.0
0,2024-08-25,-0.0012331738997989593,-0.000752678721546621,1.3751441906060429,1.3623906619313457,rnnvolatility__priority_stack_controller,1.15,0.3500000000000001
0,2024-08-26,-0.0031669504457710516,-0.00257457670604388,1.3707960658805256,1.3588875940620644,rnnvolatility__priority_stack_controller,1.0333807688777061,0.11661923112229378
0,2024-08-27,0.0005627069777430122,0.0006653950719540625,1.3715676394564176,1.3597920920613764,rnnvolatility__trend_filter,0.6488408700955856,0.3845398987821206
0,2024-08-28,-0.007465810136035143,-0.011441383148244798,1.3613659053619933,1.3443228532284097,rnnvolatility__trend_filter,0.6488408700955856,0.0
0,2024-08-29,0.005041642750361871,0.007658133768463266,1.368246756731687,1.3546573785477292,rnnvolatility__trend_filter,0.6488408700955856,0.0
0,2024-08-30,0.004832981853980712,0.007336758241793877,1.3748754738107838,1.364632720825895,rnnvolatility__trend_filter,0.6488408700955856,0.0
0,2024-09-01,-0.0003291302906279708,-0.0006191403190477255,1.3744230351062365,1.3637880831893294,rnnvolatility__trend_filter,0.5696686619196943,0.07917220817589121
0,2024-09-02,0.00017531215522774882,0.0002210726462717842,1.3746640092929505,1.364089612758576,rnnvolatility__trend_filter,0.5095202423147444,0.06014841960494999
0,2024-09-03,-0.011119102809678497,-0.02196190208691885,1.3594636426715492,1.3344581825192736,rnnvolatility__trend_filter,0.5095202423147444,0.0
0,2024-09-04,-0.0007755656928517014,-0.0017200026582419297,1.358409698064083,1.3321648837034339,rnnvolatility__trend_filter,0.5095202423147444,0.0
0,2024-09-05,-0.00112502733792964,-0.002404721009513467,1.356882309355778,1.328965247477557,rnnvolatility__trend_filter,0.5095202423147444,0.0
0,2024-09-06,-0.00991913031986855,-0.019663532458736123,1.3434897479880255,1.3030883456266793,rnnvolatility__trend_filter,0.5095202423147444,0.0
0,2024-09-08,0.001416489496511963,0.0025841014426824494,1.3453941355587973,1.3064600125890724,rnnvolatility__trend_filter,0.5095202423147444,0.0
0,2024-09-09,0.006507217277282945,0.012576083210114131,1.3541774540099583,1.3229939103417805,rnnvolatility__trend_filter,0.5820441498783558,0.07252390756361149
0,2024-09-10,0.0011593842398314714,0.001910047094008704,1.3557483764834857,1.3255233058789226,rnnvolatility__trend_filter,0.5820441498783558,0.0
0,2024-09-11,0.006317050053310281,0.010707903016954385,1.3643398145393613,1.33979314456225,rnnvolatility__trend_filter,0.5820441498783558,0.0
0,2024-09-12,0.005145909065308472,0.008696925499230677,1.3713786783029438,1.3514960415728337,rnnvolatility__trend_filter,0.5820441498783558,0.0
0,2024-09-13,0.0022805768706563668,0.0037766118206448763,1.3745097818016216,1.3566097677002609,rnnvolatility__trend_filter,0.7511997559049777,0.16915560602662183
0,2024-09-15,0.0007979674672187217,0.0011095333361821568,1.3756070336182766,1.3581158068075097,rnnvolatility__trend_filter,0.836399595495494,0.08519983959051636
0,2024-09-16,0.009276999790458354,0.011104025174423581,1.388427917499561,1.3732803970971958,rnnvolatility__trend_filter,0.836399595495494,0.0
0,2024-09-17,0.0013881399377481968,0.001621243371099076,1.3903565880651447,1.3755086245991217,rnnvolatility__trend_filter,1.1977123709788713,0.36131277548337726
0,2024-09-18,0.0024519191825950254,0.002229704992000962,1.3937698128196951,1.378579024817215,rnnvolatility__trend_filter,0.8585071353395651,0.33920523563930616
0,2024-09-19,0.013422566244863056,0.00901186351397199,1.412603898574357,1.391058739112872,rnnvolatility__variance_scaling,1.279481183662227,0.42097404832266194
0,2024-09-20,-0.0028293322601335618,-0.002083967990504361,1.4086128214973144,1.388162835760651,rnnvolatility__variance_scaling,1.2235089234843155,0.05597226017791157
0,2024-09-22,0.001839218414110563,0.001560536417588469,1.4112059520727298,1.3903308055773573,rnnvolatility__variance_scaling,1.491308904940355,0.26779998145603945
0,2024-09-23,0.0011949336757124131,0.0009527522986948168,1.4128932574964927,1.391656077676087,rnnvolatility__variance_scaling,0.841692395224345,0.6496165097160099
0,2024-09-24,0.002502063489982061,0.0033235558475133886,1.4164328324053184,1.396289019025801,rnnvolatility__variance_scaling,0.7027208599963766,0.13897153522796846
0,2024-09-25,-0.0003783309490833923,-0.0005182242415374602,1.415897053384805,1.3955656156667176,rnnvolatility__variance_scaling,0.7027208599963766,0.0
0,2024-09-26,0.0019920768987052783,0.0027562481089369443,1.418720440464199,1.3994174466181855,rnnvolatility__variance_scaling,0.4862126076035985,0.21650825239277804
0,2024-09-27,-0.0016305457027004746,-0.003327146089343174,1.4164090368833615,1.394769117456452,rnnvolatility__variance_scaling,0.4862126076035985,0.0
0,2024-09-29,0.0012899840810500314,0.0024568990250256437,1.418237360994159,1.3982001374502016,rnnvolatility__variance_scaling,0.4862126076035985,0.0
0,2024-09-30,0.0007870414426304482,0.0014203938837125181,1.4193540119403931,1.4001875434891973,rnnvolatility__variance_scaling,0.4862126076035985,0.0
0,2024-10-01,-0.0073765110258601965,-0.009998862013927506,1.4089226522416467,1.3862570221894224,xgb_vix__trend_filter,0.7389988526205213,0.2527862450169228
0,2024-10-02,0.002418289846688107,0.003206661477724402,1.412333958687724,1.3907094140221803,xgb_vix__trend_filter,0.7389988526205213,0.0
0,2024-10-03,-0.002522304148284523,-0.003478721625133348,1.4087761117572557,1.385879928198068,xgb_vix__trend_filter,0.8142507302629518,0.07525187764243046
0,2024-10-04,0.006495293920352263,0.007980414442629919,1.4179563084337867,1.3969840733003593,xgb_vix__trend_filter,0.8142507302629518,0.0
0,2024-10-06,0.0009470695780332074,0.001120303578085293,1.4192998478287056,1.398549996547134,xgb_vix__trend_filter,0.8142507302629518,0.0
0,2024-10-07,-0.00815107680639819,-0.010053700731421828,1.4077780470914736,1.384559837698997,xgb_vix__trend_filter,0.8142507302629518,0.0
0,2024-10-08,0.007235577513527574,0.008843183410360137,1.418001074425426,1.3968580518227482,xgb_vix__trend_filter,0.8142507302629518,0.0
0,2024-10-09,0.006066551115618855,0.007407475274696327,1.4266295966480151,1.4072436613881665,xgb_vix__trend_filter,0.8142507302629518,0.0
0,2024-10-10,-0.00041847660045041425,-0.0005569360239892911,1.4260327104444732,1.4064601349059234,xgb_vix__trend_filter,0.8142507302629518,0.0
0,2024-10-11,0.0025040833936593185,0.0030325079615229275,1.4296080899294445,1.4107317099818162,xgb_vix__trend_filter,0.8142507302629518,0.0
0,2024-10-13,0.00038671222554680453,0.00038425412951493404,1.430161043765674,1.4112738936284959,xgb_vix__drawdown_brake,1.01250472804411,0.19825399778115815
0,2024-10-14,0.009801349119823803,0.009682617518359126,1.4442474716828868,1.425005088630463,xgb_vix__drawdown_brake,1.01250472804411,0.0
0,2024-10-15,-0.008593974637396378,-0.008485518637167828,1.4318888265462084,1.4129643396412543,xgb_vix__drawdown_brake,1.01250472804411,0.0
0,2024-10-16,0.002753245010824976,0.0027215546462110315,1.4358365994131337,1.4168150368694044,xgb_vix__drawdown_brake,1.01250472804411,0.0
0,2024-10-17,0.0021887535623547534,0.0021640446313829957,1.4389827336853562,1.419884407773573,xgb_vix__drawdown_brake,1.01250472804411,0.0
0,2024-10-18,0.002697097600557162,0.0026661055727900764,1.4428690490937404,1.423675020347166,xgb_vix__drawdown_brake,1.01250472804411,0.0
0,2024-10-20,0.0010249684676330714,0.0010146277212701134,1.44434870254151,1.425120253551741,xgb_vix__drawdown_brake,1.01250472804411,0.0
0,2024-10-21,-0.0030506420340244748,-0.003010647804633397,1.4399492257041786,1.420836170557488,xgb_vix__drawdown_brake,1.01250472804411,0.0
0,2024-10-22,-0.0009907804947980126,-0.0009762310548547309,1.4385232586246852,1.4194497829913322,xgb_vix__drawdown_brake,1.01250472804411,0.0
0,2024-10-23,-0.008190506379482553,-0.008087033329654037,1.4267891444642522,1.4080169365008701,xgb_vix__drawdown_brake,1.01250472804411,0.0
0,2024-10-24,0.0011907380147533706,0.0013246734924050477,1.4284890884306989,1.4098833351249787,xgb_vix__trend_filter,0.8823251762097093,0.13017955183440066
0,2024-10-25,-0.0013373137750689163,-0.0015407007719366109,1.4265800270867364,1.407712799284694,xgb_vix__trend_filter,0.8823251762097093,0.0
0,2024-10-27,0.004380748844508531,0.004939974124070651,1.4328432246232863,1.4146840688560787,xgb_vix__trend_filter,0.8823251762097093,0.0
0,2024-10-28,-0.0013705070959108554,-0.0015781623097725777,1.4308808478494184,1.4124532285554252,xgb_vix__trend_filter,0.8823251762097093,0.0
0,2024-10-29,0.0034707332403490867,0.003908749394432591,1.4358556817378003,1.417984958286864,xgb_vix__trend_filter,0.8823251762097093,0.0
0,2024-10-30,-0.00792138443817392,-0.009002564849624455,1.4245266469447473,1.4052767458267093,xgb_vix__trend_filter,0.8823251762097093,0.0
0,2024-10-31,-0.013691992743963146,-0.015542634654018837,1.4051549595670192,1.383603905594245,xgb_vix__trend_filter,0.8823251762097093,0.0
0,2024-11-01,0.0025876521613731733,0.0029083689075488535,1.4087957203148889,1.3876337935334266,xgb_vix__trend_filter,0.7840788805489518,0.09824629566075749
0,2024-11-03,-0.0013051184918847936,-0.0016522465012541543,1.406958274272237,1.3853429734738991,xgb_vix__trend_filter,0.7840788805489518,0.0
0,2024-11-04,-0.0008817236270558252,-0.0011753441674484254,1.4057182726692201,1.3837156751952149,xgb_vix__trend_filter,0.8384268524548213,0.054347971905869485
0,2024-11-05,0.005327194093350537,0.01255191246556732,1.4132267886522916,1.4011934132784858,rnnvolatility__hysteresis_controller,0.41584461648061605,0.42258223597420524
0,2024-11-06,0.009934318420845651,0.023630868750937117,1.4273362012315067,1.434699156664976,rnnvolatility__hysteresis_controller,0.41584461648061605,0.0
0,2024-11-07,0.0036031597936586547,0.00840660802657483,1.4324883981640921,1.4468109483242617,rnnvolatility__hysteresis_controller,0.4893928449824272,0.07354822850181114
0,2024-11-08,0.0013773007106411134,0.002697770353525049,1.4344627247614803,1.4507193816651511,rnnvolatility__hysteresis_controller,0.4893928449824272,0.0
0,2024-11-10,0.0012286303224234647,0.002318842658995283,1.4362262322890804,1.454087274951794,rnnvolatility__hysteresis_controller,0.4893928449824272,0.0
0,2024-11-11,-0.0006977972414386408,-0.0016175196797946897,1.4352243871691392,1.4517371613583112,rnnvolatility__hysteresis_controller,0.4893928449824272,0.0
0,2024-11-12,-0.0015149706625783225,-0.003287289537523248,1.4330517105146054,1.4469727163221942,rnnvolatility__hysteresis_controller,0.5931848263714381,0.10379198138901091
0,2024-11-13,0.0012293700000337946,0.00203480062416797,1.4348145446616953,1.4499200148740674,rnnvolatility__hysteresis_controller,0.6937226425268399,0.1005378161554018
0,2024-11-14,-0.006155840499678833,-0.008881929750938843,1.4260091851785124,1.437098949345451,rnnvolatility__hysteresis_controller,0.6937226425268399,0.0
0,2024-11-15,-0.00785153039550306,-0.011398551208059791,1.4148566701648864,1.420811108625645,rnnvolatility__hysteresis_controller,0.8111928210076451,0.11747017848080521
0,2024-11-17,0.0005427276646259249,0.0007198205304792693,1.4156247604343306,1.42183420581057,xgb_vix__trend_filter,0.670400729980366,0.14079209102727908
0,2024-11-18,0.001476872440121988,0.0021126478731425015,1.417717002235406,1.4248412160799342,xgb_vix__trend_filter,0.670400729980366,0.0
0,2024-11-19,0.003246105095655601,0.004751910251252117,1.422326538091844,1.4316280460936737,xgb_vix__trend_filter,0.670400729980366,0.0
0,2024-11-20,-0.0005038894509821207,-0.000841750941132843,1.421610023290733,1.4304234788824381,xgb_vix__trend_filter,0.670400729980366,0.0
0,2024-11-21,0.002786336655506171,0.004065903824135474,1.4255766309943978,1.436251282791898,xgb_vix__trend_filter,0.670400729980366,0.0
0,2024-11-22,0.0030539216822491446,0.004465045732514378,1.429936884925707,1.4426785487930947,xgb_vix__trend_filter,0.670400729980366,0.0
0,2024-11-24,0.0020409354170353882,0.0029540296791108808,1.4328582739273505,1.4469465648630548,xgb_vix__trend_filter,0.670400729980366,0.0
0,2024-11-25,-0.00158929884892603,-0.002460796609498535,1.4305828425710951,1.4433903010776326,xgb_vix__trend_filter,0.670400729980366,0.0
0,2024-11-26,0.005221111752105747,0.007698114420690692,1.438071608292185,1.4545445630773122,xgb_vix__trend_filter,0.670400729980366,0.0
0,2024-11-27,-0.002222771026781309,-0.003405322190484395,1.434878654304265,1.4495997942435193,xgb_vix__trend_filter,0.670400729980366,0.0
0,2024-11-28,0.0013138914086478816,0.0016169831668806946,1.4367651681063538,1.4519456688182406,xgb_vix__drawdown_brake,0.7887067411533718,0.11830601117300577
0,2024-11-29,0.0028731348306142196,0.0035941579558396,1.4408991240168272,1.4571735802371468,xgb_vix__drawdown_brake,0.7887067411533718,0.0
0,2024-12-01,-0.0007443726361858398,-0.000992473903690303,1.4398269572327191,1.4557280909094836,xgb_vix__drawdown_brake,0.7887067411533718,0.0
0,2024-12-02,0.0023791558744766833,0.0029685868652030998,1.4432566082156297,1.4600559668590276,xgb_vix__drawdown_brake,0.8694104148476722,0.08070367369430043
0,2024-12-03,0.0008065923211240811,0.0009473989142595519,1.4444211975244856,1.4614398777511137,xgb_vix__drawdown_brake,1.0796360321393026,0.21022561729163036
0,2024-12-04,0.004265577975127691,0.004061383017778384,1.4505956482097915,1.467387414288763,xgb_vix__drawdown_brake,1.0796360321393026,0.0
0,2024-12-05,-0.001744208662851928,-0.001602498939283083,1.4480677119789127,1.4650378106353448,xgb_vix__drawdown_brake,1.0796360321393026,0.0
0,2024-12-06,0.00219958313701692,0.0020502741234331738,1.4512563628651982,1.4680446210878826,xgb_vix__drawdown_brake,1.0796360321393026,0.0
0,2024-12-08,0.0008265269127390025,0.0007784971695302907,1.4524563611535157,1.469187934645585,xgb_vix__drawdown_brake,1.0796360321393026,0.0
0,2024-12-09,-0.007048926194051078,-0.006516047355058095,1.442254103188938,1.4596457588869896,xgb_vix__drawdown_brake,1.0796360321393026,0.0
0,2024-12-10,-0.00022303309765552492,-0.001776493394234589,1.4419324686576036,1.457055009744125,rnnvolatility__regime_switch_controller,0.20395708786216757,0.875678944277135
0,2024-12-11,0.0013279018034365276,0.005832373854472821,1.4438484852425606,1.4655779295547808,rnnvolatility__regime_switch_controller,0.20395708786216757,0.0
0,2024-12-12,-0.0005855849848981705,-0.003544791226523311,1.4430032367556993,1.4603919587905199,rnnvolatility__regime_switch_controller,0.20395708786216757,0.0
0,2024-12-13,-0.0003347852667843916,-0.002313573638873662,1.442520221389837,1.4570171399035898,rnnvolatility__regime_switch_controller,0.20395708786216757,0.0
0,2024-12-15,0.0003222933970100263,0.000908077889306942,1.4429852110597696,1.4583408258666954,rnnvolatility__regime_switch_controller,0.20395708786216757,0.0
0,2024-12-16,0.0031081042826918755,0.014562241166907698,1.4474771366445829,1.4797329170413382,rnnvolatility__regime_switch_controller,0.20395708786216757,0.0
0,2024-12-17,-0.0006193943916447471,-0.0037152040968128964,1.4465808550286692,1.474245606796168,rnnvolatility__regime_switch_controller,0.20395708786216757,0.0
0,2024-12-18,-0.006128565592564255,-0.030723530152599828,1.437742500255686,1.429640302307089,rnnvolatility__regime_switch_controller,0.20395708786216757,0.0
0,2024-12-19,-9.45937306028491e-05,-0.0011374649627401711,1.437606505261179,1.4280150610566142,rnnvolatility__regime_switch_controller,0.20395708786216757,0.0
0,2024-12-20,0.0022544124765818394,0.01038124256244408,1.4408511192780202,1.4429168474875784,rnnvolatility__regime_switch_controller,0.20395708786216757,0.0
0,2024-12-22,0.0010557545305208314,0.004069102753536123,1.4423731076566975,1.4488001862419493,regime_gjrgarch__regime_switch_controller,0.2267310397770439,0.022773951914876328
0,2024-12-23,0.0006972237300973273,0.002485092022664532,1.4433791150803805,1.4524050654002179,regime_gjrgarch__regime_switch_controller,0.2267310397770439,0.0
0,2024-12-24,0.002477077571368327,0.010329746399368738,1.4469589089964956,1.4674857973661193,regime_gjrgarch__regime_switch_controller,0.2267310397770439,0.0
0,2024-12-25,8.852500695757286e-05,-0.00020499364663263277,1.4470870067138237,1.467185002932663,regime_gjrgarch__regime_switch_controller,1.0386092487271612,0.8118782089501173
0,2024-12-26,-0.0008812128241595114,-0.0004511895148963457,1.4458123767784385,1.466523173759346,regime_gjrgarch__regime_switch_controller,1.0386092487271612,0.0
0,2024-12-27,-0.011333037803528683,-0.010905386192948365,1.4295194291367914,1.4506170609790785,regime_gjrgarch__regime_switch_controller,1.0386092487271612,0.0
0,2024-12-29,-0.0007823598538796616,-0.0007469190287293737,1.4284014679061106,1.4495339720330591,regime_gjrgarch__regime_switch_controller,0.80945279567565,0.22915645305151122
0,2024-12-30,-0.00980349842753423,-0.012010534391986736,1.4144665534229437,1.4322284268631293,regime_gjrgarch__regime_switch_controller,1.0137517865683958,0.20429899089274584
0,2024-12-31,-0.0026652704285155242,-0.002525999400768776,1.4107016370348644,1.4286151841608026,regime_gjrgarch__regime_switch_controller,0.2219047769192542,0.7918470096491417
0,2025-01-01,-0.0002236411864351288,0.00016837142816423029,1.4103861813228116,1.428855742390655,regime_gjrgarch__regime_switch_controller,0.2219047769192542,0.0
0,2025-01-02,-0.002452603972417943,-0.004142198738507502,1.406931301030256,1.4229493790474295,rsharrates__variance_scaling,0.6084550183780215,0.3865502414587673
0,2025-01-03,0.007234558422293635,0.011779229795172931,1.4171467352462463,1.4398097328130974,rsharrates__variance_scaling,0.822277656954623,0.21382263857660144
0,2025-01-05,0.0006786122396138161,0.0009180821721507832,1.418108754748299,1.4411322034355434,rsharrates__variance_scaling,0.6099484216571156,0.21232923529750736
0,2025-01-06,0.003504007677604392,0.00580843830078658,1.4230865347090884,1.4495272884865125,rsharrates__variance_scaling,0.8229598421069457,0.21301142044983012
0,2025-01-07,-0.009399318677788104,-0.011329071428054468,1.4097731572186256,1.4331981618695655,rsharrates__variance_scaling,0.8229598421069457,0.0
0,2025-01-08,-0.0012144127441539585,-0.0015127963073549313,1.4080621498749775,1.4310316641306495,rsharrates__variance_scaling,0.6112411965682082,0.21171864553873754
0,2025-01-09,-0.0019712748461907935,-0.0031616273859673945,1.4052892063918787,1.426514419915479,rsharrates__variance_scaling,0.6112411965682082,0.0
0,2025-01-10,-0.007128276886760959,-0.011772001875774618,1.395307534150473,1.4098199459706549,rsharrates__variance_scaling,0.8260045875751281,0.21476339100691988
0,2025-01-12,-0.00028871495495560773,-0.00025597269904089785,1.3949047461468596,1.4094591167371096,rsharrates__variance_scaling,0.6600704362729621,0.16593415130216593
0,2025-01-13,0.003616603510293975,0.005515513789966731,1.3999586971079636,1.4172544859031033,rsharrates__variance_scaling,0.6600704362729621,0.0
0,2025-01-14,-0.0005417727647438711,-0.001019281583057803,1.3992004430333542,1.4158106404746484,xgb_vix__trend_filter,0.7520642369329535,0.09199380065999141
0,2025-01-15,0.013486019905091188,0.017976532434313876,1.4181979001761533,1.4414921470014255,xgb_vix__trend_filter,0.7520642369329535,0.0
0,2025-01-16,-0.0024434189032508597,-0.003305721975222436,1.4147368787029018,1.4367348422296735,xgb_vix__trend_filter,0.6898854204927262,0.06217881644022738
0,2025-01-17,0.006655380900822329,0.009614736141005225,1.4241838933750648,1.4506152901351685,xgb_vix__trend_filter,0.6898854204927262,0.0
0,2025-01-19,-0.0009773872264268193,-0.001494148476378953,1.4227925942593465,1.448449473938015,xgb_vix__trend_filter,0.6898854204927262,0.0
0,2025-01-20,0.005112760796871007,0.007333618921500181,1.4300856203193881,1.4591108960276629,xgb_vix__trend_filter,0.6898854204927262,0.0
0,2025-01-21,0.003278747484567395,0.00467483046471909,1.4347822052002295,1.465947960703482,xgb_vix__trend_filter,0.6898854204927262,0.0
0,2025-01-22,0.0022532558117443757,0.0031883638104584474,1.43801878159058,1.4706293952217806,xgb_vix__trend_filter,0.6898854204927262,0.0
0,2025-01-23,0.0036444817996056787,0.005204968229881704,1.4432691765405767,1.478303930030431,xgb_vix__trend_filter,0.6898854204927262,0.0
0,2025-01-24,-0.0017465673990259497,-0.0026092658420657083,1.4407506097124092,1.4744516700524002,xgb_vix__trend_filter,0.6898854204927262,0.0
0,2025-01-26,-0.0037907685630769053,-0.004710622406398077,1.4352993962659522,1.4675224183358135,xgb_vix__regime_switch_controller,0.8116299064620308,0.12174448596930465
0,2025-01-27,-0.0067732786026970535,-0.008385062941836913,1.4256105632010343,1.4552685968182262,xgb_vix__regime_switch_controller,0.8116299064620308,0.0
0,2025-01-28,0.00473183494696418,0.005790349022777911,1.432372302184742,1.4637195532974285,xgb_vix__regime_switch_controller,0.8116299064620308,0.0
0,2025-01-29,-0.0025088348639405976,-0.0031307981075287096,1.4287832207038011,1.4591441090234845,xgb_vix__regime_switch_controller,0.8116299064620308,0.0
0,2025-01-30,0.00541271061022637,0.006629340286049636,1.4365377784583568,1.4688494061631132,xgb_vix__regime_switch_controller,0.8694104148476722,0.057780508385641416
0,2025-01-31,-0.0062776040840193765,-0.007212987994756423,1.4275480096607336,1.4582927313840524,xgb_vix__regime_switch_controller,0.8694104148476722,0.0
0,2025-02-02,-0.014181968421853158,-0.016337855211140728,1.4074454527124742,1.4346609280326053,xgb_vix__regime_switch_controller,0.8694104148476722,0.0
0,2025-02-03,0.012797842920333046,0.014694273510020974,1.4255734708758963,1.4558978767446185,xgb_vix__regime_switch_controller,0.8116299064620308,0.057780508385641416
0,2025-02-04,-0.001977833398012446,-0.0024411460367827027,1.4227567105134595,1.4523481518740342,xgb_vix__regime_switch_controller,0.8116299064620308,0.0
0,2025-02-05,0.006396194185154912,0.00784080299261144,1.4318861042751894,1.463780488388853,xgb_vix__regime_switch_controller,0.8116299064620308,0.0
0,2025-02-06,0.0008858788684969879,0.0016802597967489016,1.43315514394178,1.4662420873785202,rnnvolatility__hysteresis_controller,0.4732405010368388,0.338389405425192
0,2025-02-07,-0.0038397581382092986,-0.008305880425536252,1.4276627263403359,1.4541140924869593,rnnvolatility__hysteresis_controller,0.4732405010368388,0.0
0,2025-02-09,0.0008328610693903366,0.0015677867634770165,1.4288522663373402,1.456395621321775,rnnvolatility__hysteresis_controller,0.5833738401010851,0.11013333906424627
0,2025-02-10,0.001696794763264753,0.002879714366402471,1.4312787934574085,1.4605956692823898,rnnvolatility__hysteresis_controller,0.674661140242608,0.09128730014152298
0,2025-02-11,0.0017545388927174541,0.002585042477167336,1.4337922320849823,1.4643762555121513,rnnvolatility__hysteresis_controller,0.7362552687265856,0.061594128483977606
0,2025-02-12,-0.0010441552563619416,-0.0014381990492038702,1.4322959117206548,1.4622717047180298,rnnvolatility__hysteresis_controller,0.7988108964143005,0.06255562768771483
0,2025-02-13,0.006482564416861287,0.008110951146812099,1.4416110225140586,1.4741803490077747,rnnvolatility__hysteresis_controller,0.8639992251511849,0.0651883287368844
0,2025-02-14,2.603970677917029e-05,4.0756439528718516e-05,1.4416485621311326,1.4742404325744114,rnnvolatility__hysteresis_controller,0.8113991680308769,0.05260005712030802
0,2025-02-16,0.00010537552399369604,0.00012225437089825053,1.4418004846080967,1.4744206759285932,rnnvolatility__hysteresis_controller,0.9031760746010264,0.09177690657014959
0,2025-02-17,0.0009634483290043671,0.001099080250646955,1.443190254253869,1.4760420734344228,rnnvolatility__hysteresis_controller,0.843909692620456,0.05926638198057044
0,2025-02-18,0.0010951049863826476,0.0013009191409470964,1.444771564790095,1.4779635343822712,rnnvolatility__hysteresis_controller,0.732296353960691,0.11161333865976497
0,2025-02-19,0.000674377326569006,0.000934162030216977,1.4457462145793825,1.4793448368778577,rnnvolatility__hysteresis_controller,0.6303178361582146,0.10197851780247646
0,2025-02-20,-0.001810391597304703,-0.0028920610550997178,1.443131215581005,1.4750726619611205,rnnvolatility__hysteresis_controller,0.5679882558169246,0.06232958034128999
0,2025-02-21,-0.010107446174506306,-0.017870676179175662,1.428618312244962,1.4489462596256673,rnnvolatility__hysteresis_controller,0.5080744720943909,0.05991378372253364
0,2025-02-23,0.001775872788931146,0.003388296228829168,1.4311576106996071,1.453864045525736,rnnvolatility__hysteresis_controller,0.5080744720943909,0.0
0,2025-02-24,-0.004256451202814883,-0.008543194214875153,1.425078904202433,1.4414963078380407,rnnvolatility__hysteresis_controller,0.4373258868281518,0.07074858526623912
0,2025-02-25,-0.0009257384318888847,-0.0022554525836519985,1.423760264344308,1.4382487450049077,rnnvolatility__hysteresis_controller,0.4373258868281518,0.0
0,2025-02-26,-0.0004158215842746904,-0.0011708625238667988,1.4231683571679796,1.4365657389260278,rnnvolatility__hysteresis_controller,0.3862838663814872,0.051042020446664615
0,2025-02-27,-0.005891145531590581,-0.015457088696218594,1.4148089127882613,1.414531347359813,rnnvolatility__hysteresis_controller,0.3862838663814872,0.0
0,2025-02-28,0.004676137698294856,0.011833106771720637,1.4214402465125062,1.4313690726545474,rnnvolatility__hysteresis_controller,0.4740873963914452,0.087803530009958
0,2025-03-02,0.001207158732763699,0.0027200100516578682,1.4231571866203097,1.4352677106834553,rnnvolatility__variance_scaling,0.41988388520558523,0.054203511185859976
0,2025-03-03,-0.007339109547143271,-0.017717374394547986,1.412750713956209,1.410062479886861,rnnvolatility__variance_scaling,0.41988388520558523,0.0
0,2025-03-04,-0.0025090967384848975,-0.006213615512695181,1.4092104290635095,1.4013280580597156,rnnvolatility__variance_scaling,0.41988388520558523,0.0
0,2025-03-05,0.0009082561284656055,0.0019246408534789004,1.410490934497431,1.4040277083846897,rnnvolatility__variance_scaling,0.41988388520558523,0.0
0,2025-03-06,-0.005763623289408926,-0.013964631128192153,1.4023847789513992,1.384557244676853,rnnvolatility__variance_scaling,0.6106331613850636,0.1907492761794784
0,2025-03-07,0.0007122555753201567,0.0012128040397734613,1.403383991133933,1.3862374599764948,rnnvolatility__variance_scaling,0.9316139253300499,0.3209807639449863
0,2025-03-09,-0.00640474750004562,-0.006715264269519719,1.3944243936324234,1.3769596952782004,rnnvolatility__variance_scaling,1.0573020767422059,0.12568815141215595
0,2025-03-10,-0.02484661309269544,-0.023431263832417573,1.360204554253361,1.345070846353364,rnnvolatility__variance_scaling,1.359162428027018,0.30186035128481215
0,2025-03-11,-0.0022781931485142564,-0.0015196215732894453,1.3571092727206249,1.3430283999434993,rnnvolatility__variance_scaling,1.5,0.14083757197298197
0,2025-03-12,0.007049071498371974,0.0048038615731274955,1.3667094293582605,1.3494956439008816,rnnvolatility__variance_scaling,1.1487788396845504,0.3512211603154496
0,2025-03-13,-0.007299013014376126,-0.012201463408889347,1.3567701171579112,1.3331298684250483,xgb_vix__trend_filter,0.603799836545182,0.5449790031393684
0,2025-03-14,0.008220891601078006,0.013502521374383339,1.3679699504498586,1.3512525586338975,xgb_vix__trend_filter,0.603799836545182,0.0
0,2025-03-16,-0.002112007626344702,-0.0036105989049221754,1.3650838363022542,1.346382524785512,xgb_vix__trend_filter,0.603799836545182,0.0
0,2025-03-17,0.01302698496859147,0.021462007087010022,1.382983096487178,1.37559091021201,xgb_vix__trend_filter,0.603799836545182,0.0
0,2025-03-18,-0.0062120413063379305,-0.010401244789656816,1.3744185774804127,1.3613572048748184,xgb_vix__trend_filter,0.5266019509255375,0.07719788561964447
0,2025-03-19,0.006937248097379153,0.013092454761944216,1.3839864089811909,1.3792979000940724,xgb_vix__trend_filter,0.5266019509255375,0.0
0,2025-03-20,-0.0029595612506337953,-0.005774562865621802,1.3798964716291326,1.3713560101996882,xgb_vix__trend_filter,0.5266019509255375,0.0
0,2025-03-21,0.0005646670982241059,0.0009178322967277458,1.3806758737962879,1.372615262839131,xgb_vix__trend_filter,0.5266019509255375,0.0
0,2025-03-23,0.003056502935285601,0.0056497476128064845,1.384902369515109,1.3803921406558421,xgb_vix__trend_filter,0.5266019509255375,0.0
0,2025-03-24,0.0054276395948172395,0.010152459111243226,1.3924395565148147,1.39447789696628,xgb_vix__trend_filter,0.5266019509255375,0.0
0,2025-03-25,0.004862324823917296,0.003643229531838305,1.3992265368160683,1.3995675658082716,rnnvolatility__drawdown_brake,1.5,0.9733980490744625
0,2025-03-26,-0.022440088117118017,-0.014877226898973767,1.3681774451170698,1.37890000079621,rnnvolatility__drawdown_brake,1.5,0.0
0,2025-03-27,-0.0030278528101625743,-0.001961298327930826,1.3640410705219446,1.3761982168984623,rnnvolatility__drawdown_brake,1.5,0.0
0,2025-03-28,-0.035832240317422465,-0.02383088999943742,1.3160297368045493,1.3437898820460958,rnnvolatility__drawdown_brake,1.5,0.0
0,2025-03-30,-0.002633734184556124,-0.0016985525775265256,1.3125682246511932,1.3415093216524598,rnnvolatility__drawdown_brake,1.5,0.0
0,2025-03-31,0.011292657277685686,0.007585576144867159,1.3274746157386423,1.3517241364076578,rnnvolatility__drawdown_brake,1.3808749991322282,0.11912500086777178
0,2025-04-01,0.011296005708194239,0.008270738102223776,1.3425547890857656,1.3629502528673414,rnnvolatility__drawdown_brake,1.5,0.11912500086777178
0,2025-04-02,-0.04661944620941428,-0.030982784512910228,1.2814021545131706,1.321369725300319,rnnvolatility__drawdown_brake,1.2872829720219066,0.21271702797809344
0,2025-04-03,-0.02146378353692453,-0.016552922068454202,1.2541914826715281,1.299677227633854,rnnvolatility__drawdown_brake,1.2336731426942944,0.05360982932761216
0,2025-04-04,-0.07890685790476377,-0.06390701579554976,1.159030952431422,1.2192170999583345,rnnvolatility__drawdown_brake,0.7856654286698678,0.44800771402442663
0,2025-04-06,-0.017438625143656794,-0.03725096567902915,1.1389942600756642,1.174635592825578,xgb_vix__trend_filter,0.47055262069006476,0.315112807979803
0,2025-04-07,0.02153104375194486,0.045565401969727234,1.1637839111836543,1.2293964620478397,xgb_vix__trend_filter,0.3977077766961685,0.07284484399389624
0,2025-04-08,-0.015302323888836544,-0.03864370940142496,1.1461108769452188,1.1827942626075545,xgb_vix__trend_filter,0.3977077766961685,0.0
0,2025-04-09,0.04041600063854748,0.10136096114531927,1.193380893110373,1.3089700668045072,xgb_vix__trend_filter,0.3977077766961685,0.0
0,2025-04-10,-0.018017805883933785,-0.04556492510274804,1.172071340021909,1.2506653557988963,xgb_vix__trend_filter,0.3977077766961685,0.0
0,2025-04-11,0.009041522065163291,0.02247329173546388,1.1827167015194517,1.2790901259647276,xgb_vix__trend_filter,0.3977077766961685,0.0
0,2025-04-13,0.0025941014041940096,0.006261839411023085,1.1857887714833748,1.2871247123170626,xgb_vix__trend_filter,0.3977077766961685,0.0
0,2025-04-14,-0.0005017195358500788,-0.0015217196685015642,1.185193987311226,1.2851675588236682,xgb_vix__trend_filter,0.3977077766961685,0.0
0,2025-04-15,-0.002499313763200941,-0.0065444885063282825,1.1822355142828804,1.2767842566402448,xgb_vix__trend_filter,0.3977077766961685,0.0
0,2025-04-16,-0.005778709891912909,-0.014790231538950155,1.1754234197376123,1.2580392848015443,xgb_vix__trend_filter,0.3977077766961685,0.0
0,2025-04-17,0.002395593067655049,0.003520142449496628,1.1782426314272287,1.2624755658808031,rnnvolatility__hysteresis_controller,0.6641065722326125,0.26639879553644397
0,2025-04-20,-0.004145390839451492,-0.006329156112806218,1.1733684648588925,1.2545103939332984,rnnvolatility__hysteresis_controller,0.6641065722326125,0.0
0,2025-04-21,-0.011138180032716816,-0.016858775131267014,1.1603717896692842,1.2335381650692645,rnnvolatility__hysteresis_controller,0.6641065722326125,0.0
0,2025-04-22,0.025493287502703285,0.03830044529383496,1.1903337733526778,1.2816996417885242,rnnvolatility__hysteresis_controller,0.6641065722326125,0.0
0,2025-04-23,-3.6449412810378833e-06,-9.238728764063944e-05,1.1903294346638762,1.2815812345047974,rnnvolatility__hysteresis_controller,0.6641065722326125,0.0
0,2025-04-24,0.014023679931274076,0.021029912546808454,1.2071398299715328,1.3088181671403007,rnnvolatility__hysteresis_controller,0.6641065722326125,0.0
0,2025-04-25,0.0029580064451588694,0.004367415970522046,1.2107158436971701,1.3145468211075455,rnnvolatility__hysteresis_controller,0.6641065722326125,0.0
0,2025-04-27,-0.002554068124298481,-0.0039325690016590005,1.2076275385029465,1.3093874265144614,rnnvolatility__hysteresis_controller,0.6641065722326125,0.0
0,2025-04-28,0.0029864573719991833,0.004410256875927735,1.2112394574043162,1.3151749141884281,rnnvolatility__hysteresis_controller,0.6641065722326125,0.0
0,2025-04-29,0.001994398945056239,0.0029166334121739647,1.2136575626321047,1.3190163966608581,rnnvolatility__hysteresis_controller,0.6641065722326125,0.0
0,2025-04-30,0.004531146312592227,0.011137471874487517,1.2191693004367368,1.333789016797929,garch__trend_filter,0.48675510470852934,0.17735146752408315
0,2025-05-01,-0.001908432747660212,-0.004009455200896231,1.2168448165848966,1.328451955990497,garch__trend_filter,0.48675510470852934,0.0
0,2025-05-02,0.008505915435297776,0.01729357210990355,1.2272393404925637,1.3516254342611476,garch__trend_filter,0.48675510470852934,0.0
0,2025-05-04,-0.002697945725401118,-0.005723877634989841,1.223932777828821,1.3439109949825154,garch__trend_filter,0.5519808954371082,0.06522579072857881
0,2025-05-05,-0.001075868687451854,-0.002029472847487254,1.2226166949707238,1.341186329860887,garch__trend_filter,0.4807730257584086,0.07120786967869958
0,2025-05-06,0.0004986277019769187,0.0009256403667091645,1.2232264775383417,1.3424283608153968,garch__trend_filter,0.4807730257584086,0.0
0,2025-05-07,-0.002124665389979359,-0.004605250285096722,1.2206302895694146,1.3362603557287087,garch__trend_filter,0.561544780374201,0.08077175461579239
0,2025-05-08,0.0033720764878883286,0.0059424595352063556,1.2247532959087872,1.3442246691895066,garch__trend_filter,0.561544780374201,0.0
0,2025-05-09,0.0005200780271874214,0.0007916960714601827,1.2253904288517756,1.3452893079588213,garch__trend_filter,0.639658847571087,0.07811406719688607
0,2025-05-11,0.006897589992824054,0.010747281370111682,1.2338718867941847,1.3598254829416212,garch__trend_filter,0.639658847571087,0.0
0,2025-05-12,0.01114653516417995,0.0189536308691679,1.2477022201210082,1.3858449156223258,xgb_vix__trend_filter,0.5842479493849078,0.05541089818617928
0,2025-05-13,0.005116466772130721,0.008632835654868313,1.2541024062795552,1.3978604765811578,xgb_vix__trend_filter,0.5280018719907822,0.05624607739412557
0,2025-05-14,-0.0009304839924801025,-0.001865435430830456,1.2529360267984537,1.3952552887810705,xgb_vix__trend_filter,0.5280018719907822,0.0
0,2025-05-15,0.0035733083941349316,0.0066122450281283565,1.2574211622339948,1.404511627491813,xgb_vix__trend_filter,0.5280018719907822,0.0
0,2025-05-16,0.001191371532894522,0.0021013716406389177,1.2589201107365307,1.4074661315631065,xgb_vix__trend_filter,0.5280018719907822,0.0
0,2025-05-18,-0.0006292106212621754,-0.00134668839614156,1.2581282339862914,1.4055719889519689,xgb_vix__trend_filter,0.5807700195889178,0.05276814759813564
0,2025-05-19,0.004581491120058384,0.007808338717842359,1.2639055616002401,1.4165901318484742,xgb_vix__trend_filter,0.6468172415400143,0.06604722195109647
0,2025-05-20,-0.0034745740501374283,-0.0054156435652889115,1.2595216486596088,1.4089391208902329,xgb_vix__trend_filter,0.6468172415400143,0.0
0,2025-05-21,-0.010369215206770158,-0.01612560005305668,1.2465288764682694,1.3864013381451683,xgb_vix__trend_filter,0.6468172415400143,0.0
0,2025-05-22,-4.914672281078934e-05,-0.00017066302668372228,1.2464676151645104,1.3861647508855253,xgb_vix__trend_filter,0.6468172415400143,0.0
0,2025-05-23,-0.005815021862097697,-0.00769602147978021,1.239240412268683,1.3755377424826438,xgb_vix__drawdown_brake,0.760961460635311,0.1141442190952967
0,2025-05-25,0.006625494542553423,0.008652396998949041,1.2474782526053712,1.387491079051607,xgb_vix__drawdown_brake,0.760961460635311,0.0
0,2025-05-26,0.0017887579924308922,0.002296310915319472,1.2497116862407176,1.3906808509136632,xgb_vix__drawdown_brake,0.760961460635311,0.0
0,2025-05-27,0.007538853567052853,0.00985279138411279,1.2591686823084767,1.404450663369628,xgb_vix__drawdown_brake,0.760961460635311,0.0
0,2025-05-28,0.006931186789069036,0.009054240065263489,1.2679265317280535,1.417224638889428,xgb_vix__drawdown_brake,0.760961460635311,0.0
0,2025-05-29,-0.011203678713177045,-0.014777400931744136,1.2538003704828629,1.3964357235661904,xgb_vix__drawdown_brake,0.760961460635311,0.0
0,2025-05-30,0.0012316132597921753,0.001564151980261751,1.2553455189616434,1.3986216703993757,xgb_vix__drawdown_brake,0.760961460635311,0.0
0,2025-06-01,-0.001893705951057815,-0.002542914372665933,1.252970513172805,1.3950696134542133,xgb_vix__drawdown_brake,0.760961460635311,0.0
0,2025-06-02,0.004689968497155001,0.006107872912521784,1.258860707022623,1.4036165967299197,xgb_vix__drawdown_brake,0.760961460635311,0.0
0,2025-06-03,0.006210152769830902,0.008105712739099633,1.2667027492663525,1.4150401451133596,xgb_vix__drawdown_brake,0.760961460635311,0.0
0,2025-06-04,-0.0009663629748452552,-0.0015902249752873636,1.2654792458987187,1.4127917011732456,xgb_vix__trend_filter,0.6468172415400143,0.1141442190952967
0,2025-06-05,-0.0028744058300976877,-0.004540119833855995,1.2618469677980009,1.4063919962561773,xgb_vix__trend_filter,0.6468172415400143,0.0
0,2025-06-06,0.006842486902728241,0.010482721605740663,1.2705107462407874,1.4212123551556513,xgb_vix__trend_filter,0.6468172415400143,0.0
0,2025-06-08,-0.0006921613346427126,-0.0011660838890411819,1.2696316520995754,1.4195560681978447,xgb_vix__trend_filter,0.6468172415400143,0.0
0,2025-06-09,0.0011916115785615717,0.0017460722271014928,1.2711454616340838,1.422036880832074,xgb_vix__trend_filter,0.6468172415400143,0.0
0,2025-06-10,0.003060118878873641,0.00463462722092363,1.2750412756458884,1.4286427878028263,xgb_vix__trend_filter,0.6468172415400143,0.0
0,2025-06-11,-0.0024094884983953567,-0.0038215595131318035,1.27197277659837,1.4231935632660138,xgb_vix__trend_filter,0.6468172415400143,0.0
0,2025-06-12,-0.0003676697325592604,-0.0006650594887056834,1.2715051966705362,1.4222473695549271,xgb_vix__trend_filter,0.6468172415400143,0.0
0,2025-06-13,-0.0038597335914545795,-0.006063684490515397,1.266606984329536,1.413649404257236,xgb_vix__trend_filter,0.6468172415400143,0.0
0,2025-06-15,0.0011425066044458857,0.001669937736360585,1.2680549181538467,1.4160120829574838,xgb_vix__trend_filter,0.6973733385014586,0.05055609696144425
0,2025-06-16,0.007932956401599136,0.01065651547574122,1.2781543487411051,1.4311825261000581,dynamic_precision_ensemble__trend_filter,0.7428722769308955,0.045498938429436975
0,2025-06-17,-0.00343838346992759,-0.004689202989220303,1.273767110781952,1.4244871310223957,dynamic_precision_ensemble__trend_filter,0.7428722769308955,0.0
0,2025-06-18,0.0011839512434349663,0.0015330438988440658,1.2752760820345388,1.4266726071149565,dynamic_precision_ensemble__trend_filter,0.7428722769308955,0.0
0,2025-06-19,-0.001991949384462048,-0.002742119849381859,1.272738325008806,1.4227658586746148,dynamic_precision_ensemble__trend_filter,0.7428722769308955,0.0
0,2025-06-20,0.0010003514943204962,0.0012863074087738023,1.274012147723109,1.4245971504891901,dynamic_precision_ensemble__trend_filter,0.7428722769308955,0.0
0,2025-06-22,-0.003143779157648621,-0.004292216357236405,1.2700132240465218,1.4184955753052946,dynamic_precision_ensemble__trend_filter,0.7428722769308955,0.0
0,2025-06-23,0.01333160606260261,0.017885872324948728,1.2870579040760033,1.4440948563549658,dynamic_precision_ensemble__trend_filter,0.7944619948705229,0.05158971793962741
0,2025-06-24,0.004857389881778117,0.006101567366992636,1.293324854304853,1.4529330343547917,dynamic_precision_ensemble__trend_filter,0.6003665587952056,0.19409543607531732
0,2025-06-25,2.1244427780611988e-05,8.134710820008495e-05,1.2933523305431747,1.45305123106296,dynamic_precision_ensemble__trend_filter,0.704889331942664,0.10452277314745839
0,2025-06-26,0.00568700837896597,0.00806915899157869,1.3007285906301098,1.4648235650105241,dynamic_precision_ensemble__trend_filter,0.704889331942664,0.0
0,2025-06-27,0.002926269081789184,0.0038982536637266717,1.3045404470273367,1.4705449633251326,xgb_vix__trend_filter,0.7389988526205213,0.03410952067785733
0,2025-06-29,0.0020890271727096598,0.002765312920841038,1.307268515982048,1.4746171080952086,xgb_vix__trend_filter,0.7389988526205213,0.0
0,2025-06-30,0.001464549873887187,0.0019200011802159595,1.3091844785912017,1.4774510944410808,xgb_vix__trend_filter,0.7389988526205213,0.0
0,2025-07-01,0.00028197163849126686,0.00031989763821410204,1.3095536835339325,1.4779238031619397,xgb_vix__trend_filter,0.7389988526205213,0.0
0,2025-07-02,0.0030475863970044013,0.004062137825629818,1.3135507491337364,1.4839395434571399,xgb_vix__trend_filter,0.7389988526205213,0.0
0,2025-07-03,0.004463236153062037,0.005977629571383711,1.319426539091193,1.4928365493647167,xgb_vix__trend_filter,0.8262695457153441,0.08727069309482272
0,2025-07-04,-0.004188254904580684,-0.005052937843136314,1.3139120006250935,1.4853123646985973,xgb_vix__trend_filter,0.8262695457153441,0.0
0,2025-07-06,0.0023579920255248897,0.002816905136406781,1.3170138502759567,1.4895022472081227,xgb_vix__trend_filter,0.8262695457153441,0.0
0,2025-07-07,-0.004319552167834615,-0.005264651575910882,1.3113372093437303,1.4816811426148455,xgb_vix__trend_filter,0.8262695457153441,0.0
0,2025-07-08,0.00032695367158314153,0.00035882306806263835,1.3117660259567718,1.4822128993859218,xgb_vix__trend_filter,0.8262695457153441,0.0
0,2025-07-09,0.002636247010952947,0.0052352107461629905,1.3152287274846233,1.4899929436011847,rnnvolatility__priority_stack_controller,0.4266598535540095,0.3996096921613346
0,2025-07-10,0.0018401054080855541,0.004147095117672386,1.3176511150196244,1.496184916538997,rnnvolatility__priority_stack_controller,0.4266598535540095,0.0
0,2025-07-11,-0.002323120656558096,-0.005680043209484881,1.3145936053532041,1.487710611556697,rnnvolatility__priority_stack_controller,0.4266598535540095,0.0
0,2025-07-13,-0.0011574574914155888,-0.0029479765399055523,1.3130728993825551,1.483331333751308,rnnvolatility__priority_stack_controller,0.4266598535540095,0.0
0,2025-07-14,0.0020294630101976895,0.004520954504323111,1.315740438181635,1.4900525890226908,rnnvolatility__priority_stack_controller,0.4266598535540095,0.0
0,2025-07-15,-0.0020421078857962094,-0.005021942166358121,1.3130562958440657,1.4825883891729617,rnnvolatility__priority_stack_controller,0.4266598535540095,0.0
0,2025-07-16,0.001490210139568441,0.0032575935622012543,1.3150144843437521,1.4874259346654843,rnnvolatility__priority_stack_controller,0.4266598535540095,0.0
0,2025-07-17,0.003880288957590602,0.008859430243372872,1.3201270331950326,1.500662227406221,rnnvolatility__priority_stack_controller,0.4266598535540095,0.0
0,2025-07-18,-0.0008427599914863906,-0.002209859340750636,1.3190149516225254,1.4973496364937409,rnnvolatility__priority_stack_controller,0.4266598535540095,0.0
0,2025-07-20,0.0006046033593165184,0.0011824526819217572,1.319812673621665,1.4991212287928009,rnnvolatility__priority_stack_controller,0.4266598535540095,0.0
0,2025-07-21,0.0003837829666296129,0.0008663806069725196,1.320319292454564,1.5004206011471548,rnnvolatility__variance_scaling,0.3019952418031577,0.1246646117508518
0,2025-07-22,0.000774833922733924,0.002161271724360391,1.3213427170720509,1.503666924596945,rnnvolatility__variance_scaling,0.3019952418031577,0.0
0,2025-07-23,0.0021027602634161435,0.006558448092946256,1.3241241073054446,1.5135610556786945,rnnvolatility__variance_scaling,0.3019952418031577,0.0
0,2025-07-24,0.00046392084144204575,0.0011308249632459837,1.3247385385881985,1.5152735964132646,rnnvolatility__variance_scaling,0.3019952418031577,0.0
0,2025-07-25,0.0009210675866918889,0.002644579757925213,1.3259592744207347,1.5192861617299744,rnnvolatility__variance_scaling,0.3019952418031577,0.0
0,2025-07-27,0.0010357459497468105,0.00302431541988531,1.3273333428388063,1.5238879173688917,rnnvolatility__variance_scaling,0.3019952418031577,0.0
0,2025-07-28,-0.0007942362341775651,-0.0030334896564431306,1.326279545140645,1.519272223503264,rnnvolatility__variance_scaling,0.3019952418031577,0.0
0,2025-07-29,-0.000844296989979915,-0.0031992563602608677,1.3251602438906391,1.5144194489532847,rnnvolatility__variance_scaling,0.3019952418031577,0.0
0,2025-07-30,0.0017510707795849096,0.005393895030019301,1.3274827260939024,1.522610138493773,rnnvolatility__variance_scaling,0.3019952418031577,0.0
0,2025-07-31,-0.0036631333905833598,-0.012534215816499534,1.3226288753734825,1.5036445222781247,rnnvolatility__variance_scaling,0.22822035786903264,0.07377488393412504
0,2025-08-01,-0.014565131788582295,-0.015886986631375156,1.3035042261103595,1.4799448981331096,xgb_vix__trend_filter,0.9176906273184072,0.6894702694493746
0,2025-08-03,0.00118487100320186,0.001275663092756159,1.3050496258392912,1.4818340139004196,xgb_vix__trend_filter,0.8114312611768659,0.1062593661415413
0,2025-08-04,0.011805773139716449,0.014574685055426787,1.3205480510953336,1.503589432032786,xgb_vix__trend_filter,0.8114312611768659,0.0
0,2025-08-05,-0.006037180603602104,-0.007480182025327417,1.3125996810294687,1.4923842699627117,xgb_vix__trend_filter,0.7544499944814117,0.056981266695454225
0,2025-08-06,0.007551722355947526,0.00999154664383799,1.3225495915804122,1.5073702388382664,xgb_vix__trend_filter,0.7544499944814117,0.0
0,2025-08-07,-0.0003719872751000138,-0.0005488474479684429,1.3220577114539016,1.5065431495232287,xgb_vix__trend_filter,0.7544499944814117,0.0
0,2025-08-08,0.00570763754700904,0.0075095061428325244,1.3296251131364247,1.5178991300958156,xgb_vix__trend_filter,0.7544499944814117,0.0
0,2025-08-10,-0.0011928332818865813,-0.0016368532969853744,1.328040037602413,1.5154165842362028,xgb_vix__trend_filter,0.7544499944814117,0.0
0,2025-08-11,-0.0018442098801271984,-0.002500490980706885,1.3255931100613583,1.5116320323261598,xgb_vix__trend_filter,0.7544499944814117,0.0
0,2025-08-12,0.008494770231685206,0.011203634688534301,1.3369016828124263,1.5286630318021721,xgb_vix__trend_filter,0.7544499944814117,0.0
0,2025-08-13,0.0013735036534245541,0.0024663788556642725,1.3387391837763098,1.532437947253495,rnnvolatility__trend_filter,0.5374606922337092,0.21698930224770252
0,2025-08-14,0.00034804231710086457,0.0005007318597688367,1.3392052027562837,1.5332054799047925,rnnvolatility__trend_filter,0.6641172513876193,0.12665655915391016
0,2025-08-15,-0.0023935507600264254,-0.003595044267170864,1.336003580276885,1.5277034343084643,rnnvolatility__trend_filter,0.6641172513876193,0.0
0,2025-08-17,0.001415160410482932,0.0020445967496928413,1.3378955780763921,1.530830167149405,rnnvolatility__trend_filter,0.6641172513876193,0.0
0,2025-08-18,-0.0008658886480062665,-0.001390713574923587,1.3367376108907885,1.5287027005462819,rnnvolatility__trend_filter,0.6641172513876193,0.0
0,2025-08-19,-0.004515007893793239,-0.006884802828296683,1.3307158344394305,1.5182140315097157,rnnvolatility__trend_filter,0.6641172513876193,0.0
0,2025-08-20,-0.0016000730480335654,-0.002495615768829168,1.3285882944617575,1.514429876494693,rnnvolatility__trend_filter,0.5628982052826365,0.10121904610498289
0,2025-08-21,-0.0011193847051828433,-0.0020318069690896125,1.3271019251102159,1.511355971166053,rnnvolatility__trend_filter,0.5111245050855101,0.05177370019712635
0,2025-08-22,0.0068750296887071394,0.01333938453682404,1.3362572256656526,1.5316515942498419,rnnvolatility__trend_filter,0.5111245050855101,0.0
0,2025-08-24,-5.514107406970788e-05,-0.0002699367609518823,1.3361835450384292,1.531238200977114,rnnvolatility__trend_filter,0.4241730066258495,0.0869514984596606
0,2025-08-25,-0.001455673080666261,-0.003560379032394307,1.3342399136102723,1.5257961063014418,rnnvolatility__trend_filter,0.4241730066258495,0.0
0,2025-08-26,0.0018144332962065567,0.004047033606233401,1.3366630005346847,1.5319835664042931,rnnvolatility__trend_filter,0.4241730066258495,0.0
0,2025-08-27,-0.0005740334214452566,-0.0015827678007944669,1.3358959314818681,1.529560710059349,rnnvolatility__trend_filter,0.4241730066258495,0.0
0,2025-08-28,0.0025879830511478137,0.005871776508250148,1.339357685058296,1.5385683683023426,rnnvolatility__trend_filter,0.4241730066258495,0.0
0,2025-08-29,-0.002540526805875032,-0.006217216388642424,1.3359593295911576,1.5290324300403597,rnnvolatility__trend_filter,0.4241730066258495,0.0
0,2025-08-31,0.0010282511065962002,0.0021962796535966466,1.3373337377474341,1.5323943033117053,rnnvolatility__trend_filter,0.4241730066258495,0.0
0,2025-09-01,-0.0011162594028022348,-0.0028594652332769406,1.335841759260418,1.5280187339533602,rnnvolatility__trend_filter,0.4241730066258495,0.0
0,2025-09-02,-0.002194648101534004,-0.005400181611292922,1.332913271355135,1.5197893952449657,rnnvolatility__trend_filter,0.4241730066258495,0.0
0,2025-09-03,0.001458880758831326,0.003214194440140007,1.3348592520116331,1.5246821527941272,rnnvolatility__trend_filter,0.4241730066258495,0.0
0,2025-09-04,0.004001083291332128,0.009208586876061508,1.3402108339844376,1.5387871647977125,rnnvolatility__trend_filter,0.4241730066258495,0.0
0,2025-09-05,-0.0034756643941502544,-0.004161059962847716,1.3355607965739638,1.5323974822804456,xgb_vix__trend_filter,0.841437392663048,0.41726438603719845
0,2025-09-07,0.0021275858158666164,0.002498081001025138,1.3384053417149147,1.5362303206941534,xgb_vix__trend_filter,0.841437392663048,0.0
0,2025-09-08,0.0006074792592907977,0.0006912973897352307,1.3392186422071097,1.5372926798656348,xgb_vix__trend_filter,0.9149789775917105,0.07354158492866258
0,2025-09-09,0.00281458971930786,0.0031011956788482907,1.3429933027979395,1.542067525319799,xgb_vix__trend_filter,0.9149789775917105,0.0
0,2025-09-10,0.0022154529286451175,0.002406235613447227,1.3459719395402012,1.5457825709626296,xgb_vix__trend_filter,0.9149789775917105,0.0
0,2025-09-11,0.006605888888418005,0.007204673392161704,1.3548927129986683,1.5569596447571772,xgb_vix__trend_filter,0.9149789775917105,0.0
0,2025-09-12,-0.0006111740647962002,-0.0006830083250838938,1.3540648907094273,1.5558965914364487,xgb_vix__trend_filter,0.9149789775917105,0.0
0,2025-09-14,-5.5678654827800604e-05,-7.589556777169537e-05,1.353989500296601,1.555778510262223,xgb_vix__trend_filter,0.9149789775917105,0.0
0,2025-09-15,0.012277729491658064,0.013403622448100151,1.3707158880333286,1.5767719578484345,xgb_vix__trend_filter,0.9149789775917105,0.0
0,2025-09-16,-0.0007063138049599562,-0.0007868411018205569,1.3697480743092647,1.5755317768404817,xgb_vix__trend_filter,0.841319432317502,0.0736595452742086
0,2025-09-17,0.0016032220325762935,0.0016459065527339454,1.371945845888237,1.578127090151723,xgb_vix__drawdown_brake,0.9897875674323553,0.14846813511485335
0,2025-09-18,0.002917988823531838,0.002946446158111007,1.375955015043698,1.5827838136771197,xgb_vix__drawdown_brake,1.0764458559902477,0.08665828855789237
0,2025-09-19,0.0026276545355000697,0.002492654839295593,1.3795753038307033,1.5867340686756075,xgb_vix__drawdown_brake,1.0764458559902477,0.0
0,2025-09-21,-0.0008137775560668009,-0.0007446294295356561,1.3784530930884298,1.585552979582647,xgb_vix__drawdown_brake,1.0764458559902477,0.0
0,2025-09-22,0.005767951138739542,0.005369600715628251,1.386426917383947,1.5940896647807206,xgb_vix__drawdown_brake,1.0764458559902477,0.0
0,2025-09-23,-0.005340103330358272,-0.004949594074600427,1.3790429874067613,1.58621906223355,xgb_vix__drawdown_brake,1.0764458559902477,0.0
0,2025-09-24,-0.00310566432498976,-0.002873781664161712,1.3747667864575617,1.581667158698321,xgb_vix__drawdown_brake,1.0764458559902477,0.0
0,2025-09-25,-0.00639757678840099,-0.005931856330415821,1.3659996843817916,1.5723127084074815,xgb_vix__drawdown_brake,1.0764458559902477,0.0
0,2025-09-26,0.0062156452322204726,0.005785557312655978,1.374516695747102,1.5814357792722846,xgb_vix__drawdown_brake,1.0764458559902477,0.0
0,2025-09-28,0.0012720127104959029,0.0011930062853896712,1.3762662109217554,1.5833235679448707,xgb_vix__drawdown_brake,1.0764458559902477,0.0
0,2025-09-29,0.0007634724267716037,0.0008195195553391751,1.3773173534337957,1.5846216644062967,xgb_vix__trend_filter,0.9149789775917105,0.16146687839853713
0,2025-09-30,0.0016806248847966952,0.0018219687336273487,1.379634053458802,1.587511427262862,xgb_vix__trend_filter,0.9149789775917105,0.0
0,2025-10-01,0.004886580673000494,0.005325862921195025,1.3863922453371078,1.5959888502683517,xgb_vix__trend_filter,0.9149789775917105,0.0
0,2025-10-02,0.0013314401599465557,0.001440337315417918,1.388239373047123,1.5982892688560522,xgb_vix__trend_filter,0.9149789775917105,0.0
0,2025-10-03,-0.0008319788351919215,-0.0009241462205272096,1.3870848675992111,1.5968128981652008,xgb_vix__trend_filter,0.9149789775917105,0.0
0,2025-10-05,0.0021058263348728095,0.002286643581220195,1.3900089051191573,1.6004684179718376,xgb_vix__trend_filter,0.9149789775917105,0.0
0,2025-10-06,1.35617956982802e-05,0.0,1.3900277562637746,1.6004684179718376,xgb_vix__trend_filter,0.9149789775917105,0.0
0,2025-10-07,-0.0025583520248070287,-0.0028108624901396835,1.3864761210427483,1.595976038018097,xgb_vix__trend_filter,0.9149789775917105,0.0
0,2025-10-08,0.006665291767289562,0.007269854136130654,1.395748255330997,1.6076208276941382,xgb_vix__trend_filter,0.9149789775917105,0.0
0,2025-10-09,-0.0026480917379587926,-0.0029090146680482757,1.3920570753563808,1.6029510306728592,xgb_vix__trend_filter,0.9149789775917105,0.0
0,2025-10-10,-0.011068645708840077,-0.03621816298184012,1.3767338489084442,1.545933850336721,rnnvolatility__trend_filter,0.3086551596058716,0.606323817985839
0,2025-10-12,0.005491447333215284,0.017434246597838706,1.3843149067703842,1.5731223592262633,rnnvolatility__trend_filter,0.3086551596058716,0.0
0,2025-10-13,0.0011712273126643468,0.0034373316391919134,1.385937204052513,1.5785390065573248,rnnvolatility__trend_filter,0.3086551596058716,0.0
0,2025-10-14,6.453856709339389e-06,-0.0003363731562903064,1.3859461487215,1.5780081177027474,rnnvolatility__trend_filter,0.3086551596058716,0.0
0,2025-10-15,0.0013056451701189149,0.0038719382022149723,1.38775688444857,1.5841299115727505,rnnvolatility__trend_filter,0.3086551596058716,0.0
0,2025-10-16,-0.0028481241838159556,-0.009584810940937636,1.3838100037758911,1.569018859837198,rnnvolatility__trend_filter,0.3086551596058716,0.0
0,2025-10-17,0.0028578123085605594,0.008903410991744765,1.3877703292755093,1.5830508532083982,rnnvolatility__trend_filter,0.4390732077472138,0.13041804814134222
0,2025-10-19,-0.0003199350140818874,-0.0007829102689817794,1.3873264039730806,1.581811951476827,rnnvolatility__trend_filter,0.5269067924622096,0.0878335847149958
0,2025-10-20,0.005647270822815964,0.01065968898479135,1.3951831756743034,1.5987637649237452,rnnvolatility__trend_filter,0.6145466125077025,0.08763982004549287
0,2025-10-21,-0.0007321748457353258,-0.0012186568250561625,1.3941620315215308,1.596816607249444,rnnvolatility__trend_filter,0.746580570372274,0.1320339578645715
0,2025-10-22,-0.003985468779148812,-0.006355030072358481,1.3886166999848326,1.5867009663359455,xgb_vix__trend_filter,0.6322026017350443,0.11437796863722971
0,2025-10-23,0.005069075151382221,0.007926934929969768,1.3956735731930021,1.5993286248401781,xgb_vix__trend_filter,0.6322026017350443,0.0
0,2025-10-24,0.004179286267318958,0.006519953964442777,1.401518698308883,1.6097902414173142,xgb_vix__trend_filter,0.6322026017350443,0.0
0,2025-10-26,0.004244004915867414,0.00662232407233357,1.4074793902102656,1.620486170950979,xgb_vix__trend_filter,0.6322026017350443,0.0
0,2025-10-27,0.003738770227764923,0.005824081591375907,1.4127514816786029,1.6299515514470426,xgb_vix__trend_filter,0.6322026017350443,0.0
0,2025-10-28,0.0015853194862530382,0.002417814778170993,1.4149929203605116,1.6338972404462688,xgb_vix__trend_filter,0.6322026017350443,0.0
0,2025-10-29,-0.00044495548786657946,-0.0007945394313366258,1.4143634515484915,1.632599560259289,xgb_vix__trend_filter,0.6322026017350443,0.0
0,2025-10-30,-0.002119328655969357,-0.0034427842106026386,1.4113691246578264,1.6269885365850238,xgb_vix__trend_filter,0.6322026017350443,0.0
0,2025-10-31,-0.0023580655850993885,-0.0038197189816237776,1.4080449445547831,1.6207857515784418,xgb_vix__trend_filter,0.6322026017350443,0.0
0,2025-11-02,0.001914169476592626,0.0029379802906777074,1.410742762425888,1.6255545901185349,xgb_vix__trend_filter,0.6322026017350443,0.0
0,2025-11-03,-0.001261678062710349,-0.0023632088880495257,1.4089639815907469,1.6217176006526823,rnnvolatility__trend_filter,0.4944148402441894,0.13778776149085487
0,2025-11-04,-0.005990227319221565,-0.012218313598323795,1.4005491954594826,1.6020235057594334,rnnvolatility__trend_filter,0.4944148402441894,0.0
0,2025-11-05,0.003081504691894746,0.006071949287877576,1.4048716507893262,1.6117805032642258,rnnvolatility__trend_filter,0.4944148402441894,0.0
0,2025-11-06,-0.005018874319123969,-0.010310603497416176,1.3978384407016058,1.5952474529004383,rnnvolatility__trend_filter,0.4944148402441894,0.0
0,2025-11-07,7.864046408448261e-05,0.0,1.397948371687753,1.5952474529004383,rnnvolatility__trend_filter,0.41296218155713443,0.08145265868705498
0,2025-11-09,0.0012830358085568353,0.002984419156663746,1.399743140637348,1.6000154512723836,rnnvolatility__trend_filter,0.41296218155713443,0.0
0,2025-11-10,0.004725876122903159,0.011221045635972702,1.4063738088414341,1.6180704059606077,rnnvolatility__trend_filter,0.41296218155713443,0.0
0,2025-11-11,0.0006329088665097571,0.0013098057230095592,1.4072641970322453,1.6201911524182966,rnnvolatility__trend_filter,0.41296218155713443,0.0
0,2025-11-12,-0.0006907729134903885,-0.0018955284192332233,1.4062924327156858,1.6171229429021448,rnnvolatility__trend_filter,0.41296218155713443,0.0
0,2025-11-13,-0.005476538896203613,-0.01348496471973769,1.3986118681603352,1.5954624706567273,rnnvolatility__trend_filter,0.41296218155713443,0.0
0,2025-11-14,-1.4814292073538705e-05,-0.00025867484860346546,1.3985911488690939,1.5950498180174082,rnnvolatility__trend_filter,0.41296218155713443,0.0
0,2025-11-16,0.0001835508518415322,0.00022167214871020148,1.3988478850271964,1.5954034353299746,rnnvolatility__trend_filter,0.49863190551122494,0.0856697239540905
0,2025-11-17,-0.004818924678818347,-0.009736779601564351,1.3921231584211076,1.5799447248628617,rnnvolatility__trend_filter,0.49863190551122494,0.0
0,2025-11-18,-0.004407431953640316,-0.008996244083803343,1.3860009718002684,1.5657948995516897,rnnvolatility__trend_filter,0.49863190551122494,0.0
0,2025-11-19,0.006763501393455535,0.013406522965752172,1.3954069641692566,1.5869281097357606,rnnvolatility__trend_filter,0.49863190551122494,0.0
0,2025-11-20,-0.012529241812965355,-0.02528443136094541,1.378032643706119,1.5473065499984449,rnnvolatility__trend_filter,0.5755034885756178,0.0768715830643929
0,2025-11-21,0.005711654162014529,0.009877262711350188,1.3859260102220328,1.5626654302675562,rnnvolatility__trend_filter,0.5755034885756178,0.0
0,2025-11-23,0.0019470605406488662,0.003269084849022316,1.388627120828398,1.5677822752930684,rnnvolatility__trend_filter,0.4413878230570227,0.13411566551859516
0,2025-11-24,0.004550278936374335,0.010264601105469635,1.3949601591851541,1.5839578106545584,rnnvolatility__trend_filter,0.4413878230570227,0.0
0,2025-11-25,0.004055784513776385,0.008992860951163414,1.400629305643154,1.5982663639840948,rnnvolatility__trend_filter,0.4413878230570227,0.0
0,2025-11-26,0.005137213551699071,0.0067357833480143365,1.407843151160466,1.6090682787823143,xgb_vix__drawdown_brake,0.757065118742558,0.3156772956855353
0,2025-11-27,0.0008406426529981177,0.0010604843647018937,1.4090271417488323,1.610775575654514,xgb_vix__drawdown_brake,0.757065118742558,0.0
0,2025-11-28,0.002328279677810385,0.003025999007006076,1.4123115730620788,1.6156571630613537,xgb_vix__drawdown_brake,0.757065118742558,0.0
0,2025-11-30,-0.0004321049616186998,-0.0006201663902505387,1.4117014380546826,1.6146554974224412,xgb_vix__drawdown_brake,0.757065118742558,0.0
0,2025-12-01,-0.0030691902190963074,-0.004102575599236016,1.4073753000749,1.6080448208498361,xgb_vix__drawdown_brake,0.757065118742558,0.0
0,2025-12-02,0.00233106780824337,0.003031082320767658,1.4106598140561215,1.6129263314701963,xgb_vix__drawdown_brake,0.757065118742558,0.0
0,2025-12-03,0.0019937408397717018,0.002586146980199068,1.4134751096908043,1.6171029944359219,xgb_vix__drawdown_brake,0.757065118742558,0.0
0,2025-12-04,6.333754362768922e-05,3.6423238033874194e-05,1.4135646385674705,1.6171618956358933,xgb_vix__drawdown_brake,0.757065118742558,0.0
0,2025-12-05,0.0017689971787970768,0.0022894125687302758,1.4160674434998963,1.6208684877457349,xgb_vix__drawdown_brake,0.757065118742558,0.0
0,2025-12-07,0.0002007965964860577,0.00021799157271911254,1.4163518135722617,1.6212218619314471,xgb_vix__drawdown_brake,0.757065118742558,0.0
0,2025-12-08,-0.0011183546510715725,-0.0018199034573725334,1.4147687153316404,1.6182740778146034,xgb_vix__trend_filter,0.6435053509311742,0.11355976781138377
0,2025-12-09,-0.0020150296421884853,-0.0032133262001972722,1.411920784729329,1.6130823810960293,xgb_vix__trend_filter,0.6435053509311742,0.0
0,2025-12-10,0.003441420523067676,0.005266814545464648,1.4167881684481005,1.6216005990902356,xgb_vix__trend_filter,0.6435053509311742,0.0
0,2025-12-11,0.00203243772181887,0.0030779307037044627,1.4196706303854276,1.6265994624944393,xgb_vix__trend_filter,0.6435053509311742,0.0
0,2025-12-12,-0.006587698831333363,-0.010317004091577013,1.4103490055726595,1.6099041003327907,xgb_vix__trend_filter,0.6435053509311742,0.0
0,2025-12-14,4.26045276976938e-06,-7.317430125072906e-05,1.4103550143107866,1.6097863010351614,xgb_vix__trend_filter,0.6435053509311742,0.0
0,2025-12-15,0.0040061454109560505,0.006145269820459761,1.416016434243157,1.619709330828022,xgb_vix__trend_filter,0.6435053509311742,0.0
0,2025-12-16,-0.0027687463073290883,-0.004382615088050117,1.4121012665239365,1.6126263007109718,xgb_vix__trend_filter,0.6435053509311742,0.0
0,2025-12-17,-0.005926086630593053,-0.009289086057864408,1.4037577786209552,1.5977158357355872,xgb_vix__trend_filter,0.879369336440177,0.23586398550900278
0,2025-12-18,0.0060153412507554455,0.006954922742962751,1.412227308710951,1.6088665571939254,xgb_vix__trend_filter,0.879369336440177,0.0
0,2025-12-19,0.0020909280526513773,0.009247974296008012,1.4151832636750856,1.6238143255152968,rnnvolatility__regime_switch_controller,0.4497645019303197,0.4296048345098573
0,2025-12-21,0.0007751800412508292,0.0018100212609987885,1.4162807108003976,1.6267561255255214,rnnvolatility__regime_switch_controller,0.4497645019303197,0.0
0,2025-12-22,0.001685604107222667,0.003571049691684161,1.418670012526185,1.6325757373630556,rnnvolatility__regime_switch_controller,0.4497645019303197,0.0
0,2025-12-23,0.0017767366338431695,0.0037731870555451834,1.421192856059364,1.6387473870747573,rnnvolatility__regime_switch_controller,0.4497645019303197,0.0
0,2025-12-24,0.0015625990102099484,0.003295134907782547,1.4234153465880859,1.6441561872640782,rnnvolatility__regime_switch_controller,0.5001100559464834,0.050345554016163696
0,2025-12-25,0.00038812139110874614,0.0006800530249738055,1.4239679117567736,1.6452746809271501,rnnvolatility__regime_switch_controller,0.5001100559464834,0.0
0,2025-12-26,-0.0004833175548209964,-0.001110792832634963,1.423279849357232,1.643448136248038,rnnvolatility__regime_switch_controller,0.5995855747456096,0.0994755187991262
0,2025-12-28,0.000222862372420676,0.00035819185521362366,1.4235970802291775,1.6440369114258495,rnnvolatility__regime_switch_controller,0.5460290728566491,0.05355650188896044
0,2025-12-29,-0.0021992850875534476,-0.0041001409539960995,1.420469624743638,1.6373099285684134,rnnvolatility__regime_switch_controller,0.48451244531286647,0.061516627543782676
0,2025-12-30,-0.0005493093282820678,-0.0012243431217797242,1.4196895617957666,1.635306526095429,rnnvolatility__regime_switch_controller,0.48451244531286647,0.0
0,2025-12-31,-0.01057531028131493,-0.007071681683198669,1.4047550121112882,1.6237829524340053,xgb_vix__variance_scaling,1.4854482542473144,1.000935808934448
0,2026-01-01,0.0018660767788893722,0.001303828553950876,1.4073788401903422,1.625901467803105,xgb_vix__variance_scaling,1.4854482542473144,0.0
0,2026-01-02,-0.0005546580610101044,-0.0003260633345214351,1.4065984426186449,1.625371407370242,xgb_vix__variance_scaling,1.4114584681318134,0.073989786115501
0,2026-01-04,0.0012317007026413742,0.0009410744114156186,1.4083320183127872,1.626901722768156,xgb_vix__variance_scaling,1.4114584681318134,0.0
0,2026-01-05,0.0070062806079390005,0.005005963239690824,1.4182338345688708,1.6350663518532218,xgb_vix__variance_scaling,1.4645932329318399,0.053134764800026435
0,2026-01-06,0.009391744720355824,0.006476358499329907,1.4316162685324998,1.6456899918361174,xgb_vix__variance_scaling,1.4645932329318399,0.0
0,2026-01-07,-0.0047983597820683505,-0.0032306754409008346,1.424763313227459,1.6403818806052972,xgb_vix__variance_scaling,1.376839005962538,0.08775422696930191
0,2026-01-08,-0.0001968604835522934,-7.17978174080676e-05,1.4244828612385325,1.640264108994477,xgb_vix__variance_scaling,1.4861938732325346,0.10935486726999666
0,2026-01-09,0.008363217963797097,0.005711053362620967,1.436446077657056,1.6496585453793229,xgb_vix__variance_scaling,1.4861938732325346,0.0
0,2026-01-11,-0.0012909446441644286,-0.0008216340723496716,1.4345929017176162,1.6483036863860727,xgb_vix__variance_scaling,1.4861938732325346,0.0
0,2026-01-12,0.0011393847054566217,0.0011061949159301768,1.436228386474617,1.6501280404033978,xgb_vix__drawdown_brake,1.0345521605178554,0.45164171271467923
0,2026-01-13,-0.001224717576807107,-0.0011789506499351092,1.4344704890090818,1.6481837672039634,xgb_vix__drawdown_brake,1.0345521605178554,0.0
0,2026-01-14,-0.005653679526356041,-0.005459993325764981,1.4263833352036899,1.6392092176212152,xgb_vix__drawdown_brake,1.0345521605178554,0.0
0,2026-01-15,0.004435265140293877,0.004292012190105137,1.4327237738564147,1.6462598434278217,xgb_vix__drawdown_brake,1.0345521605178554,0.0
0,2026-01-16,-0.001784205730013218,-0.0017197529164211737,1.4301697789932388,1.6434311163139266,xgb_vix__drawdown_brake,1.0345521605178554,0.0
0,2026-01-18,-0.006607648405503856,-0.00638210137942783,1.4207508726142275,1.6329759707066498,xgb_vix__drawdown_brake,1.0345521605178554,0.0
0,2026-01-19,-0.003974294621607432,-0.003836696822369757,1.415115595605546,1.6267227405337539,xgb_vix__drawdown_brake,1.0345521605178554,0.0
0,2026-01-20,-0.011324083724090177,-0.010940976582699494,1.399181100181254,1.6090218144058728,xgb_vix__drawdown_brake,1.0345521605178554,0.0
0,2026-01-21,0.01374105261776889,0.013287029793810768,1.4185400226808935,1.6305435988587529,xgb_vix__drawdown_brake,1.0345521605178554,0.0
0,2026-01-22,0.002528665276698515,0.002449129048140608,1.4221315745824024,1.634541904735947,xgb_vix__drawdown_brake,1.0345521605178554,0.0
0,2026-01-23,-0.0009334735467798705,-0.001081665976146605,1.4208046717881704,1.6327748322343991,xgb_vix__trend_filter,0.879369336440177,0.15518282407767836
0,2026-01-25,-0.0024623453048561905,-0.002820266237403643,1.4173104638142648,1.62817645986685,xgb_vix__trend_filter,0.879369336440177,0.0
0,2026-01-26,0.008457266610843157,0.009597282866484405,1.4293478662898906,1.643877754273131,xgb_vix__trend_filter,0.879369336440177,0.0
0,2026-01-27,0.003967691073093241,0.004491833595391543,1.4350303427601647,1.6512783883616253,xgb_vix__trend_filter,0.879369336440177,0.0
0,2026-01-28,-0.0020876999537245864,-0.002394227557628628,1.432037555088336,1.647329581196681,xgb_vix__trend_filter,0.879369336440177,0.0
0,2026-01-29,-0.001178025899225515,-0.0013597656804592779,1.4303515710212031,1.6450911212032049,xgb_vix__trend_filter,0.879369336440177,0.0
0,2026-01-30,-0.003171964554004236,-0.0036272300690294917,1.4258217345765039,1.6391348062149975,xgb_vix__trend_filter,0.879369336440177,0.0
0,2026-02-01,-0.0018495188286525674,-0.002123373076806937,1.423187087597732,1.6356580040785735,xgb_vix__trend_filter,0.879369336440177,0.0
0,2026-02-02,0.00863573707430797,0.009800235660116362,1.4355305779518788,1.6517666432792613,xgb_vix__trend_filter,0.879369336440177,0.0
0,2026-02-03,-0.009197311192322142,-0.010479125386086419,1.4223880869342898,1.6345479495093596,xgb_vix__trend_filter,0.879369336440177,0.0
0,2026-02-04,-0.0014600526565474554,-0.0034689669860838894,1.420312840782308,1.6288875801288751,rnnvolatility__trend_filter,0.5146624157731827,0.3647069206669943
0,2026-02-05,-0.011156783244311744,-0.021748059062083634,1.4045547863325978,1.5938448734497825,rnnvolatility__trend_filter,0.46338078676162636,0.05128162901155636
0,2026-02-06,0.011696019177204814,0.025125936980946142,1.42107893103514,1.6343990668422048,rnnvolatility__trend_filter,0.40739742355289943,0.05598336320872693
0,2026-02-08,0.0016510959497852743,0.003907940546130085,1.4234272067833127,1.6407986977680677,rnnvolatility__trend_filter,0.40739742355289943,0.0
0,2026-02-09,0.0004226696318369992,0.000823929880094304,1.4240289734020293,1.642151157932038,rnnvolatility__trend_filter,0.40739742355289943,0.0
0,2026-02-10,-0.00014663859661733392,-0.0005734972893988531,1.4238201711014395,1.6412096586936162,rnnvolatility__trend_filter,0.40739742355289943,0.0
