date,router_signal_as_of_date,active_pair,portfolio_regime,regime_confidence,regime_reason,decision_action,decision_pair,decision_reason,decision_error,selection_ai_success,switch_executed,switch_penalty_applied,switch_cost_tracked,switch_penalty_return_applied,switch_review_action,switch_review_reason,switch_review_error,switch_review_ai_success,regime_changed,previous_portfolio_regime,cooldown_active,hold_gate_active,active_hold_days,cooldown_ranks,cooldown_poor_flags,cooldown_all_poor,initial_hold_active,active_regime_rank,active_overall_recent_rank,raw_returns_with_rf,router_vol_overlay_leverage,returns_with_rf,equity_curve_with_rf,active_obs,active_trailing_return,active_recent_return_20d,active_recent_return_40d,active_recent_momentum_improving,active_annualized_return,active_rolling_sharpe,active_drawdown,active_cvar_5,active_realized_vol,active_vol_tracking_error,active_turnover,active_drawdown_consistency_score,active_drawdown_consistency_mean_abs,active_drawdown_consistency_std_abs,active_drawdown_consistency_target_gap,active_max_abs_drawdown,active_max_drawdown_target_gap,active_max_drawdown_excess_over_target,active_risk_on_score,active_balanced_score,active_defensive_score,bh_equity
2024-02-09,2024-02-08,pca_covariance__hysteresis_portfolio,risk_on,0.0,Deterministic volatility input fallback,switch,pca_covariance__hysteresis_portfolio,,,True,True,0.0,0.0,False,switch,,,True,False,,False,False,1,"{""10"": 18, ""20"": 16, ""60"": 18}","{""10"": true, ""20"": true, ""60"": true}",True,False,15.0,1,-0.0003711660528945,1.0,-0.0003711660528945,999.6289028207034,63,0.051774017334763,0.0082082191288038,0.0276330614720123,False,0.2070960693390523,2.198787398770313,-0.0307253687296229,-0.0087735327610227,0.0941864909062478,-0.0058135090937522,0.0375116192207861,-0.046258052208711,0.0285548195555777,0.0148128717642887,0.0314451804444222,0.0519339028580169,0.008066097141983,0.0,,,,1000.4644416450424
2024-02-12,2024-02-09,pca_covariance__hysteresis_portfolio,risk_on,0.0,Deterministic volatility input fallback,hold,pca_covariance__hysteresis_portfolio,Switch review interval hold 1/10,,False,False,0.0,0.0,False,hold,Switch review interval hold 1/10,,False,False,,False,False,2,{},{},,False,15.0,1,0.0004886344828592,1.0,0.0004886344828592,1000.1174753296508,63,0.0587117485877341,0.0156537042091611,0.0419827855568723,False,0.2348469943509364,2.831461460219469,-0.0215690423740291,-0.006909787283854,0.082941971010523,-0.0170580289894769,0.004449188783086,-0.0537586132579274,0.0271500775867912,0.0201577504224997,0.0336008628354276,0.0615018808444378,0.0015018808444378,0.0015018808444378,-2.5315036508956954,-2.5315036508956954,-2.523954486064785,1001.3380491535988
2024-02-13,2024-02-12,pca_covariance__hysteresis_portfolio,risk_on,0.0,Deterministic volatility input fallback,hold,pca_covariance__hysteresis_portfolio,Switch review interval hold 2/10,,False,False,0.0,0.0,False,hold,Switch review interval hold 2/10,,False,False,,False,False,3,{},{},,False,15.0,1,-0.0106786122578217,1.0,-0.0106786122578217,989.4944292411686,63,0.0656066373421946,0.0107347160685282,0.0239109219776369,False,0.2624265493687786,3.2160908107095754,-0.0215690423740292,-0.006909787283854,0.0815979911061276,-0.0184020088938724,0.004449188783086,-0.0527530933672401,0.026158716789313,0.0189118101565532,0.0338412832106869,0.0582668078876669,0.001733192112333,0.0,-2.8687914761448554,-2.8687914761448554,-2.861242311313945,992.9933964444742
2024-02-14,2024-02-13,pca_covariance__hysteresis_portfolio,risk_on,0.0,Deterministic volatility input fallback,hold,pca_covariance__hysteresis_portfolio,Switch review interval hold 3/10,,False,False,0.0,0.0,False,hold,Switch review interval hold 3/10,,False,False,,False,False,4,{},{},,False,15.0,1,0.0004910769725275,1.0,0.0004910769725275,989.9804665008986,63,0.0502655807172644,0.0065535155460781,0.0030054751686412,True,0.2010623228690577,2.3781375015372213,-0.0215690423740292,-0.0079550874144666,0.0845461302128626,-0.0154538697871373,0.004449188783086,-0.0498204543166424,0.0235217073776919,0.0133421616943343,0.036478292622308,0.0458823361870091,0.0141176638129909,0.0,-2.1317118133610835,-2.1317118133610835,-2.1241626485301732,992.7698875353308
2024-02-15,2024-02-14,pca_covariance__hysteresis_portfolio,risk_on,0.0,Deterministic volatility input fallback,hold,pca_covariance__hysteresis_portfolio,Switch review interval hold 4/10,,False,False,0.0,0.0,False,hold,Switch review interval hold 4/10,,False,False,,False,False,5,{},{},,False,15.0,1,0.0067885799037438,1.0,0.0067885799037438,996.7238912422883,63,0.0488450331241235,0.0137640183328973,0.0046530580598963,True,0.1953801324964943,2.3117039354139512,-0.0215690423740293,-0.0079550874144666,0.084517800702497,-0.0154821992975029,0.004449188783086,-0.0498204543166423,0.0235217073776919,0.0133421616943342,0.036478292622308,0.0458823361870089,0.014117663812991,0.0,-2.0718291618091937,-2.0718291618091937,-2.0642799969782835,1000.3607472103166
2024-02-16,2024-02-15,pca_covariance__hysteresis_portfolio,risk_on,0.0,Deterministic volatility input fallback,hold,pca_covariance__hysteresis_portfolio,Switch review interval hold 5/10,,False,False,0.0,0.0,False,hold,Switch review interval hold 5/10,,False,False,,False,False,6,{},{},,False,15.0,1,-0.002029652358986,1.0,-0.002029652358986,994.7029398533216,63,0.0449110396046133,0.0158265345257146,0.0087931207267141,True,0.1796441584184534,2.1646930555819104,-0.0215690423740292,-0.0079550874144666,0.082988282313384,-0.0170117176866159,0.004449188783086,-0.0502443250650446,0.0215978976185304,0.0118422226835751,0.0384021023814695,0.0408830243360013,0.0191169756639986,0.0,-1.933718327817031,-1.933718327817031,-1.9261691629861208,998.9425318898363
2024-02-20,2024-02-16,pca_covariance__hysteresis_portfolio,risk_on,0.0,Deterministic volatility input fallback,hold,pca_covariance__hysteresis_portfolio,Switch review interval hold 6/10,,False,False,0.0,0.0,False,hold,Switch review interval hold 6/10,,False,False,,False,False,7,{},{},,False,15.0,1,-0.0018815500657506,1.0,-0.0018815500657506,992.8331161065688,63,0.0468786113030767,0.0097558096159967,0.0012872639700958,True,0.1875144452123068,2.269411546836615,-0.0215690423740292,-0.0079550874144666,0.0826269018828636,-0.0173730981171363,0.004449188783086,-0.0492855826788469,0.0199957025638914,0.0092812852427384,0.0400042974361085,0.0344742441174453,0.0255257558825546,0.0,-2.0261876038831796,-2.0261876038831796,-2.01863843905227,996.5133558633872
2024-02-21,2024-02-20,pca_covariance__hysteresis_portfolio,risk_on,0.0,Deterministic volatility input fallback,hold,pca_covariance__hysteresis_portfolio,Switch review interval hold 7/10,,False,False,0.0,0.0,False,hold,Switch review interval hold 7/10,,False,False,,False,False,8,{},{},,False,15.0,1,-0.0001177460974046,1.0,-0.0001177460974046,992.7162207638934,63,0.045786009890166,0.00458346996126,0.0038981634208751,True,0.1831440395606642,2.213538842696257,-0.0215690423740292,-0.0079550874144666,0.0827381187210525,-0.0172618812789474,0.0028395092782621,-0.0491510487375145,0.0197520788160025,0.0089031275535171,0.0402479211839974,0.0334997491258897,0.0265002508741102,0.0,-1.9766279417497448,-1.9766279417497448,-1.969078776918835,997.7928092386654
2024-02-22,2024-02-21,pca_covariance__hysteresis_portfolio,risk_on,0.0,Deterministic volatility input fallback,hold,pca_covariance__hysteresis_portfolio,Switch review interval hold 8/10,,False,False,0.0,0.0,False,hold,Switch review interval hold 8/10,,False,False,,False,False,9,{},{},,False,15.0,1,0.006044871157585,1.0,0.006044871157585,998.7352361726516,63,0.0424897747639167,0.0031357548213171,0.0027781621441134,True,0.1699590990556669,2.0575253758048135,-0.0215690423740291,-0.0079550874144666,0.0826036466204876,-0.0173963533795123,0.0028395092782621,-0.0488966493335055,0.0192683308473826,0.0081649801808881,0.0407316691526173,0.0315647572514098,0.0284352427485901,0.0,-1.8362804968873176,-1.8362804968873176,-1.8287313320564071,1002.3127690280209
2024-02-23,2024-02-22,pca_covariance__hysteresis_portfolio,risk_on,0.0,Deterministic volatility input fallback,hold,pca_covariance__hysteresis_portfolio,Switch review interval hold 9/10,,False,False,0.0,0.0,False,hold,Switch review interval hold 9/10,,False,False,,False,False,10,{},{},,False,15.0,1,0.0006530384927076,1.0,0.0006530384927076,999.3876617322117,63,0.0434519196878865,0.013607631958589,0.008496176997054,True,0.1738076787515461,2.098253890174054,-0.0215690423740292,-0.0079550874144666,0.0828344365595949,-0.017165563440405,0.0028395092782621,-0.0483797221259152,0.0180907697692307,0.0064704918951459,0.0419092302307692,0.0268545129388024,0.0331454870611975,0.0,-1.8736388687259535,-1.8736388687259535,-1.8660897038950437,1000.6120560689988
2024-02-26,2024-02-23,pca_covariance__hysteresis_portfolio,risk_on,0.0,Deterministic volatility input fallback,hold,pca_covariance__hysteresis_portfolio,Switch review held active pair,,False,False,0.0,0.0,False,hold,,,True,False,risk_on,False,False,11,"{""10"": 10, ""20"": 1, ""60"": 1}","{""10"": false, ""20"": false, ""60"": false}",False,False,14.0,1,-0.002162233995123,1.0,-0.002162233995123,997.229086269322,63,0.040677801360944,0.004153279442591,0.0027577874563092,True,0.1627112054437763,1.9687392273590352,-0.0215690423740291,-0.0079550874144666,0.0826474137268272,-0.0173525862731727,0.0028395092782621,-0.0481583117088888,0.0172490803953629,0.0054073921042518,0.042750919604637,0.0234877554433311,0.0365122445566688,0.0,-1.7568621138599374,-1.7568621138599374,-1.7493129490290271,1000.353392360127
2024-02-27,2024-02-26,pca_covariance__hysteresis_portfolio,risk_on,0.0,Deterministic volatility input fallback,hold,pca_covariance__hysteresis_portfolio,Switch review interval hold 1/10,,False,False,0.0,0.0,False,hold,Switch review interval hold 1/10,,False,False,,False,False,12,{},{},,False,14.0,1,0.0013330875897783,1.0,0.0013330875897783,998.5593664814088,63,0.0386386690540663,0.0020251643289104,-0.0007457286669224,True,0.1545546762162654,1.866040304059888,-0.021569042374029,-0.0079550874144666,0.0828249399972795,-0.0171750600027204,0.0028395092782621,-0.0481583117088889,0.0172490803953629,0.0054073921042519,0.042750919604637,0.0234877554433312,0.0365122445566687,0.0,-1.6654008646528824,-1.6654008646528824,-1.657851699821972,1002.349264256648
2024-02-28,2024-02-27,pca_covariance__hysteresis_portfolio,risk_on,0.0,Deterministic volatility input fallback,hold,pca_covariance__hysteresis_portfolio,Switch review interval hold 2/10,,False,False,0.0,0.0,False,hold,Switch review interval hold 2/10,,False,False,,False,False,13,{},{},,False,14.0,1,0.0023741545683138,1.0,0.0023741545683138,1000.9329172363588,63,0.0453809845079009,-0.0014822488363585,0.0049542467627007,False,0.1815239380316037,2.2157308447523674,-0.0215690423740291,-0.0079550874144666,0.0819250851074788,-0.0180749148925211,0.0028395092782621,-0.0521007005177665,0.0155988416225586,0.0076995421403251,0.0444011583774413,0.0234877554433313,0.0365122445566686,0.0,-1.9754043635853908,-1.9754043635853908,-1.9678551987544808,1004.0817687376592
2024-02-29,2024-02-28,pca_covariance__hysteresis_portfolio,risk_on,0.0,Deterministic volatility input fallback,hold,pca_covariance__hysteresis_portfolio,Switch review interval hold 3/10,,False,False,0.0,0.0,False,hold,Switch review interval hold 3/10,,False,False,,False,False,14,{},{},,False,14.0,1,0.0050310744377496,1.0,0.0050310744377496,1005.9813741827636,63,0.0450865403658933,-0.0009619219205158,0.0122168262778645,False,0.1803461614635732,2.202062796344993,-0.0215690423740293,-0.0079550874144666,0.0818987368402543,-0.0181012631597456,0.0028395092782621,-0.0521007005177665,0.0155988416225586,0.0076995421403252,0.0444011583774413,0.0234877554433313,0.0365122445566686,0.0,-1.9630686627544456,-1.9630686627544456,-1.9555194979235353,1007.023035715077
2024-03-01,2024-02-29,pca_covariance__hysteresis_portfolio,risk_on,0.0,Deterministic volatility input fallback,hold,pca_covariance__hysteresis_portfolio,Switch review interval hold 4/10,,False,False,0.0,0.0,False,hold,Switch review interval hold 4/10,,False,False,,False,False,15,{},{},,False,14.0,1,0.0120060622740744,1.0,0.0120060622740744,1018.132044102578,63,0.042766718519889,0.0080845475464139,0.0180434148509009,False,0.1710668740795562,2.105081305414006,-0.0215690423740292,-0.0079550874144666,0.0812637847476929,-0.018736215252307,0.0028395092782621,-0.0521007005177665,0.0155988416225586,0.0076995421403251,0.0444011583774413,0.0234877554433313,0.0365122445566686,0.0,-1.873908205886496,-1.873908205886496,-1.8663590410555857,1016.6497188699956
2024-03-04,2024-03-01,pca_covariance__hysteresis_portfolio,risk_on,0.0,Deterministic volatility input fallback,hold,pca_covariance__hysteresis_portfolio,Switch review interval hold 5/10,,False,False,0.0,0.0,False,hold,Switch review interval hold 5/10,,False,False,,False,False,16,{},{},,False,14.0,1,0.0037821811887608,1.0,0.0037821811887608,1021.9900952926924,63,0.0479129781215393,0.0151235611974347,0.0295605652597893,True,0.1916519124861574,2.29588063702913,-0.0215690423740292,-0.0079550874144666,0.0834764270385393,-0.0165235729614606,0.0028395092782621,-0.0541726292311255,0.014459623539427,0.0086322527705526,0.0455403764605729,0.0234877554433312,0.0365122445566687,0.0,-2.0534432225775223,-2.0534432225775223,-2.0458940577466125,1017.7334401841896
2024-03-05,2024-03-04,pca_covariance__hysteresis_portfolio,risk_on,0.0,Deterministic volatility input fallback,hold,pca_covariance__hysteresis_portfolio,Switch review interval hold 6/10,,False,False,0.0,0.0,False,hold,Switch review interval hold 6/10,,False,False,,False,False,17,{},{},,False,14.0,1,-0.0010504138667336,1.0,-0.0010504138667336,1020.9171463438144,63,0.055556129457212,0.0257479182407501,0.0391699592459132,True,0.2222245178288483,2.672395609401934,-0.0215690423740292,-0.0079550874144666,0.0831555466739375,-0.0168444533260624,0.0028395092782621,-0.0541726292311256,0.014459623539427,0.0086322527705526,0.0455403764605729,0.0234877554433313,0.0365122445566686,0.0,-2.3899429633136884,-2.3899429633136884,-2.3823937984827785,1016.1444187933068
2024-03-06,2024-03-05,pca_covariance__hysteresis_portfolio,risk_on,0.0,Deterministic volatility input fallback,hold,pca_covariance__hysteresis_portfolio,Switch review interval hold 7/10,,False,False,0.0,0.0,False,hold,Switch review interval hold 7/10,,False,False,,False,False,18,{},{},,False,14.0,1,0.0054780659930912,1.0,0.0054780659930912,1026.5251443121535,63,0.0444658531558353,0.0303323523066987,0.0378409583035507,True,0.1778634126233412,2.1924726031356347,-0.0215690423740292,-0.0079550874144666,0.0811245770501142,-0.0188754229498857,0.0028395092782621,-0.0541726292311256,0.014459623539427,0.0086322527705527,0.0455403764605729,0.0234877554433313,0.0365122445566686,0.0,-1.9514815524002167,-1.9514815524002167,-1.9439323875693064,1021.6762570711752
2024-03-07,2024-03-06,pca_covariance__hysteresis_portfolio,risk_on,0.0,Deterministic volatility input fallback,hold,pca_covariance__hysteresis_portfolio,Switch review interval hold 8/10,,False,False,0.0,0.0,False,hold,Switch review interval hold 8/10,,False,False,,False,False,19,{},{},,False,14.0,1,0.001609180544869,1.0,0.001609180544869,1028.178338390333,63,0.0575240548801251,0.030048834063166,0.0449221342578526,True,0.2300962195205005,2.8798710234335045,-0.0215690423740292,-0.0076844064155098,0.079898098785747,-0.0201019012142529,0.0028395092782621,-0.0541726292311254,0.0144596235394271,0.0086322527705525,0.0455403764605728,0.0234877554433313,0.0365122445566686,0.0,-2.559482435831591,-2.559482435831591,-2.551933271000681,1023.2785707320488
2024-03-08,2024-03-07,pca_covariance__hysteresis_portfolio,risk_on,0.0,Deterministic volatility input fallback,hold,pca_covariance__hysteresis_portfolio,Switch review interval hold 9/10,,False,False,0.0,0.0,False,hold,Switch review interval hold 9/10,,False,False,,False,False,20,{},{},,False,14.0,1,0.0010415501857349,1.0,0.0010415501857349,1029.2497956210286,63,0.0570703910491585,0.0304703698116057,0.0445939628708323,True,0.2282815641966343,2.857923863626743,-0.0215690423740292,-0.0076844064155098,0.0798767129880577,-0.0201232870119422,0.0028395092782621,-0.0541726292311256,0.014459623539427,0.0086322527705527,0.0455403764605729,0.0234877554433313,0.0365122445566686,0.0,-2.539810126053277,-2.539810126053277,-2.5322609612223665,1023.1047978325493
2024-03-11,2024-03-08,pca_covariance__hysteresis_portfolio,risk_on,0.0,Deterministic volatility input fallback,hold,pca_covariance__hysteresis_portfolio,Switch review held active pair,,False,False,0.0,0.0,False,hold,,,True,False,risk_on,False,False,21,"{""10"": 5, ""20"": 1, ""60"": 1}","{""10"": false, ""20"": false, ""60"": false}",False,False,4.0,1,0.0014340852251383,1.0,0.0014340852251383,1030.7268864298092,63,0.0617252017780405,0.0288301830970812,0.0489252177458068,True,0.246900807112162,3.111656111995905,-0.0215690423740293,-0.0076844064155098,0.0793470737850246,-0.0206529262149753,0.0028395092782621,-0.0548612214477796,0.0137024363531219,0.0085636578009016,0.046297563646878,0.0215690423740291,0.0384309576259708,0.0,-2.763065372290632,-2.763065372290632,-2.7555162074597215,1024.049388603472
2024-03-12,2024-03-11,pca_covariance__hysteresis_portfolio,risk_on,0.0,Deterministic volatility input fallback,hold,pca_covariance__hysteresis_portfolio,Switch review interval hold 1/10,,False,False,0.0,0.0,False,hold,Switch review interval hold 1/10,,False,False,,False,False,22,{},{},,False,4.0,1,-0.0036491162963045,1.0,-0.0036491162963045,1026.9724984168731,63,0.0641617491345146,0.0306354343751141,0.0462891385842753,True,0.2566469965380586,3.238478548316903,-0.0215690423740292,-0.0076844064155098,0.0792492501367479,-0.020750749863252,0.0028395092782621,-0.0548612214477797,0.013702436353122,0.0085636578009017,0.0462975636468779,0.0215690423740292,0.0384309576259707,0.0,-2.875432954815218,-2.875432954815218,-2.8678837899843077,1021.3767150041753
2024-03-13,2024-03-12,pca_covariance__hysteresis_portfolio,risk_on,0.0,Deterministic volatility input fallback,hold,pca_covariance__hysteresis_portfolio,Switch review interval hold 2/10,,False,False,0.0,0.0,False,hold,Switch review interval hold 2/10,,False,False,,False,False,23,{},{},,False,4.0,1,0.0031808463785545,1.0,0.0031808463785545,1030.2443410250442,63,0.0619707177737418,0.0264976835959503,0.0372323996644786,True,0.2478828710949674,3.112241590648522,-0.0215690423740293,-0.0076844064155098,0.079647695680114,-0.0203523043198859,0.0028395092782621,-0.0561693541117868,0.0127003485771882,0.0088697026889751,0.0472996514228117,0.0215690423740292,0.0384309576259707,0.0,-2.7652427345296604,-2.7652427345296604,-2.75769356969875,1025.2112388142734
2024-03-14,2024-03-13,pca_covariance__hysteresis_portfolio,risk_on,0.0,Deterministic volatility input fallback,hold,pca_covariance__hysteresis_portfolio,Switch review interval hold 3/10,,False,False,0.0,0.0,False,hold,Switch review interval hold 3/10,,False,False,,False,False,24,{},{},,False,4.0,1,-0.0027115417653969,1.0,-0.0027115417653969,1027.4545744593738,63,0.0670319761893302,0.0403571422323266,0.0469106577784047,True,0.2681279047573208,3.3705099212191016,-0.021569042374029,-0.0076844064155098,0.079551139449054,-0.0204488605509459,0.0018921411610036,-0.0561693541117869,0.0127003485771882,0.0088697026889752,0.0472996514228117,0.0215690423740292,0.0384309576259707,0.0,-2.994825060445824,-2.994825060445824,-2.9872758956149137,1022.7871901952216
2024-03-15,2024-03-14,pca_covariance__hysteresis_portfolio,risk_on,0.0,Deterministic volatility input fallback,hold,pca_covariance__hysteresis_portfolio,Switch review interval hold 4/10,,False,False,0.0,0.0,False,hold,Switch review interval hold 4/10,,False,False,,False,False,25,{},{},,False,4.0,1,-0.002178512370764,1.0,-0.002178512370764,1025.2186882956266,63,0.0694384082488395,0.0371545234944021,0.0509185418272994,True,0.2777536329953582,3.51879736755518,-0.0215690423740292,-0.0076844064155098,0.0789342505358125,-0.0210657494641874,0.0018921411610036,-0.0561693541117868,0.0127003485771883,0.0088697026889751,0.0472996514228116,0.0215690423740293,0.0384309576259706,0.0,-3.1230781841792083,-3.1230781841792083,-3.1155290193482985,1021.5784415681424
2024-03-18,2024-03-15,pca_covariance__hysteresis_portfolio,risk_on,0.0,Deterministic volatility input fallback,hold,pca_covariance__hysteresis_portfolio,Switch review interval hold 5/10,,False,False,0.0,0.0,False,hold,Switch review interval hold 5/10,,False,False,,False,False,26,{},{},,False,4.0,1,0.0051602719367161,1.0,0.0051602719367161,1030.522769001314,63,0.0486993978159808,0.0281874312198942,0.0440139657456089,True,0.1947975912639234,2.752713018342886,-0.021569042374029,-0.0076844064155098,0.0707656737065857,-0.0292343262934142,0.0018921411610036,-0.0546560061576917,0.0134565181081687,0.0081125242658604,0.0465434818918312,0.0215690423740292,0.0384309576259707,0.0,-2.401682728405349,-2.401682728405349,-2.3941335635744383,1026.4276148388612
2024-03-19,2024-03-18,pca_covariance__hysteresis_portfolio,risk_on,0.0,Deterministic volatility input fallback,hold,pca_covariance__hysteresis_portfolio,Switch review interval hold 6/10,,False,False,0.0,0.0,False,hold,Switch review interval hold 6/10,,False,False,,False,False,27,{},{},,False,4.0,1,0.0035000821170678,1.0,0.0035000821170678,1034.1360029353834,63,0.043632835201523,0.0353773555155964,0.0451331651315932,True,0.1745313408060921,2.540107779097024,-0.0215690423740292,-0.0076844064155098,0.0687102107407961,-0.0312897892592038,0.0018921411610036,-0.0546560061576915,0.0134565181081688,0.0081125242658603,0.0465434818918311,0.0215690423740293,0.0384309576259706,0.0,-2.206357535660591,-2.206357535660591,-2.1988083708296804,1028.694279283376
2024-03-20,2024-03-19,pca_covariance__hysteresis_portfolio,risk_on,0.0,Deterministic volatility input fallback,hold,pca_covariance__hysteresis_portfolio,Switch review interval hold 7/10,,False,False,0.0,0.0,False,hold,Switch review interval hold 7/10,,False,False,,False,False,28,{},{},,False,4.0,1,0.002352209918597,1.0,0.002352209918597,1036.5713710242678,63,0.0482894232373184,0.0407589876984149,0.045342457659675,True,0.1931576929492737,2.8062225179518228,-0.0215690423740291,-0.0076844064155098,0.0688319232397342,-0.0311680767602657,0.002872689009944,-0.0546560061576916,0.0134565181081687,0.0081125242658603,0.0465434818918312,0.0215690423740291,0.0384309576259708,0.0,-2.438863205702674,-2.438863205702674,-2.4313140408717637,1029.575999233948
2024-03-21,2024-03-20,pca_covariance__hysteresis_portfolio,risk_on,0.0,Deterministic volatility input fallback,hold,pca_covariance__hysteresis_portfolio,Switch review interval hold 8/10,,False,False,0.0,0.0,False,hold,Switch review interval hold 8/10,,False,False,,False,False,29,{},{},,False,4.0,1,0.0042838411932444,1.0,0.0042838411932444,1041.0214029729673,63,0.0479931159189894,0.0432289437144167,0.0463646985357338,True,0.1919724636759578,2.790235057851483,-0.0215690423740292,-0.0076844064155098,0.0688015381126273,-0.0311984618873726,0.002872689009944,-0.0546560061576916,0.0134565181081687,0.0081125242658604,0.0465434818918312,0.0215690423740292,0.0384309576259707,0.0,-2.4247747548136505,-2.4247747548136505,-2.41722558998274,1030.9967003010254
2024-03-22,2024-03-21,pca_covariance__hysteresis_portfolio,risk_on,0.0,Deterministic volatility input fallback,hold,pca_covariance__hysteresis_portfolio,Switch review interval hold 9/10,,False,False,0.0,0.0,False,hold,Switch review interval hold 9/10,,False,False,,False,False,30,{},{},,False,4.0,1,-0.0001479545951169,1.0,-0.0001479545951169,1040.8673904664922,63,0.0468007527146017,0.0414679137500761,0.0550755457086651,True,0.1872030108584069,2.732485117890625,-0.0215690423740293,-0.0076844064155098,0.0685101666730835,-0.0314898333269165,0.0019173650039701,-0.0546560061576916,0.0134565181081687,0.0081125242658603,0.0465434818918312,0.0215690423740292,0.0384309576259707,0.0,-2.3730681345562403,-2.3730681345562403,-2.36551896972533,1029.3788741670926
2024-03-25,2024-03-22,pca_covariance__hysteresis_portfolio,risk_on,0.0,Deterministic volatility input fallback,hold,pca_covariance__hysteresis_portfolio,Switch review held active pair,,False,False,0.0,0.0,False,hold,,,True,False,risk_on,False,False,31,"{""10"": 2, ""20"": 1, ""60"": 1}","{""10"": false, ""20"": false, ""60"": false}",False,False,3.0,1,-0.0008292951084032,1.0,-0.0008292951084032,1040.0045620502235,63,0.0511452476360147,0.0406669206622515,0.0448202001048426,True,0.2045809905440589,3.02155996829191,-0.0215690423740291,-0.0076844064155098,0.0677070760438055,-0.0322929239561944,0.0019173650039701,-0.0546560061576917,0.0134565181081687,0.0081125242658604,0.0465434818918312,0.0215690423740292,0.0384309576259707,0.0,-2.620633296400808,-2.620633296400808,-2.613084131569898,1030.3504638922009
2024-03-26,2024-03-25,pca_covariance__hysteresis_portfolio,risk_on,0.0,Deterministic volatility input fallback,hold,pca_covariance__hysteresis_portfolio,Switch review interval hold 1/10,,False,False,0.0,0.0,False,hold,Switch review interval hold 1/10,,False,False,,False,False,32,{},{},,False,3.0,1,-0.0008110914082217,1.0,-0.0008110914082217,1039.1613652864849,63,0.0493136973482544,0.0419998595489713,0.0440250238778818,True,0.1972547893930177,2.909998556797924,-0.0215690423740292,-0.0076844064155098,0.067785184611937,-0.0322148153880629,0.0019173650039701,-0.0550491357261451,0.0122695387085784,0.0073186744347236,0.0477304612914215,0.0215690423740292,0.0384309576259707,0.0,-2.5239948617429757,-2.5239948617429757,-2.5164456969120654,1028.8179196081417
2024-03-27,2024-03-26,pca_covariance__hysteresis_portfolio,risk_on,0.0,Deterministic volatility input fallback,hold,pca_covariance__hysteresis_portfolio,Switch review interval hold 2/10,,False,False,0.0,0.0,False,hold,Switch review interval hold 2/10,,False,False,,False,False,33,{},{},,False,3.0,1,0.0091676422518187,1.0,0.0091676422518187,1048.731827181202,63,0.0481757496353882,0.0398556805509712,0.0383734317146127,True,0.1927029985415528,2.839945796582908,-0.0215690423740292,-0.0076844064155098,0.0678544635511768,-0.0321455364488231,0.0019173650039701,-0.0555462133823818,0.0112772197444605,0.0068234331268424,0.0487227802555394,0.0215690423740291,0.0384309576259708,0.0,-2.4633986217746204,-2.4633986217746204,-2.45584945694371,1036.1940555395342
2024-03-28,2024-03-27,pca_covariance__hysteresis_portfolio,risk_on,0.0,Deterministic volatility input fallback,hold,pca_covariance__hysteresis_portfolio,Switch review interval hold 3/10,,False,False,0.0,0.0,False,hold,Switch review interval hold 3/10,,False,False,,False,False,34,{},{},,False,3.0,1,0.0082139470844311,1.0,0.0082139470844311,1057.3815303855074,63,0.0509519638537545,0.0466491682344762,0.0456872463139603,True,0.2038078554150182,2.9534140309795203,-0.0215690423740292,-0.0076844064155098,0.0690075462760038,-0.0309924537239961,0.0019173650039701,-0.0569197919155334,0.0106017257065315,0.007521517622065,0.0493982742934684,0.0215690423740293,0.0384309576259706,0.0,-2.568155394238114,-2.568155394238114,-2.560606229407204,1042.6043747003291
2024-04-01,2024-03-28,pca_covariance__hysteresis_portfolio,risk_on,0.0,Deterministic volatility input fallback,hold,pca_covariance__hysteresis_portfolio,Switch review interval hold 4/10,,False,False,0.0,0.0,False,hold,Switch review interval hold 4/10,,False,False,,False,False,35,{},{},,False,3.0,1,-0.0008558666369743,1.0,-0.0008558666369743,1056.4769399706938,63,0.057824628810077,0.0498320408811577,0.0579165884275717,True,0.2312985152403083,3.277377734675008,-0.017287001331336,-0.0076844064155098,0.0705742620977573,-0.0294257379022426,0.0019173650039701,-0.0571272757935476,0.0105043761684467,0.0076316519619943,0.0494956238315532,0.0215690423740293,0.0384309576259706,0.0,-2.8612853542654353,-2.8612853542654353,-2.8552349037994675,1040.866813265657
2024-04-02,2024-04-01,pca_covariance__hysteresis_portfolio,risk_on,0.0,Deterministic volatility input fallback,hold,pca_covariance__hysteresis_portfolio,Switch review interval hold 5/10,,False,False,0.0,0.0,False,hold,Switch review interval hold 5/10,,False,False,,False,False,36,{},{},,False,3.0,1,0.0014257347989593,1.0,0.0014257347989593,1057.9842701795428,63,0.0613356500129476,0.036970111970109,0.0520936731675437,True,0.2453426000517904,3.5123560302868366,-0.0133177254748645,-0.0076844064155098,0.0698512901130226,-0.0301487098869773,0.0019173650039701,-0.0571272757935475,0.0105043761684467,0.0076316519619942,0.0494956238315532,0.0215690423740291,0.0384309576259708,0.0,-3.063766352640396,-3.063766352640396,-3.059105148724193,1042.4814833671485
2024-04-03,2024-04-02,pca_covariance__hysteresis_portfolio,risk_on,0.0,Deterministic volatility input fallback,hold,pca_covariance__hysteresis_portfolio,Switch review interval hold 6/10,,False,False,0.0,0.0,False,hold,Switch review interval hold 6/10,,False,False,,False,False,37,{},{},,False,3.0,1,0.0028052782740637,1.0,0.0028052782740637,1060.9563773116574,63,0.067649809758757,0.0346136655803075,0.0603615838210576,True,0.270599239035028,3.931321606645877,-0.0133177254748645,-0.0076844064155098,0.0688316210450911,-0.0311683789549088,0.0019173650039701,-0.0571272757935475,0.0105043761684467,0.0076316519619943,0.0494956238315532,0.0215690423740293,0.0384309576259706,0.0,-3.4226947859100068,-3.4226947859100068,-3.418033581993804,1045.9071808395984
2024-04-04,2024-04-03,pca_covariance__hysteresis_portfolio,risk_on,0.0,Deterministic volatility input fallback,hold,pca_covariance__hysteresis_portfolio,Switch review interval hold 7/10,,False,False,0.0,0.0,False,hold,Switch review interval hold 7/10,,False,False,,False,False,38,{},{},,False,3.0,1,-0.001958979367065,1.0,-0.001958979367065,1058.8800200936412,63,0.0712506021681075,0.0384693577211048,0.0688017100278036,True,0.2850024086724303,4.141821504838224,-0.0133177254748644,-0.0076844064155098,0.0688108863067874,-0.0311891136932125,0.0019173650039701,-0.0571272757935474,0.0105043761684467,0.0076316519619942,0.0494956238315532,0.0215690423740292,0.0384309576259707,0.0,-3.606063319812469,-3.606063319812469,-3.6014021158962666,1046.1225044250275
2024-04-05,2024-04-04,pca_covariance__hysteresis_portfolio,risk_on,0.0,Deterministic volatility input fallback,hold,pca_covariance__hysteresis_portfolio,Switch review interval hold 8/10,,False,False,0.0,0.0,False,hold,Switch review interval hold 8/10,,False,False,,False,False,39,{},{},,False,3.0,1,0.005179824858644,1.0,0.005179824858644,1064.3790628881204,63,0.0688027109358564,0.0310323123609485,0.0610811464241146,True,0.2752108437434258,3.984095627528051,-0.0133177254748646,-0.0076844064155098,0.0690773689872955,-0.0309226310127044,0.0019173650039701,-0.0570362599436516,0.0105469558776341,0.0075832158212858,0.0494530441223658,0.0215690423740291,0.0384309576259708,0.0,-3.470437841905501,-3.470437841905501,-3.4657766379892982,1049.0051369578705
2024-04-08,2024-04-05,pca_covariance__hysteresis_portfolio,risk_on,0.0,Deterministic volatility input fallback,hold,pca_covariance__hysteresis_portfolio,Switch review interval hold 9/10,,False,False,0.0,0.0,False,hold,Switch review interval hold 9/10,,False,False,,False,False,40,{},{},,False,3.0,1,0.0011775774869382,1.0,0.0011775774869382,1065.6331899811375,63,0.0798097485918634,0.0346029566747234,0.0650733264863292,True,0.3192389943674536,4.688011836341881,-0.0133177254748646,-0.0076844064155098,0.0680968831803462,-0.0319031168196537,0.0019173650039701,-0.0570362599436517,0.0105469558776341,0.0075832158212858,0.0494530441223658,0.0215690423740292,0.0384309576259707,0.0,-4.076304825120403,-4.076304825120403,-4.0716436212042,1050.4375266988695
2024-04-09,2024-04-08,pca_covariance__hysteresis_portfolio,risk_on,0.0,Deterministic volatility input fallback,hold,pca_covariance__hysteresis_portfolio,Switch review held active pair,,False,False,0.0,0.0,False,hold,,,True,False,risk_on,False,False,41,"{""10"": 1, ""20"": 1, ""60"": 1}","{""10"": false, ""20"": false, ""60"": false}",False,False,2.0,1,0.0031902386097823,1.0,0.0031902386097823,1069.0382427050704,63,0.0807087390031727,0.0347389839759268,0.063569167073008,True,0.3228349560126911,4.74285888362394,-0.0133177254748645,-0.0076844064155098,0.0680675862247072,-0.0319324137752927,0.0019173650039701,-0.0570362599436515,0.0105469558776342,0.0075832158212858,0.0494530441223657,0.0215690423740292,0.0384309576259707,0.0,-4.123804962694018,-4.123804962694018,-4.119143758777815,1052.0859512139434
2024-04-10,2024-04-09,pca_covariance__hysteresis_portfolio,risk_on,0.0,Deterministic volatility input fallback,hold,pca_covariance__hysteresis_portfolio,Switch review interval hold 1/10,,False,False,0.0,0.0,False,hold,Switch review interval hold 1/10,,False,False,,False,False,42,{},{},,False,2.0,1,-0.008829784410821,1.0,-0.008829784410821,1059.6404169412249,63,0.0855020875741658,0.0364951373605709,0.067130571735685,True,0.3420083502966634,5.03568190179545,-0.0133177254748646,-0.0076844064155098,0.0679169885958685,-0.0320830114041314,0.0019173650039701,-0.0572348786400046,0.0104304867387171,0.0076653653787217,0.0495695132612828,0.0215690423740293,0.0384309576259706,0.0,-4.377359134205281,-4.377359134205281,-4.372697930289078,1043.4050389232716
2024-04-11,2024-04-10,pca_covariance__hysteresis_portfolio,risk_on,0.0,Deterministic volatility input fallback,hold,pca_covariance__hysteresis_portfolio,Switch review interval hold 2/10,,False,False,0.0,0.0,False,hold,Switch review interval hold 2/10,,False,False,,False,False,43,{},{},,False,2.0,1,0.0056231317968653,1.0,0.0056231317968653,1065.6156988170603,63,0.0747349512314554,0.0313144692460543,0.0578121528420047,True,0.2989398049258216,4.21684005675905,-0.0133177254748645,-0.0082674995843722,0.0708919003097259,-0.029108099690274,0.0019173650039701,-0.0521007831344226,0.0131171501359487,0.0052179332703713,0.0468828498640512,0.0215690423740292,0.0384309576259707,0.0,-3.6869964251215905,-3.6869964251215905,-3.682335221205388,1045.7804609889354
2024-04-12,2024-04-11,pca_covariance__hysteresis_portfolio,risk_on,0.0,Deterministic volatility input fallback,hold,pca_covariance__hysteresis_portfolio,Switch review interval hold 3/10,,False,False,0.0,0.0,False,hold,Switch review interval hold 3/10,,False,False,,False,False,44,{},{},,False,2.0,1,-0.0027148093927975,1.0,-0.0027148093927975,1062.726678652724,63,0.0836477877175603,0.0337567546643651,0.0741138968966917,False,0.3345911508702414,4.722812219745041,-0.0133177254748646,-0.0082674995843722,0.0708457451412929,-0.029154254858707,0.0019173650039701,-0.0521007831344226,0.0131171501359487,0.0052179332703713,0.0468828498640512,0.0215690423740292,0.0384309576259707,0.0,-4.129578429682707,-4.129578429682707,-4.124917225766504,1042.89061438941
2024-04-15,2024-04-12,pca_covariance__hysteresis_portfolio,risk_on,0.0,Deterministic volatility input fallback,hold,pca_covariance__hysteresis_portfolio,Switch review interval hold 4/10,,False,False,0.0,0.0,False,hold,Switch review interval hold 4/10,,False,False,,False,False,45,{},{},,False,2.0,1,-0.0021561766292334,1.0,-0.0021561766292334,1060.437720810451,63,0.0768628139380929,0.0337534870369644,0.0709080105313666,False,0.3074512557523717,4.3255807653864595,-0.0133177254748645,-0.0082674995843722,0.071077451197447,-0.0289225488025529,0.0032861266516331,-0.0521007831344227,0.0131171501359486,0.0052179332703714,0.0468828498640513,0.0215690423740292,0.0384309576259707,0.0,-3.7835487864727586,-3.7835487864727586,-3.778887582556556,1039.840379995651
2024-04-16,2024-04-15,pca_covariance__hysteresis_portfolio,risk_on,0.0,Deterministic volatility input fallback,hold,pca_covariance__hysteresis_portfolio,Switch review interval hold 5/10,,False,False,0.0,0.0,False,hold,Switch review interval hold 5/10,,False,False,,False,False,46,{},{},,False,2.0,1,-0.0035899664384901,1.0,-0.0035899664384901,1056.6376101986857,63,0.0692990146853673,0.0337758227784951,0.0619632539983893,True,0.2771960587414694,3.911015125398439,-0.0133177254748647,-0.0082674995843722,0.0708757317099942,-0.0291242682900057,0.0032861266516331,-0.0521007831344225,0.0131171501359487,0.0052179332703712,0.0468828498640512,0.0215690423740291,0.0384309576259708,0.0,-3.4190728577724463,-3.4190728577724463,-3.4144116538562437,1036.223827954807
2024-04-17,2024-04-16,pca_covariance__hysteresis_portfolio,risk_on,0.0,Deterministic volatility input fallback,hold,pca_covariance__hysteresis_portfolio,Switch review interval hold 6/10,,False,False,0.0,0.0,False,hold,Switch review interval hold 6/10,,False,False,,False,False,47,{},{},,False,2.0,1,-0.0078852879459945,1.0,-0.0078852879459945,1048.3384818976056,63,0.0722064599822487,0.0250255844032888,0.0604029399188852,False,0.2888258399289951,4.135538457846597,-0.0133177254748646,-0.0082674995843722,0.0698399598681011,-0.0301600401318988,0.0032861266516331,-0.0496072552489666,0.0145215932244116,0.0041288484733782,0.0454784067755884,0.0215690423740292,0.0384309576259707,0.0,-3.608050069810485,-3.608050069810485,-3.603388865894282,1028.890911741816
2024-04-18,2024-04-17,pca_covariance__hysteresis_portfolio,risk_on,0.0,Deterministic volatility input fallback,hold,pca_covariance__hysteresis_portfolio,Switch review interval hold 7/10,,False,False,0.0,0.0,False,hold,Switch review interval hold 7/10,,False,False,,False,False,48,{},{},,False,2.0,1,-0.0003360578256843,1.0,-0.0003360578256843,1047.986238737148,63,0.0710405978505459,0.0136402143402264,0.0543992020386414,False,0.2841623914021836,4.035810760844175,-0.0193629750373445,-0.0085589651172979,0.0704102368126757,-0.0295897631873242,0.0032861266516331,-0.0410407633064982,0.0199144918715157,0.0009552551780139,0.0400855081284843,0.0215690423740291,0.0384309576259708,0.0,-3.522884155819344,-3.522884155819344,-3.5161071145562732,1028.1018592625917
2024-04-19,2024-04-18,pca_covariance__hysteresis_portfolio,risk_on,0.0,Deterministic volatility input fallback,hold,pca_covariance__hysteresis_portfolio,Switch review interval hold 8/10,,False,False,0.0,0.0,False,hold,Switch review interval hold 8/10,,False,False,,False,False,49,{},{},,False,2.0,1,0.0010571150076886,1.0,0.0010571150076886,1049.0946664825492,63,0.0659784763139351,0.010951946595945,0.0541808903103618,False,0.2639139052557404,3.765580725808969,-0.0196924704158877,-0.0085589651172979,0.0700858445144721,-0.0299141554855279,0.0044197043043362,-0.0406509660884668,0.020161613405423,0.0008125794938899,0.0398383865945769,0.021569042374029,0.0384309576259709,0.0,-3.2841998067986093,-3.2841998067986093,-3.277307442153049,1029.3605226063387
2024-04-22,2024-04-19,pca_covariance__hysteresis_portfolio,risk_on,0.0,Deterministic volatility input fallback,hold,pca_covariance__hysteresis_portfolio,Switch review interval hold 9/10,,False,False,0.0,0.0,False,hold,Switch review interval hold 9/10,,False,False,,False,False,50,{},{},,False,2.0,1,-0.0053501416906347,1.0,-0.0053501416906347,1043.4968492802348,63,0.0629945187708918,0.0077252204103892,0.0491931341604653,False,0.2519780750835673,3.6088967848023783,-0.0196924704158878,-0.0085589651172979,0.0698213581903161,-0.0301786418096838,0.0044197043043362,-0.0406509660884667,0.0201616134054231,0.0008125794938899,0.0398383865945768,0.0215690423740291,0.0384309576259708,0.0,-3.1455604316389203,-3.1455604316389203,-3.13866806699336,1027.6663196091104
2024-04-23,2024-04-22,pca_covariance__hysteresis_portfolio,risk_on,0.0,Deterministic volatility input fallback,hold,pca_covariance__hysteresis_portfolio,Switch review held active pair,,False,False,0.0,0.0,False,hold,,,True,False,risk_on,False,False,51,"{""10"": 2, ""20"": 2, ""60"": 2}","{""10"": false, ""20"": false, ""60"": false}",False,False,3.0,2,0.0029648996563596,1.0,0.0029648996563596,1046.5953037636143,63,0.054353587491271,0.0025230333148714,0.043189953977123,False,0.2174143499650841,3.070784901807881,-0.0238919361389788,-0.0085589651172979,0.0708009049533507,-0.0291990950466492,0.0044197043043362,-0.0361080638610211,0.0238919361389788,7.850462293418876e-17,0.0361080638610211,0.0238919361389789,0.036108063861021,0.0,-2.6793289129302504,-2.6793289129302504,-2.670966735281608,1032.2233187588065
2024-04-24,2024-04-23,pca_covariance__hysteresis_portfolio,risk_on,0.0,Deterministic volatility input fallback,hold,pca_covariance__hysteresis_portfolio,Switch review interval hold 1/10,,False,False,0.0,0.0,False,hold,Switch review interval hold 1/10,,False,False,,False,False,52,{},{},,False,3.0,2,-0.002441830764218,1.0,-0.002441830764218,1044.0428127969587,63,0.0559885181050925,0.0063172280796344,0.0483170876286057,False,0.22395407242037,3.157833559836636,-0.0238919361389788,-0.0085589651172979,0.0709201635161404,-0.0290798364838595,0.0044197043043362,-0.0382493519281685,0.0231081703095824,0.0013575222377509,0.0368918296904175,0.0238919361389789,0.036108063861021,0.0,-2.7561907151976723,-2.7561907151976723,-2.74782853754903,1030.2779947508095
2024-04-25,2024-04-24,pca_covariance__hysteresis_portfolio,risk_on,0.0,Deterministic volatility input fallback,hold,pca_covariance__hysteresis_portfolio,Switch review interval hold 2/10,,False,False,0.0,0.0,False,hold,Switch review interval hold 2/10,,False,False,,False,False,53,{},{},,False,3.0,2,-0.0008565561575429,1.0,-0.0008565561575429,1043.1489143886656,63,0.0579736933205611,0.004686488723638,0.0445421692746093,False,0.2318947732822447,3.2928004735082586,-0.0238919361389791,-0.0085589651172979,0.0704247873953857,-0.0295752126046142,0.0044197043043362,-0.0382493519281686,0.0231081703095824,0.001357522237751,0.0368918296904175,0.0238919361389788,0.0361080638610211,0.0,-2.871470940976908,-2.871470940976908,-2.863108763328265,1030.5243433512564
2024-04-26,2024-04-25,pca_covariance__hysteresis_portfolio,risk_on,0.0,Deterministic volatility input fallback,hold,pca_covariance__hysteresis_portfolio,Switch review interval hold 3/10,,False,False,0.0,0.0,False,hold,Switch review interval hold 3/10,,False,False,,False,False,54,{},{},,False,3.0,2,0.0066450481519199,1.0,0.0066450481519199,1050.1037712418192,63,0.0470097461543127,-0.0053377096857236,0.0413114585487525,False,0.1880389846172508,2.765977762029756,-0.0242174014756433,-0.0085589651172979,0.0679828258920137,-0.0320171741079862,0.0044197043043362,-0.0397407941994341,0.0227686013054153,0.0025093955048494,0.0372313986945846,0.0242174014756434,0.0357825985243565,0.0,-2.3986152485631593,-2.3986152485631593,-2.390139158046684,1033.8018266674662
2024-04-29,2024-04-26,pca_covariance__hysteresis_portfolio,risk_on,0.0,Deterministic volatility input fallback,hold,pca_covariance__hysteresis_portfolio,Switch review interval hold 4/10,,False,False,0.0,0.0,False,hold,Switch review interval hold 4/10,,False,False,,False,False,55,{},{},,False,3.0,2,0.0008701420129821,1.0,0.0008701420129821,1051.0179083080234,63,0.0536889131876751,-0.0069066086182348,0.0429254322629229,False,0.2147556527507004,3.113465940624221,-0.0242174014756434,-0.0085589651172979,0.0689763937830789,-0.0310236062169211,0.0053558714082461,-0.0411879194910506,0.0222389166862247,0.0034268361772753,0.0377610833137752,0.0242174014756434,0.0357825985243565,0.0,-2.7064730767500182,-2.7064730767500182,-2.697996986233543,1034.601196430121
2024-04-30,2024-04-29,pca_covariance__hysteresis_portfolio,risk_on,0.0,Deterministic volatility input fallback,hold,pca_covariance__hysteresis_portfolio,Switch review interval hold 5/10,,False,False,0.0,0.0,False,hold,Switch review interval hold 5/10,,False,False,,False,False,56,{},{},,False,3.0,2,-0.0145724107402487,1.0,-0.0145724107402487,1035.8130980900305,63,0.0497185544456098,-0.0051805999682784,0.0317895120018305,False,0.1988742177824395,2.903327408255415,-0.0242174014756432,-0.0085589651172979,0.0684987222649964,-0.0315012777350035,0.0053558714082461,-0.0436042709128166,0.0213544706813875,0.0049587415942042,0.0386455293186124,0.0242174014756432,0.0357825985243567,0.0,-2.5207590375795914,-2.5207590375795914,-2.5122829470631163,1023.2263093313584
2024-05-01,2024-04-30,pca_covariance__hysteresis_portfolio,risk_on,0.0,Deterministic volatility input fallback,hold,pca_covariance__hysteresis_portfolio,Switch review interval hold 6/10,,False,False,0.0,0.0,False,hold,Switch review interval hold 6/10,,False,False,,False,False,57,{},{},,False,3.0,2,-0.0016413478520891,1.0,-0.0016413478520891,1034.1143629752996,63,0.03329231605289,-0.0211787455074865,0.0134349200728209,False,0.1331692642115603,1.7749278544605696,-0.0310794724527047,-0.0104915238387215,0.0750279871245993,-0.0249720128754006,0.0044190542532163,-0.0402672300146268,0.0269262911004777,0.0071935211151046,0.0330737088995222,0.0310794724527047,0.0289205275472952,0.0,-1.5558067204287815,-1.5558067204287815,-1.5449289050703348,1019.1558075966224
2024-05-02,2024-05-01,pca_covariance__hysteresis_portfolio,risk_on,0.0,Deterministic volatility input fallback,hold,pca_covariance__hysteresis_portfolio,Switch review interval hold 7/10,,False,False,0.0,0.0,False,hold,Switch review interval hold 7/10,,False,False,,False,False,58,{},{},,False,3.0,2,0.0017979298695073,1.0,0.0017979298695073,1035.975300493256,63,0.0356663632299811,-0.0256253716336394,0.0128439860874654,False,0.1426654529199245,1.9125957792141275,-0.0326685036462309,-0.0104915238387215,0.0745925796085071,-0.0254074203914928,0.0044190542532163,-0.0386595902111563,0.0285221335179727,0.007181723729129,0.0314778664820272,0.0326685036462309,0.027331496353769,0.0,-1.6753097570900204,-1.6753097570900204,-1.6638757808138396,1022.1227101047052
2024-05-03,2024-05-02,pca_covariance__hysteresis_portfolio,risk_on,0.0,Deterministic volatility input fallback,hold,pca_covariance__hysteresis_portfolio,Switch review interval hold 8/10,,False,False,0.0,0.0,False,hold,Switch review interval hold 8/10,,False,False,,False,False,59,{},{},,False,3.0,2,0.0043340472870799,1.0,0.0043340472870799,1040.4750103679971,63,0.0324972444764348,-0.0218684623970669,0.0091638499638815,False,0.1299889779057392,1.75423076975098,-0.0326685036462308,-0.0104915238387215,0.0741002724083968,-0.0258997275916031,0.005487120648436,-0.0386595902111563,0.0285221335179726,0.0071817237291289,0.0314778664820273,0.0326685036462308,0.0273314963537691,0.0,-1.5340452358977907,-1.5340452358977907,-1.52261125962161,1024.6942592884632
2024-05-06,2024-05-03,pca_covariance__hysteresis_portfolio,risk_on,0.0,Deterministic volatility input fallback,hold,pca_covariance__hysteresis_portfolio,Switch review interval hold 9/10,,False,False,0.0,0.0,False,hold,Switch review interval hold 9/10,,False,False,,False,False,60,{},{},,False,3.0,2,0.0090250569088576,1.0,0.0090250569088576,1049.9078585178263,63,0.0436734676180693,-0.022714239968631,0.0118887167060924,False,0.1746938704722772,2.39464142727528,-0.0326685036462308,-0.0104915238387215,0.0729519954355132,-0.0270480045644867,0.005487120648436,-0.0386595902111563,0.0285221335179727,0.007181723729129,0.0314778664820272,0.0326685036462309,0.027331496353769,0.0,-2.0934808888837884,-2.0934808888837884,-2.0820469126076073,1030.714940914202
2024-05-07,2024-05-06,pca_covariance__hysteresis_portfolio,risk_on,0.0,Deterministic volatility input fallback,hold,pca_covariance__hysteresis_portfolio,Switch review held active pair,,False,False,0.0,0.0,False,hold,,,True,False,risk_on,False,False,61,"{""10"": 12, ""20"": 5, ""60"": 2}","{""10"": false, ""20"": false, ""60"": false}",False,False,3.0,2,0.0024180294348916,1.0,0.0024180294348916,1052.4496384345205,63,0.0583333724596092,-0.0148667605467115,0.0198722234292152,False,0.2333334898384368,3.1672056090853213,-0.0326685036462308,-0.0104915238387215,0.0736717215860901,-0.0263282784139098,0.005487120648436,-0.0386595902111562,0.0285221335179727,0.0071817237291289,0.0314778664820272,0.0326685036462309,0.027331496353769,0.0,-2.7766961515194213,-2.7766961515194213,-2.7652621752432403,1032.376232248179
2024-05-08,2024-05-07,pca_covariance__hysteresis_portfolio,risk_on,0.0,Deterministic volatility input fallback,hold,pca_covariance__hysteresis_portfolio,Switch review interval hold 1/10,,False,False,0.0,0.0,False,hold,Switch review interval hold 1/10,,False,False,,False,False,62,{},{},,False,3.0,2,-0.0031080797398339,1.0,-0.0031080797398339,1049.183619189418,63,0.0549898176578769,-0.0156389697216023,0.0208561676389685,False,0.2199592706315076,3.009808120205991,-0.0326685036462308,-0.0104915238387215,0.0730808283607307,-0.0269191716392692,0.005487120648436,-0.0391062933605496,0.0277454148321931,0.0068517081927428,0.0322545851678068,0.0326685036462308,0.0273314963537691,0.0,-2.6349756668636592,-2.6349756668636592,-2.623541690587478,1030.4224629950772
2024-05-09,2024-05-08,pca_covariance__hysteresis_portfolio,risk_on,0.0,Deterministic volatility input fallback,hold,pca_covariance__hysteresis_portfolio,Switch review interval hold 2/10,,False,False,0.0,0.0,False,hold,Switch review interval hold 2/10,,False,False,,False,False,63,{},{},,False,3.0,2,0.0087952731946571,1.0,0.0087952731946571,1058.4521757462974,63,0.0506940931216136,-0.0099172650506152,0.0213972041954391,False,0.2027763724864545,2.758510424720647,-0.0326685036462309,-0.0104915238387215,0.0735093732723484,-0.0264906267276515,0.005487120648436,-0.0391062933605497,0.027745414832193,0.0068517081927428,0.0322545851678069,0.0326685036462309,0.027331496353769,0.0,-2.416088665532907,-2.416088665532907,-2.4046546892567258,1037.648651332714
2024-05-10,2024-05-09,pca_covariance__hysteresis_portfolio,risk_on,0.0,Deterministic volatility input fallback,hold,pca_covariance__hysteresis_portfolio,Switch review interval hold 3/10,,False,False,0.0,0.0,False,hold,Switch review interval hold 3/10,,False,False,,False,False,64,{},{},,False,3.0,2,-0.0006499413046397,1.0,-0.0006499413046397,1057.764467467511,63,0.0568076294160113,-0.0067451236528234,0.0270116310115417,False,0.2272305176640452,3.0239895863247583,-0.0326685036462308,-0.0104915238387215,0.0751426257192282,-0.0248573742807717,0.005487120648436,-0.0396857619328577,0.0270858811819466,0.0067716431148043,0.0329141188180533,0.0326685036462309,0.027331496353769,0.0,-2.6584818737003264,-2.6584818737003264,-2.647047897424146,1035.378059025849
2024-05-13,2024-05-10,pca_covariance__hysteresis_portfolio,risk_on,0.0,Deterministic volatility input fallback,hold,pca_covariance__hysteresis_portfolio,Switch review interval hold 4/10,,False,False,0.0,0.0,False,hold,Switch review interval hold 4/10,,False,False,,False,False,65,{},{},,False,3.0,2,0.0001211551283071,1.0,0.0001211551283071,1057.8926288208315,63,0.0565288541642661,-0.0046802555646655,0.0290732314722989,False,0.2261154166570646,3.008298686225302,-0.0326685036462308,-0.0104915238387215,0.0751638850531778,-0.0248361149468221,0.005487120648436,-0.0402841314888962,0.0265607840793213,0.0068449155682176,0.0334392159206786,0.0326685036462308,0.0273314963537691,0.0,-2.644739969843378,-2.644739969843378,-2.633305993567197,1036.879445830436
2024-05-14,2024-05-13,pca_covariance__hysteresis_portfolio,risk_on,0.0,Deterministic volatility input fallback,hold,pca_covariance__hysteresis_portfolio,Switch review interval hold 5/10,,False,False,0.0,0.0,False,hold,Switch review interval hold 5/10,,False,False,,False,False,66,{},{},,False,3.0,2,0.0027928943563001,1.0,0.0027928943563001,1060.8513409353936,63,0.056161374809714,-0.0024029238071249,0.0313728989713701,False,0.2246454992388563,2.988276855157986,-0.0326685036462307,-0.0104915238387215,0.0751755978871575,-0.0248244021128425,0.0064905154190014,-0.0496483108669735,0.0224390560062948,0.0120873668732684,0.0375609439937051,0.0326685036462308,0.0273314963537691,0.0,-2.6270716729741346,-2.6270716729741346,-2.615637696697954,1038.2586303493313
2024-05-15,2024-05-14,pca_covariance__hysteresis_portfolio,risk_on,0.0,Deterministic volatility input fallback,hold,pca_covariance__hysteresis_portfolio,Switch review interval hold 6/10,,False,False,0.0,0.0,False,hold,Switch review interval hold 6/10,,False,False,,False,False,67,{},{},,False,3.0,2,0.0101605605178136,1.0,0.0101605605178136,1071.685130669661,63,0.0696328814238359,0.0039799369876653,0.0290055213909541,False,0.2785315256953439,3.8963060152474616,-0.0326685036462308,-0.0091594061969247,0.0714860497623551,-0.0285139502376448,0.0064905154190014,-0.0512859985018302,0.0211308212714661,0.0124168197732963,0.0388691787285338,0.0326685036462309,0.027331496353769,0.0,-3.4034718098692243,-3.4034718098692243,-3.3920378335930437,1046.8985047609713
2024-05-16,2024-05-15,pca_covariance__hysteresis_portfolio,risk_on,0.0,Deterministic volatility input fallback,hold,pca_covariance__hysteresis_portfolio,Switch review interval hold 7/10,,False,False,0.0,0.0,False,hold,Switch review interval hold 7/10,,False,False,,False,False,68,{},{},,False,3.0,2,-0.000409974795883,1.0,-0.000409974795883,1071.2458568287182,63,0.0793023649691221,0.0220257854514735,0.0356659997917,True,0.3172094598764885,4.302367656077732,-0.0326685036462308,-0.0091594061969247,0.0737290453149402,-0.0262709546850597,0.0064905154190014,-0.0512859985018301,0.0211308212714661,0.0124168197732962,0.0388691787285338,0.0326685036462308,0.0273314963537691,0.0,-3.776477983992553,-3.776477983992553,-3.765044007716372,1046.8999571799775
2024-05-17,2024-05-16,pca_covariance__hysteresis_portfolio,risk_on,0.0,Deterministic volatility input fallback,hold,pca_covariance__hysteresis_portfolio,Switch review interval hold 8/10,,False,False,0.0,0.0,False,hold,Switch review interval hold 8/10,,False,False,,False,False,69,{},{},,False,3.0,2,0.0048932815569329,1.0,0.0048932815569329,1076.5006104322558,63,0.0721038102694951,0.0219518684812747,0.0329038150772198,True,0.2884152410779806,3.954360848012996,-0.0326685036462308,-0.0091594061969247,0.0729359945041193,-0.0270640054958806,0.0064905154190014,-0.0512859985018301,0.0211308212714661,0.0124168197732962,0.0388691787285338,0.0326685036462308,0.0273314963537691,0.0,-3.464507110670642,-3.464507110670642,-3.4530731343944616,1050.8767348439933
2024-05-20,2024-05-17,pca_covariance__hysteresis_portfolio,risk_on,0.0,Deterministic volatility input fallback,hold,pca_covariance__hysteresis_portfolio,Switch review interval hold 9/10,,False,False,0.0,0.0,False,hold,Switch review interval hold 9/10,,False,False,,False,False,70,{},{},,False,3.0,2,0.0013375499779254,1.0,0.0013375499779254,1077.9414471807474,63,0.0790267441854142,0.0257880350305191,0.0335132554409083,True,0.3161069767416568,4.328715424219456,-0.0326685036462309,-0.0091594061969247,0.0730255851361854,-0.0269744148638145,0.0064905154190014,-0.0512859985018301,0.0211308212714661,0.0124168197732963,0.0388691787285338,0.0326685036462309,0.027331496353769,0.0,-3.794287414950193,-3.794287414950193,-3.782853438674012,1051.2719972407122
2024-05-21,2024-05-20,pca_covariance__inverse_vol,risk_on,0.0,Deterministic volatility input fallback,switch,pca_covariance__inverse_vol,,,True,True,0.0,0.0,False,switch,,,True,False,risk_on,False,False,71,"{""10"": 1, ""20"": 8, ""60"": 1}","{""10"": false, ""20"": false, ""60"": false}",False,False,4.0,2,0.0002615132983359,1.0,0.0002615132983359,1078.223380067005,63,0.0822458442290903,0.0324757266990793,0.0349987600139507,True,0.3289833769163612,4.522295351178204,-0.0326685036462308,-0.0091594061969247,0.0727469904924831,-0.0272530095075169,0.0074717413539235,-0.0512859985018301,0.0211308212714661,0.0124168197732962,0.0388691787285338,0.0326685036462308,0.0273314963537691,0.0,-3.962214527181735,-3.962214527181735,-3.950780550905554,1050.7264610236673
2024-05-22,2024-05-21,pca_covariance__inverse_vol,risk_on,0.0,Deterministic volatility input fallback,hold,pca_covariance__inverse_vol,Switch review interval hold 1/10,,False,False,0.0,0.0,False,hold,Switch review interval hold 1/10,,False,False,,False,False,2,{},{},,False,4.0,2,-0.00841116574187,1.0,-0.00841116574187,1069.1922987155035,63,0.0817993219760439,0.028986643974673,0.0357420512511535,True,0.3271972879041759,4.5011420304884755,-0.0323763094758693,-0.0090844956560009,0.0726920603011204,-0.0273079396988795,0.0142310979976421,-0.0526830100885118,0.0204288118398911,0.013111821928403,0.0395711881601088,0.0323763094758692,0.0276236905241307,0.0,-3.942952459240312,-3.942952459240312,-3.9316207509237575,1042.690206122686
2024-05-23,2024-05-22,pca_covariance__inverse_vol,risk_on,0.0,Deterministic volatility input fallback,hold,pca_covariance__inverse_vol,Switch review interval hold 2/10,,False,False,0.0,0.0,False,hold,Switch review interval hold 2/10,,False,False,,False,False,3,{},{},,False,4.0,2,-0.0110113491522079,1.0,-0.0110113491522079,1057.4836314212394,63,0.0672089426960527,0.023015426760124,0.0281635530172323,True,0.2688357707842108,3.606419304766568,-0.0323763094758693,-0.0099448784735547,0.0745436811601172,-0.0254563188398827,0.014496976204912,-0.0481177113057616,0.022312206462145,0.0104299177679066,0.0376877935378549,0.0323763094758692,0.0276236905241307,0.0,-3.1685972357361796,-3.1685972357361796,-3.157265527419625,1033.7356175059952
2024-05-24,2024-05-23,pca_covariance__inverse_vol,risk_on,0.0,Deterministic volatility input fallback,hold,pca_covariance__inverse_vol,Switch review interval hold 3/10,,False,False,0.0,0.0,False,hold,Switch review interval hold 3/10,,False,False,,False,False,4,{},{},,False,4.0,2,0.0033411128803387,1.0,0.0033411128803387,1061.0227125454524,63,0.0556659759152979,0.0131113791866115,0.0078267145500433,True,0.2226639036611917,2.8416316209297428,-0.0323763094758694,-0.010747610023794,0.0783577653138372,-0.0216422346861627,0.0145631200276077,-0.040764886915662,0.0258057112801036,0.0065705981957656,0.0341942887198963,0.0323763094758693,0.0276236905241306,0.0,-2.5132789608596817,-2.5132789608596817,-2.5019472525431277,1037.4283557259
2024-05-28,2024-05-24,pca_covariance__inverse_vol,risk_on,0.0,Deterministic volatility input fallback,hold,pca_covariance__inverse_vol,Switch review interval hold 4/10,,False,False,0.0,0.0,False,hold,Switch review interval hold 4/10,,False,False,,False,False,5,{},{},,False,4.0,2,0.0024920101722299,1.0,0.0024920101722299,1063.6700892128326,63,0.0610602365151075,0.0098106334756189,0.0030245732394729,True,0.2442409460604303,3.1201455225096346,-0.0323763094758692,-0.010747610023794,0.0782787034445686,-0.0217212965554313,0.0147672082941823,-0.0407648869156619,0.0258057112801037,0.0065705981957656,0.0341942887198963,0.0323763094758693,0.0276236905241306,0.0,-2.7603455476779244,-2.7603455476779244,-2.7490138393613703,1041.992537278633
2024-05-29,2024-05-28,pca_covariance__inverse_vol,risk_on,0.0,Deterministic volatility input fallback,hold,pca_covariance__inverse_vol,Switch review interval hold 5/10,,False,False,0.0,0.0,False,hold,Switch review interval hold 5/10,,False,False,,False,False,6,{},{},,False,4.0,2,-0.008471612133119,1.0,-0.008471612133119,1054.697150073714,63,0.062235201660201,0.011436967782709,0.0065328873341981,True,0.2489408066408041,3.17789297074944,-0.0323763094758692,-0.010747610023794,0.0783351764619362,-0.0216648235380637,0.0148932046256328,-0.0407648869156618,0.0258057112801037,0.0065705981957655,0.0341942887198963,0.0323763094758693,0.0276236905241306,0.0,-2.811968587268467,-2.811968587268467,-2.800636878951913,1033.8681962827893
2024-05-30,2024-05-29,pca_covariance__inverse_vol,risk_on,0.0,Deterministic volatility input fallback,hold,pca_covariance__inverse_vol,Switch review interval hold 6/10,,False,False,0.0,0.0,False,hold,Switch review interval hold 6/10,,False,False,,False,False,7,{},{},,False,4.0,2,-0.0019268757005714,1.0,-0.0019268757005714,1052.6668364729337,63,0.0513874867041509,0.0175092915498562,-0.0032139336694685,True,0.2055499468166036,2.552544270177026,-0.0323763094758692,-0.0107627216216063,0.0805274757496559,-0.019472524250344,0.014696383722172,-0.0381805603289466,0.0270978745734613,0.005278434902408,0.0329021254265386,0.0323763094758693,0.0276236905241306,0.0,-2.266165080995495,-2.266165080995495,-2.2548333726789407,1032.8302570307342
2024-05-31,2024-05-30,pca_covariance__inverse_vol,risk_on,0.0,Deterministic volatility input fallback,hold,pca_covariance__inverse_vol,Switch review interval hold 7/10,,False,False,0.0,0.0,False,hold,Switch review interval hold 7/10,,False,False,,False,False,8,{},{},,False,4.0,2,0.0038161987073986,1.0,0.0038161987073986,1056.6916972432095,63,0.0444547825788359,0.0172901417524341,-0.0079593468773552,True,0.1778191303153437,2.215690795553179,-0.0323763094758693,-0.0107627216216063,0.080254487978296,-0.0197455120217039,0.0148527744922612,-0.036297542729519,0.0280393833731751,0.0043369261026941,0.0319606166268248,0.0323763094758693,0.0276236905241306,0.0,-1.9644336102818751,-1.9644336102818751,-1.9531019019653209,1034.9165630660184
2024-06-03,2024-05-31,pca_covariance__inverse_vol,risk_on,0.0,Deterministic volatility input fallback,hold,pca_covariance__inverse_vol,Switch review interval hold 8/10,,False,False,0.0,0.0,False,hold,Switch review interval hold 8/10,,False,False,,False,False,9,{},{},,False,4.0,2,-0.0029313521686865,1.0,-0.0029313521686865,1053.598697295715,63,0.0363034239957461,0.0193043585435447,-0.0019891467171199,True,0.1452136959829844,1.88093126557645,-0.0323763094758692,-0.0107627216216063,0.0772030847913417,-0.0227969152086582,0.0150377709452974,-0.0362975427295189,0.0280393833731751,0.0043369261026941,0.0319606166268248,0.0323763094758693,0.0276236905241306,0.0,-1.6556430942084006,-1.6556430942084006,-1.6443113858918463,1031.035041035194
2024-06-04,2024-06-03,pca_covariance__inverse_vol,risk_on,0.0,Deterministic volatility input fallback,hold,pca_covariance__inverse_vol,Switch review interval hold 9/10,,False,False,0.0,0.0,False,hold,Switch review interval hold 9/10,,False,False,,False,False,10,{},{},,False,4.0,2,0.0003047199146674,1.0,0.0003047199146674,1053.9197987213636,63,0.0297747048513643,0.0120108425521429,-0.01023933655572,True,0.1190988194054573,1.54135613893889,-0.0323763094758693,-0.0107627216216063,0.0772688520171906,-0.0227311479828093,0.0149900002655449,-0.0362975427295189,0.0280393833731752,0.0043369261026942,0.0319606166268247,0.0323763094758694,0.0276236905241305,0.0,-1.3547408062219957,-1.3547408062219957,-1.3434090979054416,1030.4257548435774
2024-06-05,2024-06-04,pca_covariance__inverse_vol,risk_on,0.0,Deterministic volatility input fallback,hold,pca_covariance__inverse_vol,Switch review held active pair,,False,False,0.0,0.0,False,hold,,,True,False,risk_on,False,False,11,"{""10"": 17, ""20"": 5, ""60"": 1}","{""10"": true, ""20"": false, ""60"": false}",False,False,5.0,1,0.0091885666327504,1.0,0.0091885666327504,1063.648438697025,63,0.0311882987082608,0.0033524722914326,-0.0111907163167876,True,0.1247531948330435,1.6159122954327156,-0.0323763094758692,-0.0107627216216063,0.077202949185826,-0.0227970508141739,0.0148989872358604,-0.0362975427295189,0.0280393833731751,0.004336926102694,0.0319606166268248,0.0323763094758693,0.0276236905241306,0.0,-1.4206707187506764,-1.4206707187506764,-1.4093390104341224,1036.9462243349888
2024-06-06,2024-06-05,pca_covariance__inverse_vol,risk_on,0.0,Deterministic volatility input fallback,hold,pca_covariance__inverse_vol,Switch review interval hold 1/10,,False,False,0.0,0.0,False,hold,Switch review interval hold 1/10,,False,False,,False,False,12,{},{},,False,5.0,1,0.004161500050307,1.0,0.004161500050307,1068.0840346933196,63,0.0349428356896494,0.0100959074297643,-0.0052437419081984,True,0.1397713427585979,1.779779804294737,-0.0323763094758693,-0.0107627216216063,0.0785329412218969,-0.021467058778103,0.0151671527122863,-0.0410537039530372,0.0259777751521251,0.0070314791051623,0.0340222248478749,0.0323763094758693,0.0276236905241306,0.0,-1.5701400639516023,-1.5701400639516023,-1.5588083556350485,1041.9147540980275
2024-06-07,2024-06-06,pca_covariance__inverse_vol,risk_on,0.0,Deterministic volatility input fallback,hold,pca_covariance__inverse_vol,Switch review interval hold 2/10,,False,False,0.0,0.0,False,hold,Switch review interval hold 2/10,,False,False,,False,False,13,{},{},,False,5.0,1,-0.0127593286237422,1.0,-0.0127593286237422,1054.5425731881132,63,0.0375690055552755,0.0174086749257495,0.0079417474429405,True,0.1502760222211022,1.9060578750506656,-0.0323763094758694,-0.0107627216216063,0.0788412692962472,-0.0211587307037528,0.0152012168034254,-0.044312899117901,0.0246999216726793,0.0090128207905804,0.0353000783273206,0.0323763094758693,0.0276236905241306,0.0,-1.6834401964626249,-1.6834401964626249,-1.6721084881460706,1030.5395364264705
2024-06-10,2024-06-07,pca_covariance__inverse_vol,risk_on,0.0,Deterministic volatility input fallback,hold,pca_covariance__inverse_vol,Switch review interval hold 3/10,,False,False,0.0,0.0,False,hold,Switch review interval hold 3/10,,False,False,,False,False,14,{},{},,False,5.0,1,0.0073251320683201,1.0,0.0073251320683201,1062.295598106776,63,0.0239865869496726,-0.0039400317887141,-0.0107006870213225,False,0.0959463477986905,1.152652137505531,-0.0323763094758692,-0.011834650744262,0.0832396389827804,-0.0167603610172195,0.0156510953504554,-0.0428099827154113,0.0252833374287715,0.0080933201441829,0.0347166625712284,0.0323763094758693,0.0276236905241306,0.0,-1.0221998756487536,-1.0221998756487536,-1.0108681673321993,1038.0074631653088
2024-06-11,2024-06-10,pca_covariance__inverse_vol,risk_on,0.0,Deterministic volatility input fallback,hold,pca_covariance__inverse_vol,Switch review interval hold 4/10,,False,False,0.0,0.0,False,hold,Switch review interval hold 4/10,,False,False,,False,False,15,{},{},,False,5.0,1,0.0042193113349218,1.0,0.0042193113349218,1066.7872230834496,63,0.0298952779135429,0.0042277675925349,-0.0006897540465257,True,0.1195811116541718,1.4173477955343896,-0.0323763094758693,-0.011834650744262,0.0843696318087442,-0.0156303681912557,0.0160301164704922,-0.0428099827154114,0.0252833374287715,0.0080933201441829,0.0347166625712284,0.0323763094758693,0.0276236905241306,0.0,-1.2625362001385974,-1.2625362001385974,-1.251204491822043,1040.3058986109943
2024-06-12,2024-06-11,pca_covariance__inverse_vol,risk_on,0.0,Deterministic volatility input fallback,hold,pca_covariance__inverse_vol,Switch review interval hold 5/10,,False,False,0.0,0.0,False,hold,Switch review interval hold 5/10,,False,False,,False,False,16,{},{},,False,5.0,1,0.0055367398253463,1.0,0.0055367398253463,1072.710128047778,63,0.0375856045335983,0.0083056298560772,0.0056471325264894,True,0.1503424181343934,1.7832138307319123,-0.0323763094758692,-0.011834650744262,0.084309809369685,-0.0156901906303149,0.0173425554523099,-0.0428099827154114,0.0252833374287714,0.0080933201441829,0.0347166625712285,0.0323763094758692,0.0276236905241307,0.0,-1.5913176170576409,-1.5913176170576409,-1.5799859087410868,1045.2170268873504
2024-06-13,2024-06-12,pca_covariance__inverse_vol,risk_on,0.0,Deterministic volatility input fallback,hold,pca_covariance__inverse_vol,Switch review interval hold 6/10,,False,False,0.0,0.0,False,hold,Switch review interval hold 6/10,,False,False,,False,False,17,{},{},,False,5.0,1,0.0056702591185122,1.0,0.0056702591185122,1078.809949874664,63,0.0400728820608697,0.011042259967412,0.0148120773041294,True,0.160291528243479,1.8913556659466784,-0.0323763094758693,-0.011834650744262,0.0847495429492625,-0.0152504570507374,0.0174731735430688,-0.0428099827154114,0.0252833374287715,0.0080933201441829,0.0347166625712284,0.0323763094758693,0.0276236905241306,0.0,-1.6900273874572591,-1.6900273874572591,-1.678695679140705,1047.682793415391
2024-06-14,2024-06-13,pca_covariance__inverse_vol,risk_on,0.0,Deterministic volatility input fallback,hold,pca_covariance__inverse_vol,Switch review interval hold 7/10,,False,False,0.0,0.0,False,hold,Switch review interval hold 7/10,,False,False,,False,False,18,{},{},,False,5.0,1,0.0057751376215733,1.0,0.0057751376215733,1085.0582508354744,63,0.0484717058680211,0.0065709095072325,0.0282827593738925,False,0.1938868234720844,2.279455968711049,-0.0323763094758693,-0.011834650744262,0.0850583762676146,-0.0149416237323853,0.0176998800451675,-0.0428099827154113,0.0252833374287715,0.0080933201441829,0.0347166625712284,0.0323763094758693,0.0276236905241306,0.0,-2.0405549517600634,-2.0405549517600634,-2.02922324344351,1051.5935297507456
2024-06-17,2024-06-14,pca_covariance__inverse_vol,risk_on,0.0,Deterministic volatility input fallback,hold,pca_covariance__inverse_vol,Switch review interval hold 8/10,,False,False,0.0,0.0,False,hold,Switch review interval hold 8/10,,False,False,,False,False,19,{},{},,False,5.0,1,-0.0008141291859008,1.0,-0.0008141291859008,1084.1752327392412,63,0.0563634858501829,0.0127683575170567,0.034386170617351,False,0.2254539434007317,2.6389373398392495,-0.0323763094758692,-0.011834650744262,0.0854336099600096,-0.0145663900399903,0.0178141064632672,-0.0428099827154113,0.0252833374287715,0.0080933201441829,0.0347166625712284,0.0323763094758694,0.0276236905241305,0.0,-2.366034071059014,-2.366034071059014,-2.35470236274246,1052.716075434995
2024-06-18,2024-06-17,pca_covariance__inverse_vol,risk_on,0.0,Deterministic volatility input fallback,hold,pca_covariance__inverse_vol,Switch review interval hold 9/10,,False,False,0.0,0.0,False,hold,Switch review interval hold 9/10,,False,False,,False,False,20,{},{},,False,5.0,1,0.0066032797320114,1.0,0.0066032797320114,1091.3580340030696,63,0.0503900244297278,0.0070924202891959,0.0326023894278828,False,0.2015600977189115,2.3697305014633976,-0.0323763094758693,-0.011834650744262,0.08505612667535,-0.0149438733246499,0.0179240845849391,-0.0428099827154112,0.0252833374287715,0.0080933201441828,0.0347166625712284,0.0323763094758693,0.0276236905241306,0.0,-2.1218313365142207,-2.1218313365142207,-2.1104996281976662,1058.3998226756592
2024-06-20,2024-06-18,pca_covariance__inverse_vol,risk_on,0.0,Deterministic volatility input fallback,hold,pca_covariance__inverse_vol,Switch review held active pair,,False,False,0.0,0.0,False,hold,,,True,False,risk_on,False,False,21,"{""10"": 5, ""20"": 8, ""60"": 1}","{""10"": false, ""20"": false, ""60"": false}",False,False,2.0,1,0.0019104136554865,1.0,0.0019104136554865,1093.4449721170686,63,0.053482678000643,0.0123696686506155,0.0441753036315489,False,0.2139307120025723,2.4968757236793584,-0.0323763094758693,-0.011834650744262,0.0856793591982733,-0.0143206408017266,0.0181826133991497,-0.0428099827154112,0.0252833374287715,0.0080933201441828,0.0347166625712284,0.0323763094758693,0.0276236905241306,0.0,-2.2390733140175603,-2.2390733140175603,-2.2277416057010058,1060.3923298222585
2024-06-21,2024-06-20,pca_covariance__inverse_vol,risk_on,0.0,Deterministic volatility input fallback,hold,pca_covariance__inverse_vol,Switch review interval hold 1/10,,False,False,0.0,0.0,False,hold,Switch review interval hold 1/10,,False,False,,False,False,22,{},{},,False,2.0,1,-0.003415254928343,1.0,-0.003415254928343,1089.7169484863402,63,0.05302041541979,0.0140185690077661,0.0430052129824392,False,0.2120816616791603,2.4761163280558236,-0.0323763094758694,-0.011834650744262,0.0856509281394226,-0.0143490718605773,0.0187419431171545,-0.045985378231056,0.0232217292077215,0.0092071074387775,0.0367782707922784,0.0323763094758693,0.0276236905241306,0.0,-2.2202029817415694,-2.2202029817415694,-2.2088712734250153,1056.219665057297
2024-06-24,2024-06-21,pca_covariance__inverse_vol,risk_on,0.0,Deterministic volatility input fallback,hold,pca_covariance__inverse_vol,Switch review interval hold 2/10,,False,False,0.0,0.0,False,hold,Switch review interval hold 2/10,,False,False,,False,False,23,{},{},,False,2.0,1,0.0022563910016609,1.0,0.0022563910016609,1092.17855212902,63,0.0453391052282417,0.0190144798212931,0.0420299065814171,False,0.181356420912967,2.1141962219899653,-0.0323763094758693,-0.011834650744262,0.0857803164278986,-0.0142196835721013,0.0189412111632999,-0.0523897631752741,0.0202100805058516,0.0125998436811258,0.0397899194941483,0.0323763094758692,0.0276236905241307,0.0,-1.8943692626337063,-1.8943692626337063,-1.883037554317152,1060.387040333891
2024-06-25,2024-06-24,pca_covariance__inverse_vol,risk_on,0.0,Deterministic volatility input fallback,hold,pca_covariance__inverse_vol,Switch review interval hold 3/10,,False,False,0.0,0.0,False,hold,Switch review interval hold 3/10,,False,False,,False,False,24,{},{},,False,2.0,1,-0.0028580541781729,1.0,-0.0028580541781729,1089.061503124057,63,0.0477707110488241,0.032282219975162,0.0453935991617735,True,0.1910828441952966,2.22668190999016,-0.0323763094758693,-0.011834650744262,0.0858150611176165,-0.0141849388823834,0.0190079705534007,-0.052389763175274,0.0202100805058518,0.0125998436811258,0.0397899194941481,0.0323763094758694,0.0276236905241305,0.0,-1.995945959874071,-1.995945959874071,-1.9846142515575167,1056.4676291988926
2024-06-26,2024-06-25,pca_covariance__inverse_vol,risk_on,0.0,Deterministic volatility input fallback,hold,pca_covariance__inverse_vol,Switch review interval hold 4/10,,False,False,0.0,0.0,False,hold,Switch review interval hold 4/10,,False,False,,False,False,25,{},{},,False,2.0,1,-0.0031316272127181,1.0,-0.0031316272127181,1085.6563031758858,63,0.0457437021540647,0.0260830529166504,0.0358936863922693,True,0.1829748086162588,2.126055465252888,-0.0323763094758693,-0.011834650744262,0.0860630456762305,-0.0139369543237694,0.0191828329787295,-0.052041191132673,0.0203599383814186,0.0124011295140916,0.0396400616185813,0.0323763094758693,0.0276236905241306,0.0,-1.906116160224953,-1.906116160224953,-1.8947844519083987,1052.943892791843
2024-06-27,2024-06-26,pca_covariance__inverse_vol,risk_on,0.0,Deterministic volatility input fallback,hold,pca_covariance__inverse_vol,Switch review interval hold 5/10,,False,False,0.0,0.0,False,hold,Switch review interval hold 5/10,,False,False,,False,False,26,{},{},,False,2.0,1,0.0056757291161744,1.0,0.0056757291161744,1091.8357140084022,63,0.0434447424492953,0.0204594155317023,0.0318963833144113,True,0.1737789697971813,2.012387791634128,-0.0323763094758692,-0.011834650744262,0.0863546134197459,-0.0136453865802541,0.0188494240021439,-0.050269677346921,0.0211384869218126,0.0114081642687336,0.0388615130781873,0.0323763094758693,0.0276236905241306,0.0,-1.8046054407499457,-1.8046054407499457,-1.7932737324333912,1059.2935997396803
2024-06-28,2024-06-27,pca_covariance__inverse_vol,risk_on,0.0,Deterministic volatility input fallback,hold,pca_covariance__inverse_vol,Switch review interval hold 6/10,,False,False,0.0,0.0,False,hold,Switch review interval hold 6/10,,False,False,,False,False,27,{},{},,False,2.0,1,-0.0059405627628899,1.0,-0.0059405627628899,1085.3688229269376,63,0.0397949822504887,0.0346067567809958,0.052116048330852,True,0.1591799290019551,1.8689342672301197,-0.0323763094758693,-0.011834650744262,0.0851714968220204,-0.0148285031779796,0.0190188593059813,-0.050269677346921,0.0211384869218126,0.0114081642687337,0.0388615130781873,0.0323763094758693,0.0276236905241306,0.0,-1.671166523474197,-1.671166523474197,-1.6598348151576423,1055.6168961434246
2024-07-01,2024-06-28,pca_covariance__inverse_vol,risk_on,0.0,Deterministic volatility input fallback,hold,pca_covariance__inverse_vol,Switch review interval hold 7/10,,False,False,0.0,0.0,False,hold,Switch review interval hold 7/10,,False,False,,False,False,28,{},{},,False,2.0,1,-0.0011142777582147,1.0,-0.0011142777582147,1084.160094142955,63,0.0257111652966897,0.0305930697186773,0.0478832114711115,True,0.1028446611867589,1.2130797972758758,-0.0323763094758692,-0.011834650744262,0.0847797988373968,-0.0152202011626031,0.0190210570669823,-0.0501234836438788,0.0212042150234269,0.0113276986673058,0.038795784976573,0.0323763094758692,0.0276236905241307,0.0,-1.0795621370875668,-1.0795621370875668,-1.0682304287710125,1057.1514448282794
2024-07-02,2024-07-01,pca_covariance__inverse_vol,risk_on,0.0,Deterministic volatility input fallback,hold,pca_covariance__inverse_vol,Switch review interval hold 8/10,,False,False,0.0,0.0,False,hold,Switch review interval hold 8/10,,False,False,,False,False,29,{},{},,False,2.0,1,0.0036367887743177,1.0,0.0036367887743177,1088.110133779123,63,0.0256131914609702,0.025662593253064,0.0449669517966088,True,0.1024527658438811,1.208358705049698,-0.0323763094758693,-0.011834650744262,0.0847867155801781,-0.0152132844198218,0.0188064534414873,-0.0495152586853523,0.021480572959767,0.0109958316451194,0.0385194270402329,0.0323763094758694,0.0276236905241305,0.0,-1.0753383933423146,-1.0753383933423146,-1.06400668502576,1059.3158868476944
2024-07-03,2024-07-02,pca_covariance__inverse_vol,risk_on,0.0,Deterministic volatility input fallback,hold,pca_covariance__inverse_vol,Switch review interval hold 9/10,,False,False,0.0,0.0,False,hold,Switch review interval hold 9/10,,False,False,,False,False,30,{},{},,False,2.0,1,0.0054340898183651,1.0,0.0054340898183651,1094.0391167013158,63,0.0279747713647404,0.0322307341960683,0.0442415767482112,True,0.1118990854589617,1.3162074356188074,-0.0323763094758693,-0.011834650744262,0.0850162994303044,-0.0149837005696955,0.018930794165256,-0.0495152586853522,0.0214805729597671,0.0109958316451193,0.0385194270402328,0.0323763094758693,0.0276236905241306,0.0,-1.1729387099516508,-1.1729387099516508,-1.1616070016350966,1064.340994119646
2024-07-05,2024-07-03,pca_covariance__inverse_vol,risk_on,0.0,Deterministic volatility input fallback,hold,pca_covariance__inverse_vol,Switch review held active pair,,False,False,0.0,0.0,False,hold,,,True,False,risk_on,False,False,31,"{""10"": 14, ""20"": 7, ""60"": 1}","{""10"": true, ""20"": false, ""60"": false}",False,False,2.0,1,0.0053882618893065,1.0,0.0053882618893065,1099.9499963619978,63,0.0305903236757903,0.037360104099766,0.0407125763911986,True,0.1223612947031613,1.4315794911909427,-0.0323763094758692,-0.011834650744262,0.0854729307426498,-0.0145270692573501,0.0189635333750991,-0.0495152586853523,0.021480572959767,0.0109958316451193,0.0385194270402329,0.0323763094758692,0.0276236905241307,0.0,-1.277984225032493,-1.277984225032493,-1.2666525167159393,1069.2976230064887
2024-07-08,2024-07-05,pca_covariance__inverse_vol,risk_on,0.0,Deterministic volatility input fallback,hold,pca_covariance__inverse_vol,Switch review interval hold 1/10,,False,False,0.0,0.0,False,hold,Switch review interval hold 1/10,,False,False,,False,False,32,{},{},,False,2.0,1,-0.0030858611090494,1.0,-0.0030858611090494,1096.5609352216816,63,0.0381325870179335,0.0335597993563221,0.0436557067860865,True,0.152530348071734,1.7765741509595316,-0.0323763094758694,-0.011834650744262,0.0858564490479342,-0.0141435509520657,0.0189333342359487,-0.0502139509398249,0.0204321577820973,0.0106461087219223,0.0395678422179026,0.0323763094758692,0.0276236905241307,0.0,-1.5901309542782662,-1.5901309542782662,-1.5787992459617122,1065.2259306396409
2024-07-09,2024-07-08,pca_covariance__inverse_vol,risk_on,0.0,Deterministic volatility input fallback,hold,pca_covariance__inverse_vol,Switch review interval hold 2/10,,False,False,0.0,0.0,False,hold,Switch review interval hold 2/10,,False,False,,False,False,33,{},{},,False,2.0,1,-0.0020431624667728,1.0,-0.0020431624667728,1094.3227703221698,63,0.0297278882389705,0.0263124381969656,0.0437211131227152,True,0.118911552955882,1.3887286485758463,-0.0323763094758693,-0.011834650744262,0.085626197081645,-0.0143738029183549,0.0187691091440136,-0.0521409981181421,0.0193854392574964,0.0115264373756385,0.0406145607425035,0.0323763094758692,0.0276236905241307,0.0,-1.239749771390041,-1.239749771390041,-1.2284180630734869,1062.990811311397
2024-07-10,2024-07-09,pca_covariance__inverse_vol,risk_on,0.0,Deterministic volatility input fallback,hold,pca_covariance__inverse_vol,Switch review interval hold 3/10,,False,False,0.0,0.0,False,hold,Switch review interval hold 3/10,,False,False,,False,False,34,{},{},,False,2.0,1,0.0048220610685531,1.0,0.0048220610685531,1099.6124047698756,63,0.0264286260964626,0.037028604353935,0.0330885725652208,True,0.1057145043858505,1.2327140149617035,-0.0323763094758692,-0.011834650744262,0.0857575261599785,-0.0142424738400214,0.0188055565227927,-0.0524332504085331,0.0186548841462626,0.0110881345547958,0.0413451158537373,0.0323763094758693,0.0276236905241306,0.0,-1.0993781978415391,-1.0993781978415391,-1.0880464895249848,1067.4690232902078
2024-07-11,2024-07-10,pca_covariance__inverse_vol,risk_on,0.0,Deterministic volatility input fallback,hold,pca_covariance__inverse_vol,Switch review interval hold 4/10,,False,False,0.0,0.0,False,hold,Switch review interval hold 4/10,,False,False,,False,False,35,{},{},,False,2.0,1,0.0053548566410477,1.0,0.0053548566410477,1105.516465148614,63,0.0280090949408545,0.034525533354168,0.038753300946703,True,0.1120363797634183,1.3023434752776282,-0.0293323383536565,-0.011834650744262,0.0860267524583212,-0.0139732475416787,0.0186750522129176,-0.0526044243963389,0.0181390907768431,0.0107435151731821,0.0418609092231568,0.0323763094758693,0.0276236905241306,0.0,-1.1638619276050457,-1.1638619276050457,-1.153595609181266,1075.1004918847811
2024-07-12,2024-07-11,pca_covariance__inverse_vol,risk_on,0.0,Deterministic volatility input fallback,hold,pca_covariance__inverse_vol,Switch review interval hold 5/10,,False,False,0.0,0.0,False,hold,Switch review interval hold 5/10,,False,False,,False,False,36,{},{},,False,2.0,1,0.0004716357567981,1.0,0.0004716357567981,1106.0379892183391,63,0.0423879408827343,0.0356610786602939,0.0439667085163712,True,0.1695517635309373,2.009259512165414,-0.0293323383536564,-0.0116965564523338,0.0843851988776743,-0.0156148011223257,0.0186829025770804,-0.0527055009982263,0.0179000449230685,0.0106055459212948,0.0420999550769314,0.0323763094758694,0.0276236905241305,0.0,-1.795850792021186,-1.795850792021186,-1.785584473597406,1075.543109403358
2024-07-15,2024-07-12,pca_covariance__inverse_vol,risk_on,0.0,Deterministic volatility input fallback,hold,pca_covariance__inverse_vol,Switch review interval hold 6/10,,False,False,0.0,0.0,False,hold,Switch review interval hold 6/10,,False,False,,False,False,37,{},{},,False,2.0,1,-0.0015415018732189,1.0,-0.0015415018732189,1104.3343430103723,63,0.0369764707990115,0.0305959745917457,0.0416382345591578,True,0.1479058831960461,1.7667035995579912,-0.0267218141632576,-0.0116965564523338,0.0837185610721857,-0.0162814389278142,0.0187733273416125,-0.0536945932363601,0.0174215146836281,0.0111161079199883,0.0425784853163718,0.0323763094758692,0.0276236905241307,0.0,,,,1074.4808240390332
2024-07-16,2024-07-15,pca_covariance__inverse_vol,risk_on,0.0,Deterministic volatility input fallback,hold,pca_covariance__inverse_vol,Switch review interval hold 7/10,,False,False,0.0,0.0,False,hold,Switch review interval hold 7/10,,False,False,,False,False,38,{},{},,False,2.0,1,0.0073317458126641,1.0,0.0073317458126641,1112.4607958460458,63,0.0381207698322692,0.0233842136000144,0.029955123107247,True,0.1524830793290769,1.824661135499784,-0.0246586406855797,-0.0116965564523338,0.0835678890520738,-0.0164321109479262,0.0183518271819685,-0.0536945932363602,0.0174215146836281,0.0111161079199883,0.0425784853163718,0.0323763094758693,0.0276236905241306,0.0,-1.6288427864382529,-1.6288427864382529,-1.6202122621983,1080.0603167647364
2024-07-17,2024-07-16,pca_covariance__inverse_vol,risk_on,0.0,Deterministic volatility input fallback,hold,pca_covariance__inverse_vol,Switch review interval hold 8/10,,False,False,0.0,0.0,False,hold,Switch review interval hold 8/10,,False,False,,False,False,39,{},{},,False,2.0,1,-0.0039434349437034,1.0,-0.0039434349437034,1108.082517471939,63,0.0475700908830267,0.0249408217911052,0.037709179308162,True,0.1902803635321069,2.253201909709412,-0.0237024572704809,-0.0116965564523338,0.0844488737170681,-0.0155511262829318,0.0184259489036162,-0.0536945932363601,0.0174215146836282,0.0111161079199883,0.0425784853163717,0.0323763094758693,0.0276236905241306,0.0,,,,1080.5622739154742
2024-07-18,2024-07-17,pca_covariance__inverse_vol,risk_on,0.0,Deterministic volatility input fallback,hold,pca_covariance__inverse_vol,Switch review interval hold 9/10,,False,False,0.0,0.0,False,hold,Switch review interval hold 9/10,,False,False,,False,False,40,{},{},,False,2.0,1,-0.0061010971611254,1.0,-0.0061010971611254,1101.3425797845723,63,0.0472548608916169,0.0218115160333026,0.0289039363224986,True,0.1890194435664678,2.236447970430007,-0.0237024572704811,-0.0116965564523338,0.0845177022070961,-0.0154822977929038,0.018177901482625,-0.05369459323636,0.0174215146836282,0.0111161079199883,0.0425784853163717,0.0323763094758693,0.0276236905241306,0.0,,,,1074.3524126780353
2024-07-19,2024-07-18,pca_covariance__inverse_vol,risk_on,0.0,Deterministic volatility input fallback,hold,pca_covariance__inverse_vol,Switch review held active pair,,False,False,0.0,0.0,False,hold,,,True,False,risk_on,False,False,41,"{""10"": 18, ""20"": 15, ""60"": 15}","{""10"": true, ""20"": true, ""60"": true}",True,False,1.0,15,-0.0095048931337348,1.0,-0.0095048931337348,1090.924028306103,63,0.0489541866817422,0.0091071391401658,0.0214768077907813,False,0.1958167467269691,2.3343502234819233,-0.0237024572704809,-0.0116965564523338,0.083884904997198,-0.0161150950028019,0.0179254745643728,-0.0505126688381957,0.019016818822658,0.0095294876608537,0.0409831811773419,0.0323763094758694,0.0276236905241305,0.0,,,,1064.640981497797
2024-07-22,2024-07-19,pca_covariance__inverse_vol,risk_on,0.0,Deterministic volatility input fallback,hold,pca_covariance__inverse_vol,Switch review interval hold 1/10,,False,False,0.0,0.0,False,hold,Switch review interval hold 1/10,,False,False,,False,False,42,{},{},,False,1.0,15,0.0028703317761439,1.0,0.0028703317761439,1094.059840467609,63,0.0397775671698926,-0.0023081676490555,0.0117104013587106,False,0.1591102686795705,1.8426636050197245,-0.023702457270481,-0.0119548767024878,0.0863479737951775,-0.0136520262048224,0.0172688215355837,-0.0416145812373029,0.023699478884645,0.005314060121948,0.0363005211153549,0.0323763094758692,0.0276236905241307,0.0,,,,1066.6090322977109
2024-07-23,2024-07-22,pca_covariance__inverse_vol,risk_on,0.0,Deterministic volatility input fallback,hold,pca_covariance__inverse_vol,Switch review interval hold 2/10,,False,False,0.0,0.0,False,hold,Switch review interval hold 2/10,,False,False,,False,False,43,{},{},,False,1.0,15,-0.0021674310333033,1.0,-0.0021674310333033,1091.6911091752556,63,0.0416782469424691,0.0039774190554314,0.0229918988767245,False,0.1667129877698766,1.9281684630607032,-0.0237024572704811,-0.0119548767024878,0.0864618372116939,-0.013538162788306,0.0170185156619506,-0.0416145812373029,0.023699478884645,0.005314060121948,0.0363005211153549,0.0323763094758692,0.0276236905241307,0.0,,,,1064.0121006655938
2024-07-24,2024-07-23,pca_covariance__inverse_vol,risk_on,0.0,Deterministic volatility input fallback,hold,pca_covariance__inverse_vol,Switch review interval hold 3/10,,False,False,0.0,0.0,False,hold,Switch review interval hold 3/10,,False,False,,False,False,44,{},{},,False,1.0,15,-0.0110422717160028,1.0,-0.0110422717160028,1079.702670928124,63,0.0444804503808205,-0.0004464029795328,0.0318358169956291,False,0.1779218015232821,2.0712701766288983,-0.023702457270481,-0.0119548767024878,0.0858998519511632,-0.0141001480488367,0.017109449302941,-0.0416145812373029,0.023699478884645,0.0053140601219479,0.0363005211153549,0.0323763094758692,0.0276236905241307,0.0,-1.8592228886580675,-1.8592228886580675,-1.8509270286133992,1056.9250180443105
2024-07-25,2024-07-24,pca_covariance__inverse_vol,risk_on,0.0,Deterministic volatility input fallback,hold,pca_covariance__inverse_vol,Switch review interval hold 4/10,,False,False,0.0,0.0,False,hold,Switch review interval hold 4/10,,False,False,,False,False,45,{},{},,False,1.0,15,-0.0008531402592912,1.0,-0.0008531402592912,1078.7819259296512,63,0.0303576743602214,-0.0086306205173627,0.0174524323992876,False,0.1214306974408857,1.3658566484003631,-0.0294465432312232,-0.0123392213480548,0.0889044231567789,-0.011095576843221,0.0168536679747777,-0.0310896412051219,0.0301789847923848,0.0012686259975067,0.0298210152076151,0.0323763094758693,0.0276236905241306,0.0,,,,1056.1830859055383
2024-07-26,2024-07-25,pca_covariance__inverse_vol,risk_on,0.0,Deterministic volatility input fallback,hold,pca_covariance__inverse_vol,Switch review interval hold 5/10,,False,False,0.0,0.0,False,hold,Switch review interval hold 5/10,,False,False,,False,False,46,{},{},,False,1.0,15,0.0049898732706546,1.0,0.0049898732706546,1084.1783635996765,63,0.0319444826282511,-0.0063521335639359,0.0141072819677664,False,0.1277779305130045,1.4397680863656594,-0.0302742083515681,-0.0123392213480548,0.0887489670892403,-0.0112510329107596,0.0167088504585775,-0.0301105028548409,0.0307997336326433,0.0009102364874843,0.0292002663673566,0.0323763094758692,0.0276236905241307,0.0,,,,1059.3970764975204
2024-07-29,2024-07-26,pca_covariance__inverse_vol,risk_on,0.0,Deterministic volatility input fallback,hold,pca_covariance__inverse_vol,Switch review interval hold 6/10,,False,False,0.0,0.0,False,hold,Switch review interval hold 6/10,,False,False,,False,False,47,{},{},,False,1.0,15,0.0013153406584713,1.0,0.0013153406584713,1085.6053657736031,63,0.0380416574776012,-0.0070379894094556,0.0275687673715401,False,0.1521666299104051,1.7071458897325338,-0.0302742083515682,-0.0123392213480548,0.0891351060419597,-0.0108648939580402,0.0172581796263541,-0.0301105028548408,0.0307997336326434,0.0009102364874843,0.0292002663673565,0.0323763094758693,0.0276236905241306,0.0,,,,1059.0450210311233
2024-07-30,2024-07-29,pca_covariance__inverse_vol,risk_on,0.0,Deterministic volatility input fallback,hold,pca_covariance__inverse_vol,Switch review interval hold 7/10,,False,False,0.0,0.0,False,hold,Switch review interval hold 7/10,,False,False,,False,False,48,{},{},,False,1.0,15,0.0009408070584939,1.0,0.0009408070584939,1086.627191559548,63,0.0327151395447413,0.0002179140119056,0.0308109837305829,False,0.1308605581789654,1.4819784928842972,-0.0302742083515682,-0.0123392213480548,0.0883012532282289,-0.011698746771771,0.0173783562490844,-0.0301105028548409,0.0307997336326433,0.0009102364874843,0.0292002663673566,0.0323763094758692,0.0276236905241307,0.0,,,,1060.0427288771996
2024-07-31,2024-07-30,pca_covariance__inverse_vol,risk_on,0.0,Deterministic volatility input fallback,hold,pca_covariance__inverse_vol,Switch review interval hold 8/10,,False,False,0.0,0.0,False,hold,Switch review interval hold 8/10,,False,False,,False,False,49,{},{},,False,1.0,15,0.0148035200355187,1.0,0.0148035200355187,1102.8327526902278,63,0.0327902707380954,0.0022729988286142,0.0279355920816782,False,0.1311610829523818,1.4853595949889005,-0.0302742083515681,-0.0123392213480548,0.0883025789814633,-0.0116974210185366,0.0174570875295314,-0.032300139814417,0.0298418335224434,0.0021419733368604,0.0301581664775565,0.0323763094758693,0.0276236905241306,0.0,,,,1074.582189219961
2024-08-01,2024-07-31,pca_covariance__inverse_vol,risk_on,0.0,Deterministic volatility input fallback,hold,pca_covariance__inverse_vol,Switch review interval hold 9/10,,False,False,0.0,0.0,False,hold,Switch review interval hold 9/10,,False,False,,False,False,50,{},{},,False,1.0,15,-0.0023160286173347,1.0,-0.0023160286173347,1100.2815159838742,63,0.0621377266738804,0.0134397300898151,0.0456704642858835,False,0.2485509066955216,2.842006759936824,-0.0302742083515681,-0.0110794606564219,0.0874561279020486,-0.0125438720979513,0.0172317659297839,-0.0362704041241509,0.0283523523477848,0.0046227564719357,0.0316476476522151,0.0323763094758694,0.0276236905241305,0.0,-2.559982613584154,-2.559982613584154,-2.549386640661105,1071.5205336054707
2024-08-02,2024-08-01,pca_covariance__inverse_vol,risk_on,0.0,Deterministic volatility input fallback,hold,pca_covariance__inverse_vol,Switch review held active pair,,False,False,0.0,0.0,False,hold,,,True,False,risk_on,False,False,51,"{""10"": 15, ""20"": 16, ""60"": 14}","{""10"": true, ""20"": true, ""60"": true}",True,False,2.0,14,-0.0069849823636376,1.0,-0.0069849823636376,1092.622847969025,63,0.0615294239596949,0.0056896116541152,0.0430497157538812,False,0.2461176958387799,2.8114655543003693,-0.030274208351568,-0.0110794606564219,0.0875407118050308,-0.0124592881949691,0.0171814417685759,-0.0406932934221121,0.0267222873263666,0.0074155807484787,0.0332777126736333,0.0323763094758692,0.0276236905241307,0.0,-2.53277244234844,-2.53277244234844,-2.522176469425391,1065.9654353077249
2024-08-05,2024-08-02,pca_covariance__inverse_vol,defensive,0.0,Deterministic volatility input fallback,hold,pca_covariance__inverse_vol,Switch review interval hold 1/10,,False,False,0.0,0.0,False,hold,Switch review interval hold 1/10,,False,True,,False,False,52,{},{},,False,,14,-0.0151963982241381,1.0,-0.0151963982241381,1076.1444394045518,63,0.0527424596797693,-0.0066836325988289,0.0268761667574932,False,0.2109698387190773,2.3716056172318067,-0.0302742083515682,-0.0110794606564219,0.0889565436960493,-0.0110434563039506,0.0168272578710764,-0.040693293422112,0.0267222873263667,0.0074155807484787,0.0332777126736332,0.0323763094758693,0.0276236905241306,0.0,-2.1406834916400195,-2.1406834916400195,-2.1300875187169708,1055.798422487329
2024-08-06,2024-08-05,pca_covariance__inverse_vol,defensive,0.0,Deterministic volatility input fallback,hold,pca_covariance__inverse_vol,Switch review interval hold 2/10,,False,False,0.0,0.0,False,hold,Switch review interval hold 2/10,,False,False,,False,False,53,{},{},,False,,14,-0.0033590890248389,1.0,-0.0033590890248389,1072.5356389633023,63,0.0331838976329158,-0.0187941697139176,0.0075182684830479,False,0.1327355905316632,1.4083423919952296,-0.0326450663044486,-0.0125023369290227,0.0942495172240138,-0.0057504827759861,0.0169939859639312,-0.0331231694726848,0.0305337454749994,0.0036569149476843,0.0294662545250005,0.0326450663044486,0.0273549336955513,0.0,,,,1052.3489401177294
2024-08-07,2024-08-06,pca_covariance__inverse_vol,defensive,0.0,Deterministic volatility input fallback,hold,pca_covariance__inverse_vol,Switch review interval hold 3/10,,False,False,0.0,0.0,False,hold,Switch review interval hold 3/10,,False,False,,False,False,54,{},{},,False,,14,0.0005461317597072,1.0,0.0005461317597072,1073.121544715465,63,0.0208617184326991,-0.0201100962719837,0.0169185080819512,False,0.0834468737307965,0.8974718835717913,-0.0358890461864588,-0.0125023369290227,0.0929799309129235,-0.0070200690870764,0.0169755575735081,-0.0298598460796591,0.0337848055734397,0.0036446516530989,0.0262151944265602,0.035889046186459,0.0241109538135409,0.0,,,,1054.3456430988988
2024-08-08,2024-08-07,pca_covariance__inverse_vol,defensive,0.0,Deterministic volatility input fallback,hold,pca_covariance__inverse_vol,Switch review interval hold 4/10,,False,False,0.0,0.0,False,hold,Switch review interval hold 4/10,,False,False,,False,False,55,{},{},,False,,14,0.0086640261749674,1.0,0.0086640261749674,1082.459491562807,63,0.0189627186979876,-0.0243860255808297,0.0101395077733383,False,0.0758508747919507,0.8166373149663201,-0.035889046186459,-0.0125023369290227,0.0928819604515365,-0.0071180395484634,0.0186783115547159,-0.029859846079659,0.0337848055734398,0.0036446516530988,0.0262151944265601,0.0358890461864589,0.024110953813541,0.0,,,,1062.2878792703225
2024-08-09,2024-08-08,pca_covariance__inverse_vol,defensive,0.0,Deterministic volatility input fallback,hold,pca_covariance__inverse_vol,Switch review interval hold 5/10,,False,False,0.0,0.0,False,hold,Switch review interval hold 5/10,,False,False,,False,False,56,{},{},,False,,14,0.0059632228261307,1.0,0.0059632228261307,1088.933723168794,63,0.0307780123186332,-0.0210768560469101,0.0145842226133838,False,0.1231120492745329,1.30837924143591,-0.0358890461864589,-0.0125023369290227,0.094095079909263,-0.0059049200907369,0.0188822309807888,-0.0298598460796591,0.0337848055734398,0.0036446516530989,0.0262151944265602,0.0358890461864589,0.024110953813541,0.0,,,,1067.779748025118
2024-08-12,2024-08-09,pca_covariance__inverse_vol,defensive,0.0,Deterministic volatility input fallback,hold,pca_covariance__inverse_vol,Switch review interval hold 6/10,,False,False,0.0,0.0,False,hold,Switch review interval hold 6/10,,False,False,,False,False,57,{},{},,False,,14,0.0080545042315102,1.0,0.0080545042315102,1097.7399617842834,63,0.0281518570540425,-0.0155852689775774,0.0150107056141682,False,0.11260742821617,1.2066867141259705,-0.0358890461864587,-0.0125023369290227,0.0933195227045605,-0.0066804772954394,0.0186795770089602,-0.029859846079659,0.0337848055734398,0.0036446516530989,0.0262151944265601,0.0358890461864589,0.024110953813541,0.0,,,,1076.1857872344526
2024-08-13,2024-08-12,pca_covariance__inverse_vol,defensive,0.0,Deterministic volatility input fallback,hold,pca_covariance__inverse_vol,Switch review interval hold 7/10,,False,False,0.0,0.0,False,hold,Switch review interval hold 7/10,,False,False,,False,False,58,{},{},,False,,14,0.0005606630647435,1.0,0.0005606630647435,1098.3555966012736,63,0.0370490285984817,-0.0059892628728482,0.0173949507271662,False,0.1481961143939269,1.5680674015300309,-0.0358890461864588,-0.0125023369290227,0.0945087655347758,-0.0054912344652241,0.0189034164125132,-0.0298598460796592,0.0337848055734396,0.0036446516530989,0.0262151944265603,0.0358890461864588,0.0241109538135411,0.0,,,,1077.268335707767
2024-08-14,2024-08-13,pca_covariance__inverse_vol,defensive,0.0,Deterministic volatility input fallback,hold,pca_covariance__inverse_vol,Switch review interval hold 8/10,,False,False,0.0,0.0,False,hold,Switch review interval hold 8/10,,False,False,,False,False,59,{},{},,False,,14,-0.0007418184606139,1.0,-0.0007418184606139,1097.5411182782743,63,0.0374682425918456,-0.0127603456207688,0.0121804761703363,False,0.1498729703673826,1.585882978944241,-0.0358890461864588,-0.0125023369290227,0.0945044321411132,-0.0054955678588867,0.0188110149299067,-0.0306311381847483,0.0328324518288486,0.0034635900135969,0.0271675481711513,0.035889046186459,0.0241109538135409,0.0,,,,1075.3412604267855
2024-08-15,2024-08-14,pca_covariance__inverse_vol,defensive,0.0,Deterministic volatility input fallback,hold,pca_covariance__inverse_vol,Switch review interval hold 9/10,,False,False,0.0,0.0,False,hold,Switch review interval hold 9/10,,False,False,,False,False,60,{},{},,False,,14,0.0042243867764977,1.0,0.0042243867764977,1102.187363323533,63,0.0339263144172202,-0.0095587291376793,0.0122527868956233,False,0.1357052576688808,1.4370389085267412,-0.0358890461864589,-0.0125023369290227,0.0944339480745211,-0.0055660519254788,0.0187564276701432,-0.0337215616062287,0.0311168117568345,0.0048383733630632,0.0288831882431654,0.0358890461864589,0.024110953813541,0.0,,,,1079.061225132495
2024-08-16,2024-08-15,pca_covariance__inverse_vol,defensive,0.0,Deterministic volatility input fallback,hold,pca_covariance__inverse_vol,Switch review held active pair,,False,False,0.0,0.0,False,hold,,,True,False,defensive,False,False,61,"{""10"": 18, ""20"": 17, ""60"": 16}","{""10"": true, ""20"": true, ""60"": true}",True,False,,16,-0.0005527395161277,1.0,-0.0005527395161277,1101.5783091533078,63,0.0280090916150261,0.0007667547999438,0.0098738939401096,False,0.1120363664601046,1.2084070648241692,-0.0358890461864587,-0.0125023369290227,0.092714094216593,-0.007285905783407,0.0186637155511916,-0.0378245375519211,0.0294086425440447,0.0072331800959658,0.0305913574559552,0.0358890461864589,0.024110953813541,0.0,,,,1080.0684173269656
2024-08-19,2024-08-16,pca_covariance__inverse_vol,balanced,0.0,Deterministic volatility input fallback,hold,pca_covariance__inverse_vol,Switch review interval hold 1/10,,False,False,0.0,0.0,False,hold,Switch review interval hold 1/10,,False,True,,False,False,62,{},{},,False,5.0,16,-0.0026739388714978,1.0,-0.0026739388714978,1098.6366906991302,63,0.0278786624871492,0.0097189084175508,0.0074107407684952,True,0.1115146499485968,1.2027108504815476,-0.0358890461864589,-0.0125023369290227,0.0927194178916304,-0.0072805821083695,0.0190483074175043,-0.0476732445258971,0.0256509074260836,0.0133241519519807,0.0343490925739163,0.0358890461864589,0.024110953813541,0.0,,,,1078.35459943424
2024-08-20,2024-08-19,pca_covariance__inverse_vol,balanced,0.0,Deterministic volatility input fallback,hold,pca_covariance__inverse_vol,Switch review interval hold 2/10,,False,False,0.0,0.0,False,hold,Switch review interval hold 2/10,,False,False,,False,False,63,{},{},,False,5.0,16,-0.0007802336560382,1.0,-0.0007802336560382,1097.7798316958736,63,0.0203429155736913,0.004174637769909,0.0081520568253404,True,0.0813716622947655,0.8798441991032401,-0.0358890461864589,-0.0125023369290227,0.0924841720587595,-0.0075158279412404,0.0190936214247916,-0.0477614603879922,0.025617913590693,0.0133793739786853,0.0343820864093069,0.035889046186459,0.0241109538135409,0.0,,,,1078.1898118558474
2024-08-21,2024-08-20,pca_covariance__inverse_vol,balanced,0.0,Deterministic volatility input fallback,hold,pca_covariance__inverse_vol,Switch review interval hold 3/10,,False,False,0.0,0.0,False,hold,Switch review interval hold 3/10,,False,False,,False,False,64,{},{},,False,5.0,16,-0.0023533423239755,1.0,-0.0023533423239755,1095.19941744548,63,0.0182366505470612,0.0055618351471741,0.0051154321676413,True,0.0729466021882451,0.788720602256635,-0.0358890461864587,-0.0125023369290227,0.0924872533816603,-0.0075127466183396,0.0184234034499304,-0.0472420527853913,0.025812267797557,0.0130543205829483,0.0341877322024429,0.035889046186459,0.0241109538135409,0.0,,,,1076.3904664954612
2024-08-22,2024-08-21,pca_covariance__inverse_vol,balanced,0.0,Deterministic volatility input fallback,hold,pca_covariance__inverse_vol,Switch review interval hold 4/10,,False,False,0.0,0.0,False,hold,Switch review interval hold 4/10,,False,False,,False,False,65,{},{},,False,5.0,16,-0.0024281704131163,1.0,-0.0024281704131163,1092.5433126661312,63,0.0156217949247497,0.0142507645392013,0.0056201440218386,True,0.0624871796989991,0.6745292911907468,-0.0358890461864589,-0.0125023369290227,0.0926382004681968,-0.0073617995318031,0.0180262805832102,-0.0456816983567689,0.0263975617176879,0.0120792600744568,0.033602438282312,0.0358890461864587,0.0241109538135412,0.0,,,,1074.090384180526
2024-08-23,2024-08-22,pca_covariance__inverse_vol,balanced,0.0,Deterministic volatility input fallback,hold,pca_covariance__inverse_vol,Switch review interval hold 5/10,,False,False,0.0,0.0,False,hold,Switch review interval hold 5/10,,False,False,,False,False,66,{},{},,False,5.0,16,0.0093490760551887,1.0,0.0093490760551887,1102.8054793310168,63,0.0216047902535034,0.0126757343853763,0.0063236008214404,True,0.0864191610140137,0.9483521191293762,-0.035889046186459,-0.0125023369290227,0.0911256054273911,-0.0088743945726089,0.0179408275273057,-0.0440828298365336,0.0270000238914828,0.0110828537280165,0.0329999761085171,0.0358890461864589,0.024110953813541,0.0,,,,1086.4722835706402
2024-08-26,2024-08-23,pca_covariance__inverse_vol,balanced,0.0,Deterministic volatility input fallback,hold,pca_covariance__inverse_vol,Switch review interval hold 6/10,,False,False,0.0,0.0,False,hold,Switch review interval hold 6/10,,False,False,,False,False,67,{},{},,False,5.0,16,0.0044887161084032,1.0,0.0044887161084032,1107.7667866703432,63,0.0419652154609001,0.0170349371699104,0.0099969477604547,True,0.1678608618436006,1.8671029347547867,-0.035889046186459,-0.0121257229244045,0.0899044496792279,-0.010095550320772,0.0178428675912721,-0.0440828298365335,0.0270000238914829,0.0110828537280164,0.032999976108517,0.035889046186459,0.0241109538135409,0.0,,,,1091.6120263484331
2024-08-27,2024-08-26,pca_covariance__inverse_vol,balanced,0.0,Deterministic volatility input fallback,hold,pca_covariance__inverse_vol,Switch review interval hold 7/10,,False,False,0.0,0.0,False,hold,Switch review interval hold 7/10,,False,False,,False,False,68,{},{},,False,5.0,16,-0.0038612574180595,1.0,-0.0038612574180595,1103.4976613478832,63,0.0431128186889647,0.0202083126198423,0.0204262266317479,True,0.1724512747558589,1.9145856163131476,-0.0358890461864587,-0.0121257229244045,0.090072375602582,-0.0099276243974179,0.0177936643998688,-0.0440828298365336,0.0270000238914828,0.0110828537280165,0.0329999761085171,0.0358890461864589,0.024110953813541,0.0,,,,1088.7893163041435
2024-08-28,2024-08-27,pca_covariance__inverse_vol,balanced,0.0,Deterministic volatility input fallback,hold,pca_covariance__inverse_vol,Switch review interval hold 8/10,,False,False,0.0,0.0,False,hold,Switch review interval hold 8/10,,False,False,,False,False,69,{},{},,False,5.0,16,-0.0033204380965058,1.0,-0.0033204380965058,1099.8396421477923,63,0.0367595510986752,0.0154062481432888,0.0176792469719031,True,0.147038204394701,1.6256369203909002,-0.0358890461864589,-0.0121257229244045,0.0904495970473802,-0.0095504029526198,0.0180244046583421,-0.0440828298365336,0.0270000238914828,0.0110828537280164,0.0329999761085171,0.0358890461864589,0.024110953813541,0.0,,,,1083.516009132309
2024-08-29,2024-08-28,pca_covariance__inverse_vol,balanced,0.0,Deterministic volatility input fallback,hold,pca_covariance__inverse_vol,Switch review interval hold 9/10,,False,False,0.0,0.0,False,hold,Switch review interval hold 9/10,,False,False,,False,False,70,{},{},,False,5.0,16,0.0043108707553852,1.0,0.0043108707553852,1104.5911428912073,63,0.0419107251352884,-0.0027177099887356,0.0107220201010794,False,0.1676429005411538,1.8851644724674943,-0.0358890461864588,-0.0121257229244045,0.0889274665365011,-0.0110725334634989,0.0180996913027441,-0.0446655692173999,0.0264362706878965,0.0111018399052964,0.0335637293121034,0.0358890461864589,0.024110953813541,0.0,,,,1087.3319288596138
2024-08-30,2024-08-29,expanding_covariance__hysteresis_portfolio,balanced,0.0,Deterministic volatility input fallback,switch,expanding_covariance__hysteresis_portfolio,,,True,True,0.0,0.0,False,switch,,,True,False,balanced,False,False,71,"{""10"": 18, ""20"": 18, ""60"": 15}","{""10"": true, ""20"": true, ""60"": true}",True,False,5.0,1,-0.0046279492584883,1.0,-0.0046279492584883,1099.49096192283,63,0.0481484715912451,0.0039091893839843,0.0095988010380996,False,0.1925938863649807,2.162435203422446,-0.0358890461864589,-0.0121257229244045,0.0890634253734706,-0.0109365746265293,0.0179663168926465,-0.0472665826860061,0.0245910878397,0.0118576705257061,0.0354089121602999,0.035889046186459,0.0241109538135409,0.0,,,,1081.7894525573663
2024-09-03,2024-08-30,expanding_covariance__hysteresis_portfolio,risk_on,0.0,Deterministic volatility input fallback,hold,expanding_covariance__hysteresis_portfolio,Switch review interval hold 1/10,,False,False,0.0,0.0,False,hold,Switch review interval hold 1/10,,False,True,,False,False,2,{},{},,False,15.0,1,-0.0056581300658642,1.0,-0.0056581300658642,1093.2874656983893,63,0.0539060291816166,0.0104884802577622,0.0184568603575651,True,0.2156241167264667,2.493554655297146,-0.0268099827601263,-0.0111792789426789,0.0864725849374943,-0.0135274150625057,0.0009879679839064,-0.0522968201916523,0.0172565812842369,0.0095534014758892,0.042743418715763,0.0268099827601262,0.0331900172398737,0.0,-2.2423877857134658,-2.2423877857134658,-2.233004291747422,1073.186886742385
2024-09-04,2024-09-03,expanding_covariance__hysteresis_portfolio,risk_on,0.0,Deterministic volatility input fallback,hold,expanding_covariance__hysteresis_portfolio,Switch review interval hold 2/10,,False,False,0.0,0.0,False,hold,Switch review interval hold 2/10,,False,False,,False,False,3,{},{},,False,15.0,1,-0.0007583260085276,1.0,-0.0007583260085276,1092.4587116509426,63,0.0490002876851733,0.0169866935799061,0.0164366426622392,True,0.1960011507406933,2.2427023370336943,-0.0268099827601263,-0.0111792789426789,0.0873950802583698,-0.0126049197416301,0.0009879679839064,-0.0466981297150904,0.0200559265225179,0.0067540562376083,0.039944073477482,0.0268099827601262,0.0331900172398737,0.0,-2.0195158972210585,-2.0195158972210585,-2.0101324032550143,1071.7735550451716
2024-09-05,2024-09-04,expanding_covariance__hysteresis_portfolio,risk_on,0.0,Deterministic volatility input fallback,hold,expanding_covariance__hysteresis_portfolio,Switch review interval hold 3/10,,False,False,0.0,0.0,False,hold,Switch review interval hold 3/10,,False,False,,False,False,4,{},{},,False,15.0,1,0.0024257797717775,1.0,0.0024257797717775,1095.1119927318728,63,0.0474774318505845,0.0211774620945883,0.0174776356504017,True,0.1899097274023381,2.1716608263821535,-0.0268099827601262,-0.0111792789426789,0.0874490735824136,-0.0125509264175863,0.0009879679839064,-0.0459501744935538,0.0204299041332861,0.0063800786268399,0.0395700958667138,0.0268099827601261,0.0331900172398738,0.0,-1.9554529449235143,-1.9554529449235143,-1.94606945095747,1073.9042110413673
2024-09-06,2024-09-05,expanding_covariance__hysteresis_portfolio,risk_on,0.0,Deterministic volatility input fallback,hold,expanding_covariance__hysteresis_portfolio,Switch review interval hold 4/10,,False,False,0.0,0.0,False,hold,Switch review interval hold 4/10,,False,False,,False,False,5,{},{},,False,15.0,1,-0.0065088617726095,1.0,-0.0065088617726095,1088.00720726193,63,0.0419356572850378,0.0236946853687282,0.0157437492233791,True,0.1677426291401515,1.944039944183972,-0.0268099827601261,-0.0111792789426789,0.0862855877226138,-0.0137144122773861,0.0009879679839064,-0.0459501744935537,0.0204299041332862,0.00638007862684,0.0395700958667137,0.0268099827601263,0.0331900172398736,0.0,-1.745501519350808,-1.745501519350808,-1.736118025384764,1067.3340835592328
2024-09-09,2024-09-06,expanding_covariance__hysteresis_portfolio,risk_on,0.0,Deterministic volatility input fallback,hold,expanding_covariance__hysteresis_portfolio,Switch review interval hold 5/10,,False,False,0.0,0.0,False,hold,Switch review interval hold 5/10,,False,False,,False,False,6,{},{},,False,15.0,1,0.0074655486814447,1.0,0.0074655486814447,1096.1601733494197,63,0.0314860142217638,0.0090205768877653,0.0006354421641492,True,0.1259440568870553,1.444318771531824,-0.0268099827601262,-0.0111792789426789,0.0871996261278809,-0.012800373872119,0.0009879679839064,-0.0419326665710138,0.0224386580945561,0.0043713246655699,0.0375613419054438,0.0268099827601262,0.0331900172398737,0.0,-1.296727166973716,-1.296727166973716,-1.287343673007672,1073.352229914878
2024-09-10,2024-09-09,expanding_covariance__hysteresis_portfolio,risk_on,0.0,Deterministic volatility input fallback,hold,expanding_covariance__hysteresis_portfolio,Switch review interval hold 6/10,,False,False,0.0,0.0,False,hold,Switch review interval hold 6/10,,False,False,,False,False,7,{},{},,False,15.0,1,0.0010604154455444,1.0,0.0010604154455444,1097.323175051533,63,0.0533774816399855,0.0107673567467266,0.007492793507719,True,0.2135099265599422,2.5769771741068146,-0.0268099827601261,-0.009200014701637,0.0828528590416968,-0.0171471409583031,0.0009879679839064,-0.0419326665710138,0.0224386580945562,0.00437132466557,0.0375613419054437,0.0268099827601262,0.0331900172398737,0.0,-2.3012125582259695,-2.3012125582259695,-2.2918290642599253,1072.5159631885094
2024-09-11,2024-09-10,expanding_covariance__hysteresis_portfolio,risk_on,0.0,Deterministic volatility input fallback,hold,expanding_covariance__hysteresis_portfolio,Switch review interval hold 7/10,,False,False,0.0,0.0,False,hold,Switch review interval hold 7/10,,False,False,,False,False,8,{},{},,False,15.0,1,0.0033439233244951,1.0,0.0033439233244951,1100.9986814920503,63,0.04823292935498,0.0036973311580938,0.009966827273674,False,0.1929317174199202,2.3489162970670527,-0.0268099827601263,-0.009200014701637,0.0821364804104864,-0.0178635195895135,0.0009879679839064,-0.0434372966600299,0.0217347025585872,0.0051719992186172,0.0382652974414127,0.0268099827601262,0.0331900172398737,0.0,-2.0937434702683086,-2.0937434702683086,-2.0843599763022644,1075.9597307944923
2024-09-12,2024-09-11,expanding_covariance__hysteresis_portfolio,risk_on,0.0,Deterministic volatility input fallback,hold,expanding_covariance__hysteresis_portfolio,Switch review interval hold 8/10,,False,False,0.0,0.0,False,hold,Switch review interval hold 8/10,,False,False,,False,False,9,{},{},,False,15.0,1,0.0075627952943034,1.0,0.0075627952943034,1109.3568749547576,63,0.0475956526721252,0.0055559035665676,0.0046122882245073,True,0.1903826106885008,2.320468201040029,-0.0268099827601262,-0.009200014701637,0.0820449125754758,-0.0179550874245241,0.0009879679839064,-0.043571788958233,0.0216752351588955,0.0052470241171286,0.0383247648411044,0.0268099827601262,0.0331900172398737,0.0,-2.067895479333429,-2.067895479333429,-2.0585119853673848,1084.9512187551277
2024-09-13,2024-09-12,expanding_covariance__hysteresis_portfolio,risk_on,0.0,Deterministic volatility input fallback,hold,expanding_covariance__hysteresis_portfolio,Switch review interval hold 9/10,,False,False,0.0,0.0,False,hold,Switch review interval hold 9/10,,False,False,,False,False,10,{},{},,False,15.0,1,0.0047593305651682,1.0,0.0047593305651682,1114.649255140895,63,0.0501332215764644,0.0142572442454189,0.0141848464054881,True,0.2005328863058579,2.4237761530010915,-0.0268099827601262,-0.009200014701637,0.0827357287336788,-0.0172642712663212,0.0009879679839064,-0.043571788958233,0.0216752351588956,0.0052470241171286,0.0383247648411043,0.0268099827601263,0.0331900172398736,0.0,-2.1633424311469476,-2.1633424311469476,-2.1539589371809034,1089.3761005137956
2024-09-16,2024-09-13,expanding_covariance__hysteresis_portfolio,risk_on,0.0,Deterministic volatility input fallback,hold,expanding_covariance__hysteresis_portfolio,Switch review held active pair,,False,False,0.0,0.0,False,hold,,,True,False,risk_on,False,False,11,"{""10"": 9, ""20"": 4, ""60"": 4}","{""10"": false, ""20"": false, ""60"": false}",False,False,13.0,4,0.0038500351772347,1.0,0.0038500351772347,1118.9489656907667,63,0.0502869131709989,0.0157833467508202,0.0248042470694245,True,0.2011476526839956,2.430345025691107,-0.0268099827601262,-0.009200014701637,0.0827650603340964,-0.0172349396659035,0.0009879679839064,-0.0462981306218686,0.0205329773203233,0.0068311079421919,0.0394670226796766,0.0268099827601263,0.0331900172398736,0.0,-2.169357222153763,-2.169357222153763,-2.1599737281877185,1093.991155580247
2024-09-17,2024-09-16,expanding_covariance__hysteresis_portfolio,risk_on,0.0,Deterministic volatility input fallback,hold,expanding_covariance__hysteresis_portfolio,Switch review interval hold 1/10,,False,False,0.0,0.0,False,hold,Switch review interval hold 1/10,,False,False,,False,False,12,{},{},,False,13.0,4,-0.000271346415032,1.0,-0.000271346415032,1118.645384090075,63,0.0480224411264695,0.0178239323008682,0.0382586140671406,False,0.1920897645058781,2.3341199413660636,-0.0268099827601261,-0.009200014701637,0.0822964411989282,-0.0177035588010717,0.0009879679839064,-0.0487964459149236,0.0195437559911669,0.0083402019060905,0.040456244008833,0.0268099827601263,0.0331900172398736,0.0,-2.0811559468347127,-2.0811559468347127,-2.0717724528686685,1093.932889478799
2024-09-18,2024-09-17,expanding_covariance__hysteresis_portfolio,risk_on,0.0,Deterministic volatility input fallback,hold,expanding_covariance__hysteresis_portfolio,Switch review interval hold 2/10,,False,False,0.0,0.0,False,hold,Switch review interval hold 2/10,,False,False,,False,False,13,{},{},,False,13.0,4,-0.0072735344249056,1.0,-0.0072735344249056,1110.538397344398,63,0.050055473803864,0.0190642120945468,0.036216651643988,True,0.2002218952154562,2.439091800286673,-0.0268099827601263,-0.009200014701637,0.0820887082609697,-0.0179112917390302,0.0009879679839064,-0.0487964459149237,0.0195437559911668,0.0083402019060906,0.0404562440088331,0.0268099827601262,0.0331900172398737,0.0,-2.1742787123811222,-2.1742787123811222,-2.164895218415078,1087.3279435557674
2024-09-19,2024-09-18,expanding_covariance__hysteresis_portfolio,risk_on,0.0,Deterministic volatility input fallback,hold,expanding_covariance__hysteresis_portfolio,Switch review interval hold 3/10,,False,False,0.0,0.0,False,hold,Switch review interval hold 3/10,,False,False,,False,False,14,{},{},,False,13.0,4,0.0082072446458983,1.0,0.0082072446458983,1119.6903624964566,63,0.0365811848082454,0.0116366198174914,0.0302356630268063,False,0.1463247392329816,1.765047985827723,-0.0268099827601262,-0.009391182864711,0.0829012811027697,-0.0170987188972302,0.0009879679839064,-0.0481389280381181,0.0198009471558144,0.0079398751939326,0.0401990528441855,0.0268099827601262,0.0331900172398737,0.0,-1.5733478854479304,-1.5733478854479304,-1.5639643914818862,1096.9623190428274
2024-09-20,2024-09-19,expanding_covariance__hysteresis_portfolio,risk_on,0.0,Deterministic volatility input fallback,hold,expanding_covariance__hysteresis_portfolio,Switch review interval hold 4/10,,False,False,0.0,0.0,False,hold,Switch review interval hold 4/10,,False,False,,False,False,15,{},{},,False,13.0,4,0.0017358709954406,1.0,0.0017358709954406,1121.6356884495588,63,0.0424732567032911,0.0215035086209931,0.046973429498154,False,0.1698930268131644,2.0170312358555376,-0.0268099827601261,-0.009391182864711,0.0842292493011905,-0.0157707506988094,0.0009879679839064,-0.0481389280381181,0.0198009471558144,0.0079398751939325,0.0401990528441855,0.0268099827601261,0.0331900172398738,0.0,-1.804051191985715,-1.804051191985715,-1.7946676980196707,1098.1029555465002
2024-09-23,2024-09-20,expanding_covariance__hysteresis_portfolio,risk_on,0.0,Deterministic volatility input fallback,hold,expanding_covariance__hysteresis_portfolio,Switch review interval hold 5/10,,False,False,0.0,0.0,False,hold,Switch review interval hold 5/10,,False,False,,False,False,16,{},{},,False,13.0,4,0.0013226909793967,1.0,0.0013226909793967,1123.1202474467998,63,0.0482872736704597,0.0268838315840169,0.0503586098535582,True,0.1931490946818389,2.3077209123656934,-0.0268099827601262,-0.009391182864711,0.0836969035756744,-0.0163030964243255,0.0009879679839064,-0.0481389280381182,0.0198009471558143,0.0079398751939325,0.0401990528441856,0.0268099827601261,0.0331900172398738,0.0,-2.0632316894958853,-2.0632316894958853,-2.053848195529841,1098.9412775000349
2024-09-24,2024-09-23,expanding_covariance__hysteresis_portfolio,risk_on,0.0,Deterministic volatility input fallback,hold,expanding_covariance__hysteresis_portfolio,Switch review interval hold 6/10,,False,False,0.0,0.0,False,hold,Switch review interval hold 6/10,,False,False,,False,False,17,{},{},,False,13.0,4,0.0049889738930049,1.0,0.0049889738930049,1128.7374654660655,63,0.046586956089486,0.017513838894432,0.0459237338049253,False,0.1863478243579442,2.2295855580301382,-0.0268099827601262,-0.009391182864711,0.0835795799299061,-0.0164204200700938,0.0009879679839064,-0.0481389280381181,0.0198009471558144,0.0079398751939326,0.0401990528441855,0.0268099827601263,0.0331900172398736,0.0,-1.9925919252709257,-1.9925919252709257,-1.9832084313048817,1105.1241322921476
2024-09-25,2024-09-24,expanding_covariance__hysteresis_portfolio,risk_on,0.0,Deterministic volatility input fallback,hold,expanding_covariance__hysteresis_portfolio,Switch review interval hold 7/10,,False,False,0.0,0.0,False,hold,Switch review interval hold 7/10,,False,False,,False,False,18,{},{},,False,13.0,4,-0.004912489727304,1.0,-0.004912489727304,1123.2061516470212,63,0.0549198271078293,0.0185194075368287,0.0497024745707935,False,0.2196793084313174,2.6281692212982257,-0.0268099827601261,-0.009391182864711,0.0835864398118182,-0.0164135601881817,0.0009879679839064,-0.0490864704986931,0.0190969916198454,0.0081834621185385,0.0409030083801545,0.0268099827601263,0.0331900172398736,0.0,-2.3505263995318617,-2.3505263995318617,-2.3411429055658175,1098.5396554238946
2024-09-26,2024-09-25,expanding_covariance__hysteresis_portfolio,risk_on,0.0,Deterministic volatility input fallback,hold,expanding_covariance__hysteresis_portfolio,Switch review interval hold 8/10,,False,False,0.0,0.0,False,hold,Switch review interval hold 8/10,,False,False,,False,False,19,{},{},,False,13.0,4,-0.0054037863746696,1.0,-0.0054037863746696,1117.152955368487,63,0.0546455110297585,0.0164704466132714,0.0421887864307407,False,0.2185820441190341,2.6126893817320163,-0.0268099827601261,-0.009391182864711,0.0836617033954991,-0.0163382966045008,0.0009879679839064,-0.0491744805772498,0.0190375242201537,0.0082120047974035,0.0409624757798462,0.0268099827601263,0.0331900172398736,0.0,-2.3369743620244634,-2.3369743620244634,-2.327590868058419,1092.788521764267
2024-09-27,2024-09-26,expanding_covariance__hysteresis_portfolio,risk_on,0.0,Deterministic volatility input fallback,hold,expanding_covariance__hysteresis_portfolio,Switch review interval hold 9/10,,False,False,0.0,0.0,False,hold,Switch review interval hold 9/10,,False,False,,False,False,20,{},{},,False,13.0,4,0.0023412183286817,1.0,0.0023412183286817,1119.771518461396,63,0.0428605270493157,0.015061869131534,0.0231607301772103,True,0.1714421081972628,2.045243095244328,-0.0268099827601262,-0.009391182864711,0.0838248072299601,-0.0161751927700398,0.0009879679839064,-0.0475578820389918,0.0197242132617999,0.0072820953007917,0.0402757867382,0.0268099827601262,0.0331900172398737,0.0,-1.8279519605771617,-1.8279519605771617,-1.8185684666111177,1095.4616685065969
2024-09-30,2024-09-27,expanding_covariance__hysteresis_portfolio,risk_on,0.0,Deterministic volatility input fallback,hold,expanding_covariance__hysteresis_portfolio,Switch review held active pair,,False,False,0.0,0.0,False,hold,,,True,False,risk_on,False,False,21,"{""10"": 1, ""20"": 4, ""60"": 4}","{""10"": false, ""20"": false, ""60"": false}",False,False,11.0,4,-0.0008605059650577,1.0,-0.0008605059650577,1118.808362850265,63,0.0503047763338892,0.0136494030549897,0.0261233738722748,True,0.2012191053355568,2.422693849479774,-0.0268099827601262,-0.009391182864711,0.0830559360105548,-0.0169440639894451,0.0009879679839064,-0.0496463217653211,0.0185819554232277,0.0082282771885488,0.0414180445767722,0.0268099827601262,0.0331900172398737,0.0,-2.163745311188526,-2.163745311188526,-2.154361817222482,1094.496024660511
2024-10-01,2024-09-30,expanding_covariance__hysteresis_portfolio,risk_on,0.0,Deterministic volatility input fallback,hold,expanding_covariance__hysteresis_portfolio,Switch review interval hold 1/10,,False,False,0.0,0.0,False,hold,Switch review interval hold 1/10,,False,False,,False,False,22,{},{},,False,11.0,4,0.0084351463778565,1.0,0.0084351463778565,1128.2855898649093,63,0.0514200820537519,0.0174168463484203,0.0279053266061826,True,0.2056803282150079,2.480036975000841,-0.0268099827601261,-0.009391182864711,0.0829343797242935,-0.0170656202757065,0.0009879679839064,-0.0497367541593961,0.018536614300365,0.0082733684597611,0.0414633856996349,0.0268099827601263,0.0331900172398736,0.0,-2.2146490198259556,-2.2146490198259556,-2.205265525859911,1101.9284269028358
2024-10-02,2024-10-01,expanding_covariance__hysteresis_portfolio,risk_on,0.0,Deterministic volatility input fallback,hold,expanding_covariance__hysteresis_portfolio,Switch review interval hold 2/10,,False,False,0.0,0.0,False,hold,Switch review interval hold 2/10,,False,False,,False,False,23,{},{},,False,11.0,4,0.0008221682767796,1.0,0.0008221682767796,1129.213611926918,63,0.0567213834284555,0.031510122792141,0.0484968163720472,True,0.2268855337138221,2.694457262788895,-0.0268099827601262,-0.009391182864711,0.0842045397591441,-0.0157954602408558,0.0009879679839064,-0.0497367541593961,0.018536614300365,0.0082733684597611,0.0414633856996349,0.0268099827601262,0.0331900172398737,0.0,-2.412997449399897,-2.412997449399897,-2.403613955433853,1102.7331529125013
2024-10-03,2024-10-02,expanding_covariance__hysteresis_portfolio,risk_on,0.0,Deterministic volatility input fallback,hold,expanding_covariance__hysteresis_portfolio,Switch review interval hold 3/10,,False,False,0.0,0.0,False,hold,Switch review interval hold 3/10,,False,False,,False,False,24,{},{},,False,11.0,4,0.0016636817376101,1.0,0.0016636817376101,1131.093827597501,63,0.0513063285127322,0.0330906170774484,0.0542680791720367,True,0.2052253140509288,2.4576964257501466,-0.0268099827601262,-0.009391182864711,0.0835031177572263,-0.0164968822427736,0.0009879679839064,-0.049736754159396,0.0185366143003651,0.0082733684597612,0.0414633856996348,0.0268099827601263,0.0331900172398736,0.0,-2.1970882328175145,-2.1970882328175145,-2.1877047388514703,1106.531743589194
2024-10-04,2024-10-03,expanding_covariance__hysteresis_portfolio,risk_on,0.0,Deterministic volatility input fallback,hold,expanding_covariance__hysteresis_portfolio,Switch review interval hold 4/10,,False,False,0.0,0.0,False,hold,Switch review interval hold 4/10,,False,False,,False,False,25,{},{},,False,11.0,4,-0.0015043605933031,1.0,-0.0015043605933031,1129.3935338640413,63,0.0467947030982318,0.032328519043281,0.0560232044120092,True,0.1871788123929275,2.2603273294619024,-0.0268099827601261,-0.009391182864711,0.0828104894159234,-0.0171895105840765,0.0009879679839064,-0.0497367541593959,0.0185366143003651,0.0082733684597611,0.0414633856996348,0.0268099827601262,0.0331900172398737,0.0,-2.017119102666669,-2.017119102666669,-2.007735608700625,1106.0510352397914
2024-10-07,2024-10-04,expanding_covariance__hysteresis_portfolio,risk_on,0.0,Deterministic volatility input fallback,hold,expanding_covariance__hysteresis_portfolio,Switch review interval hold 5/10,,False,False,0.0,0.0,False,hold,Switch review interval hold 5/10,,False,False,,False,False,26,{},{},,False,11.0,4,-0.0005159153332172,1.0,-0.0005159153332172,1128.811012701405,63,0.048928254875467,0.0373330202225874,0.0463535971103528,True,0.1957130195018681,2.3734024850125195,-0.0268099827601262,-0.009391182864711,0.0824609482537201,-0.0175390517462798,0.0009879679839064,-0.0497367541593961,0.018536614300365,0.0082733684597611,0.0414633856996349,0.0268099827601262,0.0331900172398737,0.0,-2.117031015912457,-2.117031015912457,-2.107647521946413,1108.3217119635542
2024-10-08,2024-10-07,expanding_covariance__hysteresis_portfolio,risk_on,0.0,Deterministic volatility input fallback,hold,expanding_covariance__hysteresis_portfolio,Switch review interval hold 6/10,,False,False,0.0,0.0,False,hold,Switch review interval hold 6/10,,False,False,,False,False,27,{},{},,False,11.0,4,-0.0062152279937021,1.0,-0.0062152279937021,1121.8169522503,63,0.0502116585389399,0.0293515562079254,0.040118912954652,True,0.2008466341557597,2.439298913383859,-0.0268099827601263,-0.009391182864711,0.0823378525090801,-0.0176621474909198,0.0009879679839064,-0.0497367541593961,0.018536614300365,0.0082733684597611,0.0414633856996349,0.0268099827601262,0.0331900172398737,0.0,-2.1755398351283497,-2.1755398351283497,-2.166156341162305,1100.0467409350338
2024-10-09,2024-10-08,expanding_covariance__hysteresis_portfolio,risk_on,0.0,Deterministic volatility input fallback,hold,expanding_covariance__hysteresis_portfolio,Switch review interval hold 7/10,,False,False,0.0,0.0,False,hold,Switch review interval hold 7/10,,False,False,,False,False,28,{},{},,False,11.0,4,-0.0021226911082129,1.0,-0.0021226911082129,1119.4382069446526,63,0.0398367643464377,0.0220759127686787,0.0257732439267726,True,0.1593470573857508,1.914643248891798,-0.0268099827601262,-0.009391182864711,0.0832254559579083,-0.0167745440420916,0.0009879679839064,-0.0507977062608411,0.0180212241052,0.0088189303660411,0.0419787758947999,0.0268099827601262,0.0331900172398737,0.0,-1.708593835876388,-1.708593835876388,-1.6992103419103437,1097.6152975095713
2024-10-10,2024-10-09,expanding_covariance__hysteresis_portfolio,risk_on,0.0,Deterministic volatility input fallback,hold,expanding_covariance__hysteresis_portfolio,Switch review interval hold 8/10,,False,False,0.0,0.0,False,hold,Switch review interval hold 8/10,,False,False,,False,False,29,{},{},,False,11.0,4,0.0045486890403161,1.0,0.0045486890403161,1124.5417817355983,63,0.0291146279516043,0.0166092983359706,0.0221652019025383,True,0.1164585118064174,1.4236264018860116,-0.0268099827601262,-0.009391182864711,0.0818041247704691,-0.0181958752295308,0.0009879679839064,-0.0497260654676263,0.0180678962355931,0.0077939617032194,0.0419321037644069,0.0268099827601263,0.0331900172398736,0.0,-1.264418474946628,-1.264418474946628,-1.255034980980584,1103.6261706884716
2024-10-11,2024-10-10,expanding_covariance__hysteresis_portfolio,risk_on,0.0,Deterministic volatility input fallback,hold,expanding_covariance__hysteresis_portfolio,Switch review interval hold 9/10,,False,False,0.0,0.0,False,hold,Switch review interval hold 9/10,,False,False,,False,False,30,{},{},,False,11.0,4,0.0040535794462522,1.0,0.0040535794462522,1129.109452642472,63,0.0330551196540454,0.0135951920819833,0.0278524363274022,False,0.1322204786161819,1.6082998856777848,-0.0268099827601262,-0.009391182864711,0.0822113337155777,-0.0177886662844222,0.0009879679839064,-0.0500898316664756,0.0169180786191363,0.0070079102856119,0.0430819213808636,0.0268099827601262,0.0331900172398737,0.0,-1.430822269043741,-1.430822269043741,-1.421438775077697,1107.112417468073
2024-10-14,2024-10-11,expanding_covariance__hysteresis_portfolio,risk_on,0.0,Deterministic volatility input fallback,hold,expanding_covariance__hysteresis_portfolio,Switch review held active pair,,False,False,0.0,0.0,False,hold,,,True,False,risk_on,False,False,31,"{""10"": 9, ""20"": 7, ""60"": 1}","{""10"": false, ""20"": false, ""60"": false}",False,False,11.0,1,-0.0014647499401293,1.0,-0.0014647499401293,1127.4568002960066,63,0.0385223174207082,0.0128894409630672,0.0286727877138875,False,0.1540892696828328,1.8696904525213704,-0.0268099827601262,-0.009391182864711,0.0824143212984993,-0.0175856787015006,0.0009879679839064,-0.0500898316664757,0.0169180786191362,0.0070079102856119,0.0430819213808637,0.0268099827601261,0.0331900172398738,0.0,-1.665572954364403,-1.665572954364403,-1.6561894603983585,1104.4318048701923
2024-10-15,2024-10-14,expanding_covariance__hysteresis_portfolio,balanced,0.0,Deterministic volatility input fallback,hold,expanding_covariance__hysteresis_portfolio,Switch review interval hold 1/10,,False,False,0.0,0.0,False,hold,Switch review interval hold 1/10,,False,True,,False,False,32,{},{},,False,5.0,1,-0.0015778240426621,1.0,-0.0015778240426621,1125.6792745296486,63,0.028359105106917,0.0075746558457032,0.0253985881465714,False,0.1134364204276683,1.4030009420156708,-0.0248521348357474,-0.009391182864711,0.0808527043928395,-0.0191472956071605,0.0009879679839064,-0.0500898316664756,0.0169180786191363,0.0070079102856119,0.0430819213808636,0.0268099827601262,0.0331900172398737,0.0,-1.2442855250770193,-1.2442855250770193,-1.2355872778845076,1099.892819468795
2024-10-16,2024-10-15,expanding_covariance__hysteresis_portfolio,balanced,0.0,Deterministic volatility input fallback,hold,expanding_covariance__hysteresis_portfolio,Switch review interval hold 2/10,,False,False,0.0,0.0,False,hold,Switch review interval hold 2/10,,False,False,,False,False,33,{},{},,False,5.0,1,0.004412310821117,1.0,0.004412310821117,1130.65709514376,63,0.0287910439509322,0.0062681782180731,0.02533239031262,False,0.115164175803729,1.425230577143792,-0.0202528643699204,-0.009391182864711,0.0808038907181754,-0.0191961092818245,0.0009879679839064,-0.0500898316664757,0.0169180786191362,0.007007910285612,0.0430819213808637,0.0268099827601262,0.0331900172398737,0.0,-1.2656256231017768,-1.2656256231017768,-1.2585371205723046,1103.105201823846
2024-10-17,2024-10-16,expanding_covariance__hysteresis_portfolio,balanced,0.0,Deterministic volatility input fallback,hold,expanding_covariance__hysteresis_portfolio,Switch review interval hold 3/10,,False,False,0.0,0.0,False,hold,Switch review interval hold 3/10,,False,False,,False,False,34,{},{},,False,5.0,1,-0.0024743559056036,1.0,-0.0024743559056036,1127.862905418706,63,0.0390634248708173,0.0179540234640957,0.0295906432815871,True,0.1562536994832694,1.9495417643411093,-0.0202528643699203,-0.009391182864711,0.0801489367097908,-0.0198510632902092,0.0009879679839064,-0.0500898316664757,0.0169180786191363,0.007007910285612,0.0430819213808637,0.0268099827601262,0.0331900172398737,0.0,-1.7315874704125511,-1.7315874704125511,-1.724498967883079,1101.1424050047922
2024-10-18,2024-10-17,expanding_covariance__hysteresis_portfolio,balanced,0.0,Deterministic volatility input fallback,hold,expanding_covariance__hysteresis_portfolio,Switch review interval hold 4/10,,False,False,0.0,0.0,False,hold,Switch review interval hold 4/10,,False,False,,False,False,35,{},{},,False,5.0,1,0.000871803670636,1.0,0.000871803670636,1128.846609175593,63,0.0461934007856951,0.0072724229125937,0.0287759315335868,False,0.1847736031427805,2.3785696248560138,-0.0202528643699204,-0.0086173153527431,0.0776826548241007,-0.0223173451758992,0.0009879679839064,-0.0508337071677352,0.0165455838666621,0.0073792910343974,0.0434544161333378,0.0268099827601262,0.0331900172398737,0.0,-2.103838595276064,-2.103838595276064,-2.0967500927465923,1101.606092124306
2024-10-21,2024-10-18,expanding_covariance__hysteresis_portfolio,balanced,0.0,Deterministic volatility input fallback,hold,expanding_covariance__hysteresis_portfolio,Switch review interval hold 5/10,,False,False,0.0,0.0,False,hold,Switch review interval hold 5/10,,False,False,,False,False,36,{},{},,False,5.0,1,-0.0050845335149218,1.0,-0.0050845335149218,1123.1215178014968,63,0.0452945884482106,0.0064083555877891,0.033292187171806,False,0.1811783537928424,2.333129100362624,-0.0202528643699204,-0.0086173153527431,0.0776546629008583,-0.0223453370991416,0.0009879679839064,-0.051097618715034,0.0164177089666556,0.0075153276816897,0.0435822910333443,0.026809982760126,0.0331900172398739,0.0,-2.063394610556631,-2.063394610556631,-2.056306108027159,1097.6857095291098
2024-10-22,2024-10-21,expanding_covariance__hysteresis_portfolio,balanced,0.0,Deterministic volatility input fallback,hold,expanding_covariance__hysteresis_portfolio,Switch review interval hold 6/10,,False,False,0.0,0.0,False,hold,Switch review interval hold 6/10,,False,False,,False,False,37,{},{},,False,5.0,1,0.006733080632474,1.0,0.006733080632474,1130.7091007800818,63,0.0415026007410126,1.131093470556517e-06,0.0175149699879025,False,0.1660104029640507,2.1169271920677484,-0.0202528643699205,-0.0086173153527431,0.0784204594216095,-0.0215795405783904,0.0009879679839064,-0.0519688267720538,0.0160080894374826,0.0079769162095365,0.0439919105625173,0.0268099827601261,0.0331900172398738,0.0,-1.8743959063685132,-1.8743959063685132,-1.8673074038390411,1104.9569466127589
2024-10-23,2024-10-22,expanding_covariance__hysteresis_portfolio,balanced,0.0,Deterministic volatility input fallback,hold,expanding_covariance__hysteresis_portfolio,Switch review interval hold 7/10,,False,False,0.0,0.0,False,hold,Switch review interval hold 7/10,,False,False,,False,False,38,{},{},,False,5.0,1,-0.0041302278860351,1.0,-0.0041302278860351,1126.0486455173293,63,0.056766203198936,0.0017452378329396,0.0202646453697683,False,0.227064812795744,2.9457933387416473,-0.0202528643699205,-0.0080384918948063,0.0770810395316934,-0.0229189604683065,0.0009879679839064,-0.0519688267720538,0.0160080894374827,0.0079769162095366,0.0439919105625172,0.0268099827601262,0.0331900172398737,0.0,-2.604111821776035,-2.604111821776035,-2.5970233192465626,1100.9698881934444
2024-10-24,2024-10-23,expanding_covariance__hysteresis_portfolio,balanced,0.0,Deterministic volatility input fallback,hold,expanding_covariance__hysteresis_portfolio,Switch review interval hold 8/10,,False,False,0.0,0.0,False,hold,Switch review interval hold 8/10,,False,False,,False,False,39,{},{},,False,5.0,1,0.001715673383264,1.0,0.001715673383264,1127.9822354367843,63,0.0542852846728644,0.0025274996742085,0.01899794628748,False,0.2171411386914579,2.799191364285851,-0.0202528643699205,-0.0080384918948063,0.0775728095841909,-0.022427190415809,0.0009879679839064,-0.0519688267720538,0.0160080894374827,0.0079769162095366,0.0439919105625172,0.0268099827601263,0.0331900172398736,0.0,-2.4765954377696016,-2.4765954377696016,-2.4695069352401293,1102.5736685894506
2024-10-25,2024-10-24,expanding_covariance__hysteresis_portfolio,balanced,0.0,Deterministic volatility input fallback,hold,expanding_covariance__hysteresis_portfolio,Switch review interval hold 9/10,,False,False,0.0,0.0,False,hold,Switch review interval hold 9/10,,False,False,,False,False,40,{},{},,False,5.0,1,0.0009830576769003,1.0,0.0009830576769003,1129.0916522537518,63,0.0502433910280989,0.0096469594321423,0.0247088285636763,False,0.2009735641123956,2.611582789002889,-0.0202528643699203,-0.0080384918948063,0.0769546977253315,-0.0230453022746684,0.0009879679839064,-0.0520440503038609,0.0158558322034484,0.0078998825073093,0.0441441677965515,0.0268099827601263,0.0331900172398736,0.0,-2.30727239930244,-2.30727239930244,-2.3001838967729675,1103.87648501754
2024-10-28,2024-10-25,expanding_covariance__hysteresis_portfolio,balanced,0.0,Deterministic volatility input fallback,hold,expanding_covariance__hysteresis_portfolio,Switch review held active pair,,False,False,0.0,0.0,False,hold,,,True,False,balanced,False,False,41,"{""10"": 7, ""20"": 3, ""60"": 3}","{""10"": false, ""20"": false, ""60"": false}",False,False,5.0,3,-0.0084510315729777,1.0,-0.0084510315729777,1119.589869535968,63,0.0500162155778625,0.0082887987803609,0.0219382018353507,False,0.20006486231145,2.5998965134403025,-0.0202528643699204,-0.0080384918948063,0.076951086813342,-0.0230489131866579,0.0009879679839064,-0.0522770432625694,0.0154617067022491,0.0077387499648185,0.0445382932977508,0.0268099827601262,0.0331900172398737,0.0,-2.296899290442826,-2.296899290442826,-2.289810787913354,1094.0799168723638
2024-10-29,2024-10-28,expanding_covariance__hysteresis_portfolio,balanced,0.0,Deterministic volatility input fallback,hold,expanding_covariance__hysteresis_portfolio,Switch review interval hold 1/10,,False,False,0.0,0.0,False,hold,Switch review interval hold 1/10,,False,False,,False,False,42,{},{},,False,5.0,3,0.0006610366025951,1.0,0.0006610366025951,1120.3302040867852,63,0.0389639855921359,0.0006982731724408,0.0181151195208612,False,0.1558559423685439,1.9718014545102047,-0.0202528643699204,-0.0085974427896252,0.0790424117053197,-0.0209575882946802,0.0009879679839064,-0.0506621089665427,0.0162539766356503,0.006916085602193,0.0437460233643496,0.0268099827601261,0.0331900172398738,0.0,-1.747578207946309,-1.747578207946309,-1.740489705416837,1093.814470519838
2024-10-30,2024-10-29,expanding_covariance__hysteresis_portfolio,balanced,0.0,Deterministic volatility input fallback,hold,expanding_covariance__hysteresis_portfolio,Switch review interval hold 2/10,,False,False,0.0,0.0,False,hold,Switch review interval hold 2/10,,False,False,,False,False,43,{},{},,False,5.0,3,0.003951706247095,1.0,0.003951706247095,1124.766179015329,63,0.0260007523158703,-0.0070758366028204,0.0244342861893206,False,0.1040030092634815,1.396126378498971,-0.0196438354337832,-0.0085974427896252,0.074493979101877,-0.0255060208981229,0.0009879679839064,-0.0506621089665427,0.0162539766356503,0.0069160856021931,0.0437460233643496,0.0268099827601262,0.0331900172398737,0.0,-1.2242553694695713,-1.2242553694695713,-1.217380027067747,1099.360856131488
2024-10-31,2024-10-30,expanding_covariance__hysteresis_portfolio,balanced,0.0,Deterministic volatility input fallback,hold,expanding_covariance__hysteresis_portfolio,Switch review interval hold 3/10,,False,False,0.0,0.0,False,hold,Switch review interval hold 3/10,,False,False,,False,False,44,{},{},,False,5.0,3,-0.0059043913287646,1.0,-0.0059043913287646,1118.144686518941,63,0.0305738839293481,-0.0039462986325051,0.0291443184449432,False,0.1222955357173926,1.6350367651402655,-0.0180673334289862,-0.0085974427896252,0.0747968108881644,-0.0252031891118355,0.0009879679839064,-0.0506621089665427,0.0162539766356503,0.006916085602193,0.0437460233643496,0.0268099827601261,0.0331900172398738,0.0,-1.4363677069756438,-1.4363677069756438,-1.4300441402754986,1095.25730770717
2024-11-01,2024-10-31,expanding_covariance__hysteresis_portfolio,balanced,0.0,Deterministic volatility input fallback,hold,expanding_covariance__hysteresis_portfolio,Switch review interval hold 4/10,,False,False,0.0,0.0,False,hold,Switch review interval hold 4/10,,False,False,,False,False,45,{},{},,False,5.0,3,-0.0069533470109417,1.0,-0.0069533470109417,1110.396806570924,63,0.0273119512995489,-0.0115143716988799,0.020814147344401,False,0.1092478051981959,1.4444829163016528,-0.0180673334289861,-0.0085974427896252,0.075631081520788,-0.0243689184792119,0.0009879679839064,-0.049676632382464,0.0167753178743217,0.0064519502567857,0.0432246821256782,0.0268099827601263,0.0331900172398736,0.0,-1.270357837327706,-1.270357837327706,-1.264034270627561,1088.3820429152331
2024-11-04,2024-11-01,expanding_covariance__hysteresis_portfolio,balanced,0.0,Deterministic volatility input fallback,hold,expanding_covariance__hysteresis_portfolio,Switch review interval hold 5/10,,False,False,0.0,0.0,False,hold,Switch review interval hold 5/10,,False,False,,False,False,46,{},{},,False,5.0,3,0.008862993055135,1.0,0.008862993055135,1120.2819871907575,63,0.0325149476766153,-0.0169633581165185,0.0203696621060689,False,0.1300597907064614,1.787208013602379,-0.0182982353201756,-0.0072966936953586,0.0727726094089668,-0.0272273905910331,0.0009879679839064,-0.0435254186685319,0.0202591588452039,0.0037845775137359,0.039740841154796,0.0268099827601262,0.0331900172398737,0.0,-1.564158058990964,-1.564158058990964,-1.5577536766289026,1098.0927525724696
2024-11-05,2024-11-04,expanding_covariance__hysteresis_portfolio,balanced,0.0,Deterministic volatility input fallback,hold,expanding_covariance__hysteresis_portfolio,Switch review interval hold 6/10,,False,False,0.0,0.0,False,hold,Switch review interval hold 6/10,,False,False,,False,False,47,{},{},,False,5.0,3,0.0048472590910364,1.0,0.0048472590910364,1125.725466556822,63,0.0463270352549601,-0.0075844497281662,0.0217671064797591,False,0.1853081410198407,2.51120851486873,-0.0182982353201756,-0.0072966936953586,0.0737924150553971,-0.0262075849446028,0.0009879679839064,-0.0435254186685319,0.0202591588452039,0.0037845775137359,0.039740841154796,0.0268099827601262,0.0331900172398737,0.0,-2.204948014995409,-2.204948014995409,-2.1985436326333474,1103.885888050584
2024-11-06,2024-11-05,expanding_covariance__hysteresis_portfolio,balanced,0.0,Deterministic volatility input fallback,hold,expanding_covariance__hysteresis_portfolio,Switch review interval hold 7/10,,False,False,0.0,0.0,False,hold,Switch review interval hold 7/10,,False,False,,False,False,48,{},{},,False,5.0,3,-0.008489127099335,1.0,-0.008489127099335,1116.2094883142177,63,0.051265737848359,0.0034780373565723,0.025553950125251,False,0.2050629513934361,2.7626355900050603,-0.0182982353201754,-0.0072966936953586,0.0742272893809568,-0.0257727106190431,0.0009879679839064,-0.0441308983042571,0.0199074618991785,0.0040383602034356,0.0400925381008214,0.0268099827601262,0.0331900172398737,0.0,-2.4284843357089207,-2.4284843357089207,-2.4220799533468593,1094.869237727945
2024-11-07,2024-11-06,expanding_covariance__hysteresis_portfolio,balanced,0.0,Deterministic volatility input fallback,hold,expanding_covariance__hysteresis_portfolio,Switch review interval hold 8/10,,False,False,0.0,0.0,False,hold,Switch review interval hold 8/10,,False,False,,False,False,49,{},{},,False,5.0,3,0.0088192147640649,1.0,0.0088192147640649,1126.0971159822757,63,0.0346113640406707,-0.0028883986345497,0.0137208997014209,False,0.1384454561626828,1.8461219932670967,-0.0182982353201756,-0.00779176002704,0.0749925826503344,-0.0250074173496655,0.0009879679839064,-0.0441308983042571,0.0199074618991784,0.0040383602034356,0.0400925381008215,0.0268099827601261,0.0331900172398738,0.0,-1.6231861715970144,-1.6231861715970144,-1.616781789234953,1103.3572910150224
2024-11-08,2024-11-07,expanding_covariance__hysteresis_portfolio,balanced,0.0,Deterministic volatility input fallback,hold,expanding_covariance__hysteresis_portfolio,Switch review interval hold 9/10,,False,False,0.0,0.0,False,hold,Switch review interval hold 9/10,,False,False,,False,False,50,{},{},,False,5.0,3,0.0024939641392331,1.0,0.0024939641392331,1128.9090668015876,63,0.0377118099822521,0.001382127089199,0.0149773191711823,False,0.1508472399290085,1.9819816787176117,-0.0182982353201753,-0.00779176002704,0.0761093008824431,-0.0238906991175568,0.0009879679839064,-0.0441308983042572,0.0199074618991784,0.0040383602034357,0.0400925381008215,0.0268099827601263,0.0331900172398736,0.0,-1.747032092951297,-1.747032092951297,-1.740627710589236,1103.150277682367
2024-11-11,2024-11-08,expanding_covariance__hysteresis_portfolio,balanced,0.0,Deterministic volatility input fallback,hold,expanding_covariance__hysteresis_portfolio,Switch review held active pair,,False,False,0.0,0.0,False,hold,,,True,False,balanced,False,False,51,"{""10"": 15, ""20"": 9, ""60"": 1}","{""10"": true, ""20"": false, ""60"": false}",False,False,3.0,1,-0.0095574326811633,1.0,-0.0095574326811633,1118.1709903524486,63,0.0320753330873079,-0.00017748821782,0.0127119527452472,False,0.1283013323492319,1.7183997272138292,-0.0182982353201757,-0.00779176002704,0.0746632639177943,-0.0253367360822056,0.0009879679839064,-0.0460704466654052,0.018961964373352,0.0050324110387572,0.0410380356266479,0.0268099827601262,0.0331900172398737,0.0,-1.5094393729072555,-1.5094393729072555,-1.5030349905451943,1092.6336323922224
2024-11-12,2024-11-11,expanding_covariance__hysteresis_portfolio,risk_on,0.0,Deterministic volatility input fallback,hold,expanding_covariance__hysteresis_portfolio,Switch review interval hold 1/10,,False,False,0.0,0.0,False,hold,Switch review interval hold 1/10,,False,True,,False,False,52,{},{},,False,7.0,1,-0.0079041233183789,1.0,-0.0079041233183789,1109.3676660664337,63,0.0210325494901232,-0.008270170958854,-0.0006955151131508,False,0.084130197960493,1.0884094403738311,-0.0182982353201756,-0.0084427814445954,0.0772964610924333,-0.0227035389075666,0.0009879679839064,-0.0460704466654051,0.018961964373352,0.0050324110387572,0.0410380356266479,0.0268099827601261,0.0331900172398738,0.0,-0.9587637499091892,-0.9587637499091892,-0.9523593675471276,1085.536764196694
2024-11-13,2024-11-12,expanding_covariance__hysteresis_portfolio,risk_on,0.0,Deterministic volatility input fallback,hold,expanding_covariance__hysteresis_portfolio,Switch review interval hold 2/10,,False,False,0.0,0.0,False,hold,Switch review interval hold 2/10,,False,False,,False,False,53,{},{},,False,7.0,1,-0.0012561543149118,1.0,-0.0012561543149118,1107.9750039682588,63,0.0142669715562921,-0.0145964702345708,-0.0083282920164977,False,0.0570678862251685,0.7225048926783417,-0.0192080983919918,-0.0086004286679637,0.0789861588530101,-0.0210138411469898,0.0,-0.0431335928212788,0.0205506122458302,0.0036842050671091,0.0394493877541697,0.0268099827601262,0.0331900172398737,0.0,-0.6361659936901075,-0.6361659936901075,-0.6294431592529103,1083.973824654653
2024-11-14,2024-11-13,expanding_covariance__hysteresis_portfolio,risk_on,0.0,Deterministic volatility input fallback,hold,expanding_covariance__hysteresis_portfolio,Switch review interval hold 3/10,,False,False,0.0,0.0,False,hold,Switch review interval hold 3/10,,False,False,,False,False,54,{},{},,False,7.0,1,-2.525505605090043e-07,1.0,-2.525505605090043e-07,1107.974724148586,63,0.0097775891816133,-0.0202649353705997,-0.002310911906504,False,0.0391103567264532,0.4963138731978334,-0.0204393508877576,-0.0086004286679637,0.0788016592694833,-0.0211983407305166,0.0,-0.0416875890200309,0.0214747520580243,0.0031623410780553,0.0385252479419756,0.0268099827601262,0.0331900172398737,0.0,-0.4343069634934821,-0.4343069634934821,-0.4271531906827669,1083.3915546543867
2024-11-15,2024-11-14,expanding_covariance__hysteresis_portfolio,risk_on,0.0,Deterministic volatility input fallback,hold,expanding_covariance__hysteresis_portfolio,Switch review interval hold 4/10,,False,False,0.0,0.0,False,hold,Switch review interval hold 4/10,,False,False,,False,False,55,{},{},,False,7.0,1,-0.0055799971195394,1.0,-0.0055799971195394,1101.8094454949023,63,0.007967887003866,-0.0177908320155566,-0.0105184091029628,False,0.031871548015464,0.4048191571144395,-0.0204395982763175,-0.0086004286679637,0.0787303353987622,-0.0212696646012377,0.0,-0.0416872988747273,0.0214749377401796,0.003162236614907,0.0385250622598203,0.0268099827601261,0.0331900172398738,0.0,-0.3528731484264898,-0.3528731484264898,-0.3457192890297787,1077.5456336058908
2024-11-18,2024-11-15,expanding_covariance__hysteresis_portfolio,risk_on,0.0,Deterministic volatility input fallback,hold,expanding_covariance__hysteresis_portfolio,Switch review interval hold 5/10,,False,False,0.0,0.0,False,hold,Switch review interval hold 5/10,,False,False,,False,False,56,{},{},,False,7.0,1,0.0102365158285936,1.0,0.0102365158285936,1113.146060047684,63,0.0038995160930373,-0.0242426328057321,-0.0178342772179429,False,0.0155980643721493,0.1962238417973788,-0.0258903208452655,-0.0086004286679637,0.0794911781834134,-0.0205088218165865,0.0,-0.0354449843726795,0.0255660804980719,0.0010110648707514,0.034433919501928,0.0268099827601261,0.0331900172398738,0.0,-0.1657148429908956,-0.1657148429908956,-0.1566532306950526,1088.8835342289665
2024-11-19,2024-11-18,expanding_covariance__hysteresis_portfolio,risk_on,0.0,Deterministic volatility input fallback,hold,expanding_covariance__hysteresis_portfolio,Switch review interval hold 6/10,,False,False,0.0,0.0,False,hold,Switch review interval hold 6/10,,False,False,,False,False,57,{},{},,False,7.0,1,0.0049310354630488,1.0,0.0049310354630488,1118.6485781517624,63,0.013981974069481,-0.0089215834622166,-0.008920452368746,False,0.0559278962779242,0.6815902615378661,-0.0258903208452655,-0.0086004286679637,0.0820550108091841,-0.0179449891908158,0.0,-0.0354449843726797,0.0255660804980718,0.0010110648707515,0.0344339195019281,0.0268099827601262,0.0331900172398737,0.0,-0.6011234602694826,-0.6011234602694826,-0.5920618479736397,1093.2343633982869
2024-11-20,2024-11-19,expanding_covariance__hysteresis_portfolio,risk_on,0.0,Deterministic volatility input fallback,hold,expanding_covariance__hysteresis_portfolio,Switch review interval hold 7/10,,False,False,0.0,0.0,False,hold,Switch review interval hold 7/10,,False,False,,False,False,58,{},{},,False,7.0,1,0.0013935365038467,1.0,0.0013935365038467,1120.2085424615514,63,0.0205726536901332,-0.0107236286316418,-0.0089783907987021,False,0.0822906147605331,0.9974828245297084,-0.0258903208452655,-0.0086004286679637,0.0824982774007475,-0.0175017225992524,0.0,-0.0359629959579567,0.0252171034343866,0.0011800993923433,0.0347828965656133,0.0268099827601262,0.0331900172398737,0.0,-0.8847048942275821,-0.8847048942275821,-0.8756432819317391,1093.5302905018434
2024-11-21,2024-11-20,expanding_covariance__hysteresis_portfolio,risk_on,0.0,Deterministic volatility input fallback,hold,expanding_covariance__hysteresis_portfolio,Switch review interval hold 8/10,,False,False,0.0,0.0,False,hold,Switch review interval hold 8/10,,False,False,,False,False,59,{},{},,False,7.0,1,0.0066612915855724,1.0,0.0066612915855724,1127.6954868747405,63,0.0256106421615631,-0.0051998642417599,-0.0026723645675514,False,0.1024425686462526,1.2473659938231014,-0.0258903208452656,-0.0086004286679637,0.0821271135765633,-0.0178728864234366,0.0,-0.0359629959579566,0.0252171034343866,0.0011800993923433,0.0347828965656133,0.0268099827601261,0.0331900172398738,0.0,-1.1077862295753502,-1.1077862295753502,-1.098724617279507,1100.0022883176102
2024-11-22,2024-11-21,expanding_covariance__hysteresis_portfolio,risk_on,0.0,Deterministic volatility input fallback,hold,expanding_covariance__hysteresis_portfolio,Switch review interval hold 9/10,,False,False,0.0,0.0,False,hold,Switch review interval hold 9/10,,False,False,,False,False,60,{},{},,False,7.0,1,0.0074596081695767,1.0,0.0074596081695767,1136.139107236878,63,0.0215792500781539,-0.0002542460394516,0.0093927133926906,False,0.0863170003126159,1.072879416333008,-0.0258903208452654,-0.0086004286679637,0.0804535896565511,-0.0195464103434488,0.0,-0.0359629959579567,0.0252171034343866,0.0011800993923433,0.0347828965656134,0.0268099827601262,0.0331900172398737,0.0,-0.9483790405072432,-0.9483790405072432,-0.9393174282114004,1106.490414352659
2024-11-25,2024-11-22,expanding_covariance__hysteresis_portfolio,risk_on,0.0,Deterministic volatility input fallback,hold,expanding_covariance__hysteresis_portfolio,Switch review held active pair,,False,False,0.0,0.0,False,hold,,,True,False,risk_on,False,False,61,"{""10"": 7, ""20"": 11, ""60"": 3}","{""10"": false, ""20"": false, ""60"": false}",False,False,3.0,3,-0.0033231994264526,1.0,-0.0033231994264526,1132.3697570275142,63,0.0250554529971224,0.0062223044532247,0.0145111032335857,False,0.1002218119884899,1.231408282557161,-0.0258903208452654,-0.0086004286679637,0.0813879632028848,-0.0186120367971151,0.0,-0.0420077204445631,0.0228344655425411,0.0048421859871043,0.0371655344574588,0.0268099827601262,0.0331900172398737,0.0,-1.091887206841655,-1.091887206841655,-1.082825594545812,1102.24106836087
2024-11-26,2024-11-25,expanding_covariance__hysteresis_portfolio,risk_on,0.0,Deterministic volatility input fallback,hold,expanding_covariance__hysteresis_portfolio,Switch review interval hold 1/10,,False,False,0.0,0.0,False,hold,Switch review interval hold 1/10,,False,False,,False,False,62,{},{},,False,3.0,3,0.0003273368307272,1.0,0.0003273368307272,1132.7404840279814,63,0.0245957823744165,0.0113501365997499,0.0120484097721908,True,0.0983831294976663,1.2076294063827246,-0.0258903208452656,-0.0086004286679637,0.0814679809697235,-0.0185320190302764,0.0,-0.0473043830993713,0.0208796333813243,0.0081840164806956,0.0391203666186756,0.0268099827601261,0.0331900172398738,0.0,-1.07079858170207,-1.07079858170207,-1.061736969406227,1102.4968323254975
2024-11-27,2024-11-26,expanding_covariance__hysteresis_portfolio,risk_on,0.0,Deterministic volatility input fallback,hold,expanding_covariance__hysteresis_portfolio,Switch review interval hold 2/10,,False,False,0.0,0.0,False,hold,Switch review interval hold 2/10,,False,False,,False,False,63,{},{},,False,3.0,3,-0.0008220596690372,1.0,-0.0008220596690372,1131.8096863985895,63,0.0289183280980761,0.0110164368278819,0.0039406002250615,True,0.1156733123923044,1.4284284336001438,-0.0258903208452653,-0.0086004286679637,0.0809794244299428,-0.0190205755700571,0.0,-0.0481531571914289,0.0205675383966702,0.0087206955880992,0.0394324616033297,0.0268099827601262,0.0331900172398737,0.0,-1.267001475838644,-1.267001475838644,-1.257939863542801,1103.1047907478028
2024-11-29,2024-11-27,expanding_covariance__hysteresis_portfolio,risk_on,0.0,Deterministic volatility input fallback,hold,expanding_covariance__hysteresis_portfolio,Switch review interval hold 3/10,,False,False,0.0,0.0,False,hold,Switch review interval hold 3/10,,False,False,,False,False,64,{},{},,False,3.0,3,0.0042517741709233,1.0,0.0042517741709233,1136.6321302959798,63,0.0243425840238128,0.0062426709117497,0.0022963722792445,True,0.0973703360952512,1.205981360933651,-0.0258903208452654,-0.0086004286679637,0.080739503320241,-0.019260496679759,0.0,-0.0481533279934654,0.0205674756103647,0.0087208036038302,0.0394325243896352,0.0268099827601263,0.0331900172398736,0.0,-1.06776990329299,-1.06776990329299,-1.058708290997147,1106.322503209164
2024-12-02,2024-11-29,expanding_covariance__hysteresis_portfolio,risk_on,0.0,Deterministic volatility input fallback,hold,expanding_covariance__hysteresis_portfolio,Switch review interval hold 4/10,,False,False,0.0,0.0,False,hold,Switch review interval hold 4/10,,False,False,,False,False,65,{},{},,False,3.0,3,-0.0026279994737486,1.0,-0.0026279994737486,1133.6489832270756,63,0.0332223074532245,0.0163988364114377,0.0048844647125578,True,0.132889229812898,1.6518098287306704,-0.0258903208452656,-0.0086004286679637,0.0804506835481276,-0.0195493164518723,0.0,-0.0493464936414456,0.0201290219638597,0.0094755156053054,0.0398709780361402,0.0268099827601262,0.0331900172398737,0.0,-1.4650096960209895,-1.4650096960209895,-1.4559480837251462,1102.1887382515056
2024-12-03,2024-12-02,expanding_covariance__hysteresis_portfolio,risk_on,0.0,Deterministic volatility input fallback,hold,expanding_covariance__hysteresis_portfolio,Switch review interval hold 5/10,,False,False,0.0,0.0,False,hold,Switch review interval hold 5/10,,False,False,,False,False,66,{},{},,False,3.0,3,0.0012151320493758,1.0,0.0012151320493758,1135.027353720816,63,0.0362524380453401,0.0207241839486308,0.0037608258321123,True,0.1450097521813604,1.8187880123082976,-0.0258903208452656,-0.0086004286679637,0.0797287815842389,-0.020271218415761,0.0,-0.0493464936414457,0.0201290219638597,0.0094755156053054,0.0398709780361402,0.0268099827601262,0.0331900172398737,0.0,-1.6116966582963883,-1.6116966582963883,-1.6026350460005452,1105.21459246106
2024-12-04,2024-12-03,expanding_covariance__hysteresis_portfolio,risk_on,0.0,Deterministic volatility input fallback,hold,expanding_covariance__hysteresis_portfolio,Switch review interval hold 6/10,,False,False,0.0,0.0,False,hold,Switch review interval hold 6/10,,False,False,,False,False,67,{},{},,False,3.0,3,0.0017522474554611,1.0,0.0017522474554611,1137.0179460090667,63,0.0382258961032435,0.0130763229428716,0.0054918732147054,True,0.1529035844129743,1.9186748888273784,-0.0258903208452655,-0.0086004286679637,0.0796922841401355,-0.0203077158598645,0.0,-0.0493464936414457,0.0201290219638597,0.0094755156053054,0.0398709780361402,0.0268099827601262,0.0331900172398737,0.0,-1.7005838987356556,-1.7005838987356556,-1.6915222864398127,1105.3740775531091
2024-12-05,2024-12-04,expanding_covariance__hysteresis_portfolio,risk_on,0.0,Deterministic volatility input fallback,hold,expanding_covariance__hysteresis_portfolio,Switch review interval hold 7/10,,False,False,0.0,0.0,False,hold,Switch review interval hold 7/10,,False,False,,False,False,68,{},{},,False,3.0,3,-0.0045043486770422,1.0,-0.0045043486770422,1131.9079379969123,63,0.0375523637869272,0.0099813113072964,0.0134593486638687,True,0.1502094551477091,1.8860780540981668,-0.0258903208452654,-0.0086004286679637,0.0796411658686798,-0.0203588341313201,0.0,-0.0493464936414458,0.0201290219638597,0.0094755156053055,0.0398709780361402,0.0268099827601262,0.0331900172398737,0.0,-1.6713676638892272,-1.6713676638892272,-1.6623060515933843,1102.216071720047
2024-12-06,2024-12-05,expanding_covariance__hysteresis_portfolio,risk_on,0.0,Deterministic volatility input fallback,hold,expanding_covariance__hysteresis_portfolio,Switch review interval hold 8/10,,False,False,0.0,0.0,False,hold,Switch review interval hold 8/10,,False,False,,False,False,69,{},{},,False,3.0,3,-0.0002394401345499,1.0,-0.0002394401345499,1131.6369462523849,63,0.0395568768824945,0.0139660897295892,0.0110776910950394,True,0.1582275075299783,2.002556669925361,-0.0258903208452654,-0.0086004286679637,0.0790127490054379,-0.020987250994562,0.0,-0.0489555541683211,0.0200700004968761,0.0090255546651973,0.0399299995031238,0.0258903208452655,0.0341096791547344,0.0,-1.7729185784762391,-1.7729185784762391,-1.7638569661803964,1100.2036300201876
2024-12-09,2024-12-06,expanding_covariance__hysteresis_portfolio,risk_on,0.0,Deterministic volatility input fallback,hold,expanding_covariance__hysteresis_portfolio,Switch review interval hold 9/10,,False,False,0.0,0.0,False,hold,Switch review interval hold 9/10,,False,False,,False,False,70,{},{},,False,3.0,3,0.0019452180204389,1.0,0.0019452180204389,1133.8403692070592,63,0.0318518880664997,0.0049074348309742,0.0062895619201733,True,0.1274075522659991,1.637714288178144,-0.0258903208452655,-0.0086004286679637,0.0777959581751785,-0.0222040418248214,0.0,-0.0487931482190694,0.0201295843727241,0.0089227325917936,0.0398704156272758,0.0258903208452656,0.0341096791547343,0.0,-1.4447354713485836,-1.4447354713485836,-1.4356738590527407,1102.809838171439
2024-12-10,2024-12-09,expanding_covariance__hysteresis_portfolio,risk_on,0.0,Deterministic volatility input fallback,hold,expanding_covariance__hysteresis_portfolio,Switch review held active pair,,False,False,0.0,0.0,False,hold,,,True,False,risk_on,False,False,71,"{""10"": 18, ""20"": 15, ""60"": 10}","{""10"": true, ""20"": true, ""60"": false}",False,False,10.0,10,0.0001853731004902,1.0,0.0001853731004902,1134.050572194148,63,0.0327366906413942,0.0043586887121801,0.00418120049436,True,0.1309467625655771,1.6822182709806015,-0.0258903208452654,-0.0086004286679637,0.0778417193681087,-0.0221582806318912,0.0,-0.051041075525233,0.0177864035219186,0.0088274790471516,0.0422135964780813,0.0258903208452654,0.0341096791547345,0.0,-1.4843778606806797,-1.4843778606806797,-1.4753162483848368,1102.5141779146848
2024-12-11,2024-12-10,expanding_covariance__hysteresis_portfolio,risk_on,0.0,Deterministic volatility input fallback,hold,expanding_covariance__hysteresis_portfolio,Switch review interval hold 1/10,,False,False,0.0,0.0,False,hold,Switch review interval hold 1/10,,False,False,,False,False,72,{},{},,False,10.0,10,0.0054918830625059,1.0,0.0054918830625059,1140.29577859856,63,0.0295781404173894,0.0141014944938337,0.0058313235349796,True,0.1183125616695576,1.5240185622553697,-0.0258903208452655,-0.0086004286679637,0.0776319689272477,-0.0223680310727522,0.0,-0.0542540381385318,0.0158315713607017,0.0100856094992335,0.0441684286392982,0.0258903208452654,0.0341096791547345,0.0,-1.3433655435508012,-1.3433655435508012,-1.3343039312549585,1108.737093712964
2024-12-12,2024-12-11,expanding_covariance__hysteresis_portfolio,risk_on,0.0,Deterministic volatility input fallback,hold,expanding_covariance__hysteresis_portfolio,Switch review interval hold 2/10,,False,False,0.0,0.0,False,hold,Switch review interval hold 2/10,,False,False,,False,False,73,{},{},,False,10.0,10,-0.0065931419376457,1.0,-0.0065931419376457,1132.802376356182,63,0.0275072281855918,0.0274975008747186,0.0129010306401477,True,0.1100289127423674,1.4294937165113186,-0.0258903208452655,-0.0086004286679637,0.0769705466148484,-0.0230294533851515,0.0,-0.0548555404951341,0.0155194763760477,0.0103750168711818,0.0444805236239522,0.0258903208452655,0.0341096791547344,0.0,-1.2578098506416364,-1.2578098506416364,-1.2487482383457935,1102.9740806030643
2024-12-13,2024-12-12,expanding_covariance__hysteresis_portfolio,risk_on,0.0,Deterministic volatility input fallback,hold,expanding_covariance__hysteresis_portfolio,Switch review interval hold 3/10,,False,False,0.0,0.0,False,hold,Switch review interval hold 3/10,,False,False,,False,False,74,{},{},,False,10.0,10,-0.0047778128668921,1.0,-0.0047778128668921,1127.4029675404825,63,0.0161547556827778,0.0221605132519847,0.0018955778813849,True,0.0646190227311112,0.8313881039941245,-0.0258903208452654,-0.0086004286679637,0.0777242570836302,-0.0222757429163697,0.0,-0.0534285451345021,0.0162308878553816,0.0096594329898838,0.0437691121446183,0.0258903208452655,0.0341096791547344,0.0,-0.7288551359338175,-0.7288551359338175,-0.7197935236379746,1100.4064179288016
2024-12-16,2024-12-13,expanding_covariance__hysteresis_portfolio,risk_on,0.0,Deterministic volatility input fallback,hold,expanding_covariance__hysteresis_portfolio,Switch review interval hold 4/10,,False,False,0.0,0.0,False,hold,Switch review interval hold 4/10,,False,False,,False,False,75,{},{},,False,10.0,10,-0.0007895873287085,1.0,-0.0007895873287085,1126.513135789132,63,0.0075269076386508,0.0173829529356531,-0.0004078790799035,True,0.0301076305546035,0.3859071846150147,-0.0258903208452654,-0.0086004286679637,0.0780178026087781,-0.0219821973912218,0.0,-0.0486934501556052,0.0185984353448301,0.0072918855004353,0.0414015646551698,0.0258903208452655,0.0341096791547344,0.0,-0.3336592822470663,-0.3336592822470663,-0.3245976699512234,1099.568700452949
2024-12-17,2024-12-16,expanding_covariance__hysteresis_portfolio,risk_on,0.0,Deterministic volatility input fallback,hold,expanding_covariance__hysteresis_portfolio,Switch review interval hold 5/10,,False,False,0.0,0.0,False,hold,Switch review interval hold 5/10,,False,False,,False,False,76,{},{},,False,10.0,10,-0.0028191240511214,1.0,-0.0028191240511214,1123.3418277698004,63,0.0070086667249744,0.0221733627264839,-0.0020692700792481,True,0.0280346668998976,0.3592565083552635,-0.0258903208452654,-0.0086004286679637,0.0780352373524004,-0.0219647626475995,0.0,-0.0479130984538355,0.0189886111957149,0.0069017096495505,0.041011388804285,0.0258903208452655,0.0341096791547344,0.0,-0.3100021293834235,-0.3100021293834235,-0.3009405170875806,1096.5168073726527
2024-12-18,2024-12-17,expanding_covariance__hysteresis_portfolio,risk_on,0.0,Deterministic volatility input fallback,hold,expanding_covariance__hysteresis_portfolio,Switch review interval hold 6/10,,False,False,0.0,0.0,False,hold,Switch review interval hold 6/10,,False,False,,False,False,77,{},{},,False,10.0,10,-0.0161756313936893,1.0,-0.0161756313936893,1105.3172370137745,63,0.0114630770987586,0.0091177228467689,0.0001961393845523,True,0.0458523083950344,0.5968722615612758,-0.0258903208452655,-0.0086004286679637,0.0768209738463899,-0.02317902615361,0.0,-0.045131970891275,0.0203791749769952,0.0055111458682702,0.0396208250230047,0.0258903208452655,0.0341096791547344,0.0,-0.5197511697343248,-0.5197511697343248,-0.5106895574384819,1080.2478387775395
2024-12-19,2024-12-18,expanding_covariance__hysteresis_portfolio,risk_on,0.0,Deterministic volatility input fallback,hold,expanding_covariance__hysteresis_portfolio,Switch review interval hold 7/10,,False,False,0.0,0.0,False,hold,Switch review interval hold 7/10,,False,False,,False,False,78,{},{},,False,10.0,10,-0.0053710100570388,1.0,-0.0053710100570388,1099.3964814697067,63,-0.0129197989408291,-0.0119889440099692,-0.022712572641611,False,-0.0516791957633164,-0.6318867265163592,-0.0306749724424786,-0.0106683056867913,0.0817855378102778,-0.0182144621897221,0.0,-0.0293250275575214,0.0306749724424786,9.205483015737868e-17,0.0293250275575213,0.0306749724424787,0.0293250275575212,0.0,0.5761234617432069,0.5761234617432069,0.5868597020980745,1075.57532745443
2024-12-20,2024-12-19,expanding_covariance__hysteresis_portfolio,risk_on,0.0,Deterministic volatility input fallback,hold,expanding_covariance__hysteresis_portfolio,Switch review interval hold 8/10,,False,False,0.0,0.0,False,hold,Switch review interval hold 8/10,,False,False,,False,False,79,{},{},,False,10.0,10,0.0077521233484381,1.0,0.0077521233484381,1107.9522584753713,63,-0.0200266799933086,-0.0187534905708548,-0.0239533548126148,False,-0.0801067199732344,-0.9729564773383051,-0.0358672704893452,-0.0106683056867913,0.08233330250535,-0.0176666974946499,0.0,-0.0241327295106548,0.0358672704893452,7.850462293418876e-17,0.0241327295106547,0.0358672704893453,0.0241327295106546,0.0,0.8840597970276247,0.8840597970276247,0.8966133416988956,1083.4070920436882
2024-12-23,2024-12-20,expanding_covariance__hysteresis_portfolio,risk_on,0.0,Deterministic volatility input fallback,hold,expanding_covariance__hysteresis_portfolio,Switch review interval hold 9/10,,False,False,0.0,0.0,False,hold,Switch review interval hold 9/10,,False,False,,False,False,80,{},{},,False,10.0,10,-0.0009256007184076,1.0,-0.0009256007184076,1106.9272115342408,63,-0.0135972476242671,-0.017662658807989,-0.0179169048474407,False,-0.0543889904970685,-0.6486903204029187,-0.0358672704893451,-0.0106683056867913,0.0838443071931243,-0.0161556928068756,0.0,-0.0241327295106547,0.0358672704893453,7.850462293418876e-17,0.0241327295106546,0.0358672704893454,0.0241327295106545,0.0,0.5953397981532712,0.5953397981532712,0.607893342824542,1082.9307679423198
2024-12-24,2024-12-23,pca_covariance__hysteresis_portfolio,risk_on,0.0,Deterministic volatility input fallback,switch,pca_covariance__hysteresis_portfolio,,,True,True,0.0,0.0,False,switch,,,True,False,risk_on,False,False,81,"{""10"": 1, ""20"": 6, ""60"": 5}","{""10"": false, ""20"": false, ""60"": false}",False,False,1.0,1,0.0069590568454947,1.0,0.0069590568454947,1114.657246603742,63,-0.0195118222356797,-0.0260478676959734,-0.0198255632427486,False,-0.0780472889427189,-0.9382506374093388,-0.0358672704893452,-0.0106683056867913,0.0831838379116054,-0.0168161620883945,0.0,-0.0241327295106548,0.0358672704893452,7.850462293418876e-17,0.0241327295106547,0.0358672704893453,0.0241327295106546,0.0,0.8543852241568873,0.8543852241568873,0.8669387688281582,1088.5334685394678
2024-12-26,2024-12-24,pca_covariance__hysteresis_portfolio,balanced,0.0,Deterministic volatility input fallback,hold,pca_covariance__hysteresis_portfolio,Switch review interval hold 1/10,,False,False,0.0,0.0,False,hold,Switch review interval hold 1/10,,False,True,,False,False,2,{},{},,False,1.0,1,-0.0001917567566656,1.0,-0.0001917567566656,1114.4435240373673,63,-0.0031870536955347,-0.0199412118125182,-0.0031282210422017,False,-0.012748214782139,-0.1524165688144173,-0.0378719786667692,-0.0104867801496993,0.0836406099500986,-0.0163593900499013,0.0058766960042154,-0.0221280213332308,0.0378719786667692,5.551115123125783e-17,0.0221280213332307,0.0378719786667692,0.0221280213332307,0.0,0.1504257941087791,0.1504257941087791,0.1636809866421484,1088.4777038377892
2024-12-27,2024-12-26,pca_covariance__hysteresis_portfolio,balanced,0.0,Deterministic volatility input fallback,hold,pca_covariance__hysteresis_portfolio,Switch review interval hold 2/10,,False,False,0.0,0.0,False,hold,Switch review interval hold 2/10,,False,False,,False,False,3,{},{},,False,1.0,1,-0.0066793921144972,1.0,-0.0066793921144972,1107.0245235403274,63,0.0033231404672871,-0.0207766403812138,-0.0034045034428165,False,0.0132925618691487,0.1610387990227794,-0.0378719786667691,-0.0104867801496993,0.0825426043277215,-0.0174573956722784,0.0058766960042154,-0.026199705924259,0.0363816386702552,0.0025813445945143,0.0236183613297447,0.0378719786667693,0.0221280213332306,0.0,-0.1307579064418979,-0.1307579064418979,-0.1175027139085287,1084.6704198306302
2024-12-30,2024-12-27,pca_covariance__hysteresis_portfolio,balanced,0.0,Deterministic volatility input fallback,hold,pca_covariance__hysteresis_portfolio,Switch review interval hold 3/10,,False,False,0.0,0.0,False,hold,Switch review interval hold 3/10,,False,False,,False,False,4,{},{},,False,1.0,1,0.0027300001265983,1.0,0.0027300001265983,1110.0508296582198,63,-0.006204173217863,-0.025884688645138,-0.0133550912562107,False,-0.024816692871452,-0.2974698971629139,-0.0378719786667692,-0.0104867801496993,0.0834258965634456,-0.0165741034365543,0.0058766960042154,-0.0294603188034675,0.0351881715245582,0.0046484903280258,0.0248118284754417,0.0378719786667693,0.0221280213332306,0.0,0.2805769965882355,0.2805769965882355,0.2938321891216048,1086.4202688481764
2024-12-31,2024-12-30,pca_covariance__hysteresis_portfolio,balanced,0.0,Deterministic volatility input fallback,hold,pca_covariance__hysteresis_portfolio,Switch review interval hold 4/10,,False,False,0.0,0.0,False,hold,Switch review interval hold 4/10,,False,False,,False,False,5,{},{},,False,1.0,1,0.0037410313086028,1.0,0.0037410313086028,1114.2113420173034,63,-0.0034712318686183,-0.0270903233938153,-0.0034834240934943,False,-0.0138849274744732,-0.1660529811697754,-0.0378719786667691,-0.0104867801496993,0.0836174537587918,-0.0163825462412081,0.0058766960042154,-0.0301850143127626,0.0349229145581476,0.0051079288709103,0.0250770854418523,0.0378719786667692,0.0221280213332307,0.0,0.1626650848407292,0.1626650848407292,0.1759202773740984,1089.7142263526432
2025-01-02,2024-12-31,pca_covariance__hysteresis_portfolio,balanced,0.0,Deterministic volatility input fallback,hold,pca_covariance__hysteresis_portfolio,Switch review interval hold 5/10,,False,False,0.0,0.0,False,hold,Switch review interval hold 5/10,,False,False,,False,False,6,{},{},,False,1.0,1,0.0076573488980788,1.0,0.0076573488980788,1122.77599643386,63,-0.0088737154495839,-0.0211421403987614,0.0067804884668783,False,-0.0354948617983356,-0.4334883307633382,-0.0378719786667691,-0.0104867801496993,0.0818819314832122,-0.0181180685167878,0.0058766960042154,-0.0321037173984243,0.0342206204864759,0.0063243378849002,0.025779379513524,0.0378719786667693,0.0221280213332306,0.0,0.4014911807891378,0.4014911807891378,0.4147463733225071,1095.5362518615057
2025-01-03,2025-01-02,pca_covariance__hysteresis_portfolio,balanced,0.0,Deterministic volatility input fallback,hold,pca_covariance__hysteresis_portfolio,Switch review interval hold 6/10,,False,False,0.0,0.0,False,hold,Switch review interval hold 6/10,,False,False,,False,False,7,{},{},,False,1.0,1,0.0005990995122893,1.0,0.0005990995122893,1123.448852519485,63,-0.0024603417019562,-0.0138991009739313,0.0061565642158748,False,-0.0098413668078251,-0.1181225225100563,-0.0378719786667692,-0.0104867801496993,0.0833149055633084,-0.0166850944366916,0.0049233600990226,-0.0433180684197333,0.0301158831257208,0.0134339515454542,0.0298841168742791,0.0378719786667692,0.0221280213332307,0.0,0.119512471670713,0.119512471670713,0.1327676642040823,1097.9688565889187
2025-01-06,2025-01-03,pca_covariance__hysteresis_portfolio,balanced,0.0,Deterministic volatility input fallback,hold,pca_covariance__hysteresis_portfolio,Switch review interval hold 7/10,,False,False,0.0,0.0,False,hold,Switch review interval hold 7/10,,False,False,,False,False,8,{},{},,False,1.0,1,-0.0059619985961197,1.0,-0.0059619985961197,1116.7707791512105,63,-0.0037263377166866,-0.0152780054985731,0.0019157958935027,False,-0.0149053508667464,-0.1790739293663815,-0.0378719786667691,-0.0104867801496993,0.0832357391133714,-0.0167642608866285,0.0049233600990226,-0.0433180684197333,0.0301158831257208,0.0134339515454542,0.0298841168742791,0.0378719786667692,0.0221280213332307,0.0,0.1741892785972477,0.1741892785972477,0.1874444711306169,1094.4689604410314
2025-01-07,2025-01-06,pca_covariance__hysteresis_portfolio,balanced,0.0,Deterministic volatility input fallback,hold,pca_covariance__hysteresis_portfolio,Switch review interval hold 8/10,,False,False,0.0,0.0,False,hold,Switch review interval hold 8/10,,False,False,,False,False,9,{},{},,False,1.0,1,-0.003189641217724,1.0,-0.003189641217724,1113.214355915548,63,-0.0086249218065537,-0.0161807971185058,0.001451146548285,False,-0.034499687226215,-0.4104731833762488,-0.0378719786667691,-0.0104867801496993,0.0840485776499359,-0.015951422350064,0.0049233600990226,-0.0433180684197334,0.0301158831257208,0.0134339515454542,0.0298841168742791,0.0378719786667693,0.0221280213332306,0.0,0.3824206944609075,0.3824206944609075,0.3956758869942768,1093.0744332483964
2025-01-08,2025-01-07,pca_covariance__hysteresis_portfolio,balanced,0.0,Deterministic volatility input fallback,hold,pca_covariance__hysteresis_portfolio,Switch review interval hold 9/10,,False,False,0.0,0.0,False,hold,Switch review interval hold 9/10,,False,False,,False,False,10,{},{},,False,1.0,1,0.0029925881816587,1.0,0.0029925881816587,1116.550737759214,63,-0.0111957783412996,-0.0196930432472406,-0.0095358811663074,False,-0.0447831133651985,-0.5314526536811467,-0.0378719786667692,-0.0104867801496993,0.0842654807629709,-0.015734519237029,0.0049233600990226,-0.0417728925344191,0.030681456753061,0.0124543492874801,0.029318543246939,0.0378719786667693,0.0221280213332306,0.0,0.4913569614555818,0.4913569614555818,0.504612153988951,1093.6358916886506
2025-01-10,2025-01-08,pca_covariance__hysteresis_portfolio,balanced,0.0,Deterministic volatility input fallback,hold,pca_covariance__hysteresis_portfolio,Switch review held active pair,,False,False,0.0,0.0,False,hold,,,True,False,balanced,False,False,11,"{""10"": 15, ""20"": 2, ""60"": 1}","{""10"": true, ""20"": false, ""60"": false}",False,False,1.0,1,0.0001077870234168,1.0,0.0001077870234168,1116.6710939260308,63,-0.0020856172546509,-0.0181689264143965,-0.0111983158876264,False,-0.0083424690186039,-0.0997631513148515,-0.0378719786667691,-0.0104867801496993,0.0836227495688788,-0.0163772504311211,0.0049233600990226,-0.0417728925344192,0.0306814567530609,0.0124543492874801,0.029318543246939,0.0378719786667692,0.0221280213332307,0.0,0.103089894187388,0.103089894187388,0.1163450867207572,1097.884825978653
2025-01-13,2025-01-10,pca_covariance__hysteresis_portfolio,balanced,0.0,Deterministic volatility input fallback,hold,pca_covariance__hysteresis_portfolio,Switch review interval hold 1/10,,False,False,0.0,0.0,False,hold,Switch review interval hold 1/10,,False,False,,False,False,12,{},{},,False,1.0,1,0.0036911924547733,1.0,0.0036911924547733,1120.8005584779646,63,-0.0004577243203265,-0.0171468667669595,-0.0028732213574401,False,-0.001830897281306,-0.0219089522303393,-0.0378719786667693,-0.0104867801496993,0.083568454668983,-0.0164315453310169,0.0049233600990226,-0.0417728925344191,0.0306814567530609,0.0124543492874801,0.029318543246939,0.0378719786667693,0.0221280213332306,0.0,0.0331737628989866,0.0331737628989866,0.0464289554323559,1101.9817044391243
2025-01-14,2025-01-13,pca_covariance__hysteresis_portfolio,balanced,0.0,Deterministic volatility input fallback,hold,pca_covariance__hysteresis_portfolio,Switch review interval hold 2/10,,False,False,0.0,0.0,False,hold,Switch review interval hold 2/10,,False,False,,False,False,13,{},{},,False,1.0,1,-0.0012597660310204,1.0,-0.0012597660310204,1119.3895009946016,63,-0.0010533251672291,-0.0186637522168824,0.0090426230398153,False,-0.0042133006689165,-0.0504874275040594,-0.0378719786667692,-0.0104867801496993,0.0834524727681524,-0.0165475272318475,0.0049233600990226,-0.0426554655051251,0.0291911167565469,0.0118465822616721,0.030808883243453,0.0378719786667693,0.0221280213332306,0.0,0.0588244733503473,0.0588244733503473,0.0720796658837166,1102.183289390302
2025-01-15,2025-01-14,pca_covariance__hysteresis_portfolio,balanced,0.0,Deterministic volatility input fallback,hold,pca_covariance__hysteresis_portfolio,Switch review interval hold 3/10,,False,False,0.0,0.0,False,hold,Switch review interval hold 3/10,,False,False,,False,False,14,{},{},,False,1.0,1,0.0159224579363827,1.0,0.0159224579363827,1137.3555857844224,63,-0.0063990206339397,-0.0137466192809408,0.0078564062191853,False,-0.0255960825357589,-0.3081330519787391,-0.0378719786667691,-0.0104867801496993,0.0830682796648672,-0.0169317203351327,0.0048617967349088,-0.0437549386303774,0.0279976496108498,0.0117525882412273,0.0320023503891501,0.0378719786667692,0.0221280213332307,0.0,0.2899031374424624,0.2899031374424624,0.3031583299758315,1116.779328555044
2025-01-16,2025-01-15,pca_covariance__hysteresis_portfolio,balanced,0.0,Deterministic volatility input fallback,hold,pca_covariance__hysteresis_portfolio,Switch review interval hold 4/10,,False,False,0.0,0.0,False,hold,Switch review interval hold 4/10,,False,False,,False,False,15,{},{},,False,1.0,1,0.0037255004638113,1.0,0.0037255004638113,1141.6007072377918,63,0.0101463258780684,0.0070949470688585,0.0238582949315802,False,0.0405853035122736,0.4558933029558663,-0.0378719786667691,-0.0104867801496993,0.0890236887647427,-0.0109763112352572,0.0048617967349088,-0.0440485722281373,0.0277323926444394,0.0117809648725768,0.0322676073555605,0.0378719786667693,0.0221280213332306,0.0,-0.4002576820635094,-0.4002576820635094,-0.3870024895301402,1118.0851581748843
2025-01-17,2025-01-16,pca_covariance__hysteresis_portfolio,balanced,0.0,Deterministic volatility input fallback,hold,pca_covariance__hysteresis_portfolio,Switch review interval hold 5/10,,False,False,0.0,0.0,False,hold,Switch review interval hold 5/10,,False,False,,False,False,16,{},{},,False,1.0,1,0.0017695104511902,1.0,0.0017695104511902,1143.6225699463662,63,0.0146289132975429,0.0119104770871209,0.0333672476926878,False,0.0585156531901719,0.6553672361840959,-0.0378719786667691,-0.0104867801496993,0.0892868150243242,-0.0107131849756757,0.0048617967349088,-0.0449113303131131,0.0270300985727676,0.0119414288858807,0.0329699014272323,0.0378719786667693,0.0221280213332306,0.0,-0.5815998509145617,-0.5815998509145617,-0.5683446583811924,1118.107283230824
2025-01-21,2025-01-17,pca_covariance__hysteresis_portfolio,balanced,0.0,Deterministic volatility input fallback,hold,pca_covariance__hysteresis_portfolio,Switch review interval hold 6/10,,False,False,0.0,0.0,False,hold,Switch review interval hold 6/10,,False,False,,False,False,17,{},{},,False,1.0,1,0.0019264161983319,1.0,0.0019264161983319,1145.8277863902504,63,0.0112362379899651,0.0165602244787864,0.0258876124784849,True,0.0449449519598604,0.5062404890606073,-0.037871978666769,-0.0104867801496993,0.0887818199671492,-0.0112181800328507,0.0048617967349088,-0.050890108988064,0.0234909348393526,0.0143810438274166,0.0365090651606473,0.0378719786667693,0.0221280213332306,0.0,-0.4457346493942938,-0.4457346493942938,-0.4324794568609246,1121.2602220233332
2025-01-22,2025-01-21,pca_covariance__hysteresis_portfolio,balanced,0.0,Deterministic volatility input fallback,hold,pca_covariance__hysteresis_portfolio,Switch review interval hold 7/10,,False,False,0.0,0.0,False,hold,Switch review interval hold 7/10,,False,False,,False,False,18,{},{},,False,1.0,1,-0.0028884562199976,1.0,-0.0028884562199976,1142.5228883180812,63,0.0161136434348356,0.0357880202719697,0.0228301046364052,True,0.0644545737393427,0.7273238272094829,-0.0378719786667693,-0.0104867801496993,0.088618812320002,-0.011381187679998,0.0048617967349088,-0.0539905131997142,0.0220096020154518,0.016000115215166,0.0379903979845481,0.0378719786667692,0.0221280213332307,0.0,-0.646079183555634,-0.646079183555634,-0.6328239910222647,1118.4957561334866
2025-01-23,2025-01-22,pca_covariance__hysteresis_portfolio,balanced,0.0,Deterministic volatility input fallback,hold,pca_covariance__hysteresis_portfolio,Switch review interval hold 8/10,,False,False,0.0,0.0,False,hold,Switch review interval hold 8/10,,False,False,,False,False,19,{},{},,False,1.0,1,-0.0024333621217436,1.0,-0.0024333621217436,1139.7460962389289,63,0.0128243550101845,0.0391396694434071,0.0182579971480581,True,0.0512974200407381,0.577408166716832,-0.0378719786667693,-0.0104867801496993,0.0888408287198594,-0.0111591712801405,0.0048617967349088,-0.0541541854104666,0.0219345342473476,0.0160887196578142,0.0380654657526523,0.0378719786667692,0.0221280213332307,0.0,-0.5103542761396157,-0.5103542761396157,-0.4970990836062465,1116.1968975762247
2025-01-24,2025-01-23,pca_covariance__hysteresis_portfolio,balanced,0.0,Deterministic volatility input fallback,hold,pca_covariance__hysteresis_portfolio,Switch review interval hold 9/10,,False,False,0.0,0.0,False,hold,Switch review interval hold 9/10,,False,False,,False,False,20,{},{},,False,1.0,1,0.000135793843714,1.0,0.000135793843714,1139.9008772511118,63,0.0160836494244763,0.0285475589244948,0.0087455455520959,True,0.0643345976979052,0.7294300960577619,-0.0378719786667691,-0.0104867801496993,0.0881984415581486,-0.0118015584418513,0.0048617967349088,-0.0528500341887812,0.0225403827247834,0.0153904169135647,0.0374596172752165,0.0378719786667692,0.0221280213332307,0.0,-0.6474465275984991,-0.6474465275984991,-0.6341913350651298,1117.970183790641
2025-01-27,2025-01-24,expanding_covariance__hysteresis_portfolio,balanced,0.0,Deterministic volatility input fallback,switch,expanding_covariance__hysteresis_portfolio,,,True,True,0.0,0.0,False,switch,,,True,False,balanced,False,False,21,"{""10"": 15, ""20"": 15, ""60"": 3}","{""10"": true, ""20"": true, ""60"": false}",False,False,3.0,2,-0.0026167124752534,1.0,-0.0026167124752534,1136.921983558953,63,0.0098935377419239,0.029353410186575,0.000883765629107,True,0.0395741509676959,0.4531494366090551,-0.0378719786667691,-0.0104867801496993,0.0873313476098122,-0.0126686523901877,0.0048617967349088,-0.0528500341887813,0.0225403827247834,0.0153904169135647,0.0374596172752165,0.0378719786667692,0.0221280213332307,0.0,-0.3964100422994986,-0.3964100422994986,-0.3831548497661294,1113.2370786747892
2025-01-28,2025-01-27,expanding_covariance__hysteresis_portfolio,risk_on,0.0,Deterministic volatility input fallback,hold,expanding_covariance__hysteresis_portfolio,Switch review interval hold 1/10,,False,False,0.0,0.0,False,hold,Switch review interval hold 1/10,,False,True,,False,False,2,{},{},,False,5.0,2,0.0038792930853981,1.0,0.0038792930853981,1141.341002942293,63,0.0115097127302047,0.0223881656005009,0.0059118766432681,True,0.0460388509208188,0.5336922451430257,-0.0358672704893453,-0.0106683056867913,0.0862647927523862,-0.0137352072476137,0.0,-0.0530417975660777,0.0214132453037724,0.0144550428698501,0.0385867546962275,0.0358672704893453,0.0241327295106546,0.0,-0.4692044053158477,-0.4692044053158477,-0.4566508606445768,1116.5214346459627
2025-01-29,2025-01-28,expanding_covariance__hysteresis_portfolio,risk_on,0.0,Deterministic volatility input fallback,hold,expanding_covariance__hysteresis_portfolio,Switch review interval hold 2/10,,False,False,0.0,0.0,False,hold,Switch review interval hold 2/10,,False,False,,False,False,3,{},{},,False,5.0,2,-0.004151441894247,1.0,-0.004151441894247,1136.6126136946025,63,0.0136733324323388,0.0262597976032403,0.0094638328979391,True,0.0546933297293552,0.6320794877034681,-0.0358672704893453,-0.0106683056867913,0.0865291957631346,-0.0134708042368653,0.0,-0.0530417975660776,0.0214132453037724,0.0144550428698501,0.0385867546962275,0.0358672704893452,0.0241327295106547,0.0,-0.558313264727289,-0.558313264727289,-0.5457597200560181,1111.5626094996728
2025-01-30,2025-01-29,expanding_covariance__hysteresis_portfolio,risk_on,0.0,Deterministic volatility input fallback,hold,expanding_covariance__hysteresis_portfolio,Switch review interval hold 3/10,,False,False,0.0,0.0,False,hold,Switch review interval hold 3/10,,False,False,,False,False,4,{},{},,False,5.0,2,0.0067633372776384,1.0,0.0067633372776384,1144.3259627431664,63,0.0085388328611914,0.0278422117652452,0.0061344506727292,True,0.0341553314447656,0.3928033295237859,-0.0358672704893452,-0.0106683056867913,0.0869527544131913,-0.0130472455868086,0.0,-0.0529058383824869,0.0214808163288548,0.0143866547113417,0.0385191836711451,0.0358672704893453,0.0241327295106546,0.0,-0.3425038891288038,-0.3425038891288038,-0.3299503444575329,1117.4913549882738
2025-01-31,2025-01-30,expanding_covariance__hysteresis_portfolio,risk_on,0.0,Deterministic volatility input fallback,hold,expanding_covariance__hysteresis_portfolio,Switch review interval hold 4/10,,False,False,0.0,0.0,False,hold,Switch review interval hold 4/10,,False,False,,False,False,5,{},{},,False,5.0,2,-0.0008355727501882,1.0,-0.0008355727501882,1143.370194513917,63,0.0237532017118076,0.0320700090104517,0.0086460137794443,True,0.0950128068472307,1.1026613025521506,-0.0358672704893452,-0.0105315786231416,0.0861668099055621,-0.0138331900944378,0.0,-0.0529058383824867,0.0214808163288548,0.0143866547113416,0.0385191836711451,0.0358672704893453,0.0241327295106546,0.0,-0.9826151003624404,-0.9826151003624404,-0.9700615556911696,1116.492888986818
2025-02-03,2025-01-31,expanding_covariance__hysteresis_portfolio,risk_on,0.0,Deterministic volatility input fallback,hold,expanding_covariance__hysteresis_portfolio,Switch review interval hold 5/10,,False,False,0.0,0.0,False,hold,Switch review interval hold 5/10,,False,False,,False,False,6,{},{},,False,5.0,2,0.0035831074406432,1.0,0.0035831074406432,1147.4743612094037,63,0.0222565923590242,0.027752170118899,0.0104384405030047,True,0.089026369436097,1.032803566989252,-0.0358672704893452,-0.0105315786231416,0.0861987431894912,-0.0138012568105087,0.0,-0.0529058383824868,0.0214808163288549,0.0143866547113417,0.038519183671145,0.0358672704893453,0.0241327295106546,0.0,-0.91962580447256,-0.91962580447256,-0.907072259801289,1118.4278396005784
2025-02-04,2025-02-03,expanding_covariance__hysteresis_portfolio,risk_on,0.0,Deterministic volatility input fallback,hold,expanding_covariance__hysteresis_portfolio,Switch review interval hold 6/10,,False,False,0.0,0.0,False,hold,Switch review interval hold 6/10,,False,False,,False,False,7,{},{},,False,5.0,2,0.0009134354837831,1.0,0.0009134354837831,1148.522983859321,63,0.0218879935525724,0.0237705293210177,0.0128064158942721,True,0.0875519742102898,1.0163994946551227,-0.0358672704893452,-0.0105315786231416,0.0861393326843372,-0.0138606673156627,0.0,-0.0529058383824867,0.0214808163288548,0.0143866547113416,0.0385191836711451,0.0358672704893452,0.0241327295106547,0.0,-0.9047130706722843,-0.9047130706722843,-0.8921595260010134,1120.4971967008946
2025-02-05,2025-02-04,expanding_covariance__hysteresis_portfolio,risk_on,0.0,Deterministic volatility input fallback,hold,expanding_covariance__hysteresis_portfolio,Switch review interval hold 7/10,,False,False,0.0,0.0,False,hold,Switch review interval hold 7/10,,False,False,,False,False,8,{},{},,False,5.0,2,0.0049324500482019,1.0,0.0049324500482019,1154.2020103498842,63,0.0287058203651202,0.0243979531532374,0.011967603922594,True,0.114823281460481,1.347655337177576,-0.0358672704893453,-0.0105315786231416,0.0852022607656925,-0.0147977392343075,0.0,-0.0542034736235256,0.020843235051017,0.0150467086745427,0.0391567649489829,0.0358672704893452,0.0241327295106547,0.0,-1.2014251663969628,-1.2014251663969628,-1.1888716217256918,1123.3729180203925
2025-02-06,2025-02-05,expanding_covariance__hysteresis_portfolio,risk_on,0.0,Deterministic volatility input fallback,hold,expanding_covariance__hysteresis_portfolio,Switch review interval hold 8/10,,False,False,0.0,0.0,False,hold,Switch review interval hold 8/10,,False,False,,False,False,9,{},{},,False,5.0,2,-0.0010375265202083,1.0,-0.0010375265202083,1153.0051161665644,63,0.0405916174242639,0.0342633146745146,0.0214044026478383,True,0.1623664696970558,1.9257618527367193,-0.0358672704893453,-0.0105315786231416,0.0843128497255853,-0.0156871502744146,0.0,-0.0544684457263926,0.020716077734456,0.0151845234608487,0.0392839222655439,0.0358672704893453,0.0241327295106546,0.0,-1.7191564962450574,-1.7191564962450574,-1.7066029515737864,1122.438050038477
2025-02-07,2025-02-06,expanding_covariance__hysteresis_portfolio,risk_on,0.0,Deterministic volatility input fallback,hold,expanding_covariance__hysteresis_portfolio,Switch review interval hold 9/10,,False,False,0.0,0.0,False,hold,Switch review interval hold 9/10,,False,False,,False,False,10,{},{},,False,5.0,2,-0.0015300383326594,1.0,-0.0015300383326594,1151.2423230554875,63,0.0306910978489206,0.0355207257121739,0.0206063162621799,True,0.1227643913956824,1.4844551182237464,-0.0358672704893452,-0.0105315786231416,0.0826999684184312,-0.0173000315815687,0.0,-0.0544684457263927,0.0207160777344559,0.0151845234608487,0.039283922265544,0.0358672704893453,0.0241327295106546,0.0,-1.318080766766897,-1.318080766766897,-1.3055272220956262,1121.0321786890506
2025-02-10,2025-02-07,expanding_covariance__hysteresis_portfolio,risk_on,0.0,Deterministic volatility input fallback,hold,expanding_covariance__hysteresis_portfolio,Switch review held active pair,,False,False,0.0,0.0,False,hold,,,True,False,risk_on,False,False,11,"{""10"": 8, ""20"": 3, ""60"": 1}","{""10"": false, ""20"": false, ""60"": false}",False,False,3.0,1,0.0085116429241738,1.0,0.0085116429241738,1161.0831078395402,63,0.0243138004252247,0.0315187563129694,0.0171310599090815,True,0.0972552017008988,1.1814853380947985,-0.0358672704893451,-0.0105315786231416,0.0823160462217224,-0.0176839537782775,0.0,-0.0544684457263924,0.0207160777344561,0.0151845234608485,0.0392839222655438,0.0358672704893452,0.0241327295106547,0.0,-1.0457021659104186,-1.0457021659104186,-1.033148621239148,1129.582108768542
2025-02-11,2025-02-10,expanding_covariance__hysteresis_portfolio,risk_on,0.0,Deterministic volatility input fallback,hold,expanding_covariance__hysteresis_portfolio,Switch review interval hold 1/10,,False,False,0.0,0.0,False,hold,Switch review interval hold 1/10,,False,False,,False,False,12,{},{},,False,3.0,1,-0.0011720421066377,1.0,-0.0011720421066377,1159.7230667162669,63,0.0413145704487336,0.0382223601227381,0.0254573297327651,True,0.1652582817949344,2.018122398393813,-0.0358672704893452,-0.0100575823327193,0.0818871451634749,-0.018112854836525,0.0,-0.0544684457263926,0.020716077734456,0.0151845234608486,0.0392839222655439,0.0358672704893453,0.0241327295106546,0.0,-1.7935454129011228,-1.7935454129011228,-1.780991868229852,1130.6103462923138
2025-02-12,2025-02-11,expanding_covariance__hysteresis_portfolio,risk_on,0.0,Deterministic volatility input fallback,hold,expanding_covariance__hysteresis_portfolio,Switch review interval hold 2/10,,False,False,0.0,0.0,False,hold,Switch review interval hold 2/10,,False,False,,False,False,13,{},{},,False,3.0,1,-0.0092875049288169,1.0,-0.0092875049288169,1149.001996080768,63,0.0313233135780308,0.0340906367327699,0.0187934045636213,True,0.1252932543121234,1.561078763315262,-0.0358672704893453,-0.0100575823327193,0.0802606871968703,-0.0197393128031296,0.0,-0.0553028378561688,0.0203214364609198,0.0156242743170887,0.0396785635390801,0.0358672704893453,0.0241327295106546,0.0,-1.380024587947634,-1.380024587947634,-1.367471043276363,1121.65459638864
2025-02-13,2025-02-12,expanding_covariance__hysteresis_portfolio,risk_on,0.0,Deterministic volatility input fallback,hold,expanding_covariance__hysteresis_portfolio,Switch review interval hold 3/10,,False,False,0.0,0.0,False,hold,Switch review interval hold 3/10,,False,False,,False,False,14,{},{},,False,3.0,1,0.0074438499230357,1.0,0.0074438499230357,1157.5869072546163,63,0.0195418445099807,0.025564468394928,0.0160990415724502,True,0.0781673780399231,0.9475177878559692,-0.0358672704893452,-0.0107311730805121,0.082497003266608,-0.0175029967333919,0.0,-0.0495949638081878,0.0231361533405786,0.0127311171487665,0.0368638466594213,0.0358672704893452,0.0241327295106547,0.0,-0.8364410553513699,-0.8364410553513699,-0.823887510680099,1129.0362155982612
2025-02-14,2025-02-13,expanding_covariance__hysteresis_portfolio,risk_on,0.0,Deterministic volatility input fallback,hold,expanding_covariance__hysteresis_portfolio,Switch review interval hold 4/10,,False,False,0.0,0.0,False,hold,Switch review interval hold 4/10,,False,False,,False,False,15,{},{},,False,3.0,1,-0.0031271403904664,1.0,-0.0031271403904664,1153.9726246114242,63,0.0365431271141799,0.017844829682856,0.0283207043623781,True,0.1461725084567197,1.7995065695461188,-0.0358672704893451,-0.0099901003946327,0.0812292163476725,-0.0187707836523274,0.0,-0.0495949638081876,0.0231361533405788,0.0127311171487664,0.0368638466594211,0.0358672704893452,0.0241327295106547,0.0,-1.5958017224567125,-1.5958017224567125,-1.5832481777854417,1125.587072806286
2025-02-18,2025-02-14,expanding_covariance__hysteresis_portfolio,risk_on,0.0,Deterministic volatility input fallback,hold,expanding_covariance__hysteresis_portfolio,Switch review interval hold 5/10,,False,False,0.0,0.0,False,hold,Switch review interval hold 5/10,,False,False,,False,False,16,{},{},,False,3.0,1,0.0047688232664269,1.0,0.0047688232664269,1159.488858631029,63,0.0413201100420924,0.0117642821721111,0.0259831513006202,False,0.1652804401683698,2.072491484243543,-0.0358672704893453,-0.0094475335791009,0.0797496353663894,-0.0202503646336105,0.0,-0.0495949638081876,0.0231361533405787,0.0127311171487664,0.0368638466594212,0.0358672704893452,0.0241327295106547,0.0,-1.834361447609401,-1.834361447609401,-1.8218079029381304,1131.6928414128988
2025-02-19,2025-02-18,expanding_covariance__hysteresis_portfolio,risk_on,0.0,Deterministic volatility input fallback,hold,expanding_covariance__hysteresis_portfolio,Switch review interval hold 6/10,,False,False,0.0,0.0,False,hold,Switch review interval hold 6/10,,False,False,,False,False,17,{},{},,False,3.0,1,0.0031968441774837,1.0,0.0031968441774837,1163.2014950357675,63,0.0473450876234312,0.0153446894890065,0.0335710986181686,False,0.189380350493725,2.365119372434773,-0.0358672704893452,-0.0094475335791009,0.080072216523586,-0.0199277834764139,0.0,-0.0495949638081877,0.0231361533405787,0.0127311171487664,0.0368638466594212,0.0358672704893453,0.0241327295106546,0.0,-2.0964892050287025,-2.0964892050287025,-2.0839356603574317,1134.6878000802844
2025-02-20,2025-02-19,expanding_covariance__hysteresis_portfolio,risk_on,0.0,Deterministic volatility input fallback,hold,expanding_covariance__hysteresis_portfolio,Switch review interval hold 7/10,,False,False,0.0,0.0,False,hold,Switch review interval hold 7/10,,False,False,,False,False,18,{},{},,False,3.0,1,-0.0012231889023081,1.0,-0.0012231889023081,1161.7795497070565,63,0.0505421843514755,0.0161122092124319,0.0529435741893417,False,0.202168737405902,2.5206371648288295,-0.0358672704893452,-0.0094475335791009,0.0802054100553702,-0.0197945899446297,0.0,-0.0495949638081876,0.0231361533405788,0.0127311171487664,0.0368638466594211,0.0358672704893453,0.0241327295106546,0.0,-2.235762994158798,-2.235762994158798,-2.2232094494875274,1135.1755357926263
2025-02-21,2025-02-20,expanding_covariance__hysteresis_portfolio,risk_on,0.0,Deterministic volatility input fallback,hold,expanding_covariance__hysteresis_portfolio,Switch review interval hold 8/10,,False,False,0.0,0.0,False,hold,Switch review interval hold 8/10,,False,False,,False,False,19,{},{},,False,3.0,1,-0.0039625383884333,1.0,-0.0039625383884333,1157.185062570047,63,0.0548989925687067,0.0172381590409585,0.0570913953440724,False,0.2195959702748271,2.7704342904597405,-0.0358672704893452,-0.0094475335791009,0.0792640962577698,-0.0207359037422301,0.0,-0.0495949638081877,0.0231361533405787,0.0127311171487665,0.0368638466594212,0.0358672704893453,0.0241327295106546,0.0,-2.453957040559979,-2.453957040559979,-2.441403495888708,1127.5440282421746
2025-02-24,2025-02-21,expanding_covariance__hysteresis_portfolio,risk_on,0.0,Deterministic volatility input fallback,hold,expanding_covariance__hysteresis_portfolio,Switch review interval hold 9/10,,False,False,0.0,0.0,False,hold,Switch review interval hold 9/10,,False,False,,False,False,20,{},{},,False,3.0,1,0.002303595677155,1.0,0.002303595677155,1159.8538217687692,63,0.0406999383516798,0.0156896719324364,0.0453767336072009,False,0.1627997534067194,2.10028594362228,-0.0358672704893453,-0.0094475335791009,0.0775131376282722,-0.0224868623717277,0.0,-0.0495949638081876,0.0231361533405788,0.0127311171487664,0.0368638466594211,0.0358672704893453,0.0241327295106546,0.0,-1.8508164765753323,-1.8508164765753323,-1.838262931904061,1129.7175166694797
2025-02-25,2025-02-24,expanding_covariance__hysteresis_portfolio,risk_on,0.0,Deterministic volatility input fallback,hold,expanding_covariance__hysteresis_portfolio,Switch review held active pair,,False,False,0.0,0.0,False,hold,,,True,False,risk_on,False,False,21,"{""10"": 11, ""20"": 6, ""60"": 1}","{""10"": false, ""20"": false, ""60"": false}",False,False,3.0,1,-0.0017766207478879,1.0,-0.0017766207478879,1157.7950307914082,63,0.038072498565786,0.0173526726147212,0.0486059300027635,False,0.1522899942631441,1.975232085815345,-0.0358672704893453,-0.0094475335791009,0.0770997977183431,-0.0229002022816568,0.0,-0.0495949638081876,0.0231361533405787,0.0127311171487664,0.0368638466594212,0.0358672704893452,0.0241327295106547,0.0,-1.738423809536003,-1.738423809536003,-1.725870264864732,1126.2702773017054
2025-02-26,2025-02-25,expanding_covariance__hysteresis_portfolio,balanced,0.0,Deterministic volatility input fallback,hold,expanding_covariance__hysteresis_portfolio,Switch review interval hold 1/10,,False,False,0.0,0.0,False,hold,Switch review interval hold 1/10,,False,True,,False,False,22,{},{},,False,4.0,1,0.0007275261080441,1.0,0.0007275261080441,1158.6376633855118,63,0.0349023413140513,0.0181927643420866,0.0405809299425876,False,0.1396093652562054,1.8077442567708968,-0.0358672704893453,-0.0094475335791009,0.0772284933188416,-0.0227715066811584,0.0,-0.0501816902103943,0.0228460216089632,0.0130277118193575,0.0371539783910367,0.0358672704893452,0.0241327295106547,0.0,-1.5903632244103854,-1.5903632244103854,-1.5778096797391143,1125.784040688059
2025-02-27,2025-02-26,expanding_covariance__hysteresis_portfolio,balanced,0.0,Deterministic volatility input fallback,hold,expanding_covariance__hysteresis_portfolio,Switch review interval hold 2/10,,False,False,0.0,0.0,False,hold,Switch review interval hold 2/10,,False,False,,False,False,23,{},{},,False,4.0,1,-0.0021828149834787,1.0,-0.0021828149834787,1156.1113299957372,63,0.0289685758365231,0.0150409973647326,0.041300794967973,False,0.1158743033460924,1.520130249971128,-0.0358672704893453,-0.0094475335791009,0.0762265623937772,-0.0237734376062227,0.0,-0.052332701522238,0.0218279704474013,0.0141606719696394,0.0381720295525986,0.0358672704893453,0.0241327295106546,0.0,-1.3326416597296589,-1.3326416597296589,-1.320088115058388,1123.82874743636
2025-02-28,2025-02-27,expanding_covariance__hysteresis_portfolio,balanced,0.0,Deterministic volatility input fallback,hold,expanding_covariance__hysteresis_portfolio,Switch review interval hold 3/10,,False,False,0.0,0.0,False,hold,Switch review interval hold 3/10,,False,False,,False,False,24,{},{},,False,4.0,1,0.0063334612051462,1.0,0.0063334612051462,1163.4567526741494,63,0.0193261526834675,0.0170096242755009,0.0448518360407462,False,0.0773046107338703,1.0299296274627543,-0.0358672704893452,-0.0094475335791009,0.0750581483167071,-0.0249418516832928,0.0,-0.0518335984759949,0.0220587414227852,0.0138923398987801,0.0379412585772147,0.0358672704893452,0.0241327295106547,0.0,-0.8967228369247454,-0.8967228369247454,-0.8841692922534745,1128.020615071918
2025-03-03,2025-02-28,expanding_covariance__hysteresis_portfolio,balanced,0.0,Deterministic volatility input fallback,hold,expanding_covariance__hysteresis_portfolio,Switch review interval hold 4/10,,False,False,0.0,0.0,False,hold,Switch review interval hold 4/10,,False,False,,False,False,25,{},{},,False,4.0,1,-0.0044030358491711,1.0,-0.0044030358491711,1158.345272157047,63,0.0289828133150665,0.0165797482030087,0.0486497572134605,False,0.1159312532602661,1.5326215893499722,-0.0358672704893451,-0.0094475335791009,0.0756424508605779,-0.024357549139422,0.0,-0.0518335984759948,0.0220587414227852,0.0138923398987801,0.0379412585772147,0.0358672704893452,0.0241327295106547,0.0,-1.3421109656118797,-1.3421109656118797,-1.3295574209406087,1123.971434041662
2025-03-04,2025-03-03,expanding_covariance__hysteresis_portfolio,balanced,0.0,Deterministic volatility input fallback,hold,expanding_covariance__hysteresis_portfolio,Switch review interval hold 5/10,,False,False,0.0,0.0,False,hold,Switch review interval hold 5/10,,False,False,,False,False,26,{},{},,False,4.0,1,-0.0076210941258322,1.0,-0.0076210941258322,1149.5509674847467,63,0.0242524406351681,0.0130122851040259,0.0407644552229249,False,0.0970097625406727,1.2720046948205082,-0.0358672704893452,-0.0094475335791009,0.0762652551014065,-0.0237347448985935,0.0,-0.0518335984759948,0.0220587414227852,0.01389233989878,0.0379412585772147,0.0358672704893452,0.0241327295106547,0.0,-1.1131572561411012,-1.1131572561411012,-1.1006037114698302,1119.2644502633193
2025-03-05,2025-03-04,expanding_covariance__hysteresis_portfolio,balanced,0.0,Deterministic volatility input fallback,hold,expanding_covariance__hysteresis_portfolio,Switch review interval hold 6/10,,False,False,0.0,0.0,False,hold,Switch review interval hold 6/10,,False,False,,False,False,27,{},{},,False,4.0,1,-0.0064947873645379,1.0,-0.0064947873645379,1142.1090713124984,63,0.0174534061783732,0.0018080835375504,0.0255786128585681,False,0.0698136247134928,0.896225121970685,-0.0358672704893452,-0.009919343096496,0.0778974199696406,-0.0221025800303593,0.0,-0.0480478710038504,0.0239096997427473,0.0119575707465978,0.0360903002572526,0.0358672704893452,0.0241327295106547,0.0,-0.7831854125496254,-0.7831854125496254,-0.7706318678783545,1115.7825339444066
2025-03-06,2025-03-05,expanding_covariance__hysteresis_portfolio,balanced,0.0,Deterministic volatility input fallback,hold,expanding_covariance__hysteresis_portfolio,Switch review interval hold 7/10,,False,False,0.0,0.0,False,hold,Switch review interval hold 7/10,,False,False,,False,False,28,{},{},,False,4.0,1,-0.0094345029459293,1.0,-0.0094345029459293,1131.3845099168466,63,0.0067068446429119,-0.0056001393107705,0.0187978138424668,False,0.0268273785716476,0.3411834822479885,-0.0358672704893452,-0.009919343096496,0.0786303557103279,-0.021369644289672,0.0,-0.0416515041813248,0.0271078831540101,0.008759387335335,0.0328921168459898,0.0358672704893453,0.0241327295106546,0.0,-0.2908185270865369,-0.2908185270865369,-0.2782649824152661,1106.7730322139882
2025-03-07,2025-03-06,expanding_covariance__hysteresis_portfolio,balanced,0.0,Deterministic volatility input fallback,hold,expanding_covariance__hysteresis_portfolio,Switch review interval hold 8/10,,False,False,0.0,0.0,False,hold,Switch review interval hold 8/10,,False,False,,False,False,29,{},{},,False,4.0,1,0.0019676484565082,1.0,0.0019676484565082,1133.6128684957107,63,-9.965882926885224e-05,-0.0199670923049019,0.0142962223696126,False,-0.0003986353170754,-0.0049371211778543,-0.0358672704893452,-0.0106296833485669,0.0807424615914841,-0.0192575384085158,0.0,-0.0324336614286814,0.0317168045303319,0.0041504659590133,0.028283195469668,0.0358672704893453,0.0241327295106546,0.0,0.016961970065885,0.016961970065885,0.0295155147371559,1110.3474313561017
2025-03-10,2025-03-07,expanding_covariance__hysteresis_portfolio,balanced,0.0,Deterministic volatility input fallback,hold,expanding_covariance__hysteresis_portfolio,Switch review interval hold 9/10,,False,False,0.0,0.0,False,hold,Switch review interval hold 9/10,,False,False,,False,False,30,{},{},,False,4.0,1,-0.0056952461383869,1.0,-0.0056952461383869,1127.1750141679038,63,0.0006528575778635,-0.0169619173281853,0.0185588083839885,False,0.0026114303114541,0.0323186594904688,-0.0358672704893452,-0.0106296833485669,0.0808025565609946,-0.0191974434390053,0.0,-0.0324336614286813,0.0317168045303319,0.0041504659590133,0.028283195469668,0.0358672704893452,0.0241327295106547,0.0,-0.0163076815978546,-0.0163076815978546,-0.0037541369265838,1102.8946762528803
2025-03-11,2025-03-10,pca_covariance__equal_risk_contribution,balanced,0.0,Deterministic volatility input fallback,switch,pca_covariance__equal_risk_contribution,,,True,True,0.0,0.0,False,switch,,,True,False,balanced,False,False,31,"{""10"": 18, ""20"": 16, ""60"": 1}","{""10"": true, ""20"": true, ""60"": false}",False,False,2.0,6,-0.0070876383430976,1.0,-0.0070876383430976,1119.214250151713,63,-0.0067946360159845,-0.0211271251339128,0.0103916311790566,False,-0.0271785440639383,-0.3333985548998154,-0.0358672704893453,-0.0106296833485669,0.0815196816678026,-0.0184803183321973,0.0,-0.0288155675551723,0.0335258514670864,0.0023414190222588,0.0264741485329135,0.0358672704893453,0.0241327295106546,0.0,0.3107084838393034,0.3107084838393034,0.3232620285105742,1101.7059038104658
2025-03-12,2025-03-11,pca_covariance__equal_risk_contribution,defensive,0.0,Deterministic volatility input fallback,hold,pca_covariance__equal_risk_contribution,Switch review interval hold 1/10,,False,False,0.0,0.0,False,hold,Switch review interval hold 1/10,,False,True,,False,False,2,{},{},,False,,6,-0.0010221263808974,1.0,-0.0010221263808974,1118.0708561868703,63,-0.0122370239843338,-0.0180282079886169,0.0294207508651032,False,-0.0489480959373354,-0.5408882649926312,-0.0421482061287731,-0.0116652047014676,0.0904957624436578,-0.0095042375563421,0.0422077837755007,-0.0287275326290094,0.0399797797531242,0.0087073123821337,0.0200202202468757,0.053755070480843,0.0062449295191569,0.0,,,,1104.3516475224496
2025-03-13,2025-03-12,pca_covariance__equal_risk_contribution,defensive,0.0,Deterministic volatility input fallback,hold,pca_covariance__equal_risk_contribution,Switch review interval hold 2/10,,False,False,0.0,0.0,False,hold,Switch review interval hold 2/10,,False,False,,False,False,3,{},{},,False,,6,-0.0034485069663434,1.0,-0.0034485069663434,1114.2218215762352,63,-0.0126999476428695,-0.0176679494099673,0.0285838002669877,False,-0.0507997905714782,-0.5612735044707762,-0.0421482061287732,-0.0116652047014676,0.0905080859275145,-0.0094919140724854,0.0430449547225186,-0.0298157854398262,0.0388188008514151,0.0086345862912413,0.0211811991485848,0.053755070480843,0.0062449295191569,0.0,,,,1102.4475635653334
2025-03-14,2025-03-13,pca_covariance__equal_risk_contribution,defensive,0.0,Deterministic volatility input fallback,hold,pca_covariance__equal_risk_contribution,Switch review interval hold 3/10,,False,False,0.0,0.0,False,hold,Switch review interval hold 3/10,,False,False,,False,False,4,{},{},,False,,6,0.0066667397638799,1.0,0.0066667397638799,1121.6748646447656,63,-0.0173864908613846,-0.0126031338302796,0.0224269196173618,False,-0.0695459634455385,-0.7668515301911664,-0.0411763747721912,-0.0116652047014676,0.0906902584235589,-0.009309741576441,0.0430631419471897,-0.0258386851107098,0.0404271017685742,0.006265786879284,0.0195728982314257,0.0512797629928927,0.0087202370071072,0.0,,,,1108.7501489223837
2025-03-17,2025-03-14,pca_covariance__equal_risk_contribution,defensive,0.0,Deterministic volatility input fallback,hold,pca_covariance__equal_risk_contribution,Switch review interval hold 4/10,,False,False,0.0,0.0,False,hold,Switch review interval hold 4/10,,False,False,,False,False,5,{},{},,False,,6,0.0057875089594781,1.0,0.0057875089594781,1128.1853896618184,63,-0.0087105612062661,-0.0170245857706077,0.0176830725272414,False,-0.0348422448250644,-0.380079259451293,-0.0411763747721913,-0.0116652047014676,0.0916709974529127,-0.0083290025470872,0.0427768373060297,-0.0270570892551124,0.0397178863531338,0.0067749756082462,0.0202821136468661,0.0512797629928929,0.008720237007107,0.0,,,,1115.080151560844
2025-03-18,2025-03-17,pca_covariance__equal_risk_contribution,defensive,0.0,Deterministic volatility input fallback,hold,pca_covariance__equal_risk_contribution,Switch review interval hold 5/10,,False,False,0.0,0.0,False,hold,Switch review interval hold 5/10,,False,False,,False,False,6,{},{},,False,,6,0.0016262679715796,1.0,0.0016262679715796,1130.0216141188453,63,-0.0039181617880826,-0.0129360599479777,0.0165453927488339,False,-0.0156726471523304,-0.1695991827605302,-0.0368095480271347,-0.0116652047014676,0.0924099214231465,-0.0075900785768534,0.0515251946216891,-0.0311480395510419,0.0366907834527033,0.0078388230037452,0.0233092165472966,0.0476565162561331,0.0123434837438669,0.0,,,,1113.9384365622575
2025-03-19,2025-03-18,pca_covariance__equal_risk_contribution,defensive,0.0,Deterministic volatility input fallback,hold,pca_covariance__equal_risk_contribution,Switch review interval hold 6/10,,False,False,0.0,0.0,False,hold,Switch review interval hold 6/10,,False,False,,False,False,7,{},{},,False,,6,0.004821151693621,1.0,0.004821151693621,1135.482773698926,63,0.0045894329919997,-0.0104768058294797,0.0189582440272328,False,0.0183577319679989,0.2008078079856085,-0.0368095480271346,-0.0116652047014676,0.0914194131799626,-0.0085805868200373,0.0527060633474844,-0.0311480395510419,0.0366907834527032,0.0078388230037452,0.0233092165472967,0.0476565162561331,0.0123434837438669,0.0,-0.1675803965956932,-0.1675803965956932,-0.1546970547861961,1118.9984262008088
2025-03-20,2025-03-19,pca_covariance__equal_risk_contribution,defensive,0.0,Deterministic volatility input fallback,hold,pca_covariance__equal_risk_contribution,Switch review interval hold 7/10,,False,False,0.0,0.0,False,hold,Switch review interval hold 7/10,,False,False,,False,False,8,{},{},,False,,6,-2.0324046781969663e-05,1.0,-2.0324046781969663e-05,1135.4596963284266,63,0.0153672418611001,-0.0073574489251358,0.0132404175680146,False,0.0614689674444007,0.6749580607406588,-0.0368095480271347,-0.0116652047014676,0.091070795386825,-0.0089292046131749,0.0558338977642933,-0.036542110452094,0.0345100508508868,0.0110521613029808,0.0254899491491131,0.0474986262937452,0.0125013737062547,0.0,-0.5993435812343716,-0.5993435812343716,-0.5864602394248745,1121.4257695107758
2025-03-21,2025-03-20,pca_covariance__equal_risk_contribution,defensive,0.0,Deterministic volatility input fallback,hold,pca_covariance__equal_risk_contribution,Switch review interval hold 8/10,,False,False,0.0,0.0,False,hold,Switch review interval hold 8/10,,False,False,,False,False,9,{},{},,False,,6,-0.0048920574799548,1.0,-0.0048920574799548,1129.9185271379474,63,0.0162871718884551,-0.0082439985128116,0.017756376358717,False,0.0651486875538205,0.7155991429034022,-0.0368095480271346,-0.0116652047014676,0.0910407568258014,-0.0089592431741985,0.0560953651262674,-0.036542110452094,0.0345100508508868,0.0110521613029808,0.0254899491491131,0.0474986262937453,0.0125013737062546,0.0,,,,1117.3091159537043
2025-03-24,2025-03-21,pca_covariance__equal_risk_contribution,defensive,0.0,Deterministic volatility input fallback,hold,pca_covariance__equal_risk_contribution,Switch review interval hold 9/10,,False,False,0.0,0.0,False,hold,Switch review interval hold 9/10,,False,False,,False,False,10,{},{},,False,,6,-6.119381027049741e-05,1.0,-6.119381027049741e-05,1129.8493852335266,63,0.0140227595915076,-0.01044064549207,0.0143122903677437,False,0.0560910383660306,0.6133903270962432,-0.0368095480271347,-0.0116652047014676,0.0914442825200108,-0.0085557174799892,0.0562425136879613,-0.040092902047272,0.0331523634565348,0.0132452655038068,0.0268476365434651,0.0474986262937453,0.0125013737062546,0.0,,,,1121.7700289215918
2025-03-25,2025-03-24,pca_covariance__equal_risk_contribution,defensive,0.0,Deterministic volatility input fallback,hold,pca_covariance__equal_risk_contribution,Switch review held active pair,,False,False,0.0,0.0,False,hold,,,True,False,defensive,False,False,11,"{""10"": 17, ""20"": 1, ""60"": 14}","{""10"": true, ""20"": false, ""60"": true}",False,False,,14,6.082813708275108e-05,1.0,6.082813708275108e-05,1129.9181139571133,63,0.0323681609316034,-0.0111474014942756,0.0103617947349141,False,0.1294726437264138,1.5552793291384408,-0.0368095480271348,-0.0088724703941681,0.0832471963722016,-0.0167528036277983,0.0562533987286326,-0.0444226864725589,0.0315197374846257,0.0159424239571847,0.0284802625153742,0.0474986262937452,0.0125013737062547,0.0,,,,1121.484020911222
2025-03-26,2025-03-25,pca_covariance__equal_risk_contribution,balanced,0.0,Deterministic volatility input fallback,hold,pca_covariance__equal_risk_contribution,Switch review interval hold 1/10,,False,False,0.0,0.0,False,hold,Switch review interval hold 1/10,,False,True,,False,False,12,{},{},,False,3.0,14,-0.0033306950847049,1.0,-0.0033306950847049,1126.1609616864766,63,0.0396646469898545,-0.017438120413724,0.0065744671017855,False,0.1586585879594183,1.9407280705264969,-0.0368095480271347,-0.0088354654996504,0.081752096220454,-0.0182479037795459,0.0564142191825737,-0.0444226864725591,0.0315197374846256,0.0159424239571848,0.0284802625153743,0.0474986262937452,0.0125013737062547,0.0,,,,1120.4817771044404
2025-03-27,2025-03-26,pca_covariance__equal_risk_contribution,balanced,0.0,Deterministic volatility input fallback,hold,pca_covariance__equal_risk_contribution,Switch review interval hold 2/10,,False,False,0.0,0.0,False,hold,Switch review interval hold 2/10,,False,False,,False,False,13,{},{},,False,3.0,14,0.0017244967115839,1.0,0.0017244967115839,1128.1046980634098,63,0.0279890202232197,-0.0224969768768015,0.0031312461617851,False,0.1119560808928788,1.3890277041010468,-0.0368095480271348,-0.0088354654996504,0.0806003224862492,-0.0193996775137507,0.0559110256373048,-0.0422628331431989,0.0323318201582876,0.0145946533014865,0.0276681798417123,0.0474986262937452,0.0125013737062547,0.0,,,,1121.784340117013
2025-03-28,2025-03-27,pca_covariance__equal_risk_contribution,balanced,0.0,Deterministic volatility input fallback,hold,pca_covariance__equal_risk_contribution,Switch review interval hold 3/10,,False,False,0.0,0.0,False,hold,Switch review interval hold 3/10,,False,False,,False,False,14,{},{},,False,3.0,14,0.0039904105265048,1.0,0.0039904105265048,1132.6152925020033,63,0.0328379057802811,-0.0144176116672646,0.0096456865454992,False,0.1313516231211245,1.635545113599193,-0.0368095480271347,-0.0088354654996504,0.0803106083891939,-0.019689391610806,0.0595665176182671,-0.0422628331431988,0.0323318201582876,0.0145946533014865,0.0276681798417123,0.0474986262937451,0.0125013737062548,0.0,,,,1120.936678862336
2025-03-31,2025-03-28,pca_covariance__equal_risk_contribution,balanced,0.0,Deterministic volatility input fallback,hold,pca_covariance__equal_risk_contribution,Switch review interval hold 4/10,,False,False,0.0,0.0,False,hold,Switch review interval hold 4/10,,False,False,,False,False,15,{},{},,False,3.0,14,0.0086704351707139,1.0,0.0086704351707139,1142.4782562745218,63,0.0331534846638918,-0.0211309839535637,0.005456084255371,False,0.1326139386555672,1.650177506390853,-0.0368095480271346,-0.0088354654996504,0.0803634385646249,-0.019636561435375,0.063357808525428,-0.0428051988753623,0.0316226047428471,0.0144278036182095,0.0283773952571528,0.0474986262937452,0.0125013737062547,0.0,-1.456308568977725,-1.456308568977725,-1.4434252271682282,1133.9618973045383
2025-04-01,2025-03-31,pca_covariance__equal_risk_contribution,balanced,0.0,Deterministic volatility input fallback,hold,pca_covariance__equal_risk_contribution,Switch review interval hold 5/10,,False,False,0.0,0.0,False,hold,Switch review interval hold 5/10,,False,False,,False,False,16,{},{},,False,3.0,14,0.0027685862318474,1.0,0.0027685862318474,1145.6456884764052,63,0.0407842309695946,-0.0095196016725307,0.0160587133896287,False,0.1631369238783787,1.9896160385683677,-0.0368095480271347,-0.0088354654996504,0.0819941741099776,-0.0180058258900223,0.063254398434754,-0.0450482820523533,0.0295013135266066,0.01454959557896,0.0304986864733933,0.0474986262937452,0.0125013737062547,0.0,,,,1135.3662430715156
2025-04-02,2025-04-01,pca_covariance__equal_risk_contribution,balanced,0.0,Deterministic volatility input fallback,hold,pca_covariance__equal_risk_contribution,Switch review interval hold 6/10,,False,False,0.0,0.0,False,hold,Switch review interval hold 6/10,,False,False,,False,False,17,{},{},,False,3.0,14,0.0015309378264333,1.0,0.0015309378264333,1147.400944047332,63,0.0478015985326771,0.0025732556594911,0.0158699498238134,False,0.1912063941307085,2.3463609052748944,-0.0368095480271347,-0.0088354654996504,0.0814906154039875,-0.0185093845960124,0.0658288174232646,-0.0450482820523534,0.0295013135266066,0.01454959557896,0.0304986864733933,0.0474986262937452,0.0125013737062547,0.0,,,,1138.736213100732
2025-04-03,2025-04-02,pca_covariance__equal_risk_contribution,balanced,0.0,Deterministic volatility input fallback,hold,pca_covariance__equal_risk_contribution,Switch review interval hold 7/10,,False,False,0.0,0.0,False,hold,Switch review interval hold 7/10,,False,False,,False,False,18,{},{},,False,3.0,14,-0.0072183507878729,1.0,-0.0072183507878729,1139.1484221705805,63,0.0451953492644026,0.0035251374823058,0.013137767255985,False,0.1807813970576105,2.2258867977417225,-0.0368095480271346,-0.0088354654996504,0.0812176959048513,-0.0187823040951486,0.0658445832813494,-0.0482279237162794,0.0273550140653434,0.0155829377816229,0.0326449859346565,0.0474986262937453,0.0125013737062546,0.0,,,,1110.2561859815478
2025-04-04,2025-04-03,pca_covariance__equal_risk_contribution,balanced,0.0,Deterministic volatility input fallback,hold,pca_covariance__equal_risk_contribution,Switch review interval hold 8/10,,False,False,0.0,0.0,False,hold,Switch review interval hold 8/10,,False,False,,False,False,19,{},{},,False,3.0,14,-0.0132424038866508,1.0,-0.0132424038866508,1124.1628004955326,63,0.0359843463573454,0.0067234167037316,-0.0038829547638944,True,0.1439373854293817,1.7403608549630196,-0.0368095480271347,-0.0088681436108443,0.0827054831869567,-0.0172945168130432,0.0657536362457015,-0.0487866585833098,0.0271057541105363,0.0158924126938462,0.0328942458894636,0.0474986262937451,0.0125013737062548,0.0,-1.543868789810488,-1.543868789810488,-1.530985448000991,1082.8076511178606
2025-04-07,2025-04-04,pca_covariance__equal_risk_contribution,balanced,0.0,Deterministic volatility input fallback,hold,pca_covariance__equal_risk_contribution,Switch review interval hold 9/10,,False,False,0.0,0.0,False,hold,Switch review interval hold 9/10,,False,False,,False,False,20,{},{},,False,3.0,14,-0.0223356919719276,1.0,-0.0223356919719276,1099.3321832558668,63,0.0194535452549656,-0.0081849644907974,-0.0167485909141162,False,0.0778141810198626,0.8944673734978068,-0.0368095480271348,-0.0103741568855388,0.0869949909023187,-0.0130050090976813,0.0668188231175933,-0.0403809179500692,0.0312034704723879,0.0115843884224571,0.028796529527612,0.0474986262937452,0.0125013737062547,0.0,-0.7923573475631351,-0.7923573475631351,-0.779474005753638,1064.8708269632232
2025-04-08,2025-04-07,pca_covariance__regime_aware_risk_budget,balanced,0.0,Deterministic volatility input fallback,switch,pca_covariance__regime_aware_risk_budget,,,True,True,0.0,0.0,False,switch,,,True,False,balanced,False,False,21,"{""10"": 2, ""20"": 2, ""60"": 2}","{""10"": false, ""20"": false, ""60"": false}",False,False,1.0,1,-0.0116239375322432,1.0,-0.0116239375322432,1086.6275963418575,63,-0.001693589197095,-0.025011625765777,-0.0342648373745531,False,-0.0067743567883801,-0.0690889235831531,-0.0496809145591776,-0.0138297492420129,0.0980527186854592,-0.0019472813145407,0.0736059309918838,-0.0181063959892624,0.0457872592849575,0.00389365527422,0.0142127407150424,0.0496809145591775,0.0103190854408224,0.0,0.084875920848104,0.084875920848104,0.1022642409438162,1049.439167037446
2025-04-09,2025-04-08,pca_covariance__regime_aware_risk_budget,defensive,0.0,Deterministic volatility input fallback,hold,pca_covariance__regime_aware_risk_budget,Switch review interval hold 1/10,,False,False,0.0,0.0,False,hold,Switch review interval hold 1/10,,False,True,,False,False,2,{},{},,False,,1,0.0229434202925253,1.0,0.0229434202925253,1111.8467505416502,63,-0.0083066202040111,-0.0289037830174834,-0.0471753262711921,False,-0.0332264808160447,-0.330620393418024,-0.0598735868682897,-0.0143069135680826,0.100497372447423,0.000497372447423,0.0750317811188085,-0.0073723058304163,0.0562506405189367,0.003622946349353,0.0037493594810632,0.0598735868682898,0.0001264131317101,0.0,0.331483510567759,0.331483510567759,0.3524392659716604,1089.1385448290066
2025-04-10,2025-04-09,pca_covariance__regime_aware_risk_budget,defensive,0.0,Deterministic volatility input fallback,hold,pca_covariance__regime_aware_risk_budget,Switch review interval hold 2/10,,False,False,0.0,0.0,False,hold,Switch review interval hold 2/10,,False,False,,False,False,3,{},{},,False,,1,-0.0081730831138981,1.0,-0.0081730831138981,1102.796568961432,63,0.0193637139202209,-0.0049497161772319,-0.0228552888213989,False,0.0774548556808839,0.7033005948678751,-0.0598735868682898,-0.0143069135680826,0.110130513533029,0.010130513533029,0.075479144514148,-0.0073723058304162,0.0562506405189367,0.003622946349353,0.0037493594810632,0.0598735868682898,0.0001264131317101,0.0,-0.6396581091302215,-0.6396581091302215,-0.61870235372632,1072.16015488601
2025-04-11,2025-04-10,pca_covariance__regime_aware_risk_budget,defensive,0.0,Deterministic volatility input fallback,hold,pca_covariance__regime_aware_risk_budget,Switch review interval hold 3/10,,False,False,0.0,0.0,False,hold,Switch review interval hold 3/10,,False,False,,False,False,4,{},{},,False,,1,0.0063822848232356,1.0,0.0063822848232356,1109.8574390407562,63,0.0085566709350108,-0.0097185911825161,-0.0225573423292377,False,0.0342266837400434,0.3074700311103925,-0.0598735868682897,-0.0143069135680826,0.1113171375318684,0.0113171375318684,0.0756557756757096,-0.0073723058304162,0.0562506405189367,0.003622946349353,0.0037493594810632,0.0598735868682898,0.0001264131317101,0.0,-0.2646012168203686,-0.2646012168203686,-0.2436454614164672,1082.353608393072
2025-04-14,2025-04-11,pca_covariance__regime_aware_risk_budget,defensive,0.0,Deterministic volatility input fallback,hold,pca_covariance__regime_aware_risk_budget,Switch review interval hold 4/10,,False,False,0.0,0.0,False,hold,Switch review interval hold 4/10,,False,False,,False,False,5,{},{},,False,,1,0.005968377773844,1.0,0.005968377773844,1116.5012943091062,63,0.0212115047675617,-0.0099449263119507,-0.0271919237858795,False,0.0848460190702469,0.7627753947369621,-0.0598735868682897,-0.0143069135680826,0.1112332931236009,0.0112332931236009,0.0774268759215222,-0.0073723058304163,0.0562506405189366,0.003622946349353,0.0037493594810633,0.0598735868682898,0.0001264131317101,0.0,-0.6957052902340397,-0.6957052902340397,-0.6747495348301383,1087.127445230848
2025-04-15,2025-04-14,pca_covariance__regime_aware_risk_budget,defensive,0.0,Deterministic volatility input fallback,hold,pca_covariance__regime_aware_risk_budget,Switch review interval hold 5/10,,False,False,0.0,0.0,False,hold,Switch review interval hold 5/10,,False,False,,False,False,6,{},{},,False,,1,0.0035218456452668,1.0,0.0035218456452668,1120.440371870487,63,0.0273493059169199,-0.009879145571685,-0.0229139094701006,False,0.1093972236676799,0.9785456973407012,-0.0598735868682898,-0.0143069135680826,0.1117957229437298,0.0117957229437298,0.0776451948920442,-0.0073723058304163,0.0562506405189367,0.003622946349353,0.0037493594810632,0.0598735868682898,0.0001264131317101,0.0,-0.9001903316275938,-0.9001903316275938,-0.8792345762236924,1089.0827094195763
2025-04-16,2025-04-15,pca_covariance__regime_aware_risk_budget,defensive,0.0,Deterministic volatility input fallback,hold,pca_covariance__regime_aware_risk_budget,Switch review interval hold 6/10,,False,False,0.0,0.0,False,hold,Switch review interval hold 6/10,,False,False,,False,False,7,{},{},,False,,1,0.0108664115173777,1.0,0.0108664115173777,1132.6819284721823,63,0.0282222959804122,-0.00675907689523,-0.0185629654695578,False,0.1128891839216488,1.009023671035419,-0.0598735868682897,-0.0143069135680826,0.1118796190438293,0.0118796190438293,0.0775779248606442,-0.0073723058304162,0.0562506405189368,0.003622946349353,0.0037493594810631,0.0598735868682899,0.00012641313171,0.0,-0.929115490509588,-0.929115490509588,-0.9081597351056868,1096.31224243395
2025-04-17,2025-04-16,pca_covariance__regime_aware_risk_budget,defensive,0.0,Deterministic volatility input fallback,hold,pca_covariance__regime_aware_risk_budget,Switch review interval hold 7/10,,False,False,0.0,0.0,False,hold,Switch review interval hold 7/10,,False,False,,False,False,8,{},{},,False,,1,-0.0014426673042889,1.0,-0.0014426673042889,1131.049023440379,63,0.0276725269157801,0.0003039959279954,-0.0094498294976646,True,0.1106901076631205,0.9912628125968458,-0.0598735868682898,-0.0143069135680826,0.1116657522671932,0.0116657522671932,0.0775713138527532,-0.0113060210646723,0.054544239622399,0.0058502606870714,0.0054557603776009,0.0598735868682899,0.00012641313171,0.0,-0.9122022257407482,-0.9122022257407482,-0.8912464703368467,1100.5648563008008
2025-04-21,2025-04-17,pca_covariance__regime_aware_risk_budget,defensive,0.0,Deterministic volatility input fallback,hold,pca_covariance__regime_aware_risk_budget,Switch review interval hold 8/10,,False,False,0.0,0.0,False,hold,Switch review interval hold 8/10,,False,False,,False,False,9,{},{},,False,,1,-0.0032610496815536,1.0,-0.0032610496815536,1127.3666238899634,63,0.0194038220374343,-0.0017219307910238,-0.0117267608475843,False,0.0776152881497373,0.699451791865267,-0.0598735868682897,-0.0143069135680826,0.1109658865019936,0.0109658865019936,0.0763120432036393,-0.0195649270752618,0.0513765025765193,0.0109414296517811,0.0086234974234806,0.0598735868682898,0.0001264131317101,0.0,-0.6358443052571108,-0.6358443052571108,-0.6148885498532093,1094.2187001959726
2025-04-22,2025-04-21,pca_covariance__regime_aware_risk_budget,defensive,0.0,Deterministic volatility input fallback,hold,pca_covariance__regime_aware_risk_budget,Switch review interval hold 9/10,,False,False,0.0,0.0,False,hold,Switch review interval hold 9/10,,False,False,,False,False,10,{},{},,False,,1,0.0019892044841181,1.0,0.0019892044841181,1129.6114185710646,63,0.0168430978963422,0.0006455847615965,-0.0123487504778233,True,0.0673723915853691,0.6059842941773006,-0.0598735868682898,-0.0143069135680826,0.1111784451061319,0.0111784451061319,0.0756182693379556,-0.0341120413352401,0.0459828771201978,0.0200949184554379,0.0140171228798021,0.0598735868682897,0.0001264131317103,0.0,-0.5473508617196948,-0.5473508617196948,-0.5263951063157934,1100.5924171650104
2025-04-23,2025-04-22,pca_covariance__regime_aware_risk_budget,defensive,0.0,Deterministic volatility input fallback,hold,pca_covariance__regime_aware_risk_budget,Switch review held active pair,,False,False,0.0,0.0,False,hold,,,True,False,defensive,False,False,11,"{""10"": 1, ""20"": 1, ""60"": 1}","{""10"": false, ""20"": false, ""60"": false}",False,False,3.0,1,-0.0029374325080522,1.0,-0.0029374325080522,1126.2981299319604,63,0.0083820313659972,0.0048925633345302,-0.0110033050563997,True,0.033528125463989,0.3067515231930246,-0.0598735868682899,-0.0143069135680826,0.109300599765535,0.009300599765535,0.0754883601443253,-0.0364307858593688,0.0451286605458342,0.0215594464052031,0.0148713394541657,0.0598735868682898,0.0001264131317101,0.0,-0.2646782510549113,-0.2646782510549113,-0.2437224956510097,1097.1905781038604
2025-04-24,2025-04-23,pca_covariance__regime_aware_risk_budget,defensive,0.0,Deterministic volatility input fallback,hold,pca_covariance__regime_aware_risk_budget,Switch review interval hold 1/10,,False,False,0.0,0.0,False,hold,Switch review interval hold 1/10,,False,False,,False,False,12,{},{},,False,3.0,1,0.0097456193744958,1.0,0.0097456193744958,1137.3282632482603,63,0.0099510614841579,0.0022198212382439,-0.0198585571342091,True,0.0398042459366317,0.3649264334709043,-0.0598735868682897,-0.0143069135680826,0.1090747128347044,0.0090747128347044,0.0778447479281287,-0.0364307858593689,0.0451286605458342,0.0215594464052031,0.0148713394541658,0.0598735868682898,0.0001264131317101,0.0,-0.3193003476107086,-0.3193003476107086,-0.2983445922068072,1106.7633077678192
2025-04-25,2025-04-24,pca_covariance__regime_aware_risk_budget,defensive,0.0,Deterministic volatility input fallback,hold,pca_covariance__regime_aware_risk_budget,Switch review interval hold 2/10,,False,False,0.0,0.0,False,hold,Switch review interval hold 2/10,,False,False,,False,False,13,{},{},,False,3.0,1,0.0017161410254405,1.0,0.0017161410254405,1139.2817546941783,63,0.0211270578929549,0.0138756691847212,-0.0119182613055734,True,0.0845082315718199,0.7634573890323185,-0.0598735868682897,-0.0143069135680826,0.1106914842738427,0.0106914842738427,0.0771157693243005,-0.0381311286910769,0.0445027176809205,0.0226338463719974,0.0154972823190794,0.0598735868682898,0.0001264131317101,0.0,-0.696392989802864,-0.696392989802864,-0.6754372343989625,1108.221690367631
2025-04-28,2025-04-25,pca_covariance__regime_aware_risk_budget,defensive,0.0,Deterministic volatility input fallback,hold,pca_covariance__regime_aware_risk_budget,Switch review interval hold 3/10,,False,False,0.0,0.0,False,hold,Switch review interval hold 3/10,,False,False,,False,False,14,{},{},,False,3.0,1,0.0054428764357219,1.0,0.0054428764357219,1145.4996307255929,63,0.0189743683973181,0.0140153884536147,-0.0037805412669295,True,0.0758974735892726,0.6868814720177615,-0.0598735868682897,-0.0143069135680826,0.1104957356999579,0.0104957356999579,0.0761051744823514,-0.0381311286910768,0.0445027176809205,0.0226338463719973,0.0154972823190794,0.0598735868682898,0.0001264131317101,0.0,-0.6240445881583736,-0.6240445881583736,-0.6030888327544722,1109.576852485231
2025-04-29,2025-04-28,pca_covariance__regime_aware_risk_budget,defensive,0.0,Deterministic volatility input fallback,hold,pca_covariance__regime_aware_risk_budget,Switch review interval hold 4/10,,False,False,0.0,0.0,False,hold,Switch review interval hold 4/10,,False,False,,False,False,15,{},{},,False,3.0,1,0.0004572606628122,1.0,0.0004572606628122,1146.023542418965,63,0.0206190904970781,0.0124043710039108,-0.0089789819407443,True,0.0824763619883124,0.7446674858965431,-0.0598735868682898,-0.0143069135680826,0.1107559596066087,0.0107559596066087,0.0751843390015338,-0.0381311286910768,0.0445027176809205,0.0226338463719974,0.0154972823190794,0.0598735868682898,0.0001264131317101,0.0,-0.67871045933849,-0.67871045933849,-0.6577547039345886,1106.175547516361
2025-04-30,2025-04-29,pca_covariance__regime_aware_risk_budget,defensive,0.0,Deterministic volatility input fallback,hold,pca_covariance__regime_aware_risk_budget,Switch review interval hold 5/10,,False,False,0.0,0.0,False,hold,Switch review interval hold 5/10,,False,False,,False,False,16,{},{},,False,3.0,1,-0.0053299911456302,1.0,-0.0053299911456302,1139.9314967821444,63,0.0209592415169305,0.0034808035975804,-0.005586066830963,True,0.083836966067722,0.7569558405455029,-0.0598735868682897,-0.0143069135680826,0.1107554253195332,0.0107554253195332,0.0750494208647208,-0.0381311286910768,0.0445027176809205,0.0226338463719974,0.0154972823190794,0.0598735868682898,0.0001264131317101,0.0,-0.6903424884545111,-0.6903424884545111,-0.6693867330506097,1098.5348615970213
2025-05-01,2025-04-30,pca_covariance__regime_aware_risk_budget,defensive,0.0,Deterministic volatility input fallback,hold,pca_covariance__regime_aware_risk_budget,Switch review interval hold 6/10,,False,False,0.0,0.0,False,hold,Switch review interval hold 6/10,,False,False,,False,False,17,{},{},,False,3.0,1,-0.0062302619468095,1.0,-0.0062302619468095,1132.8515029653054,63,0.0203970551279138,-0.0046495593443022,-0.0016440442583806,False,0.0815882205116552,0.7359153857463203,-0.0598735868682898,-0.0143069135680826,0.1108663062247481,0.0108663062247481,0.074053432119024,-0.0381311286910769,0.0445027176809205,0.0226338463719974,0.0154972823190794,0.0598735868682897,0.0001264131317103,0.0,-0.6704764338908697,-0.6704764338908697,-0.6495206784869684,1097.608829726811
2025-05-02,2025-05-01,pca_covariance__regime_aware_risk_budget,defensive,0.0,Deterministic volatility input fallback,hold,pca_covariance__regime_aware_risk_budget,Switch review interval hold 7/10,,False,False,0.0,0.0,False,hold,Switch review interval hold 7/10,,False,False,,False,False,18,{},{},,False,3.0,1,-0.0044336833210154,1.0,-0.0044336833210154,1127.8399162552478,63,0.006022797840293,-0.0124041643453048,-0.0084346258141318,False,0.024091191361172,0.2180753817702268,-0.0598735868682898,-0.0143069135680826,0.1104718522815908,0.0104718522815907,0.0740090917743855,-0.0355103090059459,0.0442607386071391,0.019771047613085,0.0157392613928608,0.0598735868682897,0.0001264131317103,0.0,-0.1808811418500967,-0.1808811418500967,-0.1599253864461953,1098.993731067311
2025-05-05,2025-05-02,pca_covariance__regime_aware_risk_budget,defensive,0.0,Deterministic volatility input fallback,hold,pca_covariance__regime_aware_risk_budget,Switch review interval hold 8/10,,False,False,0.0,0.0,False,hold,Switch review interval hold 8/10,,False,False,,False,False,19,{},{},,False,3.0,1,0.002357753213993,1.0,0.002357753213993,1130.5022217390108,63,0.0035117999834945,-0.0096589038168725,-0.0025248316932795,False,0.014047199933978,0.1268117680790002,-0.0598735868682898,-0.0143069135680826,0.1107720533099661,0.0107720533099661,0.0740005643979236,-0.0365246807593249,0.0421862571804851,0.0187109379398101,0.0178137428195148,0.0598735868682898,0.0001264131317101,0.0,-0.0942357116846411,-0.0942357116846411,-0.0732799562807397,1099.0294346717533
2025-05-06,2025-05-05,pca_covariance__regime_aware_risk_budget,defensive,0.0,Deterministic volatility input fallback,hold,pca_covariance__regime_aware_risk_budget,Switch review interval hold 9/10,,False,False,0.0,0.0,False,hold,Switch review interval hold 9/10,,False,False,,False,False,20,{},{},,False,3.0,1,0.0090951001411551,1.0,0.0090951001411551,1140.8311527852386,63,0.0029243697442945,0.0058906157149357,-0.0018220708107113,True,0.0116974789771782,0.1056530229705356,-0.0598735868682897,-0.0143069135680826,0.1107159894557907,0.0107159894557907,0.074023210064691,-0.044133287414553,0.0378701497268683,0.0220034371414213,0.0221298502731316,0.0598735868682897,0.0001264131317103,0.0,-0.0742850038722642,-0.0742850038722642,-0.0533292484683628,1108.1426296996922
2025-05-07,2025-05-06,pca_covariance__regime_aware_risk_budget,defensive,0.0,Deterministic volatility input fallback,hold,pca_covariance__regime_aware_risk_budget,Switch review held active pair,,False,False,0.0,0.0,False,hold,,,True,False,defensive,False,False,21,"{""10"": 18, ""20"": 1, ""60"": 1}","{""10"": true, ""20"": false, ""60"": false}",False,False,3.0,1,-0.0015928504922985,1.0,-0.0015928504922985,1139.01542579661,63,0.0077743821928006,0.0370541888364951,0.0127312091786989,True,0.0310975287712024,0.2779485112451296,-0.0598735868682897,-0.0143069135680826,0.1118823361632498,0.0118823361632498,0.0738829726701448,-0.044133287414553,0.0378701497268683,0.0220034371414213,0.0221298502731316,0.0598735868682898,0.0001264131317101,0.0,-0.236218834692917,-0.236218834692917,-0.2152630792890156,1104.106552971613
2025-05-08,2025-05-07,pca_covariance__regime_aware_risk_budget,balanced,0.0,Deterministic volatility input fallback,hold,pca_covariance__regime_aware_risk_budget,Switch review interval hold 1/10,,False,False,0.0,0.0,False,hold,Switch review interval hold 1/10,,False,True,,False,False,22,{},{},,False,1.0,1,-0.0081346732399159,1.0,-0.0081346732399159,1129.787491494194,63,-0.0035788940601576,0.0470852758764398,0.0181814928589563,True,-0.0143155762406307,-0.1299065189769128,-0.0598735868682897,-0.0143069135680826,0.1101990597036542,0.0101990597036542,0.0741857156118987,-0.0441332874145532,0.0378701497268682,0.0220034371414214,0.0221298502731317,0.0598735868682897,0.0001264131317103,0.0,0.1477121839482133,0.1477121839482133,0.1686679393521147,1104.428994637664
2025-05-09,2025-05-08,pca_covariance__regime_aware_risk_budget,balanced,0.0,Deterministic volatility input fallback,hold,pca_covariance__regime_aware_risk_budget,Switch review interval hold 2/10,,False,False,0.0,0.0,False,hold,Switch review interval hold 2/10,,False,False,,False,False,23,{},{},,False,1.0,1,0.0032887883287844,1.0,0.0032887883287844,1133.5092400773028,63,-0.011339824341217,0.0160071823439986,0.0110574661667666,True,-0.0453592973648683,-0.407260420797067,-0.0598735868682897,-0.0143069135680826,0.1113766402246839,0.0113766402246839,0.0702053397588716,-0.044133287414553,0.0378701497268683,0.0220034371414213,0.0221298502731316,0.0598735868682897,0.0001264131317103,0.0,0.4121245906400196,0.4121245906400196,0.4330803460439211,1109.2515236302058
2025-05-12,2025-05-09,pca_covariance__regime_aware_risk_budget,balanced,0.0,Deterministic volatility input fallback,hold,pca_covariance__regime_aware_risk_budget,Switch review interval hold 3/10,,False,False,0.0,0.0,False,hold,Switch review interval hold 3/10,,False,False,,False,False,24,{},{},,False,1.0,1,-0.0080966874572174,1.0,-0.0080966874572174,1124.368624320398,63,-0.0032533733558386,0.0274690537866811,0.017750462604165,True,-0.0130134934233544,-0.1170404248330852,-0.0598735868682898,-0.0143069135680826,0.1111880227871127,0.0111880227871127,0.0672866341470989,-0.0441332874145531,0.0378701497268683,0.0220034371414215,0.0221298502731316,0.0598735868682898,0.0001264131317101,0.0,0.1367975209973655,0.1367975209973655,0.1577532764012669,1111.3659286356046
2025-05-13,2025-05-12,pca_covariance__regime_aware_risk_budget,balanced,0.0,Deterministic volatility input fallback,hold,pca_covariance__regime_aware_risk_budget,Switch review interval hold 4/10,,False,False,0.0,0.0,False,hold,Switch review interval hold 4/10,,False,False,,False,False,25,{},{},,False,1.0,1,0.0006034169783356,1.0,0.0006034169783356,1125.0472921774822,63,-0.0130326227631012,0.012990081506228,0.0030451551942773,True,-0.0521304910524051,-0.4642781007097872,-0.0598735868682897,-0.0143069135680826,0.1122828989192213,0.0122828989192213,0.0621293973289563,-0.0411042990854629,0.0393846438914134,0.0204889429768763,0.0206153561085865,0.0598735868682898,0.0001264131317101,0.0,0.4677378284523565,0.4677378284523565,0.4886935838562579,1115.1430385746507
2025-05-14,2025-05-13,pca_covariance__regime_aware_risk_budget,balanced,0.0,Deterministic volatility input fallback,hold,pca_covariance__regime_aware_risk_budget,Switch review interval hold 5/10,,False,False,0.0,0.0,False,hold,Switch review interval hold 5/10,,False,False,,False,False,26,{},{},,False,1.0,1,-0.0086917702780634,1.0,-0.0086917702780634,1115.311013605644,63,-0.0110525886274978,0.0076251207107195,-0.0022540248609655,True,-0.0442103545099913,-0.3937898982849832,-0.0598735868682897,-0.0143069135680826,0.1122688893304128,0.0122688893304128,0.0620970161238305,-0.0433946081770344,0.0382682920588616,0.021662900235896,0.0217317079411383,0.0598735868682899,0.00012641313171,0.0,0.4008318024690929,0.4008318024690929,0.4217875578729943,1106.6402979071345
2025-05-15,2025-05-14,pca_covariance__regime_aware_risk_budget,balanced,0.0,Deterministic volatility input fallback,hold,pca_covariance__regime_aware_risk_budget,Switch review interval hold 6/10,,False,False,0.0,0.0,False,hold,Switch review interval hold 6/10,,False,False,,False,False,27,{},{},,False,1.0,1,0.0079576892649381,1.0,0.0079576892649381,1124.221719377159,63,-0.0112733292995018,-0.0045884952126106,-0.0113475721078406,False,-0.0450933171980073,-0.4014145450974706,-0.0598735868682898,-0.0143069135680826,0.1123360320365517,0.0123360320365517,0.0623802060023617,-0.0354848654838928,0.0422290410426351,0.017713906526528,0.0177709589573648,0.0598735868682898,0.0001264131317101,0.0,0.408221290818768,0.408221290818768,0.4291770462226694,1111.2987699942505
2025-05-16,2025-05-15,pca_covariance__regime_aware_risk_budget,balanced,0.0,Deterministic volatility input fallback,hold,pca_covariance__regime_aware_risk_budget,Switch review interval hold 7/10,,False,False,0.0,0.0,False,hold,Switch review interval hold 7/10,,False,False,,False,False,28,{},{},,False,1.0,1,-0.0003004198351696,1.0,-0.0003004198351696,1123.8840316001222,63,-0.0143325063144411,-0.0074972174650502,-0.0071932215370548,False,-0.0573300252577647,-0.5152878336705264,-0.0598735868682897,-0.0143069135680826,0.1112582551180927,0.0112582551180927,0.0624112186907001,-0.0354848654838927,0.0422290410426352,0.017713906526528,0.0177709589573647,0.0598735868682898,0.0001264131317101,0.0,0.5137778934629047,0.5137778934629047,0.5347336488668061,1112.7453539647818
2025-05-19,2025-05-16,pca_covariance__regime_aware_risk_budget,balanced,0.0,Deterministic volatility input fallback,hold,pca_covariance__regime_aware_risk_budget,Switch review interval hold 8/10,,False,False,0.0,0.0,False,hold,Switch review interval hold 8/10,,False,False,,False,False,29,{},{},,False,1.0,1,0.0013075838160357,1.0,0.0013075838160357,1125.3545653845088,63,-0.016323289607676,-0.0063549699959309,-0.0080769007869547,False,-0.065293158430704,-0.5872215212483478,-0.0598735868682899,-0.0143069135680826,0.1111899957138837,0.0111899957138837,0.0623011355515807,-0.0354848654838929,0.0422290410426351,0.017713906526528,0.0177709589573648,0.0598735868682897,0.0001264131317103,0.0,0.5817218375395248,0.5817218375395248,0.6026775929434263,1114.6914093828348
2025-05-20,2025-05-19,pca_covariance__regime_aware_risk_budget,balanced,0.0,Deterministic volatility input fallback,hold,pca_covariance__regime_aware_risk_budget,Switch review interval hold 9/10,,False,False,0.0,0.0,False,hold,Switch review interval hold 9/10,,False,False,,False,False,30,{},{},,False,1.0,1,0.0008521855822582,1.0,0.0008521855822582,1126.3139850638045,63,-0.0141866074363643,-0.0017863364983415,-0.0011407517367449,False,-0.0567464297454573,-0.5101830456069234,-0.0598735868682898,-0.0143069135680826,0.1112275882824578,0.0112275882824578,0.0586580772275398,-0.0354848654838928,0.0422290410426352,0.017713906526528,0.0177709589573647,0.0598735868682899,0.00012641313171,0.0,0.5086857477153715,0.5086857477153715,0.5296415031192728,1117.4968504357662
2025-05-21,2025-05-20,pca_covariance__equal_risk_contribution,balanced,0.0,Deterministic volatility input fallback,switch,pca_covariance__equal_risk_contribution,,,True,True,0.0,0.0,False,switch,,,True,False,balanced,False,False,31,"{""10"": 17, ""20"": 18, ""60"": 1}","{""10"": true, ""20"": true, ""60"": false}",False,False,2.0,2,-0.0107325247159572,1.0,-0.0107325247159572,1114.2904293485972,63,-0.0150876973995906,-0.0029233554002014,0.0019692079343287,False,-0.0603507895983624,-0.5428350575090962,-0.0598735868682897,-0.0143069135680826,0.111177030229576,0.0111770302295759,0.055026633038905,-0.0363185697422696,0.0418394261306051,0.0181579958728748,0.0181605738693948,0.0598735868682899,0.00012641313171,0.0,0.5393021200981767,0.5393021200981767,0.560257875502078,1107.165271862934
2025-05-22,2025-05-21,pca_covariance__equal_risk_contribution,balanced,0.0,Deterministic volatility input fallback,hold,pca_covariance__equal_risk_contribution,Switch review interval hold 1/10,,False,False,0.0,0.0,False,hold,Switch review interval hold 1/10,,False,False,,False,False,2,{},{},,False,2.0,2,0.0019144512615722,1.0,0.0019144512615722,1116.425727376646,63,-0.0282927221401459,-0.0108059573390474,-0.0151563004741917,False,-0.1131708885605837,-0.9906917191789734,-0.0631580993101181,-0.0151484723591682,0.1142342126916868,0.0142342126916868,0.0570373900112218,-0.0411313362222974,0.0427691928743831,0.0207424297865626,0.0203889064357348,0.063158099310118,0.003158099310118,0.003158099310118,0.9742163641639272,0.9742163641639272,0.9963216989224684,1104.8351408450526
2025-05-23,2025-05-22,pca_covariance__equal_risk_contribution,balanced,0.0,Deterministic volatility input fallback,hold,pca_covariance__equal_risk_contribution,Switch review interval hold 2/10,,False,False,0.0,0.0,False,hold,Switch review interval hold 2/10,,False,False,,False,False,3,{},{},,False,2.0,2,0.0059401666981052,1.0,0.0059401666981052,1123.0772182270728,63,-0.0236828603778773,-0.0186058104865961,-0.0099111541279145,False,-0.0947314415115092,-0.8292475923798314,-0.063158099310118,-0.0151484723591682,0.1142378252068751,0.0142378252068751,0.0577144168623987,-0.0411313362222974,0.0427691928743832,0.0207424297865626,0.0203889064357348,0.063158099310118,0.003158099310118,0.003158099310118,0.8205343566515313,0.8205343566515313,0.8426396914100726,1110.2018560519357
2025-05-27,2025-05-23,pca_covariance__equal_risk_contribution,balanced,0.0,Deterministic volatility input fallback,hold,pca_covariance__equal_risk_contribution,Switch review interval hold 3/10,,False,False,0.0,0.0,False,hold,Switch review interval hold 3/10,,False,False,,False,False,4,{},{},,False,2.0,2,0.0043183658288996,1.0,0.0043183658288996,1127.9375633304971,63,-0.0183882558717071,-0.0143880459205343,-0.0056954841413932,False,-0.0735530234868286,-0.6400423202462969,-0.063158099310118,-0.0151484723591682,0.1149190001350605,0.0149190001350604,0.0619323553260883,-0.0447505882471646,0.0411910934645337,0.0227835824015803,0.0219670058455843,0.0631580993101181,0.0031580993101181,0.0031580993101181,0.6423091444703397,0.6423091444703397,0.6644144792288811,1112.6753397071752
2025-05-28,2025-05-27,pca_covariance__equal_risk_contribution,balanced,0.0,Deterministic volatility input fallback,hold,pca_covariance__equal_risk_contribution,Switch review interval hold 4/10,,False,False,0.0,0.0,False,hold,Switch review interval hold 4/10,,False,False,,False,False,5,{},{},,False,2.0,2,-0.0027228315283998,1.0,-0.0027228315283998,1124.8705567369702,63,-0.0204214370993386,-0.0155350556200653,-0.0053675288389985,False,-0.0816857483973547,-0.713334826951229,-0.063158099310118,-0.0151484723591682,0.1145124916253943,0.0145124916253942,0.0624176550308195,-0.0434179420739534,0.0405012789876159,0.0221407507052867,0.0212771913686666,0.063158099310118,0.003158099310118,0.003158099310118,0.7111286006623738,0.7111286006623738,0.7332339354209152,1111.399444121312
2025-05-29,2025-05-28,pca_covariance__equal_risk_contribution,balanced,0.0,Deterministic volatility input fallback,hold,pca_covariance__equal_risk_contribution,Switch review interval hold 5/10,,False,False,0.0,0.0,False,hold,Switch review interval hold 5/10,,False,False,,False,False,6,{},{},,False,2.0,2,0.0047468835816473,1.0,0.0047468835816473,1130.2228796909226,63,-0.024872430006111,-0.0187158501104519,-0.0167607955381122,False,-0.099489720024444,-0.8686458709002359,-0.063158099310118,-0.0151484723591682,0.11453426920839,0.01453426920839,0.0619022359381269,-0.0452162018704336,0.0381598139006017,0.0217969661159763,0.0234192357544572,0.063158099310118,0.003158099310118,0.003158099310118,0.8591296310656366,0.8591296310656366,0.8812349658241779,1113.500560972739
2025-05-30,2025-05-29,pca_covariance__equal_risk_contribution,balanced,0.0,Deterministic volatility input fallback,hold,pca_covariance__equal_risk_contribution,Switch review interval hold 6/10,,False,False,0.0,0.0,False,hold,Switch review interval hold 6/10,,False,False,,False,False,7,{},{},,False,2.0,2,0.0003660442804983,1.0,0.0003660442804983,1130.6366670393477,63,-0.0137706779265107,-0.0086139000339409,-0.0147824981883124,False,-0.0550827117060431,-0.4817525718247544,-0.0631580993101181,-0.0151484723591682,0.1143381788236314,0.0143381788236314,0.0632301671770732,-0.0452162018704336,0.0381598139006017,0.0217969661159763,0.0234192357544573,0.0631580993101181,0.0031580993101181,0.0031580993101181,0.4901511220587412,0.4901511220587412,0.5122564568172825,1111.5015578006671
2025-06-02,2025-05-30,pca_covariance__equal_risk_contribution,balanced,0.0,Deterministic volatility input fallback,hold,pca_covariance__equal_risk_contribution,Switch review interval hold 7/10,,False,False,0.0,0.0,False,hold,Switch review interval hold 7/10,,False,False,,False,False,8,{},{},,False,2.0,2,0.0032953180279547,1.0,0.0032953180279547,1134.3686200401671,63,-0.0241084164588164,-0.0019907607010957,-0.0159473917342474,False,-0.0964336658352657,-0.8596855031471173,-0.0603988414024471,-0.0151484723591682,0.1121731906403487,0.0121731906403487,0.0636144001791078,-0.0452162018704335,0.0381598139006018,0.0217969661159763,0.0234192357544572,0.0631580993101181,0.0031580993101181,0.0031580993101181,0.8428144972850584,0.8428144972850584,0.863954091775915,1122.242228753228
2025-06-03,2025-06-02,pca_covariance__equal_risk_contribution,balanced,0.0,Deterministic volatility input fallback,hold,pca_covariance__equal_risk_contribution,Switch review interval hold 8/10,,False,False,0.0,0.0,False,hold,Switch review interval hold 8/10,,False,False,,False,False,9,{},{},,False,2.0,2,-0.0017316715240336,1.0,-0.0017316715240336,1132.405966029566,63,-0.0178721513205426,0.0057580324257877,-0.0054337229184197,True,-0.0714886052821705,-0.6366514183693075,-0.0554812264289648,-0.0151484723591682,0.1122884567904969,0.0122884567904969,0.0664096224171552,-0.0452162018704336,0.0381598139006017,0.0217969661159763,0.0234192357544573,0.0631580993101181,0.0031580993101181,0.0031580993101181,0.6299661450041136,0.6299661450041136,0.6493845742542513,1122.919840643739
2025-06-04,2025-06-03,pca_covariance__equal_risk_contribution,balanced,0.0,Deterministic volatility input fallback,hold,pca_covariance__equal_risk_contribution,Switch review interval hold 9/10,,False,False,0.0,0.0,False,hold,Switch review interval hold 9/10,,False,False,,False,False,10,{},{},,False,2.0,2,0.0085093831047914,1.0,0.0085093831047914,1142.083157295199,63,-0.0102795517444018,0.0016605636221954,0.0060770094441974,False,-0.0411182069776075,-0.3710325628102482,-0.0554812264289646,-0.0151484723591682,0.1108210197675724,0.0108210197675723,0.0665661260201123,-0.0452162018704337,0.0381598139006018,0.0217969661159764,0.0234192357544572,0.0631580993101181,0.0031580993101181,0.0031580993101181,0.3749498116837961,0.3749498116837961,0.3943682409339338,1125.4881659210464
2025-06-05,2025-06-04,pca_covariance__equal_risk_contribution,balanced,0.0,Deterministic volatility input fallback,hold,pca_covariance__equal_risk_contribution,Switch review held active pair,,False,False,0.0,0.0,False,hold,,,True,False,balanced,False,False,11,"{""10"": 2, ""20"": 18, ""60"": 2}","{""10"": false, ""20"": true, ""60"": false}",False,False,2.0,2,-0.0016277769564538,1.0,-0.0016277769564538,1140.2256128935408,63,-0.002349224643229,0.0010349882164378,0.0369220845209166,False,-0.0093968985729162,-0.0837783914384749,-0.0554812264289648,-0.0151484723591682,0.1121637502412194,0.0121637502412194,0.0661797878262734,-0.0504332275281646,0.03577956688402,0.0246337447571256,0.025799482771039,0.063158099310118,0.003158099310118,0.003158099310118,0.1052229730320765,0.1052229730320765,0.1246414022822142,1124.8302004644877
2025-06-06,2025-06-05,pca_covariance__equal_risk_contribution,balanced,0.0,Deterministic volatility input fallback,hold,pca_covariance__equal_risk_contribution,Switch review interval hold 1/10,,False,False,0.0,0.0,False,hold,Switch review interval hold 1/10,,False,False,,False,False,12,{},{},,False,2.0,2,-0.0076751790378042,1.0,-0.0076751790378042,1131.5076758315706,63,0.0064396284096158,0.0010082828242369,0.0495775764265999,False,0.0257585136384633,0.2337039476412215,-0.0554812264289648,-0.0151484723591682,0.1102185645490567,0.0102185645490567,0.0659354153891857,-0.0523804379115616,0.0345864970063862,0.0253878852628888,0.0269925526486728,0.063158099310118,0.003158099310118,0.003158099310118,-0.1978493394827199,-0.1978493394827199,-0.1784309102325822,1125.9089958916322
2025-06-09,2025-06-06,pca_covariance__equal_risk_contribution,balanced,0.0,Deterministic volatility input fallback,hold,pca_covariance__equal_risk_contribution,Switch review interval hold 2/10,,False,False,0.0,0.0,False,hold,Switch review interval hold 2/10,,False,False,,False,False,13,{},{},,False,2.0,2,0.0023413087207326,1.0,0.0023413087207326,1134.1599883501815,63,-0.0029015279360666,0.0015020125199961,0.0189599156447956,False,-0.0116061117442665,-0.1043167836883327,-0.055481226428965,-0.0151484723591682,0.1112583357529705,0.0112583357529705,0.065582486278425,-0.0487742289941594,0.0362216693539458,0.0234168486930463,0.025357380301113,0.0631580993101179,0.0031580993101179,0.0031580993101179,0.1232396291718191,0.1232396291718191,0.1426580584219569,1128.514569681712
2025-06-10,2025-06-09,pca_covariance__equal_risk_contribution,balanced,0.0,Deterministic volatility input fallback,hold,pca_covariance__equal_risk_contribution,Switch review interval hold 3/10,,False,False,0.0,0.0,False,hold,Switch review interval hold 3/10,,False,False,,False,False,14,{},{},,False,2.0,2,0.0025904456449252,1.0,0.0025904456449252,1137.1017767791138,63,0.004948811481614,0.0005409848222033,0.0295137559992442,False,0.019795245926456,0.1786598900681024,-0.0554812264289649,-0.0151484723591682,0.1107984893470513,0.0107984893470512,0.0653078483607451,-0.0517654364226646,0.0346435699440964,0.024829956711702,0.0269354797109626,0.0631580993101181,0.0031580993101181,0.0031580993101181,-0.1452307960868571,-0.1452307960868571,-0.1258123668367194,1130.537126199765
2025-06-11,2025-06-10,pca_covariance__equal_risk_contribution,balanced,0.0,Deterministic volatility input fallback,hold,pca_covariance__equal_risk_contribution,Switch review interval hold 4/10,,False,False,0.0,0.0,False,hold,Switch review interval hold 4/10,,False,False,,False,False,15,{},{},,False,2.0,2,0.005571587196119,1.0,0.005571587196119,1143.4549205918368,63,0.0146268954696369,0.0112640369755756,0.0256388386297712,False,0.0585075818785476,0.5321691561046278,-0.0554812264289648,-0.0151484723591682,0.1099417003172666,0.0099417003172666,0.0653267862768778,-0.0517654364226645,0.0346435699440964,0.0248299567117019,0.0269354797109626,0.063158099310118,0.003158099310118,0.003158099310118,-0.4800005184395187,-0.4800005184395187,-0.460582089189381,1138.5800513912843
2025-06-12,2025-06-11,pca_covariance__equal_risk_contribution,balanced,0.0,Deterministic volatility input fallback,hold,pca_covariance__equal_risk_contribution,Switch review interval hold 5/10,,False,False,0.0,0.0,False,hold,Switch review interval hold 5/10,,False,False,,False,False,16,{},{},,False,2.0,2,0.0079914330759832,1.0,0.0079914330759832,1152.6293737537512,63,0.0212206090466534,0.0162303468788668,0.0243443998803326,True,0.0848824361866136,0.7686830934019957,-0.0554812264289648,-0.0151484723591682,0.1104257878379315,0.0104257878379315,0.0645091799838022,-0.0517654364226647,0.0346435699440963,0.024829956711702,0.0269354797109626,0.063158099310118,0.003158099310118,0.003158099310118,-0.703514240879371,-0.703514240879371,-0.6840958116292334,1143.9005641006293
2025-06-13,2025-06-12,pca_covariance__equal_risk_contribution,balanced,0.0,Deterministic volatility input fallback,hold,pca_covariance__equal_risk_contribution,Switch review interval hold 6/10,,False,False,0.0,0.0,False,hold,Switch review interval hold 6/10,,False,False,,False,False,17,{},{},,False,2.0,2,0.0012664238561804,1.0,0.0012664238561804,1154.0900157907492,63,0.0326605490889801,0.0329520520964378,0.028765592134742,True,0.1306421963559204,1.174845442892197,-0.0554812264289649,-0.0151484723591682,0.1111994749150233,0.0111994749150233,0.064469842217886,-0.0517654364226646,0.0346435699440964,0.0248299567117019,0.0269354797109626,0.0631580993101181,0.0031580993101181,0.0031580993101181,-1.0880495834770625,-1.0880495834770625,-1.0686311542269245,1155.254889248828
2025-06-16,2025-06-13,pca_covariance__equal_risk_contribution,balanced,0.0,Deterministic volatility input fallback,hold,pca_covariance__equal_risk_contribution,Switch review interval hold 7/10,,False,False,0.0,0.0,False,hold,Switch review interval hold 7/10,,False,False,,False,False,18,{},{},,False,2.0,2,-0.0075136463440493,1.0,-0.0075136463440493,1145.4510871326995,63,0.0272602331812805,0.0262269868908418,0.0196491517563455,True,0.1090409327251221,0.9867222466159608,-0.0554812264289649,-0.0151484723591682,0.11050823380043,0.01050823380043,0.0645051165494348,-0.0517654364226645,0.0346435699440963,0.0248299567117019,0.0269354797109626,0.0631580993101179,0.0031580993101179,0.0031580993101179,-0.9096889234872252,-0.9096889234872252,-0.8902704942370876,1149.216668730547
2025-06-17,2025-06-16,pca_covariance__equal_risk_contribution,balanced,0.0,Deterministic volatility input fallback,hold,pca_covariance__equal_risk_contribution,Switch review interval hold 8/10,,False,False,0.0,0.0,False,hold,Switch review interval hold 8/10,,False,False,,False,False,19,{},{},,False,2.0,2,0.008429550912676,1.0,0.008429550912676,1155.1475363288368,63,0.013959077877753,0.0190158178255694,0.0129249275208968,True,0.0558363115110122,0.5026269186129867,-0.0554812264289649,-0.0151484723591682,0.1110889796055774,0.0110889796055773,0.0557427289719677,-0.0517654364226645,0.0346435699440964,0.0248299567117019,0.0269354797109626,0.063158099310118,0.003158099310118,0.003158099310118,-0.4520703231876872,-0.4520703231876872,-0.4326518939375495,1159.7805273856443
2025-06-18,2025-06-17,pca_covariance__equal_risk_contribution,balanced,0.0,Deterministic volatility input fallback,hold,pca_covariance__equal_risk_contribution,Switch review interval hold 9/10,,False,False,0.0,0.0,False,hold,Switch review interval hold 9/10,,False,False,,False,False,20,{},{},,False,2.0,2,0.0001005478857736,1.0,0.0001005478857736,1155.263689810767,63,0.0207623608188494,0.0261328634256759,0.025481473909279,True,0.0830494432753976,0.7397580000752069,-0.0554812264289648,-0.0151484723591682,0.1122656913030403,0.0122656913030402,0.0545211827106609,-0.0517654364226645,0.0346435699440963,0.0248299567117019,0.0269354797109626,0.0631580993101179,0.0031580993101179,0.0031580993101179,-0.6764995584439318,-0.6764995584439318,-0.6570811291937941,1159.9559944347577
2025-06-20,2025-06-18,pca_covariance__equal_risk_contribution,balanced,0.0,Deterministic volatility input fallback,hold,pca_covariance__equal_risk_contribution,Switch review held active pair,,False,False,0.0,0.0,False,hold,,,True,False,balanced,False,False,21,"{""10"": 17, ""20"": 16, ""60"": 2}","{""10"": true, ""20"": true, ""60"": false}",False,False,2.0,2,0.0001238330105757,1.0,0.0001238330105757,1155.4067584496124,63,0.016041757011002,0.025378279969161,0.0228305061237338,True,0.0641670280440082,0.5734604685528124,-0.0554812264289649,-0.0151484723591682,0.1118944226546956,0.0118944226546956,0.0514102519552755,-0.053277020736388,0.0338862357940704,0.0255842068753994,0.0276928138609886,0.0631580993101181,0.0031580993101181,0.0031580993101181,-0.5190298574880284,-0.5190298574880284,-0.4996114282378907,1161.3346117585625
2025-06-23,2025-06-20,pca_covariance__equal_risk_contribution,defensive,0.0,Deterministic volatility input fallback,hold,pca_covariance__equal_risk_contribution,Switch review interval hold 1/10,,False,False,0.0,0.0,False,hold,Switch review interval hold 1/10,,False,True,,False,False,22,{},{},,False,2.0,2,-0.0042838700710306,1.0,-0.0042838700710306,1150.4677326428666,63,0.0161859140683597,0.036234637695694,0.0254286803566466,True,0.0647436562734388,0.5786193172453423,-0.0554812264289648,-0.0151484723591682,0.1118933543070541,0.0118933543070541,0.051814288282029,-0.0533582650682794,0.0338461581454635,0.0256253735586839,0.0277328915095954,0.063158099310118,0.003158099310118,0.003158099310118,-0.5239009198438787,-0.5239009198438787,-0.504482490593741,1149.0784263595135
2025-06-24,2025-06-23,pca_covariance__equal_risk_contribution,defensive,0.0,Deterministic volatility input fallback,hold,pca_covariance__equal_risk_contribution,Switch review interval hold 2/10,,False,False,0.0,0.0,False,hold,Switch review interval hold 2/10,,False,False,,False,False,23,{},{},,False,2.0,2,-0.0046280414644927,1.0,-0.0046280414644927,1145.155622088159,63,0.0167941014772839,0.0300363163630912,0.011430505876495,True,0.0671764059091359,0.6009366904995966,-0.0554812264289649,-0.0151484723591682,0.1117861614561891,0.0117861614561891,0.0552273198636756,-0.0533582650682794,0.0338461581454635,0.0256253735586839,0.0277328915095955,0.063158099310118,0.003158099310118,0.003158099310118,-0.5449243350518816,-0.5449243350518816,-0.5255059058017439,1139.4275959700865
2025-06-25,2025-06-24,pca_covariance__equal_risk_contribution,defensive,0.0,Deterministic volatility input fallback,hold,pca_covariance__equal_risk_contribution,Switch review interval hold 3/10,,False,False,0.0,0.0,False,hold,Switch review interval hold 3/10,,False,False,,False,False,24,{},{},,False,2.0,2,-0.0010632383675509,1.0,-0.0010632383675509,1143.9386957499669,63,0.0122272538230617,0.0194681082004932,0.0050800622799589,True,0.048909015292247,0.4358590563836427,-0.0554812264289648,-0.0151484723591682,0.1122129151062019,0.0122129151062019,0.0551909856010678,-0.052659520520364,0.0341928653177172,0.0252733361830221,0.0273861843373418,0.0631580993101181,0.0031580993101181,0.0031580993101181,-0.3881871896761354,-0.3881871896761354,-0.3687687604259977,1136.9506919248563
2025-06-26,2025-06-25,pca_covariance__equal_risk_contribution,defensive,0.0,Deterministic volatility input fallback,hold,pca_covariance__equal_risk_contribution,Switch review interval hold 4/10,,False,False,0.0,0.0,False,hold,Switch review interval hold 4/10,,False,False,,False,False,25,{},{},,False,2.0,2,0.0025243472088311,1.0,0.0025243472088311,1146.8300420492533,63,0.011103187318428,0.0140865040040426,-0.0014485516160226,True,0.0444127492737122,0.3956914651277258,-0.0554812264289649,-0.0151484723591682,0.1122408573037485,0.0122408573037485,0.058187091322249,-0.0518021821738864,0.0346226129901747,0.0248457455090021,0.0269564366648842,0.063158099310118,0.003158099310118,0.003158099310118,-0.349914181018767,-0.349914181018767,-0.3304957517686292,1139.34992485123
2025-06-27,2025-06-26,pca_covariance__equal_risk_contribution,defensive,0.0,Deterministic volatility input fallback,hold,pca_covariance__equal_risk_contribution,Switch review interval hold 5/10,,False,False,0.0,0.0,False,hold,Switch review interval hold 5/10,,False,False,,False,False,26,{},{},,False,2.0,2,-0.0038682111655906,1.0,-0.0038682111655906,1142.4024302651164,63,0.0169582296119641,0.0193336827412736,0.0006178326308216,True,0.0678329184478564,0.605067191843647,-0.0554812264289648,-0.0151484723591682,0.112108075536485,0.012108075536485,0.0601389692072297,-0.0518021821738865,0.0346226129901747,0.0248457455090022,0.0269564366648843,0.0631580993101181,0.0031580993101181,0.0031580993101181,-0.548487976073863,-0.548487976073863,-0.5290695468237253,1134.688896131675
2025-06-30,2025-06-27,pca_covariance__equal_risk_contribution,defensive,0.0,Deterministic volatility input fallback,hold,pca_covariance__equal_risk_contribution,Switch review interval hold 6/10,,False,False,0.0,0.0,False,hold,Switch review interval hold 6/10,,False,False,,False,False,27,{},{},,False,2.0,2,0.0055548836632148,1.0,0.0055548836632148,1148.766000945979,63,0.0113655217347895,0.0107185879940356,0.0021046879600947,True,0.045462086939158,0.4045724869305649,-0.0554812264289649,-0.0151484723591682,0.1123706836420651,0.0123706836420651,0.0580272666092564,-0.0504766382480685,0.0352874288542049,0.0241850174472144,0.026291620800854,0.063158099310118,0.003158099310118,0.003158099310118,-0.3582585094007416,-0.3582585094007416,-0.3388400801506039,1139.5768587979833
2025-07-01,2025-06-30,pca_covariance__equal_risk_contribution,defensive,0.0,Deterministic volatility input fallback,hold,pca_covariance__equal_risk_contribution,Switch review interval hold 7/10,,False,False,0.0,0.0,False,hold,Switch review interval hold 7/10,,False,False,,False,False,28,{},{},,False,2.0,2,0.0028878164326287,1.0,0.0028878164326287,1152.0882209527203,63,0.0129299948714994,0.0159074273767521,0.0139166666756564,True,0.0517199794859978,0.4592043581969531,-0.0554812264289649,-0.0151484723591682,0.1126295483977421,0.0126295483977421,0.05994328698855,-0.0509065223900005,0.0335767953471495,0.022904268082091,0.0280022543079095,0.0631580993101181,0.0031580993101181,0.0031580993101181,-0.4098506709815268,-0.4098506709815268,-0.3904322417313891,1144.513240232141
2025-07-02,2025-07-01,pca_covariance__equal_risk_contribution,defensive,0.0,Deterministic volatility input fallback,hold,pca_covariance__equal_risk_contribution,Switch review interval hold 8/10,,False,False,0.0,0.0,False,hold,Switch review interval hold 8/10,,False,False,,False,False,29,{},{},,False,2.0,2,-6.0417776531188365e-05,1.0,-6.0417776531188365e-05,1152.0186164467386,63,0.0071473761334142,0.0154999257814261,0.0212579582072138,True,0.0285895045336569,0.256521667872585,-0.0554812264289649,-0.0151484723591682,0.1114506418532153,0.0114506418532153,0.0666755669622174,-0.0526029895068706,0.0304062713301484,0.0214302111819599,0.0311727783249106,0.0631580993101181,0.0031580993101181,0.0031580993101181,-0.2182115677362615,-0.2182115677362615,-0.1987931384861238,1150.563570618912
2025-07-03,2025-07-02,pca_covariance__equal_risk_contribution,defensive,0.0,Deterministic volatility input fallback,hold,pca_covariance__equal_risk_contribution,Switch review interval hold 9/10,,False,False,0.0,0.0,False,hold,Switch review interval hold 9/10,,False,False,,False,False,30,{},{},,False,2.0,2,-0.0034562749542078,1.0,-0.0034562749542078,1148.0437963483878,63,0.0043183721250355,0.0171711795289286,0.018831743151124,True,0.0172734885001423,0.1551693275691991,-0.0554812264289648,-0.0151484723591682,0.1113202510492226,0.0113202510492226,0.0713900356932494,-0.0544106530294285,0.0283603818908653,0.0211919852652349,0.0332186677641936,0.063158099310118,0.003158099310118,0.003158099310118,-0.1221147878184393,-0.1221147878184393,-0.1026963585683017,1149.099596164846
2025-07-07,2025-07-03,pca_covariance__regime_aware_risk_budget,defensive,0.0,Deterministic volatility input fallback,switch,pca_covariance__regime_aware_risk_budget,,,True,True,0.0,0.0,False,switch,,,True,False,defensive,False,False,31,"{""10"": 2, ""20"": 16, ""60"": 14}","{""10"": false, ""20"": true, ""60"": true}",False,False,3.0,15,-0.0043853924902853,1.0,-0.0043853924902853,1143.0201969838402,63,-0.0006688406556056,0.0052055214699292,0.0062405096863671,True,-0.0026753626224225,-0.023994138567912,-0.048638692400743,-0.0151484723591682,0.1115006740021234,0.0115006740021234,0.0735622490916783,-0.0544106530294287,0.0283603818908653,0.021191985265235,0.0332186677641937,0.0631580993101181,0.0031580993101181,0.0031580993101181,0.0455335941654387,0.0455335941654387,0.0625571365056987,1147.8183569266594
2025-07-08,2025-07-07,pca_covariance__regime_aware_risk_budget,balanced,0.0,Deterministic volatility input fallback,hold,pca_covariance__regime_aware_risk_budget,Switch review interval hold 1/10,,False,False,0.0,0.0,False,hold,Switch review interval hold 1/10,,False,True,,False,False,2,{},{},,False,1.0,15,-0.0013036895077283,1.0,-0.0013036895077283,1141.531024466121,63,0.0018788427253686,-0.0004481208027856,0.0016777436793914,False,0.0075153709014744,0.0678222623457204,-0.0331311423999142,-0.0148292164520536,0.1108097937394845,0.0108097937394845,0.0882309757271085,-0.0516389932520892,0.0281494800323099,0.0197884732843992,0.03185051996769,0.0598735868682897,0.0001264131317103,0.0,,,,1146.39400005248
2025-07-09,2025-07-08,pca_covariance__regime_aware_risk_budget,balanced,0.0,Deterministic volatility input fallback,hold,pca_covariance__regime_aware_risk_budget,Switch review interval hold 2/10,,False,False,0.0,0.0,False,hold,Switch review interval hold 2/10,,False,False,,False,False,3,{},{},,False,1.0,15,0.0060072710965973,1.0,0.0060072710965973,1148.4091494916934,63,0.0137669195354554,0.0058894247983439,0.008508727411579,True,0.0550676781418217,0.5120326463795692,-0.0293414393705034,-0.0137042174421157,0.1075472013966081,0.0075472013966081,0.0929168542327668,-0.0517939774834095,0.02809231820108,0.0198862956844895,0.0319076817989199,0.0598735868682897,0.0001264131317103,0.0,,,,1150.0176955042573
2025-07-10,2025-07-09,pca_covariance__regime_aware_risk_budget,balanced,0.0,Deterministic volatility input fallback,hold,pca_covariance__regime_aware_risk_budget,Switch review interval hold 3/10,,False,False,0.0,0.0,False,hold,Switch review interval hold 3/10,,False,False,,False,False,4,{},{},,False,1.0,15,-0.0005900310338721,1.0,-0.0005900310338721,1147.7317523162408,63,0.041842663612457,0.0095647482024867,0.0112272101793919,True,0.167370654449828,1.7053035514621548,-0.0293414393705033,-0.0102303699754891,0.0981471329877438,-0.0018528670122561,0.0924860512878254,-0.0517939774834095,0.02809231820108,0.0198862956844896,0.0319076817989199,0.0598735868682898,0.0001264131317101,0.0,,,,1148.9415670214444
2025-07-11,2025-07-10,pca_covariance__regime_aware_risk_budget,balanced,0.0,Deterministic volatility input fallback,hold,pca_covariance__regime_aware_risk_budget,Switch review interval hold 4/10,,False,False,0.0,0.0,False,hold,Switch review interval hold 4/10,,False,False,,False,False,5,{},{},,False,1.0,15,-0.0039475425910483,1.0,-0.0039475425910483,1143.2099631904082,63,0.0528765701108281,0.0063947079443435,0.0187338666027372,False,0.2115062804433126,2.227286995083269,-0.0293414393705031,-0.0093580539024073,0.0949613951458488,-0.0050386048541511,0.0864895236839686,-0.0517939774834093,0.0280923182010801,0.0198862956844894,0.0319076817989198,0.0598735868682897,0.0001264131317103,0.0,,,,1153.4572902713626
2025-07-14,2025-07-11,pca_covariance__regime_aware_risk_budget,balanced,0.0,Deterministic volatility input fallback,hold,pca_covariance__regime_aware_risk_budget,Switch review interval hold 5/10,,False,False,0.0,0.0,False,hold,Switch review interval hold 5/10,,False,False,,False,False,6,{},{},,False,1.0,15,-0.0023072221298292,1.0,-0.0023072221298292,1140.575364335409,63,0.0259856072272544,-0.0031010964982651,0.0141829070333533,False,0.1039424289090179,1.2354627040362507,-0.0293414393705034,-0.0093580539024073,0.0841323890793615,-0.0158676109206384,0.0860261753430329,-0.0517939774834095,0.0280923182010801,0.0198862956844896,0.0319076817989198,0.0598735868682899,0.00012641313171,0.0,,,,1149.895599492081
2025-07-15,2025-07-14,pca_covariance__regime_aware_risk_budget,balanced,0.0,Deterministic volatility input fallback,hold,pca_covariance__regime_aware_risk_budget,Switch review interval hold 6/10,,False,False,0.0,0.0,False,hold,Switch review interval hold 6/10,,False,False,,False,False,7,{},{},,False,1.0,15,-0.0054823956275792,1.0,-0.0054823956275792,1134.3393886074607,63,0.0318514682113233,-0.0133659659169704,0.0205674551815874,False,0.1274058728452934,1.544285177793353,-0.0293414393705033,-0.0093389549882371,0.082501518940527,-0.017498481059473,0.0857849938837634,-0.0510377264663528,0.0285060591837239,0.0195437856500768,0.031493940816276,0.0598735868682898,0.0001264131317101,0.0,,,,1144.7437482851435
2025-07-16,2025-07-15,pca_covariance__regime_aware_risk_budget,balanced,0.0,Deterministic volatility input fallback,hold,pca_covariance__regime_aware_risk_budget,Switch review interval hold 7/10,,False,False,0.0,0.0,False,hold,Switch review interval hold 7/10,,False,False,,False,False,8,{},{},,False,1.0,15,0.0024101211936857,1.0,0.0024101211936857,1137.076581166718,63,0.0199867877605084,-0.0201100734217189,0.00712737028907,False,0.0799471510420336,0.9693031761088235,-0.0293414393705033,-0.0093389549882371,0.0824789942017666,-0.0175210057982333,0.083969858880659,-0.0461792068439514,0.0312058461084991,0.0173850529524505,0.0287941538915008,0.0598735868682897,0.0001264131317103,0.0,,,,1147.7325768546948
2025-07-17,2025-07-16,pca_covariance__regime_aware_risk_budget,balanced,0.0,Deterministic volatility input fallback,hold,pca_covariance__regime_aware_risk_budget,Switch review interval hold 8/10,,False,False,0.0,0.0,False,hold,Switch review interval hold 8/10,,False,False,,False,False,9,{},{},,False,1.0,15,0.0024349608430496,1.0,0.0024349608430496,1139.8486917380935,63,0.0164285311803501,-0.0102195511060015,0.0098379113179254,False,0.0657141247214004,0.8034274454846846,-0.0293414393705033,-0.0093389549882371,0.081792232877677,-0.0182077671223229,0.0837391722772067,-0.0461792068439515,0.031205846108499,0.0173850529524506,0.0287941538915009,0.0598735868682897,0.0001264131317103,0.0,,,,1151.3595561461257
2025-07-18,2025-07-17,pca_covariance__regime_aware_risk_budget,balanced,0.0,Deterministic volatility input fallback,hold,pca_covariance__regime_aware_risk_budget,Switch review interval hold 9/10,,False,False,0.0,0.0,False,hold,Switch review interval hold 9/10,,False,False,,False,False,10,{},{},,False,1.0,15,0.0014082057533817,1.0,0.0014082057533817,1141.454963939219,63,0.0153416463781329,-0.0161784542770459,0.0109652883449393,False,0.0613665855125317,0.7516283443314398,-0.0293414393705032,-0.0093389549882371,0.0816448527724379,-0.018355147227562,0.0915051023877979,-0.0472085951685417,0.0306915301081346,0.0179001252766764,0.0293084698918653,0.0598735868682899,0.00012641313171,0.0,,,,1152.265534348011
2025-07-21,2025-07-18,pca_covariance__regime_aware_risk_budget,balanced,0.0,Deterministic volatility input fallback,hold,pca_covariance__regime_aware_risk_budget,Switch review held active pair,,False,False,0.0,0.0,False,hold,,,True,False,balanced,False,False,11,"{""10"": 18, ""20"": 18, ""60"": 18}","{""10"": true, ""20"": true, ""60"": true}",True,False,1.0,18,0.0033175244106373,1.0,0.0033175244106373,1145.2480570062637,63,0.0058834406141368,-0.014871119952181,0.0115213085160628,False,0.0235337624565475,0.2987114604704118,-0.0293414393705034,-0.0093389549882371,0.0787842636485608,-0.0212157363514391,0.0991176349157982,-0.0472085951685416,0.0306915301081346,0.0179001252766763,0.0293084698918653,0.0598735868682897,0.0001264131317103,0.0,,,,1156.097634993313
2025-07-22,2025-07-21,pca_covariance__regime_aware_risk_budget,risk_on,0.0,Deterministic volatility input fallback,hold,pca_covariance__regime_aware_risk_budget,Switch review interval hold 1/10,,False,False,0.0,0.0,False,hold,Switch review interval hold 1/10,,False,True,,False,False,12,{},{},,False,18.0,18,0.0043017044703488,1.0,0.0043017044703488,1150.1851871167548,63,0.0106436323290632,-0.011958868410551,0.027271521904452,False,0.0425745293162528,0.5390407927154789,-0.0293414393705033,-0.0093389549882371,0.0789820174866151,-0.0210179825133848,0.1055846601499583,-0.049550821423485,0.0292539246596399,0.018804746083125,0.03074607534036,0.0598735868682898,0.0001264131317101,0.0,,,,1160.3297149207629
2025-07-23,2025-07-22,pca_covariance__regime_aware_risk_budget,risk_on,0.0,Deterministic volatility input fallback,hold,pca_covariance__regime_aware_risk_budget,Switch review interval hold 2/10,,False,False,0.0,0.0,False,hold,Switch review interval hold 2/10,,False,False,,False,False,13,{},{},,False,18.0,18,-0.0039138567708193,1.0,-0.0039138567708193,1145.6923249791505,63,0.0182063864809657,-0.0017987888858608,0.0297696219111477,False,0.0728255459238631,0.920731299634002,-0.0293414393705033,-0.0093389549882371,0.0790953299326436,-0.0209046700673564,0.1112142102417486,-0.0500931403370766,0.0289438339624602,0.0190369742995368,0.0310561660375397,0.0598735868682898,0.0001264131317101,0.0,,,,1157.5644223352847
2025-07-24,2025-07-23,pca_covariance__regime_aware_risk_budget,risk_on,0.0,Deterministic volatility input fallback,hold,pca_covariance__regime_aware_risk_budget,Switch review interval hold 3/10,,False,False,0.0,0.0,False,hold,Switch review interval hold 3/10,,False,False,,False,False,14,{},{},,False,18.0,18,-0.0009121431652941,1.0,-0.0009121431652941,1144.647766021471,63,0.0123033252260282,0.0010060808986618,0.0199244485536361,False,0.049213300904113,0.6193479625746922,-0.0293414393705033,-0.0093389549882371,0.0794598575888234,-0.0205401424111765,0.1124056913938122,-0.0503679135489514,0.0287980904062765,0.019166003955228,0.0312019095937234,0.0598735868682897,0.0001264131317103,0.0,,,,1157.30146858259
2025-07-25,2025-07-24,pca_covariance__regime_aware_risk_budget,risk_on,0.0,Deterministic volatility input fallback,hold,pca_covariance__regime_aware_risk_budget,Switch review interval hold 4/10,,False,False,0.0,0.0,False,hold,Switch review interval hold 4/10,,False,False,,False,False,15,{},{},,False,18.0,18,0.0011995320879358,1.0,0.0011995320879358,1146.0216315793732,63,0.0143286145687863,0.0008243522593743,0.0122500357959825,False,0.0573144582751453,0.7233180810581208,-0.0293414393705033,-0.0093389549882371,0.0792382490857988,-0.0207617509142012,0.1102702123840264,-0.0518654218655036,0.0271298072661918,0.0189952291316955,0.0328701927338081,0.0571096455795846,0.0028903544204153,0.0,,,,1153.9126682066058
2025-07-28,2025-07-25,pca_covariance__regime_aware_risk_budget,risk_on,0.0,Deterministic volatility input fallback,hold,pca_covariance__regime_aware_risk_budget,Switch review interval hold 5/10,,False,False,0.0,0.0,False,hold,Switch review interval hold 5/10,,False,False,,False,False,16,{},{},,False,18.0,18,-0.0014656785322857,1.0,-0.0014656785322857,1144.3431626248648,63,0.0057825272822263,-0.0004405577528437,0.0160769226503455,False,0.0231301091289054,0.3008836590463212,-0.0293414393705033,-0.0093389549882371,0.0768739292862179,-0.023126070713782,0.1101029579346634,-0.0533975931038187,0.0243318626427909,0.0177294557466097,0.035668137357209,0.0526276941695837,0.0073723058304162,0.0,,,,1156.0213263752955
2025-07-29,2025-07-28,pca_covariance__regime_aware_risk_budget,risk_on,0.0,Deterministic volatility input fallback,hold,pca_covariance__regime_aware_risk_budget,Switch review interval hold 6/10,,False,False,0.0,0.0,False,hold,Switch review interval hold 6/10,,False,False,,False,False,17,{},{},,False,18.0,18,0.012189594613097,1.0,0.012189594613097,1158.3776051815948,63,0.0026007077245,0.0019444965973962,0.0096470236128161,False,0.010402830898,0.1353406484480669,-0.0293414393705032,-0.0093389549882371,0.0768640539061093,-0.0231359460938907,0.1100138742900027,-0.0535983948719112,0.0242348148074897,0.0178332096794009,0.0357651851925102,0.0526276941695836,0.0073723058304163,0.0,,,,1167.9801222892663
2025-07-30,2025-07-29,pca_covariance__regime_aware_risk_budget,risk_on,0.0,Deterministic volatility input fallback,hold,pca_covariance__regime_aware_risk_budget,Switch review interval hold 7/10,,False,False,0.0,0.0,False,hold,Switch review interval hold 7/10,,False,False,,False,False,18,{},{},,False,18.0,18,-0.0046141511818222,1.0,-0.0046141511818222,1153.0449879977125,63,0.0093474259018751,0.0089046992382233,0.0212620481048211,False,0.0373897036075005,0.4678685868367565,-0.0293414393705033,-0.0093389549882371,0.0799149689879609,-0.020085031012039,0.1097843574288499,-0.0535983948719112,0.0242348148074897,0.017833209679401,0.0357651851925102,0.0526276941695837,0.0073723058304162,0.0,,,,1164.2556347659438
2025-07-31,2025-07-30,pca_covariance__regime_aware_risk_budget,risk_on,0.0,Deterministic volatility input fallback,hold,pca_covariance__regime_aware_risk_budget,Switch review interval hold 8/10,,False,False,0.0,0.0,False,hold,Switch review interval hold 8/10,,False,False,,False,False,19,{},{},,False,18.0,18,-0.0016142801783883,1.0,-0.0016142801783883,1151.185151880966,63,0.0042760140572405,0.0019899304992718,0.0134140353487032,False,0.0171040562289623,0.2125335136635479,-0.0249235748725049,-0.0093389549882371,0.0804769842371258,-0.0195230157628741,0.1109299470584894,-0.0535983948719112,0.0242348148074897,0.0178332096794009,0.0357651851925102,0.0526276941695836,0.0073723058304163,0.0,,,,1159.7766738839225
2025-08-01,2025-07-31,pca_covariance__regime_aware_risk_budget,risk_on,0.0,Deterministic volatility input fallback,hold,pca_covariance__regime_aware_risk_budget,Switch review interval hold 9/10,,False,False,0.0,0.0,False,hold,Switch review interval hold 9/10,,False,False,,False,False,20,{},{},,False,18.0,18,0.0034893576601521,1.0,0.0034893576601521,1155.209064962101,63,0.0079917250244825,0.0003293889125867,0.0135231798590245,False,0.03196690009793,0.4005660887542287,-0.0249235748725048,-0.0093389549882371,0.0798043094395433,-0.0201956905604566,0.1122007734413924,-0.0538501952313558,0.0240029666840391,0.017853161915395,0.0359970333159608,0.0526276941695837,0.0073723058304162,0.0,,,,1156.728446615684
2025-08-04,2025-08-01,pca_covariance__regime_aware_risk_budget,risk_on,0.0,Deterministic volatility input fallback,hold,pca_covariance__regime_aware_risk_budget,Switch review held active pair,,False,False,0.0,0.0,False,hold,,,True,False,risk_on,False,False,21,"{""10"": 5, ""20"": 18, ""60"": 18}","{""10"": false, ""20"": true, ""60"": true}",False,False,18.0,18,0.0022924143007346,1.0,0.0022924143007346,1157.8603204699136,63,0.0177113446314441,0.006221888919933,0.0085391830363062,True,0.0708453785257765,0.8965378512690568,-0.0249235748725049,-0.0093389549882371,0.0790210680179251,-0.0209789319820748,0.1204887227692715,-0.0542314401164178,0.0236143695366735,0.0178458096530914,0.0363856304633264,0.0526276941695836,0.0073723058304163,0.0,,,,1159.41072967336
2025-08-05,2025-08-04,pca_covariance__regime_aware_risk_budget,risk_on,0.0,Deterministic volatility input fallback,hold,pca_covariance__regime_aware_risk_budget,Switch review interval hold 1/10,,False,False,0.0,0.0,False,hold,Switch review interval hold 1/10,,False,False,,False,False,22,{},{},,False,18.0,18,-0.0004556917414691,1.0,-0.0004556917414691,1157.3328132835632,63,0.0244374422531942,0.012899695710953,0.0124515749081674,True,0.0977497690127769,1.2446898513304834,-0.0249235748725048,-0.0093389549882371,0.0785334345807427,-0.0214665654192572,0.1204631617387202,-0.0547784295522804,0.0230969658131504,0.0178753953654309,0.0369030341868495,0.0526276941695837,0.0073723058304162,0.0,,,,1156.656242811187
2025-08-06,2025-08-05,pca_covariance__regime_aware_risk_budget,risk_on,0.0,Deterministic volatility input fallback,hold,pca_covariance__regime_aware_risk_budget,Switch review interval hold 2/10,,False,False,0.0,0.0,False,hold,Switch review interval hold 2/10,,False,False,,False,False,23,{},{},,False,18.0,18,-0.0036411068422207,1.0,-0.0036411068422207,1153.1265033175396,63,0.021623997297732,0.0137476934772122,0.0196371182755562,True,0.086495989190928,1.1025881651647254,-0.024923574872505,-0.0093389549882371,0.0784481385921692,-0.0215518614078307,0.1280590019685947,-0.0547784295522804,0.0230969658131504,0.0178753953654308,0.0369030341868495,0.0526276941695836,0.0073723058304163,0.0,,,,1152.3342805394232
2025-08-07,2025-08-06,pca_covariance__regime_aware_risk_budget,risk_on,0.0,Deterministic volatility input fallback,hold,pca_covariance__regime_aware_risk_budget,Switch review interval hold 3/10,,False,False,0.0,0.0,False,hold,Switch review interval hold 3/10,,False,False,,False,False,24,{},{},,False,18.0,18,0.0005209228438638,1.0,0.0005209228438638,1153.7273497387089,63,0.008887790314356,0.0040993155383941,0.0136640637408808,False,0.0355511612574241,0.4629604000139812,-0.0233691862830428,-0.0093389549882371,0.0767909334283246,-0.0232090665716753,0.1280620080784622,-0.0550141552756047,0.0229512222569668,0.0179653775325715,0.0370487777430331,0.0526276941695837,0.0073723058304162,0.0,,,,1153.712271961084
2025-08-08,2025-08-07,pca_covariance__regime_aware_risk_budget,risk_on,0.0,Deterministic volatility input fallback,hold,pca_covariance__regime_aware_risk_budget,Switch review interval hold 4/10,,False,False,0.0,0.0,False,hold,Switch review interval hold 4/10,,False,False,,False,False,25,{},{},,False,18.0,18,-0.0026046112280952,1.0,-0.0026046112280952,1150.726248576932,63,0.0110015636505184,0.0052102694161301,0.0116049773604736,False,0.0440062546020736,0.5736459295578119,-0.0212995713889503,-0.0093389549882371,0.0767132691693555,-0.0232867308306444,0.1276297671146214,-0.056672072120303,0.0219739244390583,0.0186459965593613,0.0380260755609416,0.0526276941695835,0.0073723058304164,0.0,,,,1152.9402317145195
2025-08-11,2025-08-08,pca_covariance__regime_aware_risk_budget,risk_on,0.0,Deterministic volatility input fallback,hold,pca_covariance__regime_aware_risk_budget,Switch review interval hold 5/10,,False,False,0.0,0.0,False,hold,Switch review interval hold 5/10,,False,False,,False,False,26,{},{},,False,18.0,18,-0.0029641560334055,1.0,-0.0029641560334055,1147.3203667008063,63,0.0165316256623391,0.0065532007790832,0.0034521042808181,True,0.0661265026493565,0.881004462074364,-0.0212995713889503,-0.0092155954554726,0.0750580791539452,-0.0249419208460547,0.1307667656729182,-0.0570062414480094,0.0217844340207225,0.0187906754687319,0.0382155659792775,0.0526276941695836,0.0073723058304163,0.0,,,,1150.451177911244
2025-08-12,2025-08-11,pca_covariance__regime_aware_risk_budget,risk_on,0.0,Deterministic volatility input fallback,hold,pca_covariance__regime_aware_risk_budget,Switch review interval hold 6/10,,False,False,0.0,0.0,False,hold,Switch review interval hold 6/10,,False,False,,False,False,27,{},{},,False,18.0,18,-0.0010967152454316,1.0,-0.0010967152454316,1146.0627727005588,63,0.0102786813001491,0.0058962668755069,-0.0074696990414635,True,0.0411147252005965,0.5476474859106086,-0.0212995713889503,-0.0092155954554726,0.0750751646969262,-0.0249248353030737,0.139410445188732,-0.0543698881338478,0.0232545426713434,0.0176244308051912,0.0367454573286565,0.0526276941695836,0.0073723058304163,0.0,,,,1149.4597084895756
2025-08-13,2025-08-12,pca_covariance__regime_aware_risk_budget,risk_on,0.0,Deterministic volatility input fallback,hold,pca_covariance__regime_aware_risk_budget,Switch review interval hold 7/10,,False,False,0.0,0.0,False,hold,Switch review interval hold 7/10,,False,False,,False,False,28,{},{},,False,18.0,18,0.0043589346961531,1.0,0.0043589346961531,1151.0692890963533,63,0.017278653511935,0.0102819472576546,-0.0098281261640643,True,0.06911461404774,0.9438339313373996,-0.0212995713889503,-0.0090615238716762,0.073227515723879,-0.0267724842761209,0.1392771491635432,-0.05360412519458,0.0236868658495671,0.0172909910441472,0.0363131341504328,0.0526276941695837,0.0073723058304162,0.0,,,,1152.0841748460325
2025-08-14,2025-08-13,pca_covariance__regime_aware_risk_budget,risk_on,0.0,Deterministic volatility input fallback,hold,pca_covariance__regime_aware_risk_budget,Switch review interval hold 8/10,,False,False,0.0,0.0,False,hold,Switch review interval hold 8/10,,False,False,,False,False,29,{},{},,False,18.0,18,-0.0021991446830629,1.0,-0.0021991446830629,1148.5407025722752,63,0.0210341712297525,0.0122307607601219,0.0020112096541203,True,0.0841366849190101,1.1419212169016728,-0.0212995713889502,-0.0090615238716762,0.0736799384000366,-0.0263200615999633,0.1481286662173221,-0.05360412519458,0.0236868658495671,0.0172909910441472,0.0363131341504328,0.0526276941695837,0.0073723058304162,0.0,,,,1151.6767152760392
2025-08-15,2025-08-14,pca_covariance__regime_aware_risk_budget,risk_on,0.0,Deterministic volatility input fallback,hold,pca_covariance__regime_aware_risk_budget,Switch review interval hold 9/10,,False,False,0.0,0.0,False,hold,Switch review interval hold 9/10,,False,False,,False,False,30,{},{},,False,18.0,18,-0.0026667062739257,1.0,-0.0026667062739257,1145.4819620687526,63,0.0275267968247529,0.0075966552340094,-0.0085817990430365,True,0.1101071872990119,1.5386463284624876,-0.0212995713889504,-0.0085682629409958,0.0715610762929763,-0.0284389237070237,0.1560031404178155,-0.05360412519458,0.0236868658495671,0.0172909910441472,0.0363131341504328,0.0526276941695837,0.0073723058304162,0.0,,,,1148.5927917304678
2025-08-18,2025-08-15,pca_covariance__regime_aware_risk_budget,risk_on,0.0,Deterministic volatility input fallback,hold,pca_covariance__regime_aware_risk_budget,Switch review held active pair,,False,False,0.0,0.0,False,hold,,,True,False,risk_on,False,False,31,"{""10"": 8, ""20"": 3, ""60"": 18}","{""10"": false, ""20"": false, ""60"": true}",False,False,18.0,18,-0.0017953521523627,1.0,-0.0017953521523627,1143.427263568255,63,0.016902401285889,0.0035217432067018,-0.0113493767454791,True,0.0676096051435561,0.9635964984545105,-0.0212995713889502,-0.0085682629409958,0.0701638136419067,-0.0298361863580932,0.1559222593257358,-0.0531615817718017,0.0239376218942473,0.0170992036660491,0.0360623781057526,0.0526276941695836,0.0073723058304163,0.0,,,,1147.655013179725
2025-08-19,2025-08-18,pca_covariance__regime_aware_risk_budget,risk_on,0.0,Deterministic volatility input fallback,hold,pca_covariance__regime_aware_risk_budget,Switch review interval hold 1/10,,False,False,0.0,0.0,False,hold,Switch review interval hold 1/10,,False,False,,False,False,32,{},{},,False,18.0,18,0.0023818110741027,1.0,0.0023818110741027,1146.1539372087486,63,0.015407468968696,-0.0015911333562981,-0.0135500017668491,False,0.0616298758747841,0.8769605959229231,-0.0212995713889503,-0.0085682629409958,0.0702766762398533,-0.0297233237601466,0.1635170093791829,-0.0518068662318842,0.0247121778346144,0.0165190440664986,0.0352878221653855,0.0526276941695835,0.0073723058304164,0.0,,,,1146.8954808786648
2025-08-20,2025-08-19,pca_covariance__regime_aware_risk_budget,risk_on,0.0,Deterministic volatility input fallback,hold,pca_covariance__regime_aware_risk_budget,Switch review interval hold 2/10,,False,False,0.0,0.0,False,hold,Switch review interval hold 2/10,,False,False,,False,False,33,{},{},,False,18.0,18,0.0035112605492704,1.0,0.0035112605492704,1150.1854560263173,63,0.016481696226763,-0.0035110267525442,-0.005309815638405,False,0.065926784907052,0.9367861354654616,-0.0212995713889502,-0.0085682629409958,0.0703754917063273,-0.0296245082936726,0.1648221434063287,-0.0532139193153629,0.0239403006465856,0.0171542199619485,0.0360596993534143,0.0526276941695837,0.0073723058304162,0.0,,,,1152.8476737264357
2025-08-21,2025-08-20,pca_covariance__regime_aware_risk_budget,risk_on,0.0,Deterministic volatility input fallback,hold,pca_covariance__regime_aware_risk_budget,Switch review interval hold 3/10,,False,False,0.0,0.0,False,hold,Switch review interval hold 3/10,,False,False,,False,False,34,{},{},,False,18.0,18,-0.0015987192752441,1.0,-0.0015987192752441,1148.34810146608,63,0.0191407711937752,0.0039140905675455,0.0049201714662074,True,0.076563084775101,1.0834420060883945,-0.0212995713889502,-0.0085682629409958,0.0706665279219887,-0.0293334720780112,0.1647288078591758,-0.053213919315363,0.0239403006465855,0.0171542199619485,0.0360596993534144,0.0526276941695836,0.0073723058304163,0.0,,,,1152.5495292511196
2025-08-22,2025-08-21,pca_covariance__regime_aware_risk_budget,risk_on,0.0,Deterministic volatility input fallback,hold,pca_covariance__regime_aware_risk_budget,Switch review interval hold 4/10,,False,False,0.0,0.0,False,hold,Switch review interval hold 4/10,,False,False,,False,False,35,{},{},,False,18.0,18,0.0079880002650153,1.0,0.0079880002650153,1157.5578411350616,63,0.0299747408962829,0.0032275144575955,0.0040518667169699,True,0.1198989635851318,1.8196701218647424,-0.0212995713889503,-0.0069246844601432,0.0658904941859808,-0.0341095058140191,0.1695953749263416,-0.0543074877250938,0.0233681521225748,0.0176756398476687,0.0366318478774251,0.0526276941695836,0.0073723058304163,0.0,,,,1161.7922882109424
2025-08-25,2025-08-22,pca_covariance__regime_aware_risk_budget,risk_on,0.0,Deterministic volatility input fallback,hold,pca_covariance__regime_aware_risk_budget,Switch review interval hold 5/10,,False,False,0.0,0.0,False,hold,Switch review interval hold 5/10,,False,False,,False,False,36,{},{},,False,18.0,18,-0.0001105962152095,1.0,-0.0001105962152095,1157.4298266980325,63,0.0361591366976451,0.0100159826346749,0.0095754248818312,True,0.1446365467905806,2.1415777037964796,-0.0212995713889504,-0.0069246844601432,0.0675373798177747,-0.0324626201822253,0.1690772569530431,-0.0543074877250938,0.0233681521225748,0.0176756398476687,0.0366318478774251,0.0526276941695836,0.0073723058304163,0.0,,,,1162.734398109647
2025-08-26,2025-08-25,pca_covariance__regime_aware_risk_budget,risk_on,0.0,Deterministic volatility input fallback,hold,pca_covariance__regime_aware_risk_budget,Switch review interval hold 6/10,,False,False,0.0,0.0,False,hold,Switch review interval hold 6/10,,False,False,,False,False,37,{},{},,False,18.0,18,-3.7705090271513753e-05,1.0,-3.7705090271513753e-05,1157.3861865246674,63,0.0301172238957432,0.0113710649517512,0.0133155615491474,True,0.120468895582973,1.807085123379184,-0.0212995713889502,-0.0069246844601432,0.066664759741755,-0.0333352402582449,0.1652950329170729,-0.0543074877250938,0.0233681521225748,0.0176756398476687,0.0366318478774251,0.0526276941695837,0.0073723058304162,0.0,,,,1160.5097598038692
2025-08-27,2025-08-26,pca_covariance__regime_aware_risk_budget,risk_on,0.0,Deterministic volatility input fallback,hold,pca_covariance__regime_aware_risk_budget,Switch review interval hold 7/10,,False,False,0.0,0.0,False,hold,Switch review interval hold 7/10,,False,False,,False,False,38,{},{},,False,18.0,18,0.0024725381939586,1.0,0.0024725381939586,1160.2514088020691,63,0.0233172492131123,-0.0008562347516173,0.0080484644866059,False,0.0932689968524494,1.425362728602385,-0.0212995713889503,-0.0069246844601432,0.0654352713038194,-0.0345647286961805,0.1615804978424133,-0.0533908414225488,0.0215515029337435,0.0149423443562923,0.0384484970662564,0.0458020905834327,0.0141979094165672,0.0,,,,1163.5766383425607
2025-08-28,2025-08-27,pca_covariance__regime_aware_risk_budget,risk_on,0.0,Deterministic volatility input fallback,hold,pca_covariance__regime_aware_risk_budget,Switch review interval hold 8/10,,False,False,0.0,0.0,False,hold,Switch review interval hold 8/10,,False,False,,False,False,39,{},{},,False,18.0,18,0.0044195037351097,1.0,0.0044195037351097,1165.3904919708486,63,0.028417142173498,0.0062304546241635,0.0082203851234354,True,0.1136685686939923,1.7412331213593155,-0.0212995713889503,-0.0069246844601432,0.0652804999512389,-0.034719500048761,0.1615561779831394,-0.0528155599742507,0.0178370288274291,0.0106525888016798,0.0421629711725708,0.0331311423999142,0.0268688576000857,0.0,,,,1167.7801021614214
2025-08-29,2025-08-28,pca_covariance__regime_aware_risk_budget,risk_on,0.0,Deterministic volatility input fallback,hold,pca_covariance__regime_aware_risk_budget,Switch review interval hold 9/10,,False,False,0.0,0.0,False,hold,Switch review interval hold 9/10,,False,False,,False,False,40,{},{},,False,18.0,18,-0.0002832869260666,1.0,-0.0002832869260666,1165.060398838453,63,0.0278724254033642,0.0122642385376616,0.0125936274502483,True,0.1114897016134569,1.7116352685115184,-0.0212995713889502,-0.0069246844601432,0.0651363661782987,-0.0348636338217012,0.164734696310731,-0.0540242465691069,0.016225008879598,0.0102492554487049,0.0437749911204019,0.0293414393705034,0.0306585606294965,0.0,,,,1167.992448033805
2025-09-02,2025-08-29,pca_covariance__regime_aware_risk_budget,risk_on,0.0,Deterministic volatility input fallback,hold,pca_covariance__regime_aware_risk_budget,Switch review held active pair,,False,False,0.0,0.0,False,hold,,,True,False,risk_on,False,False,41,"{""10"": 14, ""20"": 2, ""60"": 18}","{""10"": true, ""20"": false, ""60"": true}",False,False,18.0,18,0.0016653590417162,1.0,0.0016653590417162,1167.0022592063651,63,0.0270145683562054,0.0084915939514428,0.0147134828713759,True,0.1080582734248217,1.658559394460782,-0.0212995713889504,-0.0069246844601432,0.0651518865020524,-0.0348481134979475,0.166334017205683,-0.0541425390978222,0.016175934012747,0.0103184731105692,0.0438240659872529,0.0293414393705033,0.0306585606294966,0.0,,,,1174.3727779850187
2025-09-03,2025-09-02,pca_covariance__regime_aware_risk_budget,risk_on,0.0,Deterministic volatility input fallback,hold,pca_covariance__regime_aware_risk_budget,Switch review interval hold 1/10,,False,False,0.0,0.0,False,hold,Switch review interval hold 1/10,,False,False,,False,False,42,{},{},,False,18.0,18,0.0037208021553922,1.0,0.0037208021553922,1171.3525319609917,63,0.0254460658236261,0.0078645386924244,0.0207642344033775,False,0.1017842632945045,1.567053888537172,-0.0212995713889502,-0.0069246844601432,0.0649526248197623,-0.0350473751802376,0.1662260462045874,-0.054297288623355,0.0160634055218371,0.0103606941451921,0.0439365944781628,0.0293414393705031,0.0306585606294968,0.0,,,,1174.034994896745
2025-09-04,2025-09-03,pca_covariance__regime_aware_risk_budget,risk_on,0.0,Deterministic volatility input fallback,hold,pca_covariance__regime_aware_risk_budget,Switch review interval hold 2/10,,False,False,0.0,0.0,False,hold,Switch review interval hold 2/10,,False,False,,False,False,43,{},{},,False,18.0,18,0.0019195169915363,1.0,0.0019195169915363,1173.6031223814127,63,0.030890292667728,0.0120410325892858,0.0257887260664981,False,0.123561170670912,1.896847834832984,-0.0212995713889504,-0.0069246844601432,0.065140265023837,-0.0348597349761629,0.169260546536854,-0.0554500194455775,0.0152915283338084,0.0107415477793859,0.0447084716661915,0.0293414393705034,0.0306585606294965,0.0,,,,1175.158350306459
2025-09-05,2025-09-04,pca_covariance__regime_aware_risk_budget,risk_on,0.0,Deterministic volatility input fallback,hold,pca_covariance__regime_aware_risk_budget,Switch review interval hold 3/10,,False,False,0.0,0.0,False,hold,Switch review interval hold 3/10,,False,False,,False,False,44,{},{},,False,18.0,18,0.0068133798778957,1.0,0.0068133798778957,1181.626628839801,63,0.0243364551763938,0.0176016564230429,0.0217009719614371,True,0.0973458207055755,1.5411468126793877,-0.0212995713889503,-0.0069246844601432,0.0631645342965952,-0.0368354657034047,0.1771802425280071,-0.0562040716840818,0.0149629795337518,0.0111670512178337,0.0450370204662481,0.0293414393705033,0.0306585606294966,0.0,,,,1177.3095400388495
2025-09-08,2025-09-05,pca_covariance__regime_aware_risk_budget,risk_on,0.0,Deterministic volatility input fallback,hold,pca_covariance__regime_aware_risk_budget,Switch review interval hold 4/10,,False,False,0.0,0.0,False,hold,Switch review interval hold 4/10,,False,False,,False,False,45,{},{},,False,18.0,18,0.0076274470202565,1.0,0.0076274470202565,1190.6738832131914,63,0.0327698126254161,0.0238941134570748,0.0291043828732049,True,0.1310792505016647,2.038011822637799,-0.0212995713889502,-0.0069246844601432,0.0643172179109387,-0.0356827820890612,0.185169807876577,-0.0571239982280175,0.0143908310097412,0.0115148292377588,0.0456091689902587,0.0293414393705033,0.0306585606294966,0.0,,,,1182.6505056537858
2025-09-09,2025-09-08,pca_covariance__regime_aware_risk_budget,risk_on,0.0,Deterministic volatility input fallback,hold,pca_covariance__regime_aware_risk_budget,Switch review interval hold 5/10,,False,False,0.0,0.0,False,hold,Switch review interval hold 5/10,,False,False,,False,False,46,{},{},,False,18.0,18,-0.0026958065038059,1.0,-0.0026958065038059,1187.4683794651385,63,0.0480384947545307,0.0341261717054266,0.0406793724845098,True,0.1921539790181228,3.0170826886005155,-0.0212995713889502,-0.0063849745898235,0.0636886684425789,-0.036311331557421,0.1872491298624814,-0.0571239982280177,0.014390831009741,0.0115148292377588,0.0456091689902589,0.0293414393705033,0.0306585606294966,0.0,,,,1182.6334008486183
2025-09-10,2025-09-09,pca_covariance__regime_aware_risk_budget,risk_on,0.0,Deterministic volatility input fallback,hold,pca_covariance__regime_aware_risk_budget,Switch review interval hold 6/10,,False,False,0.0,0.0,False,hold,Switch review interval hold 6/10,,False,False,,False,False,47,{},{},,False,18.0,18,0.0046489842679929,1.0,0.0046489842679929,1193.001753598569,63,0.0430107405582701,0.0343945212350262,0.0402907881105331,True,0.1720429622330806,2.6890853625416775,-0.0212995713889504,-0.0063849745898235,0.0639782450306704,-0.0360217549693295,0.1873884897807833,-0.0558091242906829,0.0149930633288355,0.0108021876195185,0.0450069366711644,0.0293414393705032,0.0306585606294967,0.0,,,,1188.05252928239
2025-09-11,2025-09-10,pca_covariance__regime_aware_risk_budget,risk_on,0.0,Deterministic volatility input fallback,hold,pca_covariance__regime_aware_risk_budget,Switch review interval hold 7/10,,False,False,0.0,0.0,False,hold,Switch review interval hold 7/10,,False,False,,False,False,48,{},{},,False,18.0,18,0.0021687372943446,1.0,0.0021687372943446,1195.5918686181365,63,0.045079715601992,0.0401402207484508,0.0504221680061054,True,0.1803188624079683,2.8017093143946634,-0.0212995713889504,-0.0063849745898235,0.0643603037194199,-0.03563969628058,0.1873364295229413,-0.055809124290683,0.0149930633288356,0.0108021876195187,0.0450069366711643,0.0293414393705034,0.0306585606294965,0.0,,,,1188.3791661629025
2025-09-12,2025-09-11,pca_covariance__regime_aware_risk_budget,risk_on,0.0,Deterministic volatility input fallback,hold,pca_covariance__regime_aware_risk_budget,Switch review interval hold 8/10,,False,False,0.0,0.0,False,hold,Switch review interval hold 8/10,,False,False,,False,False,49,{},{},,False,18.0,18,-0.001931549675874,1.0,-0.001931549675874,1193.284752403916,63,0.0417001910447764,0.0379500233466423,0.0501807841067643,True,0.1668007641791056,2.619350488037724,-0.0212995713889502,-0.0063849745898235,0.0636802004698744,-0.0363197995301255,0.1873701076602214,-0.0568106227397495,0.0144463262684009,0.0112569490081504,0.045553673731599,0.0293414393705033,0.0306585606294966,0.0,,,,1188.6379477549383
2025-09-15,2025-09-12,pca_covariance__regime_aware_risk_budget,risk_on,0.0,Deterministic volatility input fallback,hold,pca_covariance__regime_aware_risk_budget,Switch review interval hold 9/10,,False,False,0.0,0.0,False,hold,Switch review interval hold 9/10,,False,False,,False,False,50,{},{},,False,18.0,18,0.0040489111135088,1.0,0.0040489111135088,1198.1260506788094,63,0.0318109940800263,0.0382176183538313,0.0458142735878407,True,0.1272439763201054,2.0481037382818768,-0.0212995713889502,-0.0063849745898235,0.0621277008296701,-0.0378722991703298,0.1873848345875864,-0.0576596044436749,0.0140063407301094,0.0116659451737844,0.0459936592698905,0.0293414393705033,0.0306585606294966,0.0,,,,1194.509468998546
2025-09-16,2025-09-15,pca_covariance__hysteresis_portfolio,risk_on,0.0,Deterministic volatility input fallback,switch,pca_covariance__hysteresis_portfolio,,,True,True,0.0,0.0,False,switch,,,True,False,risk_on,False,False,51,"{""10"": 16, ""20"": 16, ""60"": 15}","{""10"": true, ""20"": true, ""60"": true}",True,False,1.0,9,0.0007921018880433,1.0,0.0007921018880433,1199.075464552286,63,0.0345981933163659,0.0449332357412659,0.0484549789479678,True,0.1383927732654638,2.213768269111621,-0.0212995713889504,-0.0063849745898235,0.0625145708322039,-0.0374854291677961,0.187240348634914,-0.0576596044436749,0.0140063407301094,0.0116659451737843,0.0459936592698905,0.0293414393705033,0.0306585606294966,0.0,,,,1197.3989726783166
2025-09-17,2025-09-16,pca_covariance__hysteresis_portfolio,risk_on,0.0,Deterministic volatility input fallback,hold,pca_covariance__hysteresis_portfolio,Switch review interval hold 1/10,,False,False,0.0,0.0,False,hold,Switch review interval hold 1/10,,False,False,,False,False,2,{},{},,False,1.0,9,-0.0042307603886672,1.0,-0.0042307603886672,1194.0131797817353,63,0.0572480652910118,0.0511728322351826,0.0485728522626218,True,0.2289922611640472,3.2664503325124485,-0.018754857465206,-0.006018698817763,0.0701043144249843,-0.0298956855750156,0.005350389386636,-0.0580398244637211,0.0103388998569364,0.0083787243206575,0.0496611001430635,0.0190766044916697,0.0409233955083302,0.0,-2.848322332062546,-2.848322332062546,-2.841758131949724,1192.4138500894946
2025-09-18,2025-09-17,pca_covariance__hysteresis_portfolio,risk_on,0.0,Deterministic volatility input fallback,hold,pca_covariance__hysteresis_portfolio,Switch review interval hold 2/10,,False,False,0.0,0.0,False,hold,Switch review interval hold 2/10,,False,False,,False,False,3,{},{},,False,1.0,9,-0.0040826115721929,1.0,-0.0040826115721929,1189.1484249657892,63,0.0394623710014864,0.0440681211057427,0.0401396098924756,True,0.1578494840059458,2.392884195371951,-0.0187548574652058,-0.006018698817763,0.0659662027570079,-0.0340337972429921,0.0043341989163421,-0.0557827206499218,0.0114677322648031,0.007250452914725,0.0485322677351968,0.0190766044916699,0.04092339550833,0.0,-2.0672758231608483,-2.0672758231608483,-2.060711623048026,1190.3749709697893
2025-09-19,2025-09-18,pca_covariance__hysteresis_portfolio,risk_on,0.0,Deterministic volatility input fallback,hold,pca_covariance__hysteresis_portfolio,Switch review interval hold 3/10,,False,False,0.0,0.0,False,hold,Switch review interval hold 3/10,,False,False,,False,False,4,{},{},,False,1.0,9,-0.0011159809356719,1.0,-0.0011159809356719,1187.8220982091827,63,0.0339453499004579,0.0350002114957395,0.0413489801112564,True,0.1357813996018317,2.0384170046624694,-0.018754857465206,-0.006018698817763,0.0666111984403873,-0.0333888015596126,0.0043341989163421,-0.0517273974272801,0.0134962763221876,0.0052236737494677,0.0465037236778123,0.0190766044916699,0.04092339550833,0.0,-1.7623649207334553,-1.7623649207334553,-1.755800720620633,1189.595197428653
2025-09-22,2025-09-19,pca_covariance__hysteresis_portfolio,risk_on,0.0,Deterministic volatility input fallback,hold,pca_covariance__hysteresis_portfolio,Switch review interval hold 4/10,,False,False,0.0,0.0,False,hold,Switch review interval hold 4/10,,False,False,,False,False,5,{},{},,False,1.0,9,-0.0009521217653595,1.0,-0.0009521217653595,1186.69168516693,63,0.032386551170116,0.0353009459797925,0.0411674571080787,True,0.1295462046804643,1.9424189657631616,-0.0183506779077536,-0.006018698817763,0.066693235066085,-0.0333067649339149,0.003297409701758,-0.0506220199149281,0.0140493385754887,0.0046713584904168,0.0459506614245112,0.0190766044916699,0.04092339550833,0.0,-1.679523398853991,-1.679523398853991,-1.6731006615862771,1193.0603199058628
2025-09-23,2025-09-22,pca_covariance__hysteresis_portfolio,risk_on,0.0,Deterministic volatility input fallback,hold,pca_covariance__hysteresis_portfolio,Switch review interval hold 5/10,,False,False,0.0,0.0,False,hold,Switch review interval hold 5/10,,False,False,,False,False,6,{},{},,False,1.0,9,0.00669324448641,1.0,0.00669324448641,1194.6611437608333,63,0.0383857440517544,0.0264474191151676,0.0395379148659992,True,0.1535429762070176,2.3613950465472393,-0.0183506779077538,-0.005603865603757,0.0650221471547183,-0.0349778528452816,0.003297409701758,-0.0496747087963119,0.014440270417293,0.004114979213605,0.0455597295827069,0.018754857465206,0.041245142534794,0.0,,,,1199.1784332093168
2025-09-24,2025-09-23,pca_covariance__hysteresis_portfolio,risk_on,0.0,Deterministic volatility input fallback,hold,pca_covariance__hysteresis_portfolio,Switch review interval hold 6/10,,False,False,0.0,0.0,False,hold,Switch review interval hold 6/10,,False,False,,False,False,7,{},{},,False,1.0,9,-0.0009395627649473,1.0,-0.0009395627649473,1193.5392117787185,63,0.0502634776570421,0.03232213465558,0.0450006004598503,True,0.2010539106281684,3.0902910181748604,-0.0183506779077539,-0.005603865603757,0.065059863115064,-0.0349401368849359,0.003297409701758,-0.0496747087963118,0.0144402704172932,0.004114979213605,0.0455597295827067,0.0187548574652061,0.0412451425347938,0.0,,,,1198.4446311530496
2025-09-25,2025-09-24,pca_covariance__hysteresis_portfolio,risk_on,0.0,Deterministic volatility input fallback,hold,pca_covariance__hysteresis_portfolio,Switch review interval hold 7/10,,False,False,0.0,0.0,False,hold,Switch review interval hold 7/10,,False,False,,False,False,8,{},{},,False,1.0,9,0.0020101616563194,1.0,0.0020101616563194,1195.9408315508438,63,0.0520006806524872,0.0325054123608399,0.0287571376595142,True,0.2080027226099489,3.211161585317124,-0.0183506779077539,-0.005603865603757,0.0647749162050988,-0.0352250837949012,0.0022678457572768,-0.0496747087963118,0.0144402704172931,0.004114979213605,0.0455597295827068,0.018754857465206,0.041245142534794,0.0,,,,1200.7729656056113
2025-09-26,2025-09-25,pca_covariance__hysteresis_portfolio,risk_on,0.0,Deterministic volatility input fallback,hold,pca_covariance__hysteresis_portfolio,Switch review interval hold 8/10,,False,False,0.0,0.0,False,hold,Switch review interval hold 8/10,,False,False,,False,False,9,{},{},,False,1.0,9,0.0006138383593523,1.0,0.0006138383593523,1196.6751712686512,63,0.0506758991703794,0.0318751748002728,0.0342940646352631,True,0.2027035966815176,3.1368404304609023,-0.0183506779077536,-0.005603865603757,0.064620308611533,-0.0353796913884669,0.0022678457572768,-0.0496747087963119,0.0144402704172931,0.004114979213605,0.0455597295827068,0.018754857465206,0.041245142534794,0.0,,,,1203.935658293345
2025-09-29,2025-09-26,pca_covariance__hysteresis_portfolio,risk_on,0.0,Deterministic volatility input fallback,hold,pca_covariance__hysteresis_portfolio,Switch review interval hold 9/10,,False,False,0.0,0.0,False,hold,Switch review interval hold 9/10,,False,False,,False,False,10,{},{},,False,1.0,9,0.0023030066284148,1.0,0.0023030066284148,1199.4342980442718,63,0.0565865240810135,0.0281875374860608,0.0371158685445633,True,0.226346096324054,3.5688762437000507,-0.0183506779077539,-0.0055972795807212,0.063422231780553,-0.0365777682194469,0.0022678457572768,-0.0496747087963119,0.0144402704172931,0.004114979213605,0.0455597295827068,0.0187548574652061,0.0412451425347938,0.0,,,,1204.0312949411164
2025-09-30,2025-09-29,expanding_covariance__hysteresis_portfolio,risk_on,0.0,Deterministic volatility input fallback,switch,expanding_covariance__hysteresis_portfolio,,,True,True,0.0,0.0,False,switch,,,True,False,risk_on,False,False,11,"{""10"": 18, ""20"": 15, ""60"": 14}","{""10"": true, ""20"": true, ""60"": true}",True,False,4.0,1,8.177664678738305e-05,1.0,8.177664678738305e-05,1199.5323877698777,63,0.0530568915692962,0.0324981292201389,0.0359176778167697,True,0.2122275662771851,3.385093275410034,-0.0183506779077538,-0.0055972795807212,0.0626947469420848,-0.0373052530579151,0.0022678457572768,-0.0496747087963119,0.014440270417293,0.0041149792136049,0.0455597295827069,0.0187548574652057,0.0412451425347942,0.0,,,,1204.690574911698
2025-10-01,2025-09-30,expanding_covariance__hysteresis_portfolio,risk_on,0.0,Deterministic volatility input fallback,hold,expanding_covariance__hysteresis_portfolio,Switch review interval hold 1/10,,False,False,0.0,0.0,False,hold,Switch review interval hold 1/10,,False,False,,False,False,2,{},{},,False,4.0,1,0.0013593468821168,1.0,0.0013593468821168,1201.1640771458674,63,0.0582634900972237,0.0290519014795277,0.0396421972631947,True,0.2330539603888949,4.51063286403636,-0.0187599637672498,-0.0045467754308318,0.0516676855363363,-0.0483323144636636,0.0,-0.0561721653820538,0.0121225855028393,0.0082947508848932,0.0478774144971606,0.0216890844111699,0.0383109155888301,0.0,-3.7889141705970766,-3.7889141705970766,-3.782348183278539,1205.2991552231688
2025-10-02,2025-10-01,expanding_covariance__hysteresis_portfolio,risk_on,0.0,Deterministic volatility input fallback,hold,expanding_covariance__hysteresis_portfolio,Switch review interval hold 2/10,,False,False,0.0,0.0,False,hold,Switch review interval hold 2/10,,False,False,,False,False,3,{},{},,False,4.0,1,-0.0027384853747296,1.0,-0.0027384853747296,1197.8792067256072,63,0.0554904073350641,0.0293413713334508,0.0432813013501859,True,0.2219616293402567,4.329772187315807,-0.0187599637672498,-0.0045467754308318,0.0512640434040617,-0.0487359565959382,0.0,-0.0571998543619598,0.0116682063380576,0.0088680607000174,0.0483317936619423,0.0216890844111697,0.0383109155888302,0.0,-3.633635237100571,-3.633635237100571,-3.627069249782034,1200.9222654339055
2025-10-03,2025-10-02,expanding_covariance__hysteresis_portfolio,risk_on,0.0,Deterministic volatility input fallback,hold,expanding_covariance__hysteresis_portfolio,Switch review interval hold 3/10,,False,False,0.0,0.0,False,hold,Switch review interval hold 3/10,,False,False,,False,False,4,{},{},,False,4.0,1,0.0009372860053326,1.0,0.0009372860053326,1199.0024884780494,63,0.053797228821853,0.0237917835730639,0.0459243718020274,True,0.2151889152874123,4.167651804065188,-0.01875996376725,-0.0045467754308318,0.0516331318939633,-0.0483668681060366,0.0,-0.0557541581992465,0.0123121142980699,0.0080662724973165,0.04768788570193,0.0216890844111699,0.0383109155888301,0.0,-3.5000572457890735,-3.5000572457890735,-3.493491258470536,1203.3215511703038
2025-10-06,2025-10-03,expanding_covariance__hysteresis_portfolio,risk_on,0.0,Deterministic volatility input fallback,hold,expanding_covariance__hysteresis_portfolio,Switch review interval hold 4/10,,False,False,0.0,0.0,False,hold,Switch review interval hold 4/10,,False,False,,False,False,5,{},{},,False,4.0,1,0.0048691102164281,1.0,0.0048691102164281,1204.8547999566997,63,0.0571000783715104,0.0220148550864378,0.0458648451970419,False,0.2284003134860417,4.45946757649973,-0.01875996376725,-0.0045467754308318,0.0512169467695322,-0.0487830532304677,0.0,-0.0557541581992465,0.01231211429807,0.0080662724973165,0.0476878857019299,0.02168908441117,0.0383109155888299,0.0,-3.7423032499265534,-3.7423032499265534,-3.735737262608016,1209.6369051975555
2025-10-07,2025-10-06,expanding_covariance__hysteresis_portfolio,risk_on,0.0,Deterministic volatility input fallback,hold,expanding_covariance__hysteresis_portfolio,Switch review interval hold 5/10,,False,False,0.0,0.0,False,hold,Switch review interval hold 5/10,,False,False,,False,False,6,{},{},,False,4.0,1,0.0045823823652583,1.0,0.0045823823652583,1210.3885745970954,63,0.0637274832437204,0.0219076589989733,0.0517630364113115,False,0.2549099329748818,4.946855045343127,-0.0187599637672498,-0.0045467754308318,0.0515296952585762,-0.0484703047414237,0.0,-0.0557541581992466,0.0123121142980698,0.0080662724973165,0.0476878857019301,0.0216890844111697,0.0383109155888302,0.0,-4.154765878054349,-4.154765878054349,-4.148199890735811,1212.6428905864263
2025-10-08,2025-10-07,expanding_covariance__hysteresis_portfolio,risk_on,0.0,Deterministic volatility input fallback,hold,expanding_covariance__hysteresis_portfolio,Switch review interval hold 6/10,,False,False,0.0,0.0,False,hold,Switch review interval hold 6/10,,False,False,,False,False,7,{},{},,False,4.0,1,0.0046372592769748,1.0,0.0046372592769748,1216.014494586495,63,0.0635022584379755,0.0264178026677331,0.0578138578983929,False,0.2540090337519022,4.93564667132223,-0.0187599637672498,-0.0045467754308318,0.0514641850738182,-0.0485358149261817,0.0,-0.0557541581992467,0.0123121142980698,0.0080662724973165,0.0476878857019301,0.0216890844111697,0.0383109155888302,0.0,-4.144765005914002,-4.144765005914002,-4.138199018595464,1218.090030177813
2025-10-09,2025-10-08,expanding_covariance__hysteresis_portfolio,risk_on,0.0,Deterministic volatility input fallback,hold,expanding_covariance__hysteresis_portfolio,Switch review interval hold 7/10,,False,False,0.0,0.0,False,hold,Switch review interval hold 7/10,,False,False,,False,False,8,{},{},,False,4.0,1,-0.0051030383971376,1.0,-0.0051030383971376,1209.8249321483968,63,0.0680658197999014,0.0257676988453941,0.0646370214137177,False,0.2722632791996057,5.242420846897985,-0.0187599637672499,-0.0045467754308318,0.0519346475895211,-0.0480653524104788,0.0,-0.0557541581992465,0.0123121142980699,0.0080662724973165,0.04768788570193,0.0216890844111699,0.0383109155888301,0.0,-4.407155652038253,-4.407155652038253,-4.400589664719716,1209.9118749862257
2025-10-10,2025-10-09,expanding_covariance__hysteresis_portfolio,risk_on,0.0,Deterministic volatility input fallback,hold,expanding_covariance__hysteresis_portfolio,Switch review interval hold 8/10,,False,False,0.0,0.0,False,hold,Switch review interval hold 8/10,,False,False,,False,False,9,{},{},,False,4.0,1,-0.0080593035835901,1.0,-0.0080593035835901,1200.1137708990698,63,0.0605750253891099,0.019939609380183,0.0564723271523277,False,0.2423001015564398,4.545042297015662,-0.0187599637672498,-0.0048031066897336,0.0533108573523149,-0.046689142647685,0.0,-0.0545035251765417,0.0129009395161713,0.007404464692713,0.0470990604838286,0.0216890844111699,0.0383109155888301,0.0,-3.831086915198108,-3.831086915198108,-3.82452092787957,1199.8423538467462
2025-10-13,2025-10-10,expanding_covariance__hysteresis_portfolio,risk_on,0.0,Deterministic volatility input fallback,hold,expanding_covariance__hysteresis_portfolio,Switch review interval hold 9/10,,False,False,0.0,0.0,False,hold,Switch review interval hold 9/10,,False,False,,False,False,10,{},{},,False,4.0,1,0.0117389838202777,1.0,0.0117389838202777,1214.2849016395228,63,0.0547034126402254,0.0122001694407577,0.0495362071105562,False,0.2188136505609018,3.910965115851589,-0.0187599637672497,-0.0057917939329267,0.0559487604923974,-0.0440512395076026,0.0,-0.0470709083033048,0.0166503106279946,0.0037212189312995,0.0433496893720053,0.0216890844111699,0.0383109155888301,0.0,-3.3139580110629514,-3.3139580110629514,-3.307392023744413,1212.9353026065592
2025-10-14,2025-10-13,expanding_covariance__hysteresis_portfolio,risk_on,0.0,Deterministic volatility input fallback,hold,expanding_covariance__hysteresis_portfolio,Switch review held active pair,,False,False,0.0,0.0,False,hold,,,True,False,risk_on,False,False,11,"{""10"": 6, ""20"": 3, ""60"": 4}","{""10"": false, ""20"": false, ""60"": false}",False,False,3.0,4,-0.0003988164213414,1.0,-0.0003988164213414,1213.8007214364875,63,0.0710656743849113,0.019498086500569,0.0653529042923644,False,0.2842626975396455,4.825137713757508,-0.0187599637672499,-0.0056621131045291,0.0589128672388253,-0.0410871327611746,0.0,-0.0470709083033049,0.0166503106279946,0.0037212189312995,0.0433496893720053,0.02168908441117,0.0383109155888299,0.0,-4.115432272644766,-4.115432272644766,-4.108866285326228,1212.6366807865534
2025-10-15,2025-10-14,expanding_covariance__hysteresis_portfolio,balanced,0.0,Deterministic volatility input fallback,hold,expanding_covariance__hysteresis_portfolio,Switch review interval hold 1/10,,False,False,0.0,0.0,False,hold,Switch review interval hold 1/10,,False,True,,False,False,12,{},{},,False,11.0,4,0.0044584537553367,1.0,0.0044584537553367,1219.2244776199052,63,0.0681356014328366,0.0184048367594352,0.065832870071861,False,0.2725424057313466,4.625583037026622,-0.0187599637672499,-0.0056621131045291,0.0589206600659232,-0.0410793399340767,0.0,-0.0470709083033047,0.0166503106279946,0.0037212189312994,0.0433496893720053,0.0216890844111697,0.0383109155888302,0.0,-3.945021348595913,-3.945021348595913,-3.9384553612773754,1219.4805588683869
2025-10-16,2025-10-15,expanding_covariance__hysteresis_portfolio,balanced,0.0,Deterministic volatility input fallback,hold,expanding_covariance__hysteresis_portfolio,Switch review interval hold 2/10,,False,False,0.0,0.0,False,hold,Switch review interval hold 2/10,,False,False,,False,False,13,{},{},,False,11.0,4,0.0022567381459989,1.0,0.0022567381459989,1221.979055017973,63,0.0686585901331486,0.0269678451255896,0.0693255892778984,False,0.2746343605325944,4.652233326751851,-0.0187599637672499,-0.0056621131045291,0.0590328002151907,-0.0409671997848092,0.0,-0.0470709083033049,0.0166503106279946,0.0037212189312995,0.0433496893720053,0.0216890844111699,0.0383109155888301,0.0,-3.968711825888043,-3.968711825888043,-3.9621458385695054,1222.6127827230298
2025-10-17,2025-10-16,expanding_covariance__hysteresis_portfolio,balanced,0.0,Deterministic volatility input fallback,hold,expanding_covariance__hysteresis_portfolio,Switch review interval hold 3/10,,False,False,0.0,0.0,False,hold,Switch review interval hold 3/10,,False,False,,False,False,14,{},{},,False,11.0,4,-0.0021615591019763,1.0,-0.0021615591019763,1219.3405277628174,63,0.0697268603284852,0.0310440433710247,0.0662741655573382,False,0.2789074413139409,4.720947381670795,-0.0187599637672498,-0.0056621131045291,0.0590787015328335,-0.0409212984671664,0.0,-0.0470709083033049,0.0166503106279946,0.0037212189312995,0.0433496893720053,0.0216890844111699,0.0383109155888301,0.0,-4.027810720060235,-4.027810720060235,-4.021244732741697,1219.4539963618367
2025-10-20,2025-10-17,expanding_covariance__hysteresis_portfolio,balanced,0.0,Deterministic volatility input fallback,hold,expanding_covariance__hysteresis_portfolio,Switch review interval hold 4/10,,False,False,0.0,0.0,False,hold,Switch review interval hold 4/10,,False,False,,False,False,15,{},{},,False,11.0,4,0.012641138944166,1.0,0.012641138944166,1234.8522169422397,63,0.064510796617209,0.0290416042320111,0.0642326722355599,False,0.258043186468836,4.351458956173436,-0.0187599637672499,-0.0056621131045291,0.0593003838638415,-0.0406996161361584,0.0,-0.0470709083033049,0.0166503106279947,0.0037212189312996,0.0433496893720052,0.0216890844111701,0.0383109155888298,0.0,-3.713764669861379,-3.713764669861379,-3.707198682542842,1234.135395208345
2025-10-21,2025-10-20,expanding_covariance__hysteresis_portfolio,balanced,0.0,Deterministic volatility input fallback,hold,expanding_covariance__hysteresis_portfolio,Switch review interval hold 5/10,,False,False,0.0,0.0,False,hold,Switch review interval hold 5/10,,False,False,,False,False,16,{},{},,False,11.0,4,-0.0108482441654125,1.0,-0.0108482441654125,1221.528637968112,63,0.0736453811136064,0.0403968166311652,0.0694945665057635,True,0.2945815244544257,4.637703524995557,-0.0187599637672499,-0.0056621131045291,0.0635188348860027,-0.0364811651139972,0.0,-0.0470709083033049,0.0166503106279946,0.0037212189312995,0.0433496893720053,0.0216890844111699,0.0383109155888301,0.0,-3.993120954712464,-3.993120954712464,-3.9865549673939262,1217.3344210063465
2025-10-22,2025-10-21,expanding_covariance__hysteresis_portfolio,balanced,0.0,Deterministic volatility input fallback,hold,expanding_covariance__hysteresis_portfolio,Switch review interval hold 6/10,,False,False,0.0,0.0,False,hold,Switch review interval hold 6/10,,False,False,,False,False,17,{},{},,False,11.0,4,0.0046023980384764,1.0,0.0046023980384764,1227.163556096913,63,0.0667181904833095,0.0239145474573578,0.0569073722147878,False,0.2668727619332383,3.972476645144666,-0.0187599637672499,-0.0073480354931778,0.0671804483128735,-0.0328195516871265,0.0,-0.0470709083033049,0.0166503106279946,0.0037212189312995,0.0433496893720053,0.02168908441117,0.0383109155888299,0.0,,,,1223.2604472058365
2025-10-23,2025-10-22,expanding_covariance__hysteresis_portfolio,balanced,0.0,Deterministic volatility input fallback,hold,expanding_covariance__hysteresis_portfolio,Switch review interval hold 7/10,,False,False,0.0,0.0,False,hold,Switch review interval hold 7/10,,False,False,,False,False,18,{},{},,False,11.0,4,0.0048869535176841,1.0,0.0048869535176841,1233.1753250071915,63,0.0717902677332138,0.0285372262720653,0.0631571973207036,False,0.2871610709328553,4.255715698806475,-0.0187599637672499,-0.0073480354931778,0.0674765635809248,-0.0325234364190751,0.0,-0.0487178463470726,0.0153572739983442,0.0040751203454169,0.0446427260016557,0.02168908441117,0.0383109155888299,0.0,,,,1230.7847546568769
2025-10-24,2025-10-23,expanding_covariance__hysteresis_portfolio,balanced,0.0,Deterministic volatility input fallback,hold,expanding_covariance__hysteresis_portfolio,Switch review interval hold 8/10,,False,False,0.0,0.0,False,hold,Switch review interval hold 8/10,,False,False,,False,False,19,{},{},,False,11.0,4,0.0012291356071056,1.0,0.0012291356071056,1234.6919966155551,63,0.0781221134077351,0.0303998145153766,0.0651894361268261,False,0.3124884536309404,4.617222484451057,-0.0187599637672499,-0.0073480354931778,0.0676788815534177,-0.0323211184465822,0.0,-0.0491292100108532,0.014954511476261,0.0040837214871143,0.0450454885237389,0.0216890844111701,0.0383109155888298,0.0,-4.00945543894652,-4.00945543894652,-4.002889451627982,1231.8281876934666
2025-10-27,2025-10-24,expanding_covariance__hysteresis_portfolio,balanced,0.0,Deterministic volatility input fallback,hold,expanding_covariance__hysteresis_portfolio,Switch review interval hold 9/10,,False,False,0.0,0.0,False,hold,Switch review interval hold 9/10,,False,False,,False,False,20,{},{},,False,11.0,4,-0.0033619204429415,1.0,-0.0033619204429415,1230.548030097374,63,0.0765455133027104,0.0299835738129553,0.0629506587942522,False,0.3061820532108416,4.52904912169143,-0.0187599637672499,-0.0073480354931778,0.0676040477778024,-0.0323959522221975,0.0,-0.0491292100108533,0.0149545114762608,0.0040837214871142,0.0450454885237391,0.0216890844111697,0.0383109155888302,0.0,,,,1227.2135877845228
2025-10-28,2025-10-27,expanding_covariance__hysteresis_portfolio,balanced,0.0,Deterministic volatility input fallback,hold,expanding_covariance__hysteresis_portfolio,Switch review held active pair,,False,False,0.0,0.0,False,hold,,,True,False,balanced,False,False,21,"{""10"": 17, ""20"": 18, ""60"": 17}","{""10"": true, ""20"": true, ""60"": true}",True,False,13.0,17,-0.0065768425797264,1.0,-0.0065768425797264,1222.4814647583191,63,0.060597800275519,0.0256095957348146,0.0600015209597094,False,0.2423912011020763,3.77928711958068,-0.0158743002483821,-0.0073480354931778,0.0641367520996843,-0.0358632479003156,0.0,-0.0491292100108533,0.0149545114762609,0.0040837214871142,0.045045488523739,0.02168908441117,0.0383109155888299,0.0,,,,1219.1489213530397
2025-10-29,2025-10-28,expanding_covariance__hysteresis_portfolio,risk_on,0.0,Deterministic volatility input fallback,hold,expanding_covariance__hysteresis_portfolio,Switch review interval hold 1/10,,False,False,0.0,0.0,False,hold,Switch review interval hold 1/10,,False,True,,False,False,22,{},{},,False,3.0,17,-0.0047161404225727,1.0,-0.0047161404225727,1216.7296443638452,63,0.0569574753521814,0.0189509765083008,0.0480028779878285,False,0.2278299014087258,3.481711716491689,-0.0142632501600489,-0.007716486538825,0.0654361762145822,-0.0345638237854177,0.0,-0.0495077716343353,0.0146577232279436,0.0041654948622789,0.0453422767720563,0.02168908441117,0.0383109155888299,0.0,,,,1214.5647394338189
2025-10-30,2025-10-29,expanding_covariance__hysteresis_portfolio,risk_on,0.0,Deterministic volatility input fallback,hold,expanding_covariance__hysteresis_portfolio,Switch review interval hold 2/10,,False,False,0.0,0.0,False,hold,Switch review interval hold 2/10,,False,False,,False,False,23,{},{},,False,3.0,17,0.002442239008824,1.0,0.002442239008824,1219.7048205313563,63,0.0551855938332015,0.0128754892036112,0.0422168605370621,False,0.2207423753328063,3.3469327439735466,-0.0146759039905762,-0.007716486538825,0.0659536334365466,-0.0340463665634534,0.0,-0.0466075971070541,0.0164291990957247,0.0030367962027788,0.0435708009042752,0.02168908441117,0.0383109155888299,0.0,,,,1217.490066983307
2025-10-31,2025-10-30,expanding_covariance__hysteresis_portfolio,risk_on,0.0,Deterministic volatility input fallback,hold,expanding_covariance__hysteresis_portfolio,Switch review interval hold 3/10,,False,False,0.0,0.0,False,hold,Switch review interval hold 3/10,,False,False,,False,False,24,{},{},,False,3.0,17,0.0024283955836375,1.0,0.0024283955836375,1222.6703456075406,63,0.0597236509179263,0.0180562135871649,0.0418479971602289,False,0.2388946036717052,3.633560348644198,-0.0146759039905765,-0.007716486538825,0.0657467004121301,-0.0342532995878698,0.0,-0.0466075971070539,0.0164291990957248,0.0030367962027788,0.0435708009042751,0.02168908441117,0.0383109155888299,0.0,-3.142877143585365,-3.142877143585365,-3.137740577188663,1219.5720533265644
2025-11-03,2025-10-31,expanding_covariance__hysteresis_portfolio,risk_on,0.0,Deterministic volatility input fallback,hold,expanding_covariance__hysteresis_portfolio,Switch review interval hold 4/10,,False,False,0.0,0.0,False,hold,Switch review interval hold 4/10,,False,False,,False,False,25,{},{},,False,3.0,17,0.0013029531836637,1.0,0.0013029531836637,1224.2644661336024,63,0.0587476679413845,0.0195473231654699,0.0415621782519077,False,0.2349906717655381,3.5806814880308604,-0.0146759039905765,-0.007716486538825,0.0656273596383931,-0.0343726403616068,0.0,-0.0466075971070541,0.0164291990957247,0.0030367962027788,0.0435708009042752,0.02168908441117,0.0383109155888299,0.0,-3.096308038651446,-3.096308038651446,-3.091171472254744,1221.1612767315248
2025-11-04,2025-11-03,expanding_covariance__hysteresis_portfolio,risk_on,0.0,Deterministic volatility input fallback,hold,expanding_covariance__hysteresis_portfolio,Switch review interval hold 5/10,,False,False,0.0,0.0,False,hold,Switch review interval hold 5/10,,False,False,,False,False,26,{},{},,False,3.0,17,-0.0049176950275345,1.0,-0.0049176950275345,1218.2586862565342,63,0.0623303783299225,0.0159811661327055,0.037888825131679,False,0.2493215133196902,3.8178027197685305,-0.0146759039905763,-0.007716486538825,0.065304975563223,-0.0346950244367769,0.0,-0.0466584633794543,0.016397233846702,0.0030556972261564,0.0436027661532979,0.02168908441117,0.0383109155888299,0.0,-3.299514552005548,-3.299514552005548,-3.294377985608846,1213.5461076077368
2025-11-05,2025-11-04,expanding_covariance__hysteresis_portfolio,risk_on,0.0,Deterministic volatility input fallback,hold,expanding_covariance__hysteresis_portfolio,Switch review interval hold 6/10,,False,False,0.0,0.0,False,hold,Switch review interval hold 6/10,,False,False,,False,False,27,{},{},,False,3.0,17,-0.0020129276044517,1.0,-0.0020129276044517,1215.808886179896,63,0.0627942391289591,0.0064810887399126,0.0328988914076458,False,0.2511769565158366,3.856702113779898,-0.0146759039905763,-0.0076468571814667,0.0651273935880056,-0.0348726064119943,0.0,-0.0466584633794543,0.016397233846702,0.0030556972261563,0.0436027661532979,0.0216890844111699,0.0383109155888301,0.0,-3.3319732319712525,-3.3319732319712525,-3.3268366655745507,1213.0629598078117
2025-11-06,2025-11-05,expanding_covariance__hysteresis_portfolio,risk_on,0.0,Deterministic volatility input fallback,hold,expanding_covariance__hysteresis_portfolio,Switch review interval hold 7/10,,False,False,0.0,0.0,False,hold,Switch review interval hold 7/10,,False,False,,False,False,28,{},{},,False,3.0,17,-0.0013828591204326,1.0,-0.0013828591204326,1214.128755732538,63,0.0597844989141893,-0.0001690981415139,0.0255986007038802,False,0.2391379956567572,3.656266629438716,-0.0154215464013167,-0.0076468571814667,0.0654049662930266,-0.0345950337069734,0.0,-0.0457763727075413,0.0169564898444077,0.002732862551949,0.0430435101555922,0.0216890844111699,0.0383109155888301,0.0,-3.1600766831510367,-3.1600766831510367,-3.154679141910576,1211.275048408335
2025-11-07,2025-11-06,expanding_covariance__hysteresis_portfolio,risk_on,0.0,Deterministic volatility input fallback,hold,expanding_covariance__hysteresis_portfolio,Switch review interval hold 8/10,,False,False,0.0,0.0,False,hold,Switch review interval hold 8/10,,False,False,,False,False,29,{},{},,False,3.0,17,0.0035847169366205,1.0,0.0035847169366205,1218.4888738720908,63,0.0594307207915982,0.003551081135191,0.023490690515374,False,0.2377228831663928,3.632003983162845,-0.0167821387250837,-0.0076468571814667,0.0654522638929975,-0.0345477361070024,0.0,-0.0441668401450337,0.0179769782266916,0.0021438183717254,0.0420230217733083,0.02168908441117,0.0383109155888299,0.0,-3.13889874202287,-3.13889874202287,-3.133024993469091,1215.775388404874
2025-11-10,2025-11-07,expanding_covariance__hysteresis_portfolio,risk_on,0.0,Deterministic volatility input fallback,hold,expanding_covariance__hysteresis_portfolio,Switch review interval hold 9/10,,False,False,0.0,0.0,False,hold,Switch review interval hold 9/10,,False,False,,False,False,30,{},{},,False,3.0,17,0.0089724858862264,1.0,0.0089724858862264,1229.470942647662,63,0.0644838768500417,0.0151951016554018,0.0273952710961595,True,0.2579355074001671,3.939408348370778,-0.0167821387250836,-0.0076468571814667,0.0654756970058312,-0.0345243029941687,0.0,-0.0458243916464041,0.0171491050928101,0.0029734967392143,0.0428508949071898,0.0216890844111699,0.0383109155888301,0.0,-3.4052283608226,-3.4052283608226,-3.3993546122688207,1227.1614440865992
2025-11-11,2025-11-10,expanding_covariance__hysteresis_portfolio,risk_on,0.0,Deterministic volatility input fallback,hold,expanding_covariance__hysteresis_portfolio,Switch review held active pair,,False,False,0.0,0.0,False,hold,,,True,False,risk_on,False,False,31,"{""10"": 1, ""20"": 15, ""60"": 13}","{""10"": false, ""20"": true, ""60"": true}",False,False,1.0,13,0.0058659615510275,1.0,0.0058659615510275,1236.7041660896814,63,0.0756422669746182,0.0124286037213505,0.0319266902219195,False,0.3025690678984729,4.513450572567512,-0.0167821387250836,-0.0076468571814667,0.0670371953860467,-0.0329628046139532,0.0,-0.0489425656487493,0.0158830955471497,0.004825661195899,0.0441169044528502,0.02168908441117,0.0383109155888299,0.0,-3.914761431052152,-3.914761431052152,-3.908887682498373,1233.6845088484365
2025-11-12,2025-11-11,expanding_covariance__hysteresis_portfolio,risk_on,0.0,Deterministic volatility input fallback,hold,expanding_covariance__hysteresis_portfolio,Switch review interval hold 1/10,,False,False,0.0,0.0,False,hold,Switch review interval hold 1/10,,False,False,,False,False,32,{},{},,False,1.0,13,-0.0026249073951746,1.0,-0.0026249073951746,1233.4621889847806,63,0.0784465726613934,0.0186933816937195,0.0370982184531548,True,0.3137862906455737,4.642771445035438,-0.0167821387250836,-0.0076468571814667,0.0675859870252946,-0.0324140129747053,0.0,-0.0488979483461459,0.0151508153861696,0.0040487637323156,0.0448491846138303,0.0187599637672498,0.0412400362327501,0.0,-4.031606569665464,-4.031606569665464,-4.025732821111685,1230.4041470921338
2025-11-13,2025-11-12,expanding_covariance__hysteresis_portfolio,risk_on,0.0,Deterministic volatility input fallback,hold,expanding_covariance__hysteresis_portfolio,Switch review interval hold 2/10,,False,False,0.0,0.0,False,hold,Switch review interval hold 2/10,,False,False,,False,False,33,{},{},,False,1.0,13,-0.0097727497432176,1.0,-0.0097727497432176,1221.466582197208,63,0.0769448488080373,0.011610020543208,0.0385778656687977,False,0.3077793952321495,4.535102247217058,-0.0167821387250836,-0.0076468571814667,0.0678660322203356,-0.0321339677796643,0.0,-0.0488979483461459,0.0151508153861696,0.0040487637323156,0.0448491846138303,0.0187599637672497,0.0412400362327502,0.0,-3.9402224664199186,-3.9402224664199186,-3.9343487178661394,1221.2308847816853
2025-11-14,2025-11-13,expanding_covariance__hysteresis_portfolio,risk_on,0.0,Deterministic volatility input fallback,hold,expanding_covariance__hysteresis_portfolio,Switch review interval hold 3/10,,False,False,0.0,0.0,False,hold,Switch review interval hold 3/10,,False,False,,False,False,34,{},{},,False,1.0,13,-0.0020196010676981,1.0,-0.0020196010676981,1219.0021963594218,63,0.0712498124263501,-0.0004194673460085,0.0306245760250162,False,0.2849992497054006,4.038237556916854,-0.0167821387250838,-0.0088142850179867,0.0705751570303838,-0.0294248429696161,0.0,-0.0461982614935807,0.0161613410033053,0.0023596024968861,0.0438386589966946,0.0187599637672499,0.04124003623275,0.0,-3.52725309111242,-3.52725309111242,-3.52137934255864,1219.120675916532
2025-11-17,2025-11-14,expanding_covariance__hysteresis_portfolio,risk_on,0.0,Deterministic volatility input fallback,hold,expanding_covariance__hysteresis_portfolio,Switch review interval hold 4/10,,False,False,0.0,0.0,False,hold,Switch review interval hold 4/10,,False,False,,False,False,35,{},{},,False,1.0,13,-0.0033575480761214,1.0,-0.0033575480761214,1214.9162011813671,63,0.07010899355949,-0.0002775093117304,0.0287640949202807,False,0.2804359742379602,3.964102311116531,-0.0167821387250836,-0.0088142850179867,0.0707438789991705,-0.0292561210008294,0.0,-0.044917204925605,0.0166595171042193,0.0015767220298243,0.0433404828957806,0.0187599637672499,0.04124003623275,0.0,-3.463574659184809,-3.463574659184809,-3.4577009106310297,1213.9583113236135
2025-11-18,2025-11-17,expanding_covariance__hysteresis_portfolio,risk_on,0.0,Deterministic volatility input fallback,hold,expanding_covariance__hysteresis_portfolio,Switch review interval hold 5/10,,False,False,0.0,0.0,False,hold,Switch review interval hold 5/10,,False,False,,False,False,36,{},{},,False,1.0,13,0.0039787663266103,1.0,0.0039787663266103,1219.759698033758,63,0.0657857109340692,-0.0162761963320178,0.0241206202991473,False,0.2631428437362768,3.690302012076314,-0.0176177662417078,-0.0088142850179867,0.0713065876113001,-0.0286934123886998,0.0,-0.042591270413536,0.0179033156230935,0.0004945860366295,0.0420966843769064,0.01875996376725,0.0412400362327499,0.0,-3.2273231242858476,-3.2273231242858476,-3.2211569061012497,1218.4363507606831
2025-11-19,2025-11-18,expanding_covariance__hysteresis_portfolio,risk_on,0.0,Deterministic volatility input fallback,hold,expanding_covariance__hysteresis_portfolio,Switch review interval hold 6/10,,False,False,0.0,0.0,False,hold,Switch review interval hold 6/10,,False,False,,False,False,37,{},{},,False,1.0,13,-0.0018661548794026,1.0,-0.0018661548794026,1217.4855601283282,63,0.0644563153941204,-0.0014491858399949,0.0224653616173629,False,0.2578252615764818,3.62967902049478,-0.017617766241708,-0.0088142850179867,0.0710325238459615,-0.0289674761540384,0.0,-0.0425912704135358,0.0179033156230935,0.0004945860366294,0.0420966843769064,0.0187599637672498,0.0412400362327501,0.0,-3.1724437601768596,-3.1724437601768596,-3.1662775419922617,1214.6706153457608
2025-11-20,2025-11-19,expanding_covariance__hysteresis_portfolio,risk_on,0.0,Deterministic volatility input fallback,hold,expanding_covariance__hysteresis_portfolio,Switch review interval hold 7/10,,False,False,0.0,0.0,False,hold,Switch review interval hold 7/10,,False,False,,False,False,38,{},{},,False,1.0,13,-0.003611259632671,1.0,-0.003611259632671,1213.0968328580118,63,0.0627102262949158,-0.007917738757874,0.0206194875141913,False,0.2508409051796635,3.5214487259976304,-0.0176177662417079,-0.0088142850179867,0.0712323037185782,-0.0287676962814217,0.0,-0.0425912704135359,0.0179033156230934,0.0004945860366294,0.0420966843769065,0.0187599637672497,0.0412400362327502,0.0,-3.0789087284816294,-3.0789087284816294,-3.0727425102970316,1209.7583792639475
2025-11-21,2025-11-20,expanding_covariance__hysteresis_portfolio,risk_on,0.0,Deterministic volatility input fallback,hold,expanding_covariance__hysteresis_portfolio,Switch review interval hold 8/10,,False,False,0.0,0.0,False,hold,Switch review interval hold 8/10,,False,False,,False,False,39,{},{},,False,1.0,13,0.0026539084286964,1.0,0.0026539084286964,1216.3205566092577,63,0.0517197219882823,-0.0164159519082292,0.0139838626071474,False,0.2068788879531294,2.929561451520031,-0.0190889089557394,-0.0088142850179867,0.0706176987158908,-0.0293823012841091,0.0,-0.0409110910442606,0.0190889089557394,7.850462293418876e-17,0.0409110910442605,0.0190889089557395,0.0409110910442604,0.0,-2.5566656021825533,-2.5566656021825533,-2.549984484048045,1211.6794099722997
2025-11-24,2025-11-21,expanding_covariance__hysteresis_portfolio,risk_on,0.0,Deterministic volatility input fallback,hold,expanding_covariance__hysteresis_portfolio,Switch review interval hold 9/10,,False,False,0.0,0.0,False,hold,Switch review interval hold 9/10,,False,False,,False,False,40,{},{},,False,1.0,13,0.0088177068584672,1.0,0.0088177068584672,1227.0931396640838,63,0.0526346802914157,-0.0149911790866383,0.0149923947263169,False,0.210538721165663,2.978350117781464,-0.0190889089557394,-0.0088142850179867,0.0706897150569022,-0.0293102849430977,0.0,-0.0409110910442606,0.0190889089557394,9.205483015737868e-17,0.0409110910442605,0.0190889089557395,0.0409110910442604,0.0,-2.5997350066648126,-2.5997350066648126,-2.593053888530304,1222.0331403287068
2025-11-25,2025-11-24,expanding_covariance__hysteresis_portfolio,risk_on,0.0,Deterministic volatility input fallback,hold,expanding_covariance__hysteresis_portfolio,Switch review held active pair,,False,False,0.0,0.0,False,hold,,,True,False,risk_on,False,False,41,"{""10"": 14, ""20"": 1, ""60"": 10}","{""10"": true, ""20"": false, ""60"": false}",False,False,1.0,10,0.0005923238025373,1.0,0.0005923238025373,1227.8201914424171,63,0.0630998142173223,-0.0028115517852296,0.0227980439495849,False,0.2523992568692892,3.492135864234971,-0.0190889089557395,-0.0088142850179867,0.0722764711001823,-0.0277235288998176,0.0,-0.0409110910442606,0.0190889089557394,7.850462293418876e-17,0.0409110910442605,0.0190889089557395,0.0409110910442604,0.0,-3.0591674647003613,-3.0591674647003613,-3.0524863465658525,1222.43547765245
2025-11-26,2025-11-25,expanding_covariance__hysteresis_portfolio,balanced,0.0,Deterministic volatility input fallback,hold,expanding_covariance__hysteresis_portfolio,Switch review interval hold 1/10,,False,False,0.0,0.0,False,hold,Switch review interval hold 1/10,,False,True,,False,False,42,{},{},,False,12.0,10,0.0054535920076455,1.0,0.0054535920076455,1234.5345137713357,63,0.060837423308298,0.0043576145970341,0.0233085911053349,False,0.2433496932331921,3.371321991757106,-0.0190889089557393,-0.0088142850179867,0.0721822756260549,-0.027817724373945,0.0,-0.0426720228100376,0.018444363195134,0.0011163860051716,0.0415556368048659,0.0190889089557394,0.0409110910442605,0.0,-2.95253933270607,-2.95253933270607,-2.9458582145715613,1229.3988474990929
2025-11-28,2025-11-26,expanding_covariance__hysteresis_portfolio,balanced,0.0,Deterministic volatility input fallback,hold,expanding_covariance__hysteresis_portfolio,Switch review interval hold 2/10,,False,False,0.0,0.0,False,hold,Switch review interval hold 2/10,,False,False,,False,False,43,{},{},,False,12.0,10,0.0049704915581424,1.0,0.0049704915581424,1240.686032521443,63,0.062823102376264,0.0145273470272524,0.0274028362308636,True,0.2512924095050561,3.462746362764011,-0.0190889089557393,-0.0088142850179867,0.0725702616302717,-0.0274297383697282,0.0,-0.0492689097298086,0.0160297349966045,0.0052986447264132,0.0439702650033954,0.0190889089557394,0.0409110910442605,0.0,-3.0351662187624484,-3.0351662187624484,-3.0284851006279396,1236.6174598537796
2025-12-01,2025-11-28,expanding_covariance__hysteresis_portfolio,balanced,0.0,Deterministic volatility input fallback,hold,expanding_covariance__hysteresis_portfolio,Switch review interval hold 3/10,,False,False,0.0,0.0,False,hold,Switch review interval hold 3/10,,False,False,,False,False,44,{},{},,False,12.0,10,-0.0050074769457173,1.0,-0.0050074769457173,1234.4888548782303,63,0.0682063765428052,0.0170555995765708,0.0351118131637358,False,0.272825506171221,3.740263713378974,-0.0190889089557393,-0.0088142850179867,0.0729428529852909,-0.027057147014709,0.0,-0.0502181418569559,0.0156822919239802,0.0059004337809362,0.0443177080760197,0.0190889089557394,0.0409110910442605,0.0,-3.2814178128227827,-3.2814178128227827,-3.274736694688274,1233.339193393329
2025-12-02,2025-12-01,expanding_covariance__hysteresis_portfolio,balanced,0.0,Deterministic volatility input fallback,hold,expanding_covariance__hysteresis_portfolio,Switch review interval hold 4/10,,False,False,0.0,0.0,False,hold,Switch review interval hold 4/10,,False,False,,False,False,45,{},{},,False,12.0,10,-0.0028989503541342,1.0,-0.0028989503541342,1230.9153152348565,63,0.0577770992049333,0.0096197270472159,0.0291670502126858,False,0.2311083968197334,3.148526505803304,-0.0190889089557394,-0.0088142850179867,0.0734020807491246,-0.0265979192508753,0.0,-0.0502181418569559,0.0156822919239802,0.0059004337809362,0.0443177080760197,0.0190889089557395,0.0409110910442604,0.0,-2.7637756235888973,-2.7637756235888973,-2.7570945054543885,1229.5153682459097
2025-12-03,2025-12-02,expanding_covariance__hysteresis_portfolio,balanced,0.0,Deterministic volatility input fallback,hold,expanding_covariance__hysteresis_portfolio,Switch review interval hold 5/10,,False,False,0.0,0.0,False,hold,Switch review interval hold 5/10,,False,False,,False,False,46,{},{},,False,12.0,10,0.0011753862425786,1.0,0.0011753862425786,1232.3629667703476,63,0.0538082718226054,0.0054178235094179,0.0213989896421235,False,0.2152330872904218,2.9165706482803704,-0.0190889089557394,-0.0088142850179867,0.073796630785311,-0.0262033692146889,0.0,-0.048570160008423,0.0162854951455189,0.004855655153942,0.043714504854481,0.0190889089557395,0.0409110910442604,0.0,-2.5617094325798155,-2.5617094325798155,-2.5550283144453068,1231.6914658589735
2025-12-04,2025-12-03,expanding_covariance__hysteresis_portfolio,balanced,0.0,Deterministic volatility input fallback,hold,expanding_covariance__hysteresis_portfolio,Switch review interval hold 6/10,,False,False,0.0,0.0,False,hold,Switch review interval hold 6/10,,False,False,,False,False,47,{},{},,False,12.0,10,-7.278370526405785e-05,1.0,-7.278370526405785e-05,1232.273274091518,63,0.0521725556795269,0.0115109047795311,0.0179919935194438,True,0.2086902227181077,2.8318958041845965,-0.0190889089557394,-0.0088142850179867,0.0736927617215764,-0.0263072382784235,0.0,-0.048570160008423,0.0162854951455189,0.004855655153942,0.043714504854481,0.0190889089557394,0.0409110910442605,0.0,-2.486622429214989,-2.486622429214989,-2.47994131108048,1232.4348668201778
2025-12-05,2025-12-04,expanding_covariance__hysteresis_portfolio,balanced,0.0,Deterministic volatility input fallback,hold,expanding_covariance__hysteresis_portfolio,Switch review interval hold 7/10,,False,False,0.0,0.0,False,hold,Switch review interval hold 7/10,,False,False,,False,False,48,{},{},,False,12.0,10,-0.0006012827422977,1.0,-0.0006012827422977,1231.5325521519885,63,0.049385557482304,0.0134510486787188,0.0132819505372049,True,0.1975422299292163,2.683501770318115,-0.0190889089557393,-0.0088142850179867,0.0736136014942143,-0.0263863985057857,0.0,-0.048570160008423,0.016285495145519,0.004855655153942,0.0437145048544809,0.0190889089557395,0.0409110910442604,0.0,-2.355594956578791,-2.355594956578791,-2.348913838444282,1232.8969709531552
2025-12-08,2025-12-05,expanding_covariance__hysteresis_portfolio,balanced,0.0,Deterministic volatility input fallback,hold,expanding_covariance__hysteresis_portfolio,Switch review interval hold 8/10,,False,False,0.0,0.0,False,hold,Switch review interval hold 8/10,,False,False,,False,False,49,{},{},,False,12.0,10,-0.0062432248853056,1.0,-0.0062432248853056,1223.8677688546263,63,0.0438079684361138,0.0142326250568537,0.0177837061920448,True,0.1752318737444552,2.3949790128097974,-0.0190889089557393,-0.0088142850179867,0.0731663504386506,-0.0268336495613493,0.0,-0.0485701600084229,0.016285495145519,0.0048556551539419,0.0437145048544809,0.0190889089557394,0.0409110910442605,0.0,-2.0997135580005253,-2.0997135580005253,-2.0930324398660165,1225.8642414435917
2025-12-09,2025-12-08,expanding_covariance__hysteresis_portfolio,balanced,0.0,Deterministic volatility input fallback,hold,expanding_covariance__hysteresis_portfolio,Switch review interval hold 9/10,,False,False,0.0,0.0,False,hold,Switch review interval hold 9/10,,False,False,,False,False,50,{},{},,False,12.0,10,-0.0006396976486954,1.0,-0.0006396976486954,1223.0851138785397,63,0.0374925048543096,0.0044046832349276,0.0195997848903294,False,0.1499700194172385,2.014001177213006,-0.0190889089557393,-0.0088142850179867,0.0744637198399101,-0.0255362801600898,0.0,-0.0446904002878359,0.0177055857638334,0.0023959860516694,0.0422944142361665,0.0190889089557394,0.0409110910442605,0.0,-1.769266699143758,-1.769266699143758,-1.7625855810092492,1225.2073240847003
2025-12-10,2025-12-09,expanding_covariance__hysteresis_portfolio,balanced,0.0,Deterministic volatility input fallback,hold,expanding_covariance__hysteresis_portfolio,Switch review held active pair,,False,False,0.0,0.0,False,hold,,,True,False,balanced,False,False,51,"{""10"": 1, ""20"": 3, ""60"": 1}","{""10"": false, ""20"": false, ""60"": false}",False,False,6.0,1,0.0036087642025881,1.0,0.0036087642025881,1227.5069134714406,63,0.0315654441063004,-0.0052075002999942,0.0072211034213563,False,0.1262617764252016,1.7088498795474143,-0.0190889089557394,-0.0088142850179867,0.07388699144166,-0.0261130085583399,0.0,-0.0442595392352775,0.0178632918545711,0.0021228310898487,0.0421367081454288,0.0190889089557394,0.0409110910442605,0.0,-1.498439635798659,-1.498439635798659,-1.49175851766415,1230.217028748311
2025-12-11,2025-12-10,expanding_covariance__hysteresis_portfolio,risk_on,0.0,Deterministic volatility input fallback,hold,expanding_covariance__hysteresis_portfolio,Switch review interval hold 1/10,,False,False,0.0,0.0,False,hold,Switch review interval hold 1/10,,False,True,,False,False,52,{},{},,False,2.0,1,-0.0002900215928214,1.0,-0.0002900215928214,1227.1509615805587,63,0.034449157240815,-0.0074646976484336,0.0112286840452858,False,0.1377966289632601,1.8584207559697905,-0.0190889089557394,-0.0088142850179867,0.0741471642095134,-0.0258528357904865,0.0,-0.0448239964094362,0.0172187460939656,0.0020427425034019,0.0427812539060343,0.0190889089557394,0.0409110910442605,0.0,-1.6310344821078042,-1.6310344821078042,-1.6243533639732954,1231.029960959127
2025-12-12,2025-12-11,expanding_covariance__hysteresis_portfolio,risk_on,0.0,Deterministic volatility input fallback,hold,expanding_covariance__hysteresis_portfolio,Switch review interval hold 2/10,,False,False,0.0,0.0,False,hold,Switch review interval hold 2/10,,False,False,,False,False,53,{},{},,False,2.0,1,-0.0045001836443519,1.0,-0.0045001836443519,1221.640964193041,63,0.0344789992921584,-0.0051298118460804,0.0064802086971276,False,0.1379159971686337,1.860065601835108,-0.0190889089557394,-0.0088142850179867,0.0741457704677556,-0.0258542295322443,0.0,-0.0458135594489338,0.0166376747534027,0.0024512342023366,0.0433623252465972,0.0190889089557394,0.0409110910442605,0.0,-1.632479398230304,-1.632479398230304,-1.625798280095795,1227.119659917762
2025-12-15,2025-12-12,expanding_covariance__hysteresis_portfolio,risk_on,0.0,Deterministic volatility input fallback,hold,expanding_covariance__hysteresis_portfolio,Switch review interval hold 3/10,,False,False,0.0,0.0,False,hold,Switch review interval hold 3/10,,False,False,,False,False,54,{},{},,False,2.0,1,-0.0013984962186226,1.0,-0.0013984962186226,1219.9336980050116,63,0.02553774888734,0.0001427542527852,-0.0002767130932232,True,0.10215099554936,1.373120712712666,-0.0190889089557393,-0.0088142850179867,0.0743933105105929,-0.025606689489407,0.0,-0.0475790822757166,0.0159839272858214,0.003563009561538,0.0440160727141785,0.0190889089557394,0.0409110910442605,0.0,-1.203966678522358,-1.203966678522358,-1.1972855603878492,1225.3849624866805
2025-12-16,2025-12-15,expanding_covariance__hysteresis_portfolio,risk_on,0.0,Deterministic volatility input fallback,hold,expanding_covariance__hysteresis_portfolio,Switch review interval hold 4/10,,False,False,0.0,0.0,False,hold,Switch review interval hold 4/10,,False,False,,False,False,55,{},{},,False,2.0,1,-0.0036374987176448,1.0,-0.0036374987176448,1215.50425167955,63,0.023444819348925,0.0007638591018607,0.0004863497901303,True,0.0937792773957,1.2591545937373123,-0.0190889089557394,-0.0088142850179867,0.0744779694742268,-0.0255220305257731,0.0,-0.0474384154565398,0.0162475095874782,0.003685925044018,0.0437524904125218,0.0190889089557394,0.0409110910442605,0.0,-1.1036741481588646,-1.1036741481588646,-1.0969930300243558,1220.4795869959191
2025-12-17,2025-12-16,expanding_covariance__hysteresis_portfolio,risk_on,0.0,Deterministic volatility input fallback,hold,expanding_covariance__hysteresis_portfolio,Switch review interval hold 5/10,,False,False,0.0,0.0,False,hold,Switch review interval hold 5/10,,False,False,,False,False,56,{},{},,False,2.0,1,0.0048560483312772,1.0,0.0048560483312772,1221.4211538266752,63,0.0239118752420977,0.0004839084603373,-0.0157922878716805,True,0.095647500968391,1.28610945654671,-0.0202966586080736,-0.0088142850179867,0.0743696428647768,-0.0256303571352231,0.0,-0.0442226089709143,0.0186424918676646,0.0028651008385789,0.0413575081323353,0.0202966586080737,0.0397033413919262,0.0,-1.1267743386112588,-1.1267743386112588,-1.119670508098433,1226.2477267787829
2025-12-18,2025-12-17,expanding_covariance__hysteresis_portfolio,risk_on,0.0,Deterministic volatility input fallback,hold,expanding_covariance__hysteresis_portfolio,Switch review interval hold 6/10,,False,False,0.0,0.0,False,hold,Switch review interval hold 6/10,,False,False,,False,False,57,{},{},,False,2.0,1,-0.0001158115442376,1.0,-0.0001158115442376,1221.2797073474117,63,0.0305873836728112,0.0013611904650042,-8.79953749906761e-05,True,0.1223495346912449,1.6364608647359982,-0.0202966586080736,-0.0088142850179867,0.0747647177685382,-0.0252352822314617,0.0,-0.044271642888099,0.0186245442083279,0.002896187096427,0.041375455791672,0.0202966586080737,0.0397033413919262,0.0,-1.4368004944426769,-1.4368004944426769,-1.4296966639298507,1225.042095470597
2025-12-19,2025-12-18,expanding_covariance__hysteresis_portfolio,risk_on,0.0,Deterministic volatility input fallback,hold,expanding_covariance__hysteresis_portfolio,Switch review interval hold 7/10,,False,False,0.0,0.0,False,hold,Switch review interval hold 7/10,,False,False,,False,False,58,{},{},,False,2.0,1,0.0028288231585628,1.0,0.0028288231585628,1224.7393827645135,63,0.0306306920915362,0.0031115338001692,-0.0048062049577047,True,0.1225227683661451,1.6388100846297853,-0.0202966586080735,-0.0088142850179867,0.0747632501869938,-0.0252367498130061,0.0,-0.0446768597842448,0.0184762245302958,0.0031530843145407,0.0415237754697041,0.0202966586080736,0.0397033413919263,0.0,-1.4388690329675902,-1.4388690329675902,-1.4317652024547645,1228.428643101697
2025-12-22,2025-12-19,expanding_covariance__hysteresis_portfolio,risk_on,0.0,Deterministic volatility input fallback,hold,expanding_covariance__hysteresis_portfolio,Switch review interval hold 8/10,,False,False,0.0,0.0,False,hold,Switch review interval hold 8/10,,False,False,,False,False,59,{},{},,False,2.0,1,0.007445570317149,1.0,0.007445570317149,1233.892298012338,63,0.0321735887050872,0.009551616591403,-0.0068643353168261,True,0.1286943548203488,1.7183556622895575,-0.0202966586080737,-0.0088142850179867,0.0748938986524331,-0.0251061013475668,0.0,-0.0468876636354471,0.0176670141579713,0.0045546777934185,0.0423329858420286,0.0202966586080736,0.0397033413919263,0.0,-1.50945192423636,-1.50945192423636,-1.502348093723534,1240.1063160712995
2025-12-23,2025-12-22,expanding_covariance__hysteresis_portfolio,risk_on,0.0,Deterministic volatility input fallback,hold,expanding_covariance__hysteresis_portfolio,Switch review interval hold 9/10,,False,False,0.0,0.0,False,hold,Switch review interval hold 9/10,,False,False,,False,False,60,{},{},,False,2.0,1,0.0041405370398943,1.0,0.0041405370398943,1239.0118663424732,63,0.0339851340138413,0.0143432784798556,-0.0006479006067827,True,0.1359405360553655,1.8009445735534662,-0.0202966586080737,-0.0088142850179867,0.0754829093863447,-0.0245170906136552,0.0,-0.046887663635447,0.0176670141579714,0.0045546777934185,0.0423329858420285,0.0202966586080737,0.0397033413919262,0.0,-1.584219348470271,-1.584219348470271,-1.577115517957445,1246.6453049460652
2025-12-24,2025-12-23,expanding_covariance__hysteresis_portfolio,risk_on,0.0,Deterministic volatility input fallback,hold,expanding_covariance__hysteresis_portfolio,Switch review held active pair,,False,False,0.0,0.0,False,hold,,,True,False,risk_on,False,False,61,"{""10"": 1, ""20"": 1, ""60"": 1}","{""10"": false, ""20"": false, ""60"": false}",False,False,1.0,1,0.0023569319828981,1.0,0.0023569319828981,1241.935577177769,63,0.0381459518299667,0.0096661086612827,0.006854556876053,True,0.1525838073198671,2.0125679212235323,-0.0202966586080736,-0.0088142850179867,0.0758154821563013,-0.0241845178436986,0.0,-0.0468876636354471,0.0176670141579714,0.0045546777934186,0.0423329858420285,0.0202966586080737,0.0397033413919262,0.0,-1.7723954493609886,-1.7723954493609886,-1.7652916188481629,1247.9923063283468
2025-12-26,2025-12-24,expanding_covariance__hysteresis_portfolio,risk_on,0.0,Deterministic volatility input fallback,hold,expanding_covariance__hysteresis_portfolio,Switch review interval hold 1/10,,False,False,0.0,0.0,False,hold,Switch review interval hold 1/10,,False,False,,False,False,62,{},{},,False,1.0,1,0.000638409614356,1.0,0.000638409614356,1242.7286939303926,63,0.0374785185384919,0.0114307168416434,0.0157883314386776,True,0.1499140741539678,1.979308111347836,-0.0202966586080735,-0.0088142850179867,0.0757406455793695,-0.0242593544206304,0.0,-0.047083843589311,0.0175952073111439,0.004679050900455,0.042404792688856,0.0202966586080737,0.0397033413919262,0.0,-1.7427251642505743,-1.7427251642505743,-1.7356213337377486,1248.5564053911044
2025-12-29,2025-12-26,expanding_covariance__hysteresis_portfolio,risk_on,0.0,Deterministic volatility input fallback,hold,expanding_covariance__hysteresis_portfolio,Switch review interval hold 2/10,,False,False,0.0,0.0,False,hold,Switch review interval hold 2/10,,False,False,,False,False,63,{},{},,False,1.0,1,-0.0073172017138389,1.0,-0.0073172017138389,1233.668585147323,63,0.036471551843321,0.0066155344483539,0.0211428814756063,False,0.1458862073732842,1.9268915047951152,-0.0202966586080736,-0.0088142850179867,0.075710649515161,-0.0242893504848389,0.0,-0.0501352150246345,0.0164783278494333,0.0066135428740678,0.0435216721505666,0.0202966586080736,0.0397033413919263,0.0,-1.6962833851342236,-1.6962833851342236,-1.6891795546213977,1237.582215574262
2025-12-30,2025-12-29,expanding_covariance__hysteresis_portfolio,risk_on,0.0,Deterministic volatility input fallback,hold,expanding_covariance__hysteresis_portfolio,Switch review interval hold 3/10,,False,False,0.0,0.0,False,hold,Switch review interval hold 3/10,,False,False,,False,False,64,{},{},,False,1.0,1,0.0014823307959659,1.0,0.0014823307959659,1235.498646125876,63,0.0281422924942829,-0.0056721588236275,0.0113834407529433,False,0.1125691699771316,1.4556557078608738,-0.0202966586080737,-0.0089993748015148,0.0773322766978705,-0.0226677233021294,0.0,-0.0495001547143629,0.0158155816563193,0.0053157363706823,0.0441844183436806,0.0202966586080736,0.0397033413919263,0.0,-1.2838853812423523,-1.2838853812423523,-1.2767815507295266,1238.8875594990668
2025-12-31,2025-12-30,expanding_covariance__hysteresis_portfolio,risk_on,0.0,Deterministic volatility input fallback,hold,expanding_covariance__hysteresis_portfolio,Switch review interval hold 4/10,,False,False,0.0,0.0,False,hold,Switch review interval hold 4/10,,False,False,,False,False,65,{},{},,False,1.0,1,-0.0086574747602125,1.0,-0.0086574747602125,1224.8485159180125,63,0.0295428466434614,0.0008176489180558,0.0104373759652717,False,0.1181713865738459,1.5276277447511952,-0.0202966586080737,-0.0089993748015148,0.0773561405780126,-0.0226438594219873,0.0,-0.0500098978566335,0.01539095125807,0.0054008491147036,0.0446090487419299,0.0202966586080738,0.0397033413919261,0.0,-1.3477803322862782,-1.3477803322862782,-1.3406765017734523,1230.4075370938372
2026-01-02,2025-12-31,expanding_covariance__hysteresis_portfolio,risk_on,0.0,Deterministic volatility input fallback,hold,expanding_covariance__hysteresis_portfolio,Switch review interval hold 5/10,,False,False,0.0,0.0,False,hold,Switch review interval hold 5/10,,False,False,,False,False,66,{},{},,False,1.0,1,0.0016664731619978,1.0,0.0016664731619978,1226.8913948259606,63,0.019526025001132,-0.0049408754880225,0.0004769480213954,False,0.0781041000045282,0.9830198306111098,-0.0202966586080735,-0.0093344430631082,0.0794532292964767,-0.0205467707035232,0.0,-0.0456121628962871,0.0173422478558931,0.0029544107521803,0.0426577521441068,0.0202966586080736,0.0397033413919263,0.0,-0.8684052994535216,-0.8684052994535216,-0.8613014689406959,1232.0039963446045
2026-01-05,2026-01-02,expanding_covariance__hysteresis_portfolio,risk_on,0.0,Deterministic volatility input fallback,hold,expanding_covariance__hysteresis_portfolio,Switch review interval hold 6/10,,False,False,0.0,0.0,False,hold,Switch review interval hold 6/10,,False,False,,False,False,67,{},{},,False,1.0,1,0.0114475500421869,1.0,0.0114475500421869,1241.0169929515378,63,0.0239309835378595,-0.0044497885686033,0.0070611162109278,False,0.0957239341514383,1.2078047448489175,-0.0202966586080736,-0.0093344430631082,0.0792544776460638,-0.0207455223539361,0.0,-0.0456121628962871,0.0173422478558932,0.0029544107521803,0.0426577521441067,0.0202966586080736,0.0397033413919263,0.0,-1.068181091571908,-1.068181091571908,-1.0610772610590824,1246.0648366252422
2026-01-06,2026-01-05,expanding_covariance__hysteresis_portfolio,risk_on,0.0,Deterministic volatility input fallback,hold,expanding_covariance__hysteresis_portfolio,Switch review interval hold 7/10,,False,False,0.0,0.0,False,hold,Switch review interval hold 7/10,,False,False,,False,False,68,{},{},,False,1.0,1,0.0023218267080026,1.0,0.0023218267080026,1243.9017670276503,63,0.0344412475747139,0.0070705451788476,0.0205215938575665,False,0.1377649902988556,1.6742493402340477,-0.0202966586080737,-0.0093344430631082,0.0822846316783359,-0.017715368321664,0.0,-0.0456121628962872,0.0173422478558931,0.0029544107521804,0.0426577521441068,0.0202966586080736,0.0397033413919263,0.0,-1.492427207491685,-1.492427207491685,-1.4853233769788587,1248.1174851646883
2026-01-07,2026-01-06,expanding_covariance__hysteresis_portfolio,risk_on,0.0,Deterministic volatility input fallback,hold,expanding_covariance__hysteresis_portfolio,Switch review interval hold 8/10,,False,False,0.0,0.0,False,hold,Switch review interval hold 8/10,,False,False,,False,False,69,{},{},,False,1.0,1,-0.003802048873193,1.0,-0.003802048873193,1239.1813709905127,63,0.0318939640662885,0.009993654629148,0.0242262796860018,False,0.127575856265154,1.5577490931019489,-0.0202966586080735,-0.0093344430631082,0.0818975641392363,-0.0181024358607637,0.0,-0.0456121628962871,0.0173422478558932,0.0029544107521803,0.0426577521441067,0.0202966586080736,0.0397033413919263,0.0,-1.3870172549029585,-1.3870172549029585,-1.3799134243901328,1242.1648021447495
2026-01-08,2026-01-07,expanding_covariance__hysteresis_portfolio,risk_on,0.0,Deterministic volatility input fallback,hold,expanding_covariance__hysteresis_portfolio,Switch review interval hold 9/10,,False,False,0.0,0.0,False,hold,Switch review interval hold 9/10,,False,False,,False,False,70,{},{},,False,1.0,1,0.0064041869279437,1.0,0.0064041869279437,1247.1427861127756,63,0.023509532827837,0.0124348306412606,0.0168395138761882,True,0.0940381313113482,1.1479519497078994,-0.0202966586080736,-0.0093344430631082,0.0819181772680263,-0.0180818227319736,0.0,-0.0456121628962871,0.0173422478558931,0.0029544107521803,0.0426577521441068,0.0202966586080735,0.0397033413919264,0.0,-1.020307624189185,-1.020307624189185,-1.0132037936763594,1250.790241543516
2026-01-09,2026-01-08,expanding_covariance__hysteresis_portfolio,risk_on,0.0,Deterministic volatility input fallback,hold,expanding_covariance__hysteresis_portfolio,Switch review held active pair,,False,False,0.0,0.0,False,hold,,,True,False,risk_on,False,False,71,"{""10"": 15, ""20"": 1, ""60"": 1}","{""10"": true, ""20"": false, ""60"": false}",False,False,1.0,1,0.0051590474217525,1.0,0.0051590474217525,1253.5934802991237,63,0.025276460478806,0.0194787152178998,0.0142712149179055,True,0.1011058419152241,1.2275042311244753,-0.0202966586080736,-0.0093344430631082,0.0823670007415,-0.0176329992584999,0.0,-0.0456121628962871,0.0173422478558932,0.0029544107521803,0.0426577521441067,0.0202966586080736,0.0397033413919263,0.0,-1.092481683020477,-1.092481683020477,-1.0853778525076516,1256.0519196272362
2026-01-12,2026-01-09,expanding_covariance__hysteresis_portfolio,risk_on,0.0,Deterministic volatility input fallback,hold,expanding_covariance__hysteresis_portfolio,Switch review interval hold 1/10,,False,False,0.0,0.0,False,hold,Switch review interval hold 1/10,,False,False,,False,False,72,{},{},,False,1.0,1,0.0050434946203092,1.0,0.0050434946203092,1259.9319428380602,63,0.0355385462976961,0.0210289984370641,0.0135643007886305,True,0.1421541851907847,1.7307078438701249,-0.0202966586080736,-0.0093344430631082,0.082136442435545,-0.0178635575644549,0.0,-0.0456121628962871,0.0173422478558932,0.0029544107521803,0.0426577521441067,0.0202966586080736,0.0397033413919263,0.0,-1.5425399601774568,-1.5425399601774568,-1.5354361296646308,1264.1876268647884
2026-01-13,2026-01-12,expanding_covariance__hysteresis_portfolio,risk_on,0.0,Deterministic volatility input fallback,hold,expanding_covariance__hysteresis_portfolio,Switch review interval hold 2/10,,False,False,0.0,0.0,False,hold,Switch review interval hold 2/10,,False,False,,False,False,73,{},{},,False,1.0,1,0.0049324754649608,1.0,0.0049324754649608,1266.1618781042212,63,0.0486413445015956,0.0263625146501948,0.0212327028041144,True,0.1945653780063825,2.410576523750767,-0.0202966586080733,-0.0091489175956704,0.0807132136604591,-0.0192867863395408,0.0,-0.0489459383374062,0.0159003152651943,0.0048462536026005,0.0440996847348056,0.0202966586080737,0.0397033413919262,0.0,-2.1452092813715464,-2.1452092813715464,-2.138105450858721,1269.2595307132965
2026-01-14,2026-01-13,expanding_covariance__hysteresis_portfolio,risk_on,0.0,Deterministic volatility input fallback,hold,expanding_covariance__hysteresis_portfolio,Switch review interval hold 3/10,,False,False,0.0,0.0,False,hold,Switch review interval hold 3/10,,False,False,,False,False,74,{},{},,False,1.0,1,0.0027222235599129,1.0,0.0027222235599129,1269.6133495064164,63,0.0418348361462787,0.0357951737595077,0.035937928012293,True,0.1673393445851151,2.1437674073420907,-0.0202966586080736,-0.0091489175956704,0.0780585356471053,-0.0219414643528947,0.0,-0.0489459383374063,0.0159003152651941,0.0048462536026005,0.0440996847348058,0.0202966586080736,0.0397033413919263,0.0,-1.896912364909396,-1.896912364909396,-1.88980853439657,1272.0180148331904
2026-01-15,2026-01-14,expanding_covariance__hysteresis_portfolio,risk_on,0.0,Deterministic volatility input fallback,hold,expanding_covariance__hysteresis_portfolio,Switch review interval hold 4/10,,False,False,0.0,0.0,False,hold,Switch review interval hold 4/10,,False,False,,False,False,75,{},{},,False,1.0,1,-0.0021341732300084,1.0,-0.0021341732300084,1266.9066639786802,63,0.0449558761275331,0.0399158935380434,0.0406797526399042,True,0.1798235045101326,2.301436013336444,-0.0202966586080736,-0.0091489175956704,0.0781353483077891,-0.0218646516922108,0.0,-0.0520451656077244,0.0146939961391674,0.0067391617468918,0.0453060038608325,0.0202966586080736,0.0397033413919263,0.0,-2.037260782472442,-2.037260782472442,-2.0301569519596163,1268.1974043232124
2026-01-16,2026-01-15,expanding_covariance__hysteresis_portfolio,risk_on,0.0,Deterministic volatility input fallback,hold,expanding_covariance__hysteresis_portfolio,Switch review interval hold 5/10,,False,False,0.0,0.0,False,hold,Switch review interval hold 5/10,,False,False,,False,False,76,{},{},,False,1.0,1,-0.0012731891675131,1.0,-0.0012731891675131,1265.2946785368074,63,0.0383632491421879,0.0414192190256798,0.0419031274860172,True,0.1534529965687518,1.9682699970607616,-0.0202966586080736,-0.0091489175956704,0.0779633875423111,-0.0220366124576888,0.0,-0.0520451656077243,0.0146939961391675,0.0067391617468918,0.0453060038608324,0.0202966586080736,0.0397033413919263,0.0,-1.7407104712094363,-1.7407104712094363,-1.7336066406966104,1267.8942574593034
2026-01-20,2026-01-16,expanding_covariance__hysteresis_portfolio,risk_on,0.0,Deterministic volatility input fallback,hold,expanding_covariance__hysteresis_portfolio,Switch review interval hold 6/10,,False,False,0.0,0.0,False,hold,Switch review interval hold 6/10,,False,False,,False,False,77,{},{},,False,1.0,1,-0.0029953940419422,1.0,-0.0029953940419422,1261.5102930878102,63,0.0348333218286758,0.0352899815268894,0.0366511719918936,True,0.1393332873147034,1.78678711078962,-0.0202966586080736,-0.0091489175956704,0.0779797920375242,-0.0220202079624757,0.0,-0.0520451656077244,0.0146939961391674,0.0067391617468918,0.0453060038608325,0.0202966586080735,0.0397033413919264,0.0,-1.5796064211264145,-1.5796064211264145,-1.5725025906135883,1271.169681392489
2026-01-21,2026-01-20,expanding_covariance__hysteresis_portfolio,risk_on,0.0,Deterministic volatility input fallback,hold,expanding_covariance__hysteresis_portfolio,Switch review interval hold 7/10,,False,False,0.0,0.0,False,hold,Switch review interval hold 7/10,,False,False,,False,False,78,{},{},,False,1.0,1,0.0110634817265387,1.0,0.0110634817265387,1275.5444794965238,63,0.0339994868887099,0.0324103990291847,0.0355219328293539,True,0.1359979475548396,1.7409858383236996,-0.0202966586080735,-0.0091489175956704,0.0781154817926518,-0.0218845182073481,0.0,-0.0503662341304508,0.0153408641978798,0.0057070983283307,0.0446591358021201,0.0202966586080737,0.0397033413919262,0.0,-1.5393519154020152,-1.5393519154020152,-1.5322480848891895,1283.821536900507
2026-01-22,2026-01-21,expanding_covariance__hysteresis_portfolio,risk_on,0.0,Deterministic volatility input fallback,hold,expanding_covariance__hysteresis_portfolio,Switch review interval hold 8/10,,False,False,0.0,0.0,False,hold,Switch review interval hold 8/10,,False,False,,False,False,79,{},{},,False,1.0,1,3.642436120477965e-07,1.0,3.642436120477965e-07,1275.5449441055368,63,0.0324218296710826,0.0406450575971607,0.0501966741885637,True,0.1296873186843306,1.6803182210163616,-0.0202966586080736,-0.0091489175956704,0.0771802132847715,-0.0228197867152284,0.0,-0.0503662341304508,0.0153408641978798,0.0057070983283306,0.0446591358021201,0.0202966586080736,0.0397033413919263,0.0,-1.482681389320711,-1.482681389320711,-1.475577558807885,1285.971446789539
2026-01-23,2026-01-22,expanding_covariance__hysteresis_portfolio,risk_on,0.0,Deterministic volatility input fallback,hold,expanding_covariance__hysteresis_portfolio,Switch review interval hold 9/10,,False,False,0.0,0.0,False,hold,Switch review interval hold 9/10,,False,False,,False,False,80,{},{},,False,1.0,1,0.0056163058172409,1.0,0.0056163058172409,1282.7289494972238,63,0.0432704380801072,0.0331998515236237,0.0475431300034793,True,0.1730817523204291,2.349807603357188,-0.0202966586080735,-0.0080810671992488,0.073657839932574,-0.026342160067426,0.0,-0.0503662341304509,0.0153408641978797,0.0057070983283306,0.0446591358021202,0.0202966586080736,0.0397033413919263,0.0,-2.0616065736122247,-2.0616065736122247,-2.0545027430993987,1296.2812807733876
2026-01-26,2026-01-23,expanding_covariance__hysteresis_portfolio,risk_on,0.0,Deterministic volatility input fallback,hold,expanding_covariance__hysteresis_portfolio,Switch review held active pair,,False,False,0.0,0.0,False,hold,,,True,False,risk_on,False,False,81,"{""10"": 1, ""20"": 1, ""60"": 1}","{""10"": false, ""20"": false, ""60"": false}",False,False,1.0,1,0.0028015515147955,1.0,0.0028015515147955,1286.3276193044478,63,0.0442843458588717,0.0346756203009703,0.044341728962253,True,0.1771373834354871,2.396844555516732,-0.0202966586080737,-0.0080810671992488,0.0739044102913459,-0.026095589708654,0.0,-0.0503662341304507,0.0153408641978798,0.0057070983283305,0.0446591358021201,0.0202966586080736,0.0397033413919263,0.0,-2.1040627548055353,-2.1040627548055353,-2.09695892429271,1301.4650287420443
2026-01-27,2026-01-26,expanding_covariance__hysteresis_portfolio,risk_on,0.0,Deterministic volatility input fallback,hold,expanding_covariance__hysteresis_portfolio,Switch review interval hold 1/10,,False,False,0.0,0.0,False,hold,Switch review interval hold 1/10,,False,False,,False,False,82,{},{},,False,1.0,1,0.003709831183146,1.0,0.003709831183146,1291.1085403400002,63,0.0421989438559831,0.0351202398328678,0.0465509566745112,True,0.1687957754239325,2.295250224574396,-0.0202966586080736,-0.0080810671992488,0.0735413392477641,-0.0264586607522358,0.0,-0.0503662341304507,0.0153408641978798,0.0057070983283305,0.0446591358021201,0.0202966586080736,0.0397033413919263,0.0,-2.0131023604183316,-2.0131023604183316,-2.0059985299055056,1313.082614464633
2026-01-28,2026-01-27,expanding_covariance__hysteresis_portfolio,risk_on,0.0,Deterministic volatility input fallback,hold,expanding_covariance__hysteresis_portfolio,Switch review interval hold 2/10,,False,False,0.0,0.0,False,hold,Switch review interval hold 2/10,,False,False,,False,False,83,{},{},,False,1.0,1,0.0099467258901951,1.0,0.0099467258901951,1304.014924809407,63,0.0446796394320235,0.0381916614016578,0.0448071958500117,True,0.1787185577280942,2.4221537310298076,-0.0202966586080736,-0.0080810671992488,0.0737849771624982,-0.0262150228375017,0.0,-0.0525475311260854,0.0138989316071808,0.0064464627332662,0.0461010683928191,0.0202966586080736,0.0397033413919263,0.0,-2.1258433149382565,-2.1258433149382565,-2.1187394844254306,1327.835977646123
2026-01-29,2026-01-28,expanding_covariance__hysteresis_portfolio,risk_on,0.0,Deterministic volatility input fallback,hold,expanding_covariance__hysteresis_portfolio,Switch review interval hold 3/10,,False,False,0.0,0.0,False,hold,Switch review interval hold 3/10,,False,False,,False,False,84,{},{},,False,1.0,1,0.0066023807999981,1.0,0.0066023807999981,1312.6530125051934,63,0.0579882857651602,0.0554555890056919,0.0497834301820644,True,0.2319531430606409,3.068994848987297,-0.0202966586080735,-0.0080810671992488,0.0755795152726243,-0.0244204847273756,0.0,-0.0525475311260853,0.0138989316071808,0.0064464627332662,0.0461010683928191,0.0202966586080736,0.0397033413919263,0.0,-2.705199369444981,-2.705199369444981,-2.6980955389321557,1336.9636916518398
2026-01-30,2026-01-29,expanding_covariance__hysteresis_portfolio,risk_on,0.0,Deterministic volatility input fallback,hold,expanding_covariance__hysteresis_portfolio,Switch review interval hold 4/10,,False,False,0.0,0.0,False,hold,Switch review interval hold 4/10,,False,False,,False,False,85,{},{},,False,1.0,1,-0.0226335356945602,1.0,-0.0226335356945602,1283.2767322906889,63,0.0711675091448847,0.060575639009724,0.0613932879277799,True,0.2846700365795389,3.802768779860141,-0.0202966586080735,-0.0079976627756436,0.0748586235605964,-0.0251413764394035,0.0,-0.0547166255810356,0.0128087763612419,0.0075254019422775,0.047191223638758,0.0202966586080736,0.0397033413919263,0.0,-3.348838719128063,-3.348838719128063,-3.3417348886152376,1298.552329999307
2026-02-02,2026-01-30,expanding_covariance__hysteresis_portfolio,risk_on,0.0,Deterministic volatility input fallback,hold,expanding_covariance__hysteresis_portfolio,Switch review interval hold 5/10,,False,False,0.0,0.0,False,hold,Switch review interval hold 5/10,,False,False,,False,False,86,{},{},,False,1.0,1,-0.0173673254665768,1.0,-0.0173673254665768,1261.182065605023,63,0.0532501138728971,0.0465995780753763,0.0416587025873538,True,0.2130004554915887,2.4211804256690166,-0.0223793187800941,-0.0120952404779573,0.0879738053527063,-0.0120261946472936,0.0,-0.0376206812199059,0.0223793187800941,9.205483015737868e-17,0.0376206812199058,0.0223793187800942,0.0376206812199057,0.0,-2.1850633638988417,-2.1850633638988417,-2.177230602325809,1273.3715952745374
2026-02-03,2026-02-02,expanding_covariance__hysteresis_portfolio,risk_on,0.0,Deterministic volatility input fallback,hold,expanding_covariance__hysteresis_portfolio,Switch review interval hold 6/10,,False,False,0.0,0.0,False,hold,Switch review interval hold 6/10,,False,False,,False,False,87,{},{},,False,1.0,1,0.0154767989100935,1.0,0.0154767989100935,1280.852955378186,63,0.0334405493974962,0.0275657794468015,0.0231159908781982,True,0.1337621975899848,1.4059296684506914,-0.0392113882418464,-0.0146077714161418,0.095141457351411,-0.004858542648589,0.0,-0.0207886117581535,0.0392113882418465,5.551115123125783e-17,0.0207886117581534,0.0392113882418465,0.0207886117581534,0.0,-1.2774823551876453,-1.2774823551876453,-1.263758369302999,1297.1405132313553
2026-02-04,2026-02-03,expanding_covariance__hysteresis_portfolio,risk_on,0.0,Deterministic volatility input fallback,hold,expanding_covariance__hysteresis_portfolio,Switch review interval hold 7/10,,False,False,0.0,0.0,False,hold,Switch review interval hold 7/10,,False,False,,False,False,88,{},{},,False,1.0,1,0.0024170778494183,1.0,0.0024170778494183,1283.9526212427545,63,0.0464889527239521,0.0315950283147081,0.0386655734935558,True,0.1859558108958087,1.8657045705586657,-0.0392113882418465,-0.0146077714161418,0.0996705554728454,-0.0003294445271545,0.0,-0.0207886117581536,0.0392113882418464,9.205483015737868e-17,0.0207886117581535,0.0392113882418465,0.0207886117581534,0.0,-1.7146962273199342,-1.7146962273199342,-1.700972241435288,1299.1869843574175
2026-02-05,2026-02-04,expanding_covariance__hysteresis_portfolio,risk_on,0.0,Deterministic volatility input fallback,hold,expanding_covariance__hysteresis_portfolio,Switch review interval hold 8/10,,False,False,0.0,0.0,False,hold,Switch review interval hold 8/10,,False,False,,False,False,89,{},{},,False,1.0,1,-0.0062870780935793,1.0,-0.0062870780935793,1275.9056333714532,63,0.0476030773897067,0.0316902794561238,0.0416839340852719,True,0.1904123095588269,1.909448134133297,-0.0392113882418465,-0.0146077714161418,0.0997211215926823,-0.0002788784073176,0.0,-0.0207886117581535,0.0392113882418465,5.551115123125783e-17,0.0207886117581534,0.0392113882418465,0.0207886117581534,0.0,-1.7553919026344502,-1.7553919026344502,-1.741667916749804,1286.576881541442
2026-02-06,2026-02-05,expanding_covariance__hysteresis_portfolio,risk_on,0.0,Deterministic volatility input fallback,hold,expanding_covariance__hysteresis_portfolio,Switch review interval hold 9/10,,False,False,0.0,0.0,False,hold,Switch review interval hold 9/10,,False,False,,False,False,90,{},{},,False,1.0,1,0.0113628299129503,1.0,0.0113628299129503,1290.486213515234,63,0.0462336943236619,0.0292052502357375,0.0416400808769981,True,0.1849347772946478,1.8479663122514112,-0.0392113882418464,-0.0146077714161418,0.1000747557293608,7.475572936087305e-05,0.0,-0.0207886117581535,0.0392113882418464,4.80740671595891e-17,0.0207886117581535,0.0392113882418465,0.0207886117581534,0.0,-1.6995853041154387,-1.6995853041154387,-1.6858613182307924,1302.9823512109
2026-02-09,2026-02-06,ledoit_wolf_covariance__inverse_vol,risk_on,0.0,Deterministic volatility input fallback,switch,ledoit_wolf_covariance__inverse_vol,,,True,True,0.0,0.0,False,switch,,,True,False,risk_on,False,False,91,"{""10"": 15, ""20"": 7, ""60"": 1}","{""10"": true, ""20"": false, ""60"": false}",False,False,13.0,2,0.0037178650197543,1.0,0.0037178650197543,1295.2929970162347,63,0.0596094518410641,0.0341638932207441,0.0536426084386439,True,0.2384378073642564,2.3344934879992545,-0.0392113882418465,-0.0146077714161418,0.1021368483527475,0.0021368483527475,0.0,-0.0207886117581535,0.0392113882418464,4.80740671595891e-17,0.0207886117581535,0.0392113882418465,0.0207886117581534,0.0,-2.1591810491495287,-2.1591810491495287,-2.145457063264882,1314.352859712848
2026-02-10,2026-02-09,ledoit_wolf_covariance__inverse_vol,balanced,0.0,Deterministic volatility input fallback,hold,ledoit_wolf_covariance__inverse_vol,Switch review interval hold 1/10,,False,False,0.0,0.0,False,hold,Switch review interval hold 1/10,,False,True,,False,False,2,{},{},,False,5.0,2,0.0041381238071751,1.0,0.0041381238071751,1300.664185461129,63,0.0492530983638238,0.025747335371313,0.0416554990270324,True,0.1970123934552954,2.3957070902249233,-0.0267071605386874,-0.0113384614439758,0.0822355930986532,-0.0177644069013467,0.0087709701012881,-0.0332928394613126,0.0267071605386874,4.80740671595891e-17,0.0332928394613125,0.0267071605386874,0.0332928394613125,0.0,-2.1357061993909605,-2.1357061993909605,-2.1263586932024197,1314.2466658398882
