split,date,router_return,bh_return,router_equity,bh_equity,selected_pair,selected_weight,selected_turnover
0,2023-02-10,0.0009562871466461964,0.001341627430301285,1.0009567445349863,1.0013425278149974,xgb_vix__trend_filter,0.6653771986858218,0.6653771986858218
0,2023-02-12,-0.0016450018538817657,-0.0025678678239180294,0.9993115224023018,0.9987745111319197,xgb_vix__trend_filter,0.6653771986858218,0.0
0,2023-02-13,0.009567858672754262,0.014283618860185171,1.008918680494508,1.0131429982837177,xgb_vix__trend_filter,0.6653771986858218,0.0
0,2023-02-14,-0.0014232807651878199,-0.0022348411924565676,1.0074837273557575,1.0108813127726117,xgb_vix__trend_filter,0.6653771986858218,0.0
0,2023-02-15,0.003263309190521761,0.004808866837410718,1.0107768285438212,1.0157542135691195,xgb_vix__trend_filter,0.6653771986858218,0.0
0,2023-02-16,-0.011533930911035125,-0.0174310054306487,0.9991855733054154,0.9982020169924103,xgb_vix__trend_filter,0.6653771986858218,0.0
0,2023-02-17,-0.00026144363147361817,-0.0004895062301566239,0.9989243767461906,0.9977135104593878,xgb_vix__trend_filter,0.6653771986858218,0.0
0,2023-02-19,-0.0010368155871083257,-0.0016548181121479742,0.9978892131116657,0.9960638413991225,xgb_vix__trend_filter,0.6653771986858218,0.0
0,2023-02-20,-0.0002621426577709611,-0.0004905568016200339,0.9976276580650449,0.9955753353366585,xgb_vix__trend_filter,0.6653771986858218,0.0
0,2023-02-21,-0.011011083201561791,-0.016645613042757745,0.9867029537115117,0.979140536672098,xgb_vix__trend_filter,0.6653771986858218,0.0
0,2023-02-22,4.443950340897932e-05,-6.234413969130934e-05,0.9867468032751061,0.9790794949005204,gjrgarch__regime_switch_controller,0.5802351384020844,0.08514206028373739
0,2023-02-23,0.0004059995524142943,0.0005607826326738028,0.9871475033721079,0.9796286996551191,gjrgarch__regime_switch_controller,0.5802351384020844,0.0
0,2023-02-24,-0.00543023821826184,-0.009498192543079764,0.9818015852132518,0.9703680469972981,gjrgarch__regime_switch_controller,0.5802351384020844,0.0
0,2023-02-26,0.0008099772412065757,0.0012564395818436057,0.9825971443015381,0.9715880220724966,gjrgarch__regime_switch_controller,0.5802351384020844,0.0
0,2023-02-27,0.0018620919539452565,0.0030688342813696354,0.984428535117785,0.9745742444692095,gjrgarch__regime_switch_controller,0.5802351384020844,0.0
0,2023-02-28,-0.004054403482965915,-0.007127599033803744,0.9804453448229425,0.9676525668007745,gjrgarch__regime_switch_controller,0.5802351384020844,0.0
0,2023-03-01,-0.0004312211427557199,-0.0008838384988843509,0.9800226472055634,0.966797696048183,gjrgarch__regime_switch_controller,0.5802351384020844,0.0
0,2023-03-02,0.0028524529812589024,0.004775087280956105,0.9828221064921331,0.9714252791935829,gjrgarch__regime_switch_controller,0.5802351384020844,0.0
0,2023-03-03,0.010606056347819168,0.018137951494786718,0.9933014471386317,0.9892057065977379,gjrgarch__regime_switch_controller,0.5802351384020844,0.0
0,2023-03-05,-0.001029988807773136,-0.0019160652054719587,0.9922788844697872,0.9873121386414315,gjrgarch__regime_switch_controller,0.5802351384020844,0.0
0,2023-03-06,0.0015131151046876205,0.002466245796543534,0.9937814531309297,0.9897500981211781,gjrgarch__regime_switch_controller,0.5802351384020844,0.0
0,2023-03-07,-0.00914786992562169,-0.01591047127753558,0.9847319247255109,0.9741273200590432,gjrgarch__regime_switch_controller,0.5802351384020844,0.0
0,2023-03-08,0.0005563678841457386,0.0008136188155320801,0.9852799503807217,0.9749202108870757,gjrgarch__regime_switch_controller,0.5802351384020844,0.0
0,2023-03-09,-0.012153345197590818,-0.021090512286880733,0.9733779739384988,0.9545739548607511,gjrgarch__regime_switch_controller,0.5802351384020844,0.0
0,2023-03-10,-0.004852876272623014,-0.008507449658964335,0.9686657342704438,0.9464874116965073,gjrgarch__regime_switch_controller,0.5155185806416926,0.06471655776039176
0,2023-03-12,0.0038240054247147695,0.007293730813713052,0.9723770087373748,0.9534160732760415,gjrgarch__regime_switch_controller,0.5155185806416926,0.0
0,2023-03-13,-0.001892970126846946,-0.0038535740756206168,0.9705380691857485,0.9497490838583711,gjrgarch__regime_switch_controller,0.5155185806416926,0.0
0,2023-03-14,0.007887703989428799,0.015118548882110382,0.9782236571603317,0.9642170032040774,gjrgarch__regime_switch_controller,0.5155185806416926,0.0
0,2023-03-15,-0.0038186493439213037,-0.007584521271690109,0.9744952872330119,0.9569315421246394,gjrgarch__regime_switch_controller,0.5155185806416926,0.0
0,2023-03-16,0.009352046810452859,0.017964292810467075,0.9836515609917083,0.9742774777992298,gjrgarch__regime_switch_controller,0.5155185806416926,0.0
0,2023-03-17,-0.0056249125098578965,-0.01177913295933333,0.9781341390761519,0.9628686587593767,dynamic_precision_ensemble__trend_filter,0.48536775212896693,0.030150828512725714
0,2023-03-19,0.0029341181689550816,0.005854981876830653,0.9810083147488284,0.9685227735236233,dynamic_precision_ensemble__trend_filter,0.48536775212896693,0.0
0,2023-03-20,0.001773060326209443,0.003450662478348616,0.9827492446021316,0.9718705914906773,dynamic_precision_ensemble__trend_filter,0.48536775212896693,0.0
0,2023-03-21,0.0064687874933010946,0.013126500412321641,0.989127046707889,0.9847119478601319,dynamic_precision_ensemble__trend_filter,0.48536775212896693,0.0
0,2023-03-22,-0.007533589995204015,-0.015722926867223916,0.9817033676727401,0.9693504740417626,dynamic_precision_ensemble__trend_filter,0.48536775212896693,0.0
0,2023-03-23,0.0012233668006302809,0.002321497882647784,0.9829050859020337,0.9716034332229461,dynamic_precision_ensemble__trend_filter,0.48536775212896693,0.0
0,2023-03-24,0.003243443334104895,0.0064830276584390166,0.9860982584888036,0.977922827423782,dynamic_precision_ensemble__trend_filter,0.48536775212896693,0.0
0,2023-03-26,0.0017251399165766684,0.0033548770739214055,0.9878008841676837,0.9812091478156918,dynamic_precision_ensemble__trend_filter,0.48536775212896693,0.0
0,2023-03-27,-0.0009877365290661888,-0.002241595898606883,0.9868256788531898,0.9790121367397341,dynamic_precision_ensemble__trend_filter,0.48536775212896693,0.0
0,2023-03-28,-0.0003860208760251205,-0.00099725770701823,0.9864448170551867,0.9780362960043277,dynamic_precision_ensemble__trend_filter,0.48536775212896693,0.0
0,2023-03-29,0.005216697826286637,0.010545986931169147,0.9916042474821212,0.9884052332377529,dynamic_precision_ensemble__trend_filter,0.48536775212896693,0.0
0,2023-03-30,0.003932439637682746,0.007892886811566196,0.9955113485143222,0.9962374726966147,dynamic_precision_ensemble__trend_filter,0.48536775212896693,0.0
0,2023-03-31,0.00637223401028214,0.012924627206860195,1.0018752343378097,1.0091970390193366,dynamic_precision_ensemble__trend_filter,0.48536775212896693,0.0
0,2023-04-02,-0.0008702308061386447,-0.0019969756080223055,1.0010037508958487,1.0071837081041728,dynamic_precision_ensemble__trend_filter,0.48536775212896693,0.0
0,2023-04-03,0.002322097179503933,0.004578053477469776,1.0033308797464644,1.011805219673377,dynamic_precision_ensemble__trend_filter,0.48536775212896693,0.0
0,2023-04-04,-0.0018377172982975303,-0.00399154370014702,1.001488734422444,1.007774604462843,dynamic_precision_ensemble__trend_filter,0.48536775212896693,0.0
0,2023-04-05,-0.0022901444127541044,-0.004922834980004395,0.9991978048739045,1.0028256877326882,dynamic_precision_ensemble__trend_filter,0.48536775212896693,0.0
0,2023-04-06,0.0018344566108278487,0.003572950138939001,1.001032472186864,1.0064151425660044,dynamic_precision_ensemble__trend_filter,0.48536775212896693,0.0
0,2023-04-07,0.0016539298590950823,0.0031993293787155722,1.002689479591823,1.0096401522821112,dynamic_precision_ensemble__trend_filter,0.48536775212896693,0.0
0,2023-04-09,-0.0006618940465380964,-0.0015719474427775906,1.0020260249873032,1.0080542977931164,dynamic_precision_ensemble__trend_filter,0.5355766235666934,0.05020887143772651
0,2023-04-10,0.0010059049314331307,0.0017502573971221907,1.0030344750246623,1.0098201972229948,dynamic_precision_ensemble__trend_filter,0.5355766235666934,0.0
0,2023-04-11,-0.0002629250282069395,-0.0006643314898527161,1.0027707868236568,1.0091495646527222,dynamic_precision_ensemble__trend_filter,0.5355766235666934,0.0
0,2023-04-12,-0.00355488731073006,-0.006810219157948412,0.9992123782960335,1.0023003836377131,dynamic_precision_ensemble__trend_filter,0.5355766235666934,0.0
0,2023-04-13,0.007639372983897409,0.01408835209810486,1.0068749657601006,1.0165210822434363,dynamic_precision_ensemble__trend_filter,0.5355766235666934,0.0
0,2023-04-14,0.0002872906157983337,0.0003595613429194329,1.0071642730446897,1.0168866496468882,dynamic_precision_ensemble__trend_filter,0.5355766235666934,0.0
0,2023-04-16,0.00012681148352298869,5.992329821421789e-05,1.0072920011388293,1.0169475866746005,dynamic_precision_ensemble__trend_filter,0.5355766235666934,0.0
0,2023-04-17,0.0006730687672926175,0.0010774574095343032,1.0079702061380376,1.018043894893618,dynamic_precision_ensemble__trend_filter,0.5355766235666934,0.0
0,2023-04-18,3.1697955183337744e-05,-0.00011973180105232691,1.0080021572388473,1.0179220099614288,dynamic_precision_ensemble__trend_filter,0.5355766235666934,0.0
0,2023-04-19,-0.0011905043442554009,-0.0024003863651780822,1.0068028403292806,1.0154815340622447,dynamic_precision_ensemble__trend_filter,0.5355766235666934,0.0
0,2023-04-20,-0.0017762700402833168,-0.003492720572186501,1.0050160739671012,1.0119409275914286,dynamic_precision_ensemble__trend_filter,0.5355766235666934,0.0
0,2023-04-21,0.00032038680801915444,0.0004213567812647725,1.0053381194458542,1.0123674056069007,dynamic_precision_ensemble__trend_filter,0.5355766235666934,0.0
0,2023-04-23,-0.00026013947850415177,-0.0006625708230755154,1.0050766253256878,1.0116968626673373,dynamic_precision_ensemble__trend_filter,0.5355766235666934,0.0
0,2023-04-24,0.0008045993245456954,0.0013233882593700096,1.005885634720103,1.0130366167292986,dynamic_precision_ensemble__trend_filter,0.5355766235666934,0.0
0,2023-04-25,-0.0057353923311462525,-0.010884981766293529,1.0001329985466891,1.0020695281910879,dynamic_precision_ensemble__trend_filter,0.6295087064161407,0.09393208284944721
0,2023-04-26,-0.0039775580787410935,-0.006364402483457615,0.9961628125156128,0.9957122061343386,dynamic_precision_ensemble__trend_filter,0.6295087064161407,0.0
0,2023-04-27,0.009711670197693006,0.015306414958096115,1.0058843469738716,1.0110702286261353,dynamic_precision_ensemble__trend_filter,0.6295087064161407,0.0
0,2023-04-28,0.006384060523451123,0.010022240621264772,1.0123265152407452,1.0212543664366573,dynamic_precision_ensemble__trend_filter,0.6295087064161407,0.0
0,2023-04-30,-0.0011667367557092001,-0.0019725057614307213,1.0111460854459569,1.0192419217468454,dynamic_precision_ensemble__trend_filter,0.6295087064161407,0.0
0,2023-05-01,-0.00044975515746407664,-0.0008375210359148974,1.0106914195309122,1.0183886425662048,dynamic_precision_ensemble__trend_filter,0.6295087064161407,0.0
0,2023-05-02,-0.0061219407324430136,-0.009847316370058954,1.0045229273986747,1.0084094621282875,dynamic_precision_ensemble__trend_filter,0.6295087064161407,0.0
0,2023-05-03,-0.006804579407406226,-0.010932182468757877,0.9977107745748849,0.9974453857222498,dynamic_precision_ensemble__trend_filter,0.6295087064161407,0.0
0,2023-05-04,-0.0008467251722215241,-0.001467890435207788,0.9968663452976689,0.9959823192542493,dynamic_precision_ensemble__trend_filter,0.6295087064161407,0.0
0,2023-05-05,0.009408780057139918,0.014823393743762688,1.0062899040644484,1.0108561251202874,dynamic_precision_ensemble__trend_filter,0.6295087064161407,0.0
0,2023-05-07,-0.0003401969958843501,-0.0006632499732499345,1.00594762548647,1.0101858971112658,dynamic_precision_ensemble__trend_filter,0.6295087064161407,0.0
0,2023-05-08,0.0007226596253859022,0.001023973194287955,1.0066748459554493,1.0112208301725827,dynamic_precision_ensemble__trend_filter,0.6295087064161407,0.0
0,2023-05-09,-0.0018238464748125585,-0.0030207875776702476,1.0048404988785793,1.0081707559829944,dynamic_precision_ensemble__trend_filter,0.6295087064161407,0.0
0,2023-05-10,0.0029542755728413006,0.004570619732772998,1.0078134639357688,1.0127892678247008,dynamic_precision_ensemble__trend_filter,0.6295087064161407,0.0
0,2023-05-11,-0.0015937463734876092,-0.0026531627826288616,1.006208544139733,1.0101057345321678,dynamic_precision_ensemble__trend_filter,0.6295087064161407,0.0
0,2023-05-12,-0.0020557213697907496,-0.003388196215804142,1.0041421843907272,1.0066890895052931,dynamic_precision_ensemble__trend_filter,0.6295087064161407,0.0
0,2023-05-14,0.00011526275248262036,6.049972778814173e-05,1.0042579312533069,1.0067499957635628,dynamic_precision_ensemble__trend_filter,0.6295087064161407,0.0
0,2023-05-15,0.0023156234506000106,0.003556795545587238,1.0065861090205563,1.0103371753144166,dynamic_precision_ensemble__trend_filter,0.6295087064161407,0.0
0,2023-05-16,-0.0026674109721084626,-0.0043594228509659435,1.003904707978129,1.005942274920037,dynamic_precision_ensemble__trend_filter,0.6295087064161407,0.0
0,2023-05-17,0.006266838748297786,0.009832293101597571,1.0102157714555962,1.0158817781909049,dynamic_precision_ensemble__trend_filter,0.6295087064161407,0.0
0,2023-05-18,0.007168112345180687,0.011262835110097548,1.01748312709161,1.0273881627729409,dynamic_precision_ensemble__trend_filter,0.6295087064161407,0.0
0,2023-05-19,-0.002808695422898237,-0.004585259900368575,1.0146293364800605,1.0226881047565777,dynamic_precision_ensemble__trend_filter,0.6295087064161407,0.0
0,2023-05-21,0.00037751382541197944,0.0004761621512018339,1.0150124453921558,1.0231751860801896,dynamic_precision_ensemble__trend_filter,0.6295087064161407,0.0
0,2023-05-22,0.0025426350360200707,0.003912976142179283,1.0175965354045302,1.0271866895127337,dynamic_precision_ensemble__trend_filter,0.6295087064161407,0.0
0,2023-05-23,-0.007858121859875713,-0.012607645186335396,1.0096314740234995,1.0143175792438497,dynamic_precision_ensemble__trend_filter,0.6295087064161407,0.0
0,2023-05-24,-0.0029209001864962756,-0.004765369685291379,1.0066867439876062,1.0094954796693458,dynamic_precision_ensemble__trend_filter,0.6295087064161407,0.0
0,2023-05-25,0.0012918694281695642,0.0019265514632594773,1.0079880922209183,1.0114421992885017,dynamic_precision_ensemble__trend_filter,0.6295087064161407,0.0
0,2023-05-26,0.01003796398030871,0.01582100982316991,1.0181571935325295,1.0275714906630709,dynamic_precision_ensemble__trend_filter,0.683310779414764,0.053802072998623385
0,2023-05-28,0.0018975734762972504,0.0027181975231601366,1.020091055860323,1.030368432541982,dynamic_precision_ensemble__trend_filter,0.683310779414764,0.0
0,2023-05-29,-0.001308503524169189,-0.0020131460094776825,1.0187571360284828,1.028296236959694,dynamic_precision_ensemble__trend_filter,0.683310779414764,0.0
0,2023-05-30,-0.0009026569865509428,-0.0014230660004497613,1.0178379626935754,1.026833944262772,dynamic_precision_ensemble__trend_filter,0.683310779414764,0.0
0,2023-05-31,-0.00318741857604993,-0.004766178285709176,1.014598852007012,1.0219515151210963,dynamic_precision_ensemble__trend_filter,0.683310779414764,0.0
0,2023-06-01,0.0055611783067034916,0.00803743674865922,1.0202569353558397,1.0301984836315639,dynamic_precision_ensemble__trend_filter,0.683310779414764,0.0
0,2023-06-02,0.009389991228827077,0.013640762552187232,1.0298822591595116,1.0443474585405086,dynamic_precision_ensemble__trend_filter,0.7349042170361825,0.051593437621418436
0,2023-06-04,-0.0006540098919973496,-0.0009335435161600832,1.029208926181643,1.0433729696766225,dynamic_precision_ensemble__trend_filter,0.7349042170361825,0.0
0,2023-06-05,-0.0014894653310727536,-0.0021048954317679047,1.0276770962546475,1.041179088434437,dynamic_precision_ensemble__trend_filter,0.7349042170361825,0.0
0,2023-06-06,0.003095438399716497,0.00413416807132004,1.0308631359517308,1.0454924076282477,dynamic_precision_ensemble__trend_filter,0.7349042170361825,0.0
0,2023-06-07,-0.0032527991602995937,-0.004503729310006357,1.0275153929283598,1.0407943800918453,dynamic_precision_ensemble__trend_filter,0.7349042170361825,0.0
0,2023-06-08,0.003564499165973346,0.004773287837311282,1.0311845060799893,1.0457742670090495,dynamic_precision_ensemble__trend_filter,0.7349042170361825,0.0
0,2023-06-09,0.0017636798882183149,0.002323017364363221,1.0330047901817927,1.0482064426899342,dynamic_precision_ensemble__trend_filter,0.7349042170361825,0.0
0,2023-06-11,0.008452921077079073,0.01142521195488823,1.0417737074151943,1.0602510988238223,dynamic_precision_ensemble__trend_filter,0.7349042170361825,0.0
0,2023-06-12,0.005833618815476726,0.007860641601814627,1.0478687789931997,1.0686181950084743,dynamic_precision_ensemble__trend_filter,0.7349042170361825,0.0
0,2023-06-13,0.0047150745241024755,0.006339186739653161,1.0528212247779105,1.0754138821075916,dynamic_precision_ensemble__trend_filter,0.7349042170361825,0.0
0,2023-06-14,0.0005551832620751491,0.0006787330837959687,1.0534058957846253,1.0761440488542844,dynamic_precision_ensemble__trend_filter,0.7349042170361825,0.0
0,2023-06-15,0.0075035722381829924,0.010133984990535335,1.0613399326027768,1.0871051223640262,dynamic_precision_ensemble__trend_filter,0.7349042170361825,0.0
0,2023-06-16,-0.000973916754556946,-0.0014016600237260518,1.0603067790445782,1.0855824379646417,dynamic_precision_ensemble__trend_filter,0.7349042170361825,0.0
0,2023-06-18,-0.0001911346155130237,-0.00033651150382664474,1.0601041370826032,1.0852171884446937,dynamic_precision_ensemble__trend_filter,0.7349042170361825,0.0
0,2023-06-19,-0.0017204605709558755,-0.0024174982773282542,1.05828183776021,1.0825968463734947,dynamic_precision_ensemble__trend_filter,0.7349042170361825,0.0
0,2023-06-20,-0.0017657599983511149,-0.0024798537490657584,1.0564148148663828,1.0799154905845136,dynamic_precision_ensemble__trend_filter,0.7349042170361825,0.0
0,2023-06-21,-0.004150530693467225,-0.005725005721328149,1.0520392195550625,1.0737506319858563,dynamic_precision_ensemble__trend_filter,0.7349042170361825,0.0
0,2023-06-22,0.002257985900212946,0.0029952008649468237,1.054417393210153,1.0769715520508327,dynamic_precision_ensemble__trend_filter,0.7349042170361825,0.0
0,2023-06-23,-0.005846171272805499,-0.008032443499217326,1.0482710722644866,1.068355489253278,dynamic_precision_ensemble__trend_filter,0.7349042170361825,0.0
0,2023-06-25,0.0016026660060857734,0.0021033498548226268,1.0499524476588722,1.0706049795196833,dynamic_precision_ensemble__trend_filter,0.7349042170361825,0.0
0,2023-06-26,-0.003046736428863767,-0.004224480211871073,1.0467583874885193,1.0660917696638166,dynamic_precision_ensemble__trend_filter,0.7349042170361825,0.0
0,2023-06-27,0.005347044187232758,0.007197976572238474,1.052370441418826,1.073793157197967,dynamic_precision_ensemble__trend_filter,0.7349042170361825,0.0
0,2023-06-28,0.0025892313560426125,0.0034453612418866987,1.0550988026188335,1.077499143087658,dynamic_precision_ensemble__trend_filter,0.7349042170361825,0.0
0,2023-06-29,0.001879270101199181,0.0024790154428462182,1.0570834825431268,1.0801735937355976,dynamic_precision_ensemble__trend_filter,0.7349042170361825,0.0
0,2023-06-30,0.007475962763532394,0.010094985054434614,1.0650158132562755,1.0911331552526602,dynamic_precision_ensemble__trend_filter,0.7349042170361825,0.0
0,2023-07-02,0.001162112130940874,0.001503592480780812,1.0662542004855449,1.092775008890497,dynamic_precision_ensemble__trend_filter,0.7349042170361825,0.0
0,2023-07-03,-0.00014746504180510885,-0.0002785205027093892,1.0660969768580748,1.092470691027022,dynamic_precision_ensemble__trend_filter,0.7349042170361825,0.0
0,2023-07-04,0.0002618497487951432,0.0002784429506383003,1.0663761706354713,1.0927749241435354,dynamic_precision_ensemble__trend_filter,0.7349042170361825,0.0
0,2023-07-05,-0.001336896114540772,-0.001897004987031109,1.0649514890141654,1.0907038896651728,dynamic_precision_ensemble__trend_filter,0.7349042170361825,0.0
0,2023-07-06,-0.005811614743560357,-0.007986137248447813,1.0587803507476055,1.0820280679670808,dynamic_precision_ensemble__trend_filter,0.7349042170361825,0.0
0,2023-07-07,-0.0011431226419513353,-0.0016336194734965068,1.0575707264619882,1.080261888869449,dynamic_precision_ensemble__trend_filter,0.832791484050722,0.09788726701453954
0,2023-07-09,-0.00010655470628017039,-0.00011267605657644899,1.0574580433274252,1.080140176076929,dynamic_precision_ensemble__trend_filter,0.832791484050722,0.0
0,2023-07-10,0.001628514692838509,0.001911832024412202,1.059181532270678,1.0822071979260923,dynamic_precision_ensemble__trend_filter,0.832791484050722,0.0
0,2023-07-11,0.004924545277904509,0.00586956251282656,1.0644103839752173,1.0885779592266847,dynamic_precision_ensemble__trend_filter,0.832791484050722,0.0
0,2023-07-12,0.007464612856953599,0.008919786133045437,1.0723855240475784,1.098331275895014,dynamic_precision_ensemble__trend_filter,0.832791484050722,0.0
0,2023-07-13,0.0051719168647508355,0.006166760872687318,1.0779461800551748,1.105125349414889,dynamic_precision_ensemble__trend_filter,0.832791484050722,0.0
0,2023-07-14,-0.0009276150434809156,-0.0011575990677894497,1.0769467245891224,1.1038467975086386,dynamic_precision_ensemble__trend_filter,0.832791484050722,0.0
0,2023-07-16,-0.001066794450600082,-0.0013247230235270775,1.0757984563917082,1.1023854743794346,dynamic_precision_ensemble__trend_filter,0.832791484050722,0.0
0,2023-07-17,0.0035609446476160115,0.004232177097144949,1.0796361439882025,1.107060851469736,dynamic_precision_ensemble__trend_filter,0.832791484050722,0.0
0,2023-07-18,0.0068462860962176745,0.008177151933609014,1.0870530019053835,1.116150569605844,dynamic_precision_ensemble__trend_filter,0.832791484050722,0.0
0,2023-07-19,-0.00019063117032403374,-0.0002726430046316339,1.086845795470056,1.1158463004412398,dynamic_precision_ensemble__trend_filter,0.832791484050722,0.0
0,2023-07-20,-0.0035207711336783416,-0.004271411036163861,1.083025988445565,1.1110902270422671,dynamic_precision_ensemble__trend_filter,0.832791484050722,0.0
0,2023-07-21,-0.000191597125509132,-0.00027388256258241363,1.0828185036567064,1.1107859604721804,dynamic_precision_ensemble__trend_filter,0.832791484050722,0.0
0,2023-07-23,-0.0004656041611280574,-0.0006029049419734074,1.082314456208058,1.1101164639687922,dynamic_precision_ensemble__trend_filter,0.832791484050722,0.0
0,2023-07-24,0.00430520466292673,0.005125710896838701,1.0869840860953128,1.1158212079691459,dynamic_precision_ensemble__trend_filter,0.832791484050722,0.0
0,2023-07-25,0.001849042576515993,0.002176398693904189,1.0889958252730236,1.1182523243684541,dynamic_precision_ensemble__trend_filter,0.832791484050722,0.0
0,2023-07-26,0.00044416578756490717,0.000489449660614698,1.0894796273976328,1.1187997865557595,dynamic_precision_ensemble__trend_filter,0.832791484050722,0.0
0,2023-07-27,-0.0056175685589616485,-0.006789364379416191,1.0833765591488627,1.111229574679996,dynamic_precision_ensemble__trend_filter,0.832791484050722,0.0
0,2023-07-28,0.0074481491144036995,0.008899618499882692,1.0914758341703037,1.121163231272723,dynamic_precision_ensemble__trend_filter,0.832791484050722,0.0
0,2023-07-30,0.000984566946321895,0.0011382733230050996,1.0925509943960945,1.1224401480719077,dynamic_precision_ensemble__trend_filter,0.832791484050722,0.0
0,2023-07-31,0.000623231022032906,0.0007041491211394158,1.0932321182956803,1.1232307916485256,dynamic_precision_ensemble__trend_filter,0.832791484050722,0.0
0,2023-08-01,-0.0052746245463915365,-0.006377802776049445,1.0874809103948053,1.1160898431735469,dynamic_precision_ensemble__trend_filter,0.8889251983487496,0.056133714298027604
0,2023-08-02,-0.00831838430920471,-0.009353643637935683,1.0784723465472563,1.1056990083538805,dynamic_precision_ensemble__trend_filter,0.8889251983487496,0.0
0,2023-08-03,-0.0025261645399907366,-0.002869286061899867,1.0757513861918158,1.102530988751272,dynamic_precision_ensemble__trend_filter,0.8889251983487496,0.0
0,2023-08-04,-0.006447917563423348,-0.007281077999756489,1.0688373444750487,1.0945325286667986,dynamic_precision_ensemble__trend_filter,0.8889251983487496,0.0
0,2023-08-06,0.0017995064689268312,0.0019968950486737237,1.0707624557963051,1.0967203789806144,dynamic_precision_ensemble__trend_filter,0.8889251983487496,0.0
0,2023-08-07,0.006194245150571688,0.006940674969205302,1.0774156052923405,1.1043588360231167,dynamic_precision_ensemble__trend_filter,0.8889251983487496,0.0
0,2023-08-08,-0.004305448689865686,-0.004871047690375212,1.0727868193365802,1.0989925318379323,dynamic_precision_ensemble__trend_filter,0.8889251983487496,0.0
0,2023-08-09,-0.0038301307693115773,-0.004336237723691844,1.0686857643329102,1.0942373562002572,dynamic_precision_ensemble__trend_filter,0.8889251983487496,0.0
0,2023-08-10,-0.0011136459315223897,-0.0012802675358279158,1.0674962892293727,1.0928373360280412,dynamic_precision_ensemble__trend_filter,0.8889251983487496,0.0
0,2023-08-11,-0.0013632136547162355,-0.0015610197562143308,1.0660420551526182,1.0911327261671546,dynamic_precision_ensemble__trend_filter,0.8889251983487496,0.0
0,2023-08-13,0.0009650255157971868,0.0010581423227078491,1.0670713094852236,1.0922879109515742,dynamic_precision_ensemble__trend_filter,0.8889251983487496,0.0
0,2023-08-14,0.004359780708500446,0.0048769867697044805,1.0717336624280762,1.0976279958191282,dynamic_precision_ensemble__trend_filter,0.8889251983487496,0.0
0,2023-08-15,-0.010947695802436984,-0.012343220891606397,1.0600646393143847,1.0841630026569735,dynamic_precision_ensemble__trend_filter,0.8889251983487496,0.0
0,2023-08-16,-0.007418495461927948,-0.008373032683346793,1.0522296524381451,1.0751231686279579,dynamic_precision_ensemble__trend_filter,0.8889251983487496,0.0
0,2023-08-17,-0.007583643857057814,-0.008558817038922091,1.0442800988889829,1.0659606522161735,dynamic_precision_ensemble__trend_filter,0.8889251983487496,0.0
0,2023-08-18,-0.0002799662344322679,-0.00034246576011827607,1.0439877766440928,1.0655956596934444,dynamic_precision_ensemble__trend_filter,0.8889251983487496,0.0
0,2023-08-20,0.0012910967143850319,0.00142490786337184,1.0453365363346212,1.067115117614799,dynamic_precision_ensemble__trend_filter,0.8889251983487496,0.0
0,2023-08-21,0.003958974497987867,0.00442604862684629,1.0494831998753373,1.0718486887964036,dynamic_precision_ensemble__trend_filter,0.8889251983487496,0.0
0,2023-08-22,-0.000985421989616796,-0.0011361702154019427,1.048449525438853,1.0706315777943392,dynamic_precision_ensemble__trend_filter,0.8889251983487496,0.0
0,2023-08-23,0.01369856710904673,0.015382642757770855,1.0629106035124616,1.0872280423622724,dynamic_precision_ensemble__trend_filter,0.8889251983487496,0.0
0,2023-08-24,-0.0165382975106272,-0.01863249006037245,1.0454764348327656,1.0671578362712517,dynamic_precision_ensemble__trend_filter,0.8889251983487496,0.0
0,2023-08-25,0.005161011675472052,0.005778086919392114,1.0508860985805861,1.0733418155859311,dynamic_precision_ensemble__trend_filter,0.831121466757259,0.05780373159149066
0,2023-08-27,0.0015594655276933678,0.0018658837022112243,1.0525261977315146,1.075346416180736,dynamic_precision_ensemble__trend_filter,0.7086582843255697,0.1224631824316893
0,2023-08-28,0.0034325350036312255,0.004839091607443126,1.0561452384360324,1.080562726922027,dynamic_precision_ensemble__trend_filter,0.7086582843255697,0.0
0,2023-08-29,0.010398831377899615,0.014583274534919559,1.0671852166324778,1.0964363330776494,dynamic_precision_ensemble__trend_filter,0.7086582843255697,0.0
0,2023-08-30,0.0025311512934582353,0.0034810546661021725,1.0698898453421604,1.1002597387721906,dynamic_precision_ensemble__trend_filter,0.7086582843255697,0.0
0,2023-08-31,-0.0008767363297003428,-0.001327874684666465,1.0689522451201185,1.0987997013064463,dynamic_precision_ensemble__trend_filter,0.7086582843255697,0.0
0,2023-09-01,0.0001423350574216164,0.00011064394800172697,1.0691044053279177,1.0989212835695088,dynamic_precision_ensemble__trend_filter,0.7086582843255697,0.0
0,2023-09-03,0.00018151991637075466,0.0001659383823092727,1.0692984866844473,1.0991036519201256,dynamic_precision_ensemble__trend_filter,0.7086582843255697,0.0
0,2023-09-04,0.00010312200864634482,5.530973454144033e-05,1.0694087605779719,1.0991644447325486,dynamic_precision_ensemble__trend_filter,0.7086582843255697,0.0
0,2023-09-05,-0.0028482528561649604,-0.0041097527544731415,1.0663671477187726,1.0946564204059548,dynamic_precision_ensemble__trend_filter,0.7682398962672279,0.05958161194165823
0,2023-09-06,-0.005349301968806915,-0.00699071731735538,1.0606780577322599,1.0870306725908374,dynamic_precision_ensemble__trend_filter,0.7682398962672279,0.0
0,2023-09-07,-0.0022330137508529647,-0.0029728560696602544,1.0583121915330798,1.0838038856210275,dynamic_precision_ensemble__trend_filter,0.7682398962672279,0.0
0,2023-09-08,0.0011697913691495788,0.001456256816006208,1.059550920386504,1.0853833321774582,dynamic_precision_ensemble__trend_filter,0.7682398962672279,0.0
0,2023-09-10,0.008772038548586956,0.011351925104486998,1.06888622687699,1.0977747224722791,dynamic_precision_ensemble__trend_filter,0.7682398962672279,0.0
0,2023-09-11,0.0034814468510546617,0.004465284976528852,1.07261398269238,1.1026875598947232,dynamic_precision_ensemble__trend_filter,0.7682398962672279,0.0
0,2023-09-12,-0.0035228845487118477,-0.004652209938570547,1.0688419356103613,1.097569540151397,dynamic_precision_ensemble__trend_filter,0.7682398962672279,0.0
0,2023-09-13,0.001579704400809556,0.0019898310727607563,1.0705317242516907,1.0997556924424592,dynamic_precision_ensemble__trend_filter,0.7682398962672279,0.0
0,2023-09-14,0.005866622091517368,0.007570012096341224,1.0768305877750157,1.1081124467960364,dynamic_precision_ensemble__trend_filter,0.7682398962672279,0.0
0,2023-09-15,-0.00993849036788165,-0.013003254775401268,1.0661815228190403,1.0937966559826366,dynamic_precision_ensemble__trend_filter,0.7682398962672279,0.0
0,2023-09-17,0.001202018426228284,0.001498086339841686,1.0674638631991569,1.0954364858081753,dynamic_precision_ensemble__trend_filter,0.7682398962672279,0.0
0,2023-09-18,-0.00029011888484423414,-0.0004440743970527807,1.0671542166928756,1.0949501385064153,dynamic_precision_ensemble__trend_filter,0.7682398962672279,0.0
0,2023-09-19,-0.0019157240829997752,-0.00255996717740795,1.0651118006371336,1.0921506868719246,dynamic_precision_ensemble__trend_filter,0.7682398962672279,0.0
0,2023-09-20,-0.008902212557834766,-0.011654356058890949,1.0556720287591448,1.079496256745334,dynamic_precision_ensemble__trend_filter,0.7682398962672279,0.0
0,2023-09-21,-0.012387783384870099,-0.016191562199787356,1.0426752591283945,1.0621582692961438,dynamic_precision_ensemble__trend_filter,0.7682398962672279,0.0
0,2023-09-22,-0.0011815070093842718,-0.0016044932673796761,1.041444058480546,1.0604554099826382,dynamic_precision_ensemble__trend_filter,0.6899963308254564,0.07824356544177147
0,2023-09-24,0.0007007784679512723,0.0009732083057132487,1.0421741358336716,1.061487956355328,dynamic_precision_ensemble__trend_filter,0.6899963308254564,0.0
0,2023-09-25,0.0018022970188074287,0.002512565459360683,1.0440541368229554,1.064158367716813,dynamic_precision_ensemble__trend_filter,0.6899963308254564,0.0
0,2023-09-26,-0.008993189495954235,-0.013133150369079747,1.0347068540676374,1.0502739882426042,dynamic_precision_ensemble__trend_filter,0.6899963308254564,0.0
0,2023-09-27,6.863607088977987e-05,0.0,1.0347778747178846,1.0502739882426042,dynamic_precision_ensemble__trend_filter,0.6899963308254564,0.0
0,2023-09-28,0.002930628867165055,0.004148194198568772,1.0378148726118595,1.0546397775180485,dynamic_precision_ensemble__trend_filter,0.6899963308254564,0.0
0,2023-09-29,-0.001525535392082804,-0.0023098709678061042,1.0362328563110024,1.0522065070667457,dynamic_precision_ensemble__trend_filter,0.6899963308254564,0.0
0,2023-10-01,0.0024902870503660884,0.0035101925065093077,1.0388165893574532,1.0559064444102715,dynamic_precision_ensemble__trend_filter,0.6899963308254564,0.0
0,2023-10-02,-0.0029617290718977492,-0.004392569883891066,1.0357444477356548,1.0512784733467693,dynamic_precision_ensemble__trend_filter,0.6899963308254564,0.0
0,2023-10-03,-0.009636918246692178,-0.014066808537897773,1.0258110039378727,1.0365938652697193,dynamic_precision_ensemble__trend_filter,0.6899963308254564,0.0
0,2023-10-04,0.0042893153549134234,0.006116424284326019,1.0302204808863498,1.0429535425759726,dynamic_precision_ensemble__trend_filter,0.6899963308254564,0.0
0,2023-10-05,-0.0008566786015955103,-0.0013415776304851492,1.0293382909760116,1.041555277583855,dynamic_precision_ensemble__trend_filter,0.6899963308254564,0.0
0,2023-10-06,0.009478043122949857,0.013636003094301245,1.0391407845318832,1.0558552039143563,dynamic_precision_ensemble__trend_filter,0.6899963308254564,0.0
0,2023-10-08,-0.005130469019023295,-0.007535866217665524,1.0338231575547514,1.0479283258123213,dynamic_precision_ensemble__trend_filter,0.6899963308254564,0.0
0,2023-10-09,0.009031007806967532,0.012988122379562475,1.043201908605174,1.0616277192721806,dynamic_precision_ensemble__trend_filter,0.6899963308254564,0.0
0,2023-10-10,0.003760102517355709,0.005349445078908206,1.0471318385673698,1.0673220556411525,dynamic_precision_ensemble__trend_filter,0.6899963308254564,0.0
0,2023-10-11,0.004206353723272866,0.005996189396205225,1.0515457221450426,1.0737411466434157,dynamic_precision_ensemble__trend_filter,0.6899963308254564,0.0
0,2023-10-12,-0.005676849040787646,-0.008327725532497976,1.0455931676833636,1.0648364544598399,dynamic_precision_ensemble__trend_filter,0.6899963308254564,0.0
0,2023-10-13,-0.004925718322009651,-0.007238946251954273,1.0404555339160624,1.0571559933609098,dynamic_precision_ensemble__trend_filter,0.6899963308254564,0.0
0,2023-10-15,0.002675576419204482,0.0037774815196551094,1.0432430796907746,1.0611569325686112,dynamic_precision_ensemble__trend_filter,0.6899963308254564,0.0
0,2023-10-16,0.005437308343164828,0.007780191085633553,1.048930963367416,1.0694451363725277,dynamic_precision_ensemble__trend_filter,0.6899963308254564,0.0
0,2023-10-17,-0.0015411790746146115,-0.002333790824031856,1.0473156180039302,1.0669521852711632,dynamic_precision_ensemble__trend_filter,0.6899963308254564,0.0
0,2023-10-18,-0.00755541853617686,-0.01104994800191526,1.0394325276938159,1.0552273179918714,dynamic_precision_ensemble__trend_filter,0.6899963308254564,0.0
0,2023-10-19,-0.007803190494875365,-0.011408861459366124,1.0313532009322088,1.043256790599226,dynamic_precision_ensemble__trend_filter,0.6899963308254564,0.0
0,2023-10-20,-0.008140960911662531,-0.011898029910870696,1.022991078875127,1.0309176414464944,dynamic_precision_ensemble__trend_filter,0.6899963308254564,0.0
0,2023-10-22,0.0027808609657023514,0.00393078161961801,1.0258398339947596,1.034977928385496,dynamic_precision_ensemble__trend_filter,0.6899963308254564,0.0
0,2023-10-23,-0.0011073102899760612,-0.0017042791509616188,1.024704539668257,1.0332155393085045,dynamic_precision_ensemble__trend_filter,0.6899963308254564,0.0
0,2023-10-24,0.002372265426120247,0.0033386110219957104,1.0271382964368598,1.0366708087870575,dynamic_precision_ensemble__trend_filter,0.6899963308254564,0.0
0,2023-10-25,-0.012566375033202497,-0.018311885918360946,1.0143116523941431,1.017860166011157,dynamic_precision_ensemble__trend_filter,0.6899963308254564,0.0
0,2023-10-26,-0.0018295585963820384,-0.0027511996405429314,1.0124576063512012,1.0150636781004791,dynamic_precision_ensemble__trend_filter,0.6209844957282661,0.06901183509719033
0,2023-10-27,-0.006480917956629278,-0.010516330158008805,1.0059171685829305,1.0044448666575294,dynamic_precision_ensemble__trend_filter,0.6209844957282661,0.0
0,2023-10-29,0.002029556159284829,0.003132912708232535,1.007960807106239,1.0075966392813287,dynamic_precision_ensemble__trend_filter,0.6209844957282661,0.0
0,2023-10-30,0.004910184665043686,0.0077714796225135255,1.012922251640362,1.0154576623571185,dynamic_precision_ensemble__trend_filter,0.6209844957282661,0.0
0,2023-10-31,0.0031132706313115608,0.004878068150085868,1.0160806666875342,1.0204232353929192,dynamic_precision_ensemble__trend_filter,0.6209844957282661,0.0
0,2023-11-01,0.009363399656363059,0.014943423738528904,1.0256393169477191,1.035786355107397,dynamic_precision_ensemble__trend_filter,0.6209844957282661,0.0
0,2023-11-02,0.008908185338273417,0.014211097550475433,1.0348167183798536,1.050611104527486,dynamic_precision_ensemble__trend_filter,0.6209844957282661,0.0
0,2023-11-03,0.007280987380343107,0.011590987710096933,1.0423787017934656,1.0628595737235857,dynamic_precision_ensemble__trend_filter,0.6209844957282661,0.0
0,2023-11-05,-0.00012964796659154746,-0.0003427004864879964,1.042243568274442,1.0624953936365131,dynamic_precision_ensemble__trend_filter,0.6209844957282661,0.0
0,2023-11-06,1.2669499172715583e-05,-0.00011424654429051875,1.0422567730621168,1.0623740141431914,dynamic_precision_ensemble__trend_filter,0.6209844957282661,0.0
0,2023-11-07,0.0026974001008234563,0.004209341226339573,1.0450719517115161,1.066855333963978,dynamic_precision_ensemble__trend_filter,0.6782825932010406,0.05729809747277448
0,2023-11-08,-0.0003053515831138668,-0.0005122076372137299,1.0447528860526742,1.0663090224385312,dynamic_precision_ensemble__trend_filter,0.6782825932010406,0.0
0,2023-11-09,-0.0049850434143393525,-0.007453769940532838,1.039557707412608,1.058390548204007,dynamic_precision_ensemble__trend_filter,0.6782825932010406,0.0
0,2023-11-10,0.009920561726850552,0.014521927104039302,1.0499220287600108,1.073872560844296,dynamic_precision_ensemble__trend_filter,0.6782825932010406,0.0
0,2023-11-12,-0.00046638881587258426,-0.0007916761740629268,1.0494324710392557,1.073022737960546,dynamic_precision_ensemble__trend_filter,0.6782825932010406,0.0
0,2023-11-13,0.0011048727759106487,0.0015244769048682453,1.0505926011867535,1.0746597838452416,dynamic_precision_ensemble__trend_filter,0.6782825932010406,0.0
0,2023-11-14,0.013399695152931598,0.01965144258712848,1.0647649623768725,1.095987270479514,dynamic_precision_ensemble__trend_filter,0.6782825932010406,0.0
0,2023-11-15,7.059135244629612e-05,0.0,1.0648401282286024,1.095987270479514,dynamic_precision_ensemble__trend_filter,0.6782825932010406,0.0
0,2023-11-16,0.0012322286933741187,0.0017129919416068807,1.0661530635406151,1.0978662967609127,dynamic_precision_ensemble__trend_filter,0.6782825932010406,0.0
0,2023-11-17,-4.760623344571789e-06,-0.0001105277703271713,1.0661479879995333,1.0977449587527477,dynamic_precision_ensemble__trend_filter,0.7303306081078003,0.0520480149067597
0,2023-11-19,0.00015388863525984313,0.0001657641735959065,1.066312068683144,1.0979269406212748,dynamic_precision_ensemble__trend_filter,0.7303306081078003,0.0
0,2023-11-20,0.006419799271686283,0.008709098667308315,1.0731795986204973,1.1075306538174277,dynamic_precision_ensemble__trend_filter,0.7303306081078003,0.0
0,2023-11-21,-0.002993757247379369,-0.004180200269909333,1.069971563854076,1.1029106169466647,dynamic_precision_ensemble__trend_filter,0.7303306081078003,0.0
0,2023-11-22,0.0029799680217162706,0.003999134150166953,1.0731648004068632,1.1073301356935124,dynamic_precision_ensemble__trend_filter,0.7303306081078003,0.0
0,2023-11-23,0.0012177090852171968,0.0015861736129318003,1.0744723989099652,1.109087947264172,dynamic_precision_ensemble__trend_filter,0.7303306081078003,0.0
0,2023-11-24,-0.00034039952606418615,-0.000547255540911631,1.07410671125809,1.1084811587889947,dynamic_precision_ensemble__trend_filter,0.7303306081078003,0.0
0,2023-11-26,-0.0009412849054795266,-0.0013700135805509157,1.0730961465131936,1.1069635643475353,dynamic_precision_ensemble__trend_filter,0.786133953417665,0.05580334530986475
0,2023-11-27,0.00036317891615019675,0.00043821210868029865,1.0734859431872916,1.1074487554858519,dynamic_precision_ensemble__trend_filter,0.786133953417665,0.0
0,2023-11-28,8.94767905008187e-05,5.477351155720828e-05,1.0735819995614797,1.107509416004339,dynamic_precision_ensemble__trend_filter,0.786133953417665,0.0
0,2023-11-29,-0.0002552830637125574,-0.0003835616532396173,1.0733079672388786,1.1070846993194818,dynamic_precision_ensemble__trend_filter,0.786133953417665,0.0
0,2023-11-30,0.0018512803069341683,0.0022960877391935445,1.075296801518754,1.1096295834444,dynamic_precision_ensemble__trend_filter,0.786133953417665,0.0
0,2023-12-01,0.005339374561208543,0.006733326377002909,1.0810535689988554,1.1171262921569705,dynamic_precision_ensemble__trend_filter,0.8805607208148358,0.09442676739717082
0,2023-12-03,-0.0012184797154714264,-0.001359360975303651,1.079737129344076,1.1156087459511566,dynamic_precision_ensemble__trend_filter,0.8805607208148358,0.0
0,2023-12-04,-0.0053695735457230664,-0.0061272881308174106,1.0739549392582985,1.1087939890339369,dynamic_precision_ensemble__trend_filter,0.8805607208148358,0.0
0,2023-12-05,0.0016126850009992697,0.0018020979614249524,1.0756882875773397,1.1107939459390983,dynamic_precision_ensemble__trend_filter,0.8805607208148358,0.0
0,2023-12-06,-0.00437191923894199,-0.0049942581540321895,1.0709957304724522,1.1052601842365972,dynamic_precision_ensemble__trend_filter,0.8805607208148358,0.0
0,2023-12-07,0.00564396745660693,0.006380237488450143,1.077057485604645,1.1123345507695779,dynamic_precision_ensemble__trend_filter,0.8805607208148358,0.0
0,2023-12-08,0.0043738926952138655,0.004937889753227764,1.081778737070077,1.1178407193888276,dynamic_precision_ensemble__trend_filter,0.8805607208148358,0.0
0,2023-12-10,0.0008373137534908738,0.0009216091514194273,1.0826849046051874,1.1188714064980292,dynamic_precision_ensemble__trend_filter,0.8805607208148358,0.0
0,2023-12-11,0.01259032852574245,0.014268641713274712,1.0964024361544464,1.1349506232097948,dynamic_precision_ensemble__trend_filter,0.8805607208148358,0.0
0,2023-12-12,0.0048461461067711,0.005474092002333369,1.1017286579524712,1.141180483195887,dynamic_precision_ensemble__trend_filter,0.8805607208148358,0.0
0,2023-12-13,0.012073458401713807,0.013681824753388876,1.115110955823286,1.1569012134847871,dynamic_precision_ensemble__trend_filter,0.8805607208148358,0.0
0,2023-12-14,0.00048707412642294556,0.0005239168259832658,1.11565422981457,1.1575074923025013,dynamic_precision_ensemble__trend_filter,0.8805607208148358,0.0
0,2023-12-15,-0.0003896214543971987,-0.00047174758013307196,1.1152196316608254,1.156961569722974,dynamic_precision_ensemble__trend_filter,0.8805607208148358,0.0
0,2023-12-17,0.000901869140093912,0.0009949208323484849,1.1162258675093737,1.1581132277001756,dynamic_precision_ensemble__trend_filter,0.9316436377331354,0.05108291691829958
0,2023-12-18,0.0032464294006306813,0.003496145721663817,1.119855504475661,1.1621692463911946,dynamic_precision_ensemble__trend_filter,0.9316436377331354,0.0
0,2023-12-19,0.005139518672554968,0.005500806191467284,1.1256258384192273,1.168579729425169,dynamic_precision_ensemble__trend_filter,0.9316436377331354,0.0
0,2023-12-20,-0.01138821693037872,-0.012239628083209247,1.1128796829360599,1.1543639237091239,dynamic_precision_ensemble__trend_filter,0.9316436377331354,0.0
0,2023-12-21,0.006623191525255863,0.007093367888140627,1.1202749613595713,1.1625813618972747,dynamic_precision_ensemble__trend_filter,0.7979599735060118,0.13368366422712363
0,2023-12-22,0.0009743745535116953,0.0012501956687978215,1.1213670607453783,1.1640357250103466,dynamic_precision_ensemble__trend_filter,0.7979599735060118,0.0
0,2023-12-25,0.0018269942455129884,0.0022349290965100466,1.123417664562761,1.1666401716142163,dynamic_precision_ensemble__trend_filter,0.7979599735060118,0.0
0,2023-12-26,0.002812811775677287,0.003470250924169219,1.1265820753582438,1.1706957385954884,dynamic_precision_ensemble__trend_filter,0.7979599735060118,0.0
0,2023-12-27,0.0013227896074018853,0.0016030620168922935,1.128073292485231,1.1725739415030207,dynamic_precision_ensemble__trend_filter,0.7979599735060118,0.0
0,2023-12-28,0.00016746273374725144,0.00015511090491848454,1.1282622185412532,1.1727558346146092,dynamic_precision_ensemble__trend_filter,0.8495919161256026,0.05163194261959081
0,2023-12-29,-0.003965515288542465,-0.004675098824244526,1.1237969368869707,1.1672858814397595,dynamic_precision_ensemble__trend_filter,0.8495919161256026,0.0
0,2024-01-01,0.0014861029617932885,0.0017112640589727083,1.1254682564121883,1.1692851259449608,dynamic_precision_ensemble__trend_filter,0.8495919161256026,0.0
0,2024-01-02,-0.0057337195715315165,-0.0067871460996219235,1.119033601924,1.1613758879019214,dynamic_precision_ensemble__trend_filter,0.8495919161256026,0.0
0,2024-01-03,-0.006853537070463766,-0.008105351726658806,1.1113904847605551,1.1520005742780786,dynamic_precision_ensemble__trend_filter,0.8495919161256026,0.0
0,2024-01-04,-0.002838756796168965,-0.0033798120904021205,1.1082399913267647,1.1481136011285222,dynamic_precision_ensemble__trend_filter,0.8495919161256026,0.0
0,2024-01-05,0.0003017582545627214,0.00031675641961455736,1.1085744623543428,1.1484773310859848,dynamic_precision_ensemble__trend_filter,0.8495919161256026,0.0
0,2024-01-07,0.000660112798430455,0.0007385525043771565,1.1093064881281653,1.1493258551963126,dynamic_precision_ensemble__trend_filter,0.8495919161256026,0.0
0,2024-01-08,0.010349080329196663,0.012142672531093138,1.1208464008283983,1.1633668175700818,dynamic_precision_ensemble__trend_filter,0.8495919161256026,0.0
0,2024-01-09,-0.000898148104135523,-0.0010955761790407855,1.1198401666997462,1.162092958529492,dynamic_precision_ensemble__trend_filter,0.8495919161256026,0.0
0,2024-01-10,0.005186998417258773,0.006066928640862995,1.1256638665758287,1.169164723839464,dynamic_precision_ensemble__trend_filter,0.8495919161256026,0.0
0,2024-01-11,-0.0017775011073409232,-0.0021305358034315446,1.1236647750265636,1.1666764281779487,dynamic_precision_ensemble__trend_filter,0.8495919161256026,0.0
0,2024-01-12,7.667132697628513e-05,5.196154847755345e-05,1.1237509311987532,1.166737052066771,dynamic_precision_ensemble__trend_filter,0.8495919161256026,0.0
0,2024-01-14,-0.00014409594193076823,-0.0002078894043349677,1.1235890149158463,1.166494525006278,dynamic_precision_ensemble__trend_filter,0.8495919161256026,0.0
0,2024-01-15,-0.0002766743033362516,-0.00036393886630499325,1.1232781897085649,1.1660700695538992,dynamic_precision_ensemble__trend_filter,0.8495919161256026,0.0
0,2024-01-16,-0.0014276355589248285,-0.0017186613321652031,1.12167570197878,1.1640677111955835,dynamic_precision_ensemble__trend_filter,0.8495919161256026,0.0
0,2024-01-17,-0.005400078276165009,-0.006394508627173834,1.1156348904946456,1.1566478187399947,dynamic_precision_ensemble__trend_filter,0.8495919161256026,0.0
0,2024-01-18,0.007973164740527295,0.009346416055014553,1.1245655869124096,1.167509008014707,dynamic_precision_ensemble__trend_filter,0.8495919161256026,0.0
0,2024-01-19,0.009628202953534027,0.011294455085981571,1.1354454252147013,1.1807701336917047,dynamic_precision_ensemble__trend_filter,0.8495919161256026,0.0
0,2024-01-21,0.0008604177665588397,0.0009744590731205333,1.1364228030478425,1.1819213066561272,dynamic_precision_ensemble__trend_filter,0.8495919161256026,0.0
0,2024-01-22,0.0012074370802697767,0.0013828429504800105,1.1377957908104672,1.1835568487913835,dynamic_precision_ensemble__trend_filter,0.8495919161256026,0.0
0,2024-01-23,0.004060068516977456,0.004740562174724885,1.1424247101857472,1.1891808936551824,dynamic_precision_ensemble__trend_filter,0.8495919161256026,0.0
0,2024-01-24,-0.0008345536058524444,-0.0010205124742626226,1.1414716932516193,1.1879679387421311,dynamic_precision_ensemble__trend_filter,0.8495919161256026,0.0
0,2024-01-25,0.0024963071680220673,0.0029000295067207298,1.1443247167515214,1.1914180811569006,dynamic_precision_ensemble__trend_filter,0.8495919161256026,0.0
0,2024-01-26,-0.00014047057710050138,-0.00020355198349292136,1.1441639840875382,1.191175590323894,dynamic_precision_ensemble__trend_filter,0.8495919161256026,0.0
0,2024-01-28,-0.0014400399171729382,-0.0017331914673510873,1.1425175280443958,1.1891128430389908,dynamic_precision_ensemble__trend_filter,0.9022138011496624,0.052621885024059845
0,2024-01-29,0.008615979409337981,0.009792696394797677,1.15240396504969,1.2008146667797006,xgb_vix__trend_filter,0.8771391526203522,0.025074648529310184
0,2024-01-30,-0.004065930280772753,-0.004665567897960191,1.1477278836250393,1.195225233498223,xgb_vix__trend_filter,0.8771391526203522,0.0
0,2024-01-31,-0.009506420121913056,-0.010868106941950494,1.1368687974748832,1.182305730278311,xgb_vix__trend_filter,0.8771391526203522,0.0
0,2024-02-01,0.01370461264884397,0.015594094296492389,1.1525563946667088,1.2008872215411603,xgb_vix__trend_filter,0.8771391526203522,0.0
0,2024-02-02,0.003333775168377746,0.0037705584375634475,1.1564051704673748,1.2054237842996645,xgb_vix__trend_filter,0.7469865121496463,0.13015264047070596
0,2024-02-04,0.0005898172353386851,0.0008037374653636764,1.1570874393551465,1.2063930180092926,xgb_vix__trend_filter,0.7469865121496463,0.0
0,2024-02-05,-0.0027705234208496533,-0.003781775847317762,1.1538861381920789,1.2018393259798543,xgb_vix__trend_filter,0.7469865121496463,0.0
0,2024-02-06,0.002345179858684126,0.0030664100773737037,1.1565953843155943,1.2055303143502334,xgb_vix__trend_filter,0.7469865121496463,0.0
0,2024-02-07,0.006088575520185119,0.00807787411473136,1.1636588841646738,1.2153078742529742,xgb_vix__trend_filter,0.7988786840935111,0.05189217194386486
0,2024-02-08,0.00025640075096629224,0.00029908778672340795,1.1639572854299618,1.2156714123574655,xgb_vix__trend_filter,0.7988786840935111,0.0
0,2024-02-09,0.00428183030275945,0.005305459273978003,1.168951838288852,1.2221382471215267,xgb_vix__trend_filter,0.7988786840935111,0.0
0,2024-02-11,0.00012262652436065773,9.915716426750676e-05,1.1690951915792045,1.2222594368927717,xgb_vix__trend_filter,0.7988786840935111,0.0
0,2024-02-12,-0.0011069329363098286,-0.0014398495614268616,1.1678017975882347,1.2205008335445648,xgb_vix__trend_filter,0.7988786840935111,0.0
0,2024-02-13,-0.010038150024181819,-0.012619740640443687,1.1561378680252423,1.2051952092063987,xgb_vix__trend_filter,0.7988786840935111,0.0
0,2024-02-14,0.0073660252717217805,0.009166214133520622,1.1646854509866684,1.2162930715550893,xgb_vix__trend_filter,0.7988786840935111,0.0
0,2024-02-15,0.004751256441879204,0.005893165444269941,1.170232337142907,1.2234820499683354,xgb_vix__trend_filter,0.7988786840935111,0.0
0,2024-02-16,-0.00533346683415132,-0.0067305323332098425,1.1640075563711696,1.215275014312922,xgb_vix__trend_filter,0.7988786840935111,0.0
0,2024-02-18,0.0016333795618212344,0.001990249100429041,1.1659103761139415,1.2176961228222625,xgb_vix__trend_filter,0.7988786840935111,0.0
0,2024-02-19,-0.001390126454144754,-0.001794438207127256,1.164290739267779,1.2155130016985827,xgb_vix__trend_filter,0.7469865121496463,0.05189217194386486
0,2024-02-20,-0.0040143790348289455,-0.005412475022324462,1.1596262038044762,1.2089518400168042,xgb_vix__trend_filter,0.7469865121496463,0.0
0,2024-02-21,0.004963650554080173,0.0065717888931982665,1.165396492053473,1.2169229799274197,xgb_vix__trend_filter,0.7469865121496463,0.0
0,2024-02-22,0.01140864390402128,0.015199646109663798,1.1787682172285976,1.2355610658932643,xgb_vix__trend_filter,0.7469865121496463,0.0
0,2024-02-23,-0.0005683166388538251,-0.0008341921571832991,1.178098493962858,1.2345308003218496,xgb_vix__trend_filter,0.6898854204927262,0.05710109165692012
0,2024-02-25,0.0006474457084271583,0.0008824828326148607,1.1788614957513424,1.235620733412354,xgb_vix__trend_filter,0.6898854204927262,0.0
0,2024-02-26,-0.0026150967972992482,-0.003888187757674445,1.175782686276338,1.2308257359696464,xgb_vix__trend_filter,0.6898854204927262,0.0
0,2024-02-27,0.0011180443388949897,0.0015234169735792143,1.177097998604237,1.2327022257626283,xgb_vix__trend_filter,0.6898854204927262,0.0
0,2024-02-28,-0.0021436777781774865,-0.0032045016346193868,1.1745773824415797,1.2287583519151823,xgb_vix__trend_filter,0.8071354508802289,0.1172500303875027
0,2024-02-29,0.00417909615350971,0.005198650224624647,1.1794963254714428,1.2351628697975234,xgb_vix__trend_filter,0.8071354508802289,0.0
0,2024-03-01,0.006520619636373108,0.008027330362915095,1.1872125021589655,1.2451178326366636,xgb_vix__trend_filter,0.8071354508802289,0.0
0,2024-03-03,0.0005124071451223952,0.0005834589721858162,1.1878209942123745,1.2458445197829968,xgb_vix__trend_filter,0.8071354508802289,0.0
0,2024-03-04,-0.0016885123063024407,-0.0021439377132671774,1.1858170361759848,1.2431763679298646,xgb_vix__trend_filter,0.8071354508802289,0.0
0,2024-03-05,-0.006739871364141957,-0.008402221295537997,1.1778516548662865,1.2327746847930918,xgb_vix__trend_filter,0.8071354508802289,0.0
0,2024-03-06,0.0033201772351131764,0.004061670097516362,1.1817688303771525,1.2377919912915698,xgb_vix__trend_filter,0.8071354508802289,0.0
0,2024-03-07,0.008019877613873011,0.00988436116335238,1.1912845783285397,1.2500874406035363,xgb_vix__trend_filter,0.8071354508802289,0.0
0,2024-03-08,-0.004322620512554019,-0.005407274950523562,1.1861462207597504,1.2433461166217243,xgb_vix__trend_filter,0.8071354508802289,0.0
0,2024-03-10,-0.00035159642695664005,-0.0004873769566159179,1.1857292492938174,1.2427402860213144,xgb_vix__trend_filter,0.7520642369329535,0.05507121394727532
0,2024-03-11,0.01011591828518076,0.013415800231401884,1.1977848634861603,1.2595249797401848,xgb_vix__trend_filter,0.7520642369329535,0.0
0,2024-03-12,0.00629398861926315,0.00829726768611024,1.2053474823381278,1.270019071593943,xgb_vix__trend_filter,0.7520642369329535,0.0
0,2024-03-13,-0.000556240164710144,-0.0008113010339098703,1.2046772060905864,1.2689891216642886,xgb_vix__trend_filter,0.7520642369329535,0.0
0,2024-03-14,-0.003552434333222143,-0.004795261474218787,1.20040526181656,1.2629185536309626,xgb_vix__trend_filter,0.7520642369329535,0.0
0,2024-03-15,-0.004335241675757893,-0.005836139771700625,1.1952124790148406,1.2555694504877841,xgb_vix__trend_filter,0.7520642369329535,0.0
0,2024-03-17,0.00041647324881611907,0.00048209036240642655,1.1957103567081753,1.2561748943467947,xgb_vix__trend_filter,0.7520642369329535,0.0
0,2024-03-18,0.003554413912538937,0.004654527382573582,1.199967968410055,1.2620354232053481,xgb_vix__trend_filter,0.7520642369329535,0.0
0,2024-03-19,0.004145527515265452,0.0054405155650953,1.2049527938672329,1.2689202581126056,xgb_vix__trend_filter,0.7520642369329535,0.0
0,2024-03-20,0.009166312675328083,0.012116652096164865,1.2160485438016384,1.2843888479295038,xgb_vix__trend_filter,0.841437392663048,0.08937315573009441
0,2024-03-21,0.0011386463026802393,0.00136534882360027,1.2174339815920399,1.2861436844414427,xgb_vix__trend_filter,0.7883740776595508,0.05306331500349715
0,2024-03-22,-0.0029987124194792727,-0.0038281675717923517,1.2137887154755345,1.2812295230140716,xgb_vix__trend_filter,0.7883740776595508,0.0
0,2024-03-24,0.0005299236274272955,0.0006140185536083342,1.2144321012521755,1.2820164632858724,xgb_vix__trend_filter,0.7883740776595508,0.0
0,2024-03-25,-0.001334320924118217,-0.0017506514734426598,1.2128127397028143,1.2797740626791119,xgb_vix__trend_filter,0.7883740776595508,0.0
0,2024-03-26,-0.0011870384365801246,-0.0015638334492182578,1.2113739384895308,1.277774273268791,xgb_vix__trend_filter,0.7883740776595508,0.0
0,2024-03-27,0.004208029191894858,0.005279556943395166,1.216482175652702,1.2845381948485912,xgb_vix__trend_filter,0.7883740776595508,0.0
0,2024-03-28,0.00015732029770104374,0.00014139605080813975,1.2166735680452831,1.2847198363178456,xgb_vix__trend_filter,0.7883740776595508,0.0
0,2024-03-31,0.004222438410928618,0.005297727579738803,1.221821758562336,1.291543992326182,xgb_vix__trend_filter,0.7883740776595508,0.0
0,2024-04-01,-0.006363330524923002,-0.00812940214846346,1.2140715874718253,1.2810870736576339,xgb_vix__trend_filter,0.7883740776595508,0.0
0,2024-04-02,-0.0046021518818357456,-0.00589525136408653,1.2084970828282815,1.2735569611007427,xgb_vix__trend_filter,0.7883740776595508,0.0
0,2024-04-03,0.003069828645817763,0.003836144866531995,1.212212661969256,1.2784518929302908,xgb_vix__trend_filter,0.7883740776595508,0.0
0,2024-04-04,-0.011778919925605594,-0.014998397049160549,1.1980178698694373,1.2594202427208832,xgb_vix__trend_filter,0.8384381285434342,0.05006405088388344
0,2024-04-05,0.008783965416015647,0.010464920614037438,1.2085875713910765,1.2726691792025153,xgb_vix__trend_filter,0.7618823882963289,0.07655574024710532
0,2024-04-07,0.00044766227199606444,0.0005704778060841843,1.2091287315686514,1.273395415854988,xgb_vix__trend_filter,0.7618823882963289,0.0
0,2024-04-08,-0.00045611106677433827,-0.0006660007152273636,1.2085773603258498,1.2725476159462714,xgb_vix__trend_filter,0.7618823882963289,0.0
0,2024-04-09,0.0010286325922823781,0.0012827825640092155,1.2098211819970581,1.2741810652960603,xgb_vix__trend_filter,0.7618823882963289,0.0
0,2024-04-10,-0.009589133287251401,-0.012653692388143309,1.1982754904866884,1.2581595494897326,xgb_vix__trend_filter,0.7618823882963289,0.0
0,2024-04-11,0.007060996338704292,0.009200244494670867,1.206766451381405,1.2697883367754892,xgb_vix__trend_filter,0.7618823882963289,0.0
0,2024-04-12,-0.01145128067087479,-0.015097832602208892,1.193026251632141,1.2507612801096242,xgb_vix__trend_filter,0.7618823882963289,0.0
0,2024-04-14,0.002476936940202994,0.003183489849965312,1.1959849651861938,1.2547494106679815,xgb_vix__trend_filter,0.6960078499950096,0.06587453830131929
0,2024-04-15,-0.010913635510762163,-0.015727459780066202,1.18300338814981,1.235169762431429,xgb_vix__trend_filter,0.6960078499950096,0.0
0,2024-04-16,0.000576856323438462,0.0007343582369750085,1.1836860080027736,1.2360771526544971,xgb_vix__trend_filter,0.6960078499950096,0.0
0,2024-04-17,-0.005463916875213585,-0.007944815710122512,1.1772360830222044,1.2262956550218964,xgb_vix__trend_filter,0.6960078499950096,0.0
0,2024-04-18,-0.0035591994219888023,-0.00520835685044128,1.1730535127521755,1.2199252736568693,xgb_vix__trend_filter,0.6960078499950096,0.0
0,2024-04-19,-0.005011610917610311,-0.007294958158075482,1.167189331731384,1.2110583510663258,xgb_vix__trend_filter,0.6960078499950096,0.0
0,2024-04-21,0.002595168449617213,0.0036341992749650575,1.170222318513387,1.2154675856133308,xgb_vix__trend_filter,0.6960078499950096,0.0
0,2024-04-22,0.003410253610881613,0.00480580528293192,1.1742198858856632,1.221322944745935,xgb_vix__trend_filter,0.6960078499950096,0.0
0,2024-04-23,0.00962275520415533,0.013731192799662378,1.1855736560682664,1.2382088319446969,xgb_vix__trend_filter,0.6960078499950096,0.0
0,2024-04-24,-0.005591410997276319,-0.008128168136049751,1.1789631248107912,1.2281852542193266,xgb_vix__trend_filter,0.6960078499950096,0.0
0,2024-04-25,0.006115932574269208,0.00869236480187482,1.186195678149729,1.2389076223483468,xgb_vix__trend_filter,0.6960078499950096,0.0
0,2024-04-26,0.0017272996914027244,0.0023871021855874524,1.1882463641433194,1.2418685540586618,xgb_vix__trend_filter,0.6960078499950096,0.0
0,2024-04-28,0.0014194986910902021,0.0019448643569268574,1.189934276012833,1.24428617015107,xgb_vix__trend_filter,0.6960078499950096,0.0
0,2024-04-29,0.00047159245070099026,0.0005831187463022719,1.190495572375392,1.245011948329515,xgb_vix__trend_filter,0.6960078499950096,0.0
0,2024-04-30,-0.011906987123150513,-0.01720216942198277,1.1764044150218655,1.2237781987529825,xgb_vix__trend_filter,0.6960078499950096,0.0
0,2024-05-01,0.0013021678814234131,0.0017762875087381043,1.1779372888796233,1.2259539124553624,xgb_vix__trend_filter,0.6960078499950096,0.0
0,2024-05-02,0.00551758334030323,0.007832850604844049,1.184454619463684,1.2355943329975363,xgb_vix__trend_filter,0.6960078499950096,0.0
0,2024-05-03,0.007448696891631879,0.010607581029279273,1.1933102032410856,1.248770761468872,xgb_vix__trend_filter,0.6960078499950096,0.0
0,2024-05-05,-0.00023779869747328933,-0.0004361099135172487,1.1930264693661834,1.2482262788958385,xgb_vix__trend_filter,0.6388191777449946,0.057188672250015005
0,2024-05-06,0.005725386515249712,0.008884950507880709,1.1998765981313715,1.2593661228036699,xgb_vix__trend_filter,0.6388191777449946,0.0
0,2024-05-07,0.0011195243684011778,0.001630227036157486,1.2012206414262863,1.2614208498862458,xgb_vix__trend_filter,0.6388191777449946,0.0
0,2024-05-08,-0.0003816765747756501,-0.0007197351995975603,1.2007622511303007,1.2605132875405372,xgb_vix__trend_filter,0.6388191777449946,0.0
0,2024-05-09,0.004129144715239222,0.006341226888661933,1.205730622737338,1.2685318852971157,xgb_vix__trend_filter,0.6388191777449946,0.0
0,2024-05-10,-0.00016536367957542466,-0.00038157017047161135,1.2055312551695172,1.268047943704104,xgb_vix__trend_filter,0.6388191777449946,0.0
0,2024-05-12,0.00023070080169203326,0.00023842449322265845,1.2058094042799272,1.2683503134372065,xgb_vix__trend_filter,0.6998596220533343,0.06104044430833966
0,2024-05-13,0.00023456321013560068,0.00028602755788791556,1.2060922759789567,1.2687131484678404,xgb_vix__trend_filter,0.6998596220533343,0.0
0,2024-05-14,0.0036825903470132718,0.005169329701097385,1.210542007993424,1.2752885255321196,xgb_vix__trend_filter,0.6998596220533343,0.0
0,2024-05-15,0.008751503357091244,0.012411916318126678,1.221182562954308,1.2912159403874812,xgb_vix__trend_filter,0.6998596220533343,0.0
0,2024-05-16,-0.0022701579845095183,-0.0033364723505381277,1.2184134299823908,1.2869150130562088,xgb_vix__trend_filter,0.6998596220533343,0.0
0,2024-05-17,0.0010830730140804917,0.0014546483476444083,1.219733775574669,1.2887883840711976,xgb_vix__trend_filter,0.6998596220533343,0.0
0,2024-05-19,0.001048847727168243,0.0014057452736081692,1.221013761710865,1.2906013662477938,xgb_vix__trend_filter,0.6998596220533343,0.0
0,2024-05-20,-0.0004273537572994041,-0.0007033668403167089,1.2204920683738272,1.2896939192141954,xgb_vix__trend_filter,0.7544499944814117,0.054590372428077405
0,2024-05-21,0.0021424720041055122,0.0028055774229819993,1.2231097416060583,1.2933173358677397,xgb_vix__trend_filter,0.7544499944814117,0.0
0,2024-05-22,-0.000723810567284987,-0.0010297698879998293,1.2222247621675064,1.2919862021179918,xgb_vix__trend_filter,0.7544499944814117,0.0
0,2024-05-23,-0.007544579171048883,-0.010070615633969446,1.2130382882992015,1.2790404011752494,xgb_vix__trend_filter,0.7544499944814117,0.0
0,2024-05-24,0.004732426110868408,0.00620217298253279,1.2187925073372252,1.286997882323962,xgb_vix__trend_filter,0.7544499944814117,0.0
0,2024-05-26,-0.0006564398186967888,-0.0009406011827309468,1.2179927059441409,1.2857878997384105,xgb_vix__trend_filter,0.7544499944814117,0.0
0,2024-05-27,0.0015051526564421117,0.0019245224052474987,1.219827351265296,1.2882648100300338,xgb_vix__trend_filter,0.8584927619814169,0.10404276750000518
0,2024-05-28,-0.0011915785660368535,-0.0013631026546421022,1.2183746967871132,1.2865099691334572,xgb_vix__trend_filter,0.8584927619814169,0.0
0,2024-05-29,-0.008445604329511238,-0.00987342151902239,1.208128116360767,1.2738702154094408,xgb_vix__trend_filter,0.8584927619814169,0.0
0,2024-05-30,-0.003858199560609506,-0.004529864797223222,1.20347589735868,1.2681128055535527,xgb_vix__trend_filter,0.8584927619814169,0.0
0,2024-05-31,0.009143479552751067,0.010614909496915799,1.2145303155263456,1.281645404807855,xgb_vix__trend_filter,0.8584927619814169,0.0
0,2024-06-02,0.0005163896982709357,0.0005657975689728657,1.2151576484297053,1.2823707618454543,xgb_vix__trend_filter,0.8584927619814169,0.0
0,2024-06-03,-0.0008604420811288069,-0.0010383727735139119,1.2141125253522096,1.2810398740592068,xgb_vix__trend_filter,0.8584927619814169,0.0
0,2024-06-04,0.002415025157647902,0.002776996888097295,1.217048181059531,1.284602261883607,xgb_vix__trend_filter,0.8584927619814169,0.0
0,2024-06-05,0.009343882370306884,0.010848018172011569,1.2284734310721108,1.2986135103002583,xgb_vix__trend_filter,0.8584927619814169,0.0
0,2024-06-06,-0.0008492810126174253,-0.0010253066064039224,1.2274305548227786,1.2972827156418432,xgb_vix__trend_filter,0.8584927619814169,0.0
0,2024-06-07,-0.0016928887769077775,-0.0020080334773009403,1.225354409249686,1.2946803422202264,xgb_vix__trend_filter,0.8584927619814169,0.0
0,2024-06-09,-9.098700016096433e-06,-4.670060245472384e-05,1.225343260168224,1.2946198812800507,xgb_vix__trend_filter,0.8584927619814169,0.0
0,2024-06-10,0.002110735675367503,0.002422550705489892,1.2279323674012839,1.2977599655577803,xgb_vix__trend_filter,0.8584927619814169,0.0
0,2024-06-11,0.0029804613465018634,0.0034356351596057516,1.2315976317345196,1.3022262632156183,xgb_vix__trend_filter,0.8584927619814169,0.0
0,2024-06-12,0.0081248312174655,0.00942802815365918,1.2416449155921752,1.3145617473609406,xgb_vix__trend_filter,0.8584927619814169,0.0
0,2024-06-13,0.0003466757141756001,0.00036778228118638834,1.2420754383516213,1.3150453087963585,xgb_vix__trend_filter,0.8584927619814169,0.0
0,2024-06-14,-0.0003244154730248991,-0.000413926332933559,1.241672555215051,1.3145010895551548,xgb_vix__trend_filter,0.8584927619814169,0.0
0,2024-06-16,0.010329821357909542,0.011996471637509743,1.2545652860553818,1.3303654324032674,xgb_vix__trend_filter,0.8584927619814169,0.0
0,2024-06-17,0.0078394465088729,0.009095537464613439,1.264439035304374,1.342521018026233,xgb_vix__trend_filter,0.8584927619814169,0.0
0,2024-06-18,0.0019592999530526644,0.002246284292731164,1.2669188792326163,1.3455400914808584,xgb_vix__trend_filter,0.7883740776595508,0.07011868432186608
0,2024-06-19,-0.00023688169564348244,-0.00031457847004508866,1.2666188048827245,1.3451168801075792,xgb_vix__trend_filter,0.7883740776595508,0.0
0,2024-06-20,-0.002227839326787768,-0.0028844460376341485,1.2638001226485462,1.341242553381993,xgb_vix__trend_filter,0.841437392663048,0.05306331500349715
0,2024-06-21,-0.0015877826119687318,-0.0018965061485241577,1.2617950749999334,1.3387012891561443,xgb_vix__trend_filter,0.841437392663048,0.0
0,2024-06-23,7.253352428579557e-05,4.5152842386678524e-05,1.2618866007629526,1.3387617366891351,xgb_vix__trend_filter,0.841437392663048,0.0
0,2024-06-24,-0.0026333642491870334,-0.003170725968110368,1.2585679652078747,1.3345236126012188,xgb_vix__trend_filter,0.841437392663048,0.0
0,2024-06-25,0.002277260914940033,0.0026653446830137524,1.2614373187371408,1.3380853225001421,xgb_vix__trend_filter,0.841437392663048,0.0
0,2024-06-26,-0.0012979302746870243,-0.0015836394110540887,1.2598011231151462,1.3359679548640107,xgb_vix__trend_filter,0.841437392663048,0.0
0,2024-06-27,0.004503241782143999,0.005310795059492749,1.2654871052371615,1.343081880458382,xgb_vix__trend_filter,0.9125647641827206,0.07112737151967263
0,2024-06-28,-0.0037280191366615245,-0.004067072523122618,1.260778128123864,1.3376305620140176,xgb_vix__trend_filter,0.9125647641827206,0.0
0,2024-06-30,-0.0004761178076307089,-0.0005425690911371808,1.2601779920846574,1.3369050018667625,xgb_vix__trend_filter,0.9125647641827206,0.0
0,2024-07-01,-6.355209337506898e-05,-9.043635553817559e-05,1.260097907680028,1.3367841025176237,xgb_vix__trend_filter,0.9125647641827206,0.0
0,2024-07-02,0.005474381362714575,0.005978101104429759,1.2670150805271172,1.3447994674975146,xgb_vix__trend_filter,0.9125647641827206,0.0
0,2024-07-03,0.004711791453892008,0.005142445446055165,1.2729990779585967,1.3517328373538666,xgb_vix__trend_filter,0.9125647641827206,0.0
0,2024-07-04,-0.0003892746588403901,-0.0004473672586911517,1.2725036281161108,1.351128251585959,xgb_vix__trend_filter,0.9125647641827206,0.0
0,2024-07-05,0.0043664400035905064,0.0047640429755067375,1.278072087186596,1.3575804416941222,xgb_vix__trend_filter,0.9125647641827206,0.0
0,2024-07-07,-0.00034688034667745545,-0.0004008730230735289,1.2776288259816588,1.3570363333848527,xgb_vix__trend_filter,0.9125647641827206,0.0
0,2024-07-08,0.004186473410193374,0.004566833308356913,1.28298879694921,1.363247864831538,xgb_vix__trend_filter,0.9125647641827206,0.0
0,2024-07-09,-0.0007504712221011228,-0.0008431330042433228,1.2820263119826292,1.3620989499758123,xgb_vix__trend_filter,0.9125647641827206,0.0
0,2024-07-10,0.008007097097397126,0.008753521023201401,1.2923328287186104,1.374074449194607,xgb_vix__trend_filter,0.9125647641827206,0.0
0,2024-07-11,-0.007468216202065643,-0.008204446815149499,1.2827173576483997,1.362847048740132,xgb_vix__trend_filter,0.9125647641827206,0.0
0,2024-07-12,0.0048896304826000206,0.005337475751599836,1.289004730479049,1.3701406592350847,xgb_vix__trend_filter,0.9125647641827206,0.0
0,2024-07-14,0.0007428406273046291,0.0007933710282389738,1.289962611293982,1.371228120461809,xgb_vix__trend_filter,0.9125647641827206,0.0
0,2024-07-15,0.003265265427399712,0.0035574759982069178,1.2941815658660045,1.3761149187684667,xgb_vix__trend_filter,0.9125647641827206,0.0
0,2024-07-16,0.003293551385247025,0.003588472108244812,1.2984510463723167,1.3810619395867008,xgb_vix__trend_filter,0.9125647641827206,0.0
0,2024-07-17,-0.010279840368703613,-0.011285422092685425,1.2851715493861253,1.365563689299137,xgb_vix__trend_filter,0.9125647641827206,0.0
0,2024-07-18,-0.00767861267488996,-0.008434963916006564,1.2753410056082142,1.354093651538565,xgb_vix__trend_filter,0.9125647641827206,0.0
0,2024-07-19,-0.008034154033600412,-0.008824570629595675,1.2651357696362564,1.3421969254241637,xgb_vix__trend_filter,0.9125647641827206,0.0
0,2024-07-21,0.00317154936034055,0.0034547807477025958,1.2691545797358155,1.346841940656292,xgb_vix__trend_filter,0.9125647641827206,0.0
0,2024-07-22,0.005472607132560462,0.005976308931272893,1.2761192040854437,1.3549151842453013,xgb_vix__trend_filter,0.9125647641827206,0.0
0,2024-07-23,-0.004973762848447209,-0.005470879271572879,1.269787848181613,1.347522846580557,xgb_vix__trend_filter,0.8538556989603825,0.0587090652223381
0,2024-07-24,-0.01408819229884284,-0.016501794231097475,1.2520242550602603,1.3254687682344488,xgb_vix__trend_filter,0.8538556989603825,0.0
0,2024-07-25,-0.005137489062907392,-0.006053416717726331,1.245608488719458,1.317469389647353,xgb_vix__trend_filter,0.7645727730629283,0.08928292589745424
0,2024-07-26,0.006644485713677394,0.00868311157620524,1.2539124738316496,1.3289589336630974,xgb_vix__trend_filter,0.7645727730629283,0.0
0,2024-07-28,0.0019225965569387349,0.002448870981170245,1.2563255605893802,1.3322173707485276,xgb_vix__trend_filter,0.7645727730629283,0.0
0,2024-07-29,-0.0032926297796155215,-0.004372594196276949,1.2521957483381747,1.3264048419808803,xgb_vix__trend_filter,0.7645727730629283,0.0
0,2024-07-30,-0.0011004969116873576,-0.001505337672590977,1.2508184687692578,1.3244096568935417,xgb_vix__trend_filter,0.7645727730629283,0.0
0,2024-07-31,0.014692919071962122,0.019151064355578572,1.269332321508707,1.350017941744739,xgb_vix__trend_filter,0.7645727730629283,0.0
0,2024-08-01,-0.01766217113190618,-0.023166315663270515,1.2471099818950366,1.3191024812390697,xgb_vix__trend_filter,0.670400729980366,0.09417204308256222
0,2024-08-02,-0.012866203018564455,-0.019224769376783152,1.23116719318866,1.2939852503274307,xgb_vix__trend_filter,0.6202142862579276,0.05018644372243841
0,2024-08-04,-0.003906201080756722,-0.006386219147224393,1.2263673871748682,1.2857479076790574,xgb_vix__trend_filter,0.6202142862579276,0.0
0,2024-08-05,-0.005829071481479454,-0.009528468086997406,1.2192395983900033,1.2735548824506886,xgb_vix__trend_filter,0.6202142862579276,0.0
0,2024-08-06,-0.003497595554053862,-0.005769079347097421,1.2149826402898856,1.2662287959870617,xgb_vix__trend_filter,0.6202142862579276,0.0
0,2024-08-07,-0.004837422742621766,-0.007929344304313695,1.209119448436207,1.2562281336419796,xgb_vix__trend_filter,0.6202142862579276,0.0
0,2024-08-08,0.018083729515352923,0.029027482982380733,1.2311837385327644,1.2932276783077503,xgb_vix__trend_filter,0.6202142862579276,0.0
0,2024-08-09,0.0009184468678937514,0.0013513517627857913,1.2323150348194623,1.2949764651574818,xgb_vix__trend_filter,0.5139269863287441,0.10628729992918351
0,2024-08-11,0.000575973287541005,0.0010241133901227166,1.2330250198079196,1.2963033472182157,xgb_vix__trend_filter,0.5139269863287441,0.0
0,2024-08-12,0.0002941150647005989,0.00037226617891068076,1.2333877243772222,1.2967860069453658,xgb_vix__trend_filter,0.5139269863287441,0.0
0,2024-08-13,0.008130466669912665,0.015620627636944197,1.243456619101296,1.3172016557855857,xgb_vix__trend_filter,0.5139269863287441,0.0
0,2024-08-14,0.0016984350453003105,0.0031051696133058524,1.2455703439045107,1.3212981472005016,xgb_vix__trend_filter,0.5139269863287441,0.0
0,2024-08-15,0.009299683293215677,0.01789494084434387,1.2572077819955383,1.3451555259244155,xgb_vix__trend_filter,0.5139269863287441,0.0
0,2024-08-16,0.0006323580572719197,0.0010304199664507587,1.258003038883198,1.346542315401389,xgb_vix__trend_filter,0.5139269863287441,0.0
0,2024-08-18,0.0005858548235149201,0.0009399338954833689,1.2587402619632868,1.3478085711704708,xgb_vix__trend_filter,0.5139269863287441,0.0
0,2024-08-19,0.0040286933044021535,0.007639765317634376,1.2638215690699761,1.3581449458111876,xgb_vix__trend_filter,0.5139269863287441,0.0
0,2024-08-20,-0.0006981630974853779,-0.0015570093925939162,1.2629395234303313,1.356031946780599,xgb_vix__trend_filter,0.5139269863287441,0.0
0,2024-08-21,0.002422900549041326,0.004517087253066466,1.2660032103005892,1.362171116546228,xgb_vix__trend_filter,0.5139269863287441,0.0
0,2024-08-22,-0.003634933483693596,-0.0072710069421549,1.2614097264029256,1.3523026811093246,xgb_vix__trend_filter,0.5139269863287441,0.0
0,2024-08-23,0.004307667804200215,0.008184845808666383,1.2668551806527464,1.3634164904042172,xgb_vix__trend_filter,0.5139269863287441,0.0
0,2024-08-25,-0.00028556724285137836,-0.000752678721546621,1.2664934599619637,1.3623906619313457,xgb_vix__trend_filter,0.5139269863287441,0.0
0,2024-08-26,-0.0012220826294010215,-0.00257457670604388,1.2649466456642484,1.3588875940620644,xgb_vix__trend_filter,0.5139269863287441,0.0
0,2024-08-27,0.0004428334562005799,0.0006653950719540625,1.2655069304065156,1.3597920920613764,xgb_vix__trend_filter,0.5139269863287441,0.0
0,2024-08-28,-0.005779552280996356,-0.011441383148244798,1.258213962286245,1.3443228532284097,xgb_vix__trend_filter,0.6067147102954294,0.09278772396668533
0,2024-08-29,0.004681366350925451,0.007658133768463266,1.264117931330353,1.3546573785477292,xgb_vix__trend_filter,0.6067147102954294,0.0
0,2024-08-30,0.004532620920048607,0.007336758241793877,1.269860703784657,1.364632720825895,xgb_vix__trend_filter,0.6067147102954294,0.0
0,2024-09-01,-0.0002943397704322297,-0.0006191403190477255,1.2694869882789903,1.3637880831893294,xgb_vix__trend_filter,0.6067147102954294,0.0
0,2024-09-02,0.00021542979540806038,0.0002210726462717842,1.2697605030617074,1.364089612758576,xgb_vix__trend_filter,0.6067147102954294,0.0
0,2024-09-03,-0.013243619360118098,-0.02196190208691885,1.2530551421679859,1.3344581825192736,xgb_vix__trend_filter,0.6067147102954294,0.0
0,2024-09-04,-0.0009627172459058048,-0.0017200026582419297,1.2518493848673509,1.3321648837034339,xgb_vix__trend_filter,0.6667163144100986,0.06000160411466915
0,2024-09-05,-0.0015651629427107753,-0.002404721009513467,1.2498915691502832,1.328965247477557,xgb_vix__trend_filter,0.6667163144100986,0.0
0,2024-09-06,-0.013042157758098746,-0.019663532458736123,1.233696127444624,1.3030883456266793,xgb_vix__trend_filter,0.6667163144100986,0.0
0,2024-09-08,0.001790702721000208,0.0025841014426824494,1.235907289633138,1.3064600125890724,xgb_vix__trend_filter,0.6667163144100986,0.0
0,2024-09-09,0.008452255521504554,0.012576083210114131,1.246397765483452,1.3229939103417805,xgb_vix__trend_filter,0.6667163144100986,0.0
0,2024-09-10,0.0013403740890651566,0.001910047094008704,1.2480695248941827,1.3255233058789226,xgb_vix__trend_filter,0.6667163144100986,0.0
0,2024-09-11,0.0072065770798231486,0.010707903016954385,1.2570963212110287,1.33979314456225,xgb_vix__trend_filter,0.6667163144100986,0.0
0,2024-09-12,0.005865296645744238,0.008696925499230677,1.2644912295128587,1.3514960415728337,xgb_vix__trend_filter,0.6667163144100986,0.0
0,2024-09-13,0.0025836531821706024,0.0037766118206448763,1.2677624603450974,1.3566097677002609,xgb_vix__trend_filter,0.6667163144100986,0.0
0,2024-09-15,0.0008054684447671468,0.0011095333361821568,1.268784014361898,1.3581158068075097,xgb_vix__trend_filter,0.6667163144100986,0.0
0,2024-09-16,0.007468826978182827,0.011104025174423581,1.2782958194343437,1.3732803970971958,xgb_vix__trend_filter,0.6667163144100986,0.0
0,2024-09-17,0.0011463694144842487,0.001621243371099076,1.2797620589298893,1.3755086245991217,xgb_vix__trend_filter,0.6667163144100986,0.0
0,2024-09-18,0.0015505861766293976,0.002229704992000962,1.2817479795604807,1.378579024817215,xgb_vix__trend_filter,0.6667163144100986,0.0
0,2024-09-19,0.006071832989586355,0.00901186351397199,1.2895542143211927,1.391058739112872,xgb_vix__trend_filter,0.6667163144100986,0.0
0,2024-09-20,-0.0013266000482697394,-0.002083967990504361,1.2878446258590168,1.388162835760651,xgb_vix__trend_filter,0.6667163144100986,0.0
0,2024-09-22,0.0011032504985452702,0.001560536417588469,1.2892662251304041,1.3903308055773573,xgb_vix__trend_filter,0.6667163144100986,0.0
0,2024-09-23,0.0006976342190842578,0.0009527522986948168,1.2901659751782837,1.391656077676087,xgb_vix__trend_filter,0.6667163144100986,0.0
0,2024-09-24,0.002277890931115547,0.0033235558475133886,1.2931081822940222,1.396289019025801,xgb_vix__trend_filter,0.6667163144100986,0.0
0,2024-09-25,-0.00028348653063053545,-0.0005182242415374602,1.2927416554968536,1.3955656156667176,xgb_vix__trend_filter,0.6667163144100986,0.0
0,2024-09-26,0.0018995253756681361,0.0027562481089369443,1.2951995847861237,1.3994174466181855,xgb_vix__trend_filter,0.6667163144100986,0.0
0,2024-09-27,-0.002156372783312961,-0.003327146089343174,1.2924096607916995,1.394769117456452,xgb_vix__trend_filter,0.6667163144100986,0.0
0,2024-09-29,0.0016999444577207544,0.0024568990250256437,1.2946085539002117,1.3982001374502016,xgb_vix__trend_filter,0.6667163144100986,0.0
0,2024-09-30,0.0010095507237497016,0.0014203938837125181,1.2959161868526103,1.4001875434891973,xgb_vix__trend_filter,0.7389988526205213,0.07228253821042274
0,2024-10-01,-0.0073765110258601965,-0.009998862013927506,1.2863920175680166,1.3862570221894224,xgb_vix__trend_filter,0.7389988526205213,0.0
0,2024-10-02,0.002418289846688107,0.003206661477724402,1.2895066508480835,1.3907094140221803,xgb_vix__trend_filter,0.7389988526205213,0.0
0,2024-10-03,-0.002522304148284523,-0.003478721625133348,1.2862582213592102,1.385879928198068,xgb_vix__trend_filter,0.8142507302629518,0.07525187764243046
0,2024-10-04,0.006495293920352263,0.007980414442629919,1.2946400382784038,1.3969840733003593,xgb_vix__trend_filter,0.8142507302629518,0.0
0,2024-10-06,0.0009470695780332074,0.001120303578085293,1.2958667332642229,1.398549996547134,xgb_vix__trend_filter,0.8142507302629518,0.0
0,2024-10-07,-0.00815107680639819,-0.010053700731421828,1.2853469559912811,1.384559837698997,xgb_vix__trend_filter,0.8142507302629518,0.0
0,2024-10-08,0.007235577513527574,0.008843183410360137,1.2946809110787747,1.3968580518227482,xgb_vix__trend_filter,0.8142507302629518,0.0
0,2024-10-09,0.006066551115618855,0.007407475274696327,1.302559031352366,1.4072436613881665,xgb_vix__trend_filter,0.8142507302629518,0.0
0,2024-10-10,-0.00041847660045041425,-0.0005569360239892911,1.3020140549149362,1.4064601349059234,xgb_vix__trend_filter,0.8142507302629518,0.0
0,2024-10-11,0.0025040833936593185,0.0030325079615229275,1.3052784921939635,1.4107317099818162,xgb_vix__trend_filter,0.8142507302629518,0.0
0,2024-10-13,0.00034774077702514965,0.00038425412951493404,1.3057324696797405,1.4112738936284959,xgb_vix__trend_filter,0.8823251762097093,0.06807444594675749
0,2024-10-14,0.008531265290100544,0.009682617518359126,1.3169196724210754,1.425005088630463,xgb_vix__trend_filter,0.8823251762097093,0.0
0,2024-10-15,-0.007464901421753387,-0.008485518637167828,1.3071255982661145,1.4129643396412543,xgb_vix__trend_filter,0.8823251762097093,0.0
0,2024-10-16,0.0024233348001942694,0.0027215546462110315,1.3102970424000469,1.4168150368694044,xgb_vix__trend_filter,0.8823251762097093,0.0
0,2024-10-17,0.0019315230533133638,0.0021640446313829957,1.3128303571344326,1.419884407773573,xgb_vix__trend_filter,0.8823251762097093,0.0
0,2024-10-18,0.0023744573743221813,0.0026661055727900764,1.3159513206882822,1.423675020347166,xgb_vix__trend_filter,0.8823251762097093,0.0
0,2024-10-20,0.0009173168879733979,0.0010146277212701134,1.317159018894794,1.425120253551741,xgb_vix__trend_filter,0.8823251762097093,0.0
0,2024-10-21,-0.0026342850497120475,-0.003010647804633397,1.3136938127574742,1.420836170557488,xgb_vix__trend_filter,0.8823251762097093,0.0
0,2024-10-22,-0.0008393146200843227,-0.0009762310548547309,1.3125916729198521,1.4194497829913322,xgb_vix__trend_filter,0.8823251762097093,0.0
0,2024-10-23,-0.007113307802584301,-0.008087033329654037,1.3032879337415821,1.4080169365008701,xgb_vix__trend_filter,0.8823251762097093,0.0
0,2024-10-24,0.0011907380147533706,0.0013246734924050477,1.3048407325332625,1.4098833351249787,xgb_vix__trend_filter,0.8823251762097093,0.0
0,2024-10-25,-0.0013373137750689163,-0.0015407007719366109,1.3030969173213145,1.407712799284694,xgb_vix__trend_filter,0.8823251762097093,0.0
0,2024-10-27,0.004380748844508531,0.004939974124070651,1.3088179797555894,1.4146840688560787,xgb_vix__trend_filter,0.8823251762097093,0.0
0,2024-10-28,-0.0013705070959108554,-0.0015781623097725777,1.3070254640354078,1.4124532285554252,xgb_vix__trend_filter,0.8823251762097093,0.0
0,2024-10-29,0.0034707332403490867,0.003908749394432591,1.3115696820820986,1.417984958286864,xgb_vix__trend_filter,0.8823251762097093,0.0
0,2024-10-30,-0.00792138443817392,-0.009002564849624455,1.3012212753788301,1.4052767458267093,xgb_vix__trend_filter,0.8823251762097093,0.0
0,2024-10-31,-0.013691992743963146,-0.015542634654018837,1.2835263787547833,1.383603905594245,xgb_vix__trend_filter,0.8823251762097093,0.0
0,2024-11-01,0.0025876521613731733,0.0029083689075488535,1.2868519994820984,1.3876337935334266,xgb_vix__trend_filter,0.7840788805489518,0.09824629566075749
0,2024-11-03,-0.0013051184918847936,-0.0016522465012541543,1.2851736006341814,1.3853429734738991,xgb_vix__trend_filter,0.7840788805489518,0.0
0,2024-11-04,-0.0008817236270558252,-0.0011753441674484254,1.2840409321293065,1.3837156751952149,xgb_vix__trend_filter,0.8384268524548213,0.054347971905869485
0,2024-11-05,0.010526433712663949,0.01255191246556732,1.2976286937550658,1.4011934132784858,xgb_vix__trend_filter,0.8384268524548213,0.0
0,2024-11-06,0.019842502145444044,0.023630868750937117,1.3236340462859666,1.434699156664976,xgb_vix__trend_filter,0.8384268524548213,0.0
0,2024-11-07,0.007078009040827677,0.00840660802657483,1.3330359742462625,1.4468109483242617,xgb_vix__trend_filter,0.670400729980366,0.16802612247445525
0,2024-11-08,0.0017851259168611426,0.002697770353525049,1.335417736552316,1.4507193816651511,xgb_vix__trend_filter,0.670400729980366,0.0
0,2024-11-10,0.001615105575075838,0.002318842658995283,1.33757631988443,1.454087274951794,xgb_vix__trend_filter,0.670400729980366,0.0
0,2024-11-11,-0.0010238346103161806,-0.0016175196797946897,1.3362075637637028,1.4517371613583112,xgb_vix__trend_filter,0.670400729980366,0.0
0,2024-11-12,-0.002143249541836618,-0.003287289537523248,1.333346804270683,1.4469727163221942,xgb_vix__trend_filter,0.670400729980366,0.0
0,2024-11-13,0.0014242912793444801,0.00203480062416797,1.3352472315560844,1.4499200148740674,xgb_vix__trend_filter,0.670400729980366,0.0
0,2024-11-14,-0.005894161963661407,-0.008881929750938843,1.3274002166180943,1.437098949345451,xgb_vix__trend_filter,0.670400729980366,0.0
0,2024-11-15,-0.007581437595064099,-0.011398551208059791,1.3173746667732127,1.420811108625645,xgb_vix__trend_filter,0.670400729980366,0.0
0,2024-11-17,0.0005427276646259249,0.0007198205304792693,1.318089836503192,1.42183420581057,xgb_vix__trend_filter,0.670400729980366,0.0
0,2024-11-18,0.001476872440121988,0.0021126478731425015,1.3200379252415229,1.4248412160799342,xgb_vix__trend_filter,0.670400729980366,0.0
0,2024-11-19,0.003246105095655601,0.004751910251252117,1.3243298693591885,1.4316280460936737,xgb_vix__trend_filter,0.670400729980366,0.0
0,2024-11-20,-0.0005038894509821207,-0.000841750941132843,1.323662721606871,1.4304234788824381,xgb_vix__trend_filter,0.670400729980366,0.0
0,2024-11-21,0.002786336655506171,0.004065903824135474,1.3273560345848043,1.436251282791898,xgb_vix__trend_filter,0.670400729980366,0.0
0,2024-11-22,0.0030539216822491446,0.004465045732514378,1.3314158720163485,1.4426785487930947,xgb_vix__trend_filter,0.670400729980366,0.0
0,2024-11-24,0.0020409354170353882,0.0029540296791108808,1.3341359806631887,1.4469465648630548,xgb_vix__trend_filter,0.670400729980366,0.0
0,2024-11-25,-0.00158929884892603,-0.002460796609498535,1.3320173239201258,1.4433903010776326,xgb_vix__trend_filter,0.670400729980366,0.0
0,2024-11-26,0.005221111752105747,0.007698114420690692,1.3389901222638716,1.4545445630773122,xgb_vix__trend_filter,0.670400729980366,0.0
0,2024-11-27,-0.002222771026781309,-0.003405322190484395,1.3360171591471428,1.4495997942435193,xgb_vix__trend_filter,0.670400729980366,0.0
0,2024-11-28,0.0011441861509805503,0.0016169831668806946,1.3375466863431622,1.4519456688182406,xgb_vix__trend_filter,0.670400729980366,0.0
0,2024-11-29,0.0024694240337126147,0.0035941579558396,1.3408537378523209,1.4571735802371468,xgb_vix__trend_filter,0.670400729980366,0.0
0,2024-12-01,-0.0006054573130674357,-0.000992473903690303,1.3400421538655067,1.4557280909094836,xgb_vix__trend_filter,0.670400729980366,0.0
0,2024-12-02,0.0020491253294643,0.0029685868652030998,1.3427908834694635,1.4600559668590276,xgb_vix__trend_filter,0.7389988526205213,0.0685981226401553
0,2024-12-03,0.0007123272827502486,0.0009473989142595519,1.3437477308045587,1.4614398777511137,xgb_vix__trend_filter,0.9176906273184072,0.17869177469788589
0,2024-12-04,0.003652346062194529,0.004061383017778384,1.348664536009113,1.467387414288763,xgb_vix__trend_filter,0.9176906273184072,0.0
0,2024-12-05,-0.0014560320933529598,-0.001602498939283083,1.3467022660721912,1.4650378106353448,xgb_vix__trend_filter,0.9176906273184072,0.0
0,2024-12-06,0.0018959528832401891,0.0020502741234331738,1.3492579720999531,1.4680446210878826,xgb_vix__trend_filter,0.9176906273184072,0.0
0,2024-12-08,0.0007288550926039593,0.0007784971695302907,1.3502417441142254,1.469187934645585,xgb_vix__trend_filter,0.9176906273184072,0.0
0,2024-12-09,-0.0059652800481676095,-0.006516047355058095,1.3422111501625478,1.4596457588869896,xgb_vix__trend_filter,0.9176906273184072,0.0
0,2024-12-10,-0.001615868457378114,-0.001776493394234589,1.340044064835798,1.457055009744125,xgb_vix__trend_filter,0.9176906273184072,0.0
0,2024-12-11,0.005366619731008722,0.005832373854472821,1.3472549033623549,1.4655779295547808,xgb_vix__trend_filter,0.9176906273184072,0.0
0,2024-12-12,-0.0032388147450174423,-0.003544791226523311,1.3428984529921297,1.4603919587905199,xgb_vix__trend_filter,0.9176906273184072,0.0
0,2024-12-13,-0.0021089705614605473,-0.002313573638873662,1.3400693040322873,1.4570171399035898,xgb_vix__trend_filter,0.9176906273184072,0.0
0,2024-12-15,0.0008475088504368162,0.000908077889306942,1.3412055060302697,1.4583408258666954,xgb_vix__trend_filter,0.9176906273184072,0.0
0,2024-12-16,0.013377904484583645,0.014562241166907698,1.3592685788230419,1.4797329170413382,xgb_vix__trend_filter,0.9176906273184072,0.0
0,2024-12-17,-0.0033951030684780613,-0.0037152040968128964,1.3546615469994658,1.474245606796168,xgb_vix__trend_filter,0.9176906273184072,0.0
0,2024-12-18,-0.028180456063006003,-0.030723530152599828,1.317019443666297,1.429640302307089,xgb_vix__trend_filter,0.9176906273184072,0.0
0,2024-12-19,-0.0010296339958462155,-0.0011374649627401711,1.3156640935509243,1.4280150610566142,xgb_vix__trend_filter,0.6552535514106509,0.26243707590775633
0,2024-12-20,0.006730495406534267,0.01038124256244408,1.3245490311647146,1.4429168474875784,xgb_vix__trend_filter,0.6552535514106509,0.0
0,2024-12-22,0.0027256619177006597,0.004069102753536123,1.328164228682008,1.4488001862419493,xgb_vix__trend_filter,0.6552535514106509,0.0
0,2024-12-23,0.0016880068218951489,0.002485092022664532,1.330408072239442,1.4524050654002179,xgb_vix__trend_filter,0.6552535514106509,0.0
0,2024-12-24,0.006828791583309823,0.010329746399368738,1.3395242424730902,1.4674857973661193,xgb_vix__trend_filter,0.6552535514106509,0.0
0,2024-12-25,-7.413424502057931e-05,-0.00020499364663263277,1.3394249415355333,1.467185002932663,xgb_vix__trend_filter,0.6552535514106509,0.0
0,2024-12-26,-0.00023613886404134845,-0.0004511895148963457,1.3391086885926453,1.466523173759346,xgb_vix__trend_filter,0.6552535514106509,0.0
0,2024-12-27,-0.007086835487055872,-0.010905386192948365,1.3296521935077275,1.4506170609790785,xgb_vix__trend_filter,0.6552535514106509,0.0
0,2024-12-29,-0.0004304638008128942,-0.0007469190287293737,1.329079949544743,1.4495339720330591,xgb_vix__trend_filter,0.6552535514106509,0.0
0,2024-12-30,-0.007810167085773198,-0.012010534391986736,1.3187400438241346,1.4322284268631293,xgb_vix__trend_filter,0.6552535514106509,0.0
0,2024-12-31,-0.001595391849299043,-0.002525999400768776,1.3166378140928587,1.4286151841608026,xgb_vix__trend_filter,0.6552535514106509,0.0
0,2025-01-01,0.00017010420517656858,0.00016837142816423029,1.3168617987715583,1.428855742390655,xgb_vix__trend_filter,0.6552535514106509,0.0
0,2025-01-02,-0.0026545489855938223,-0.004142198738507502,1.3133707602358684,1.4229493790474295,xgb_vix__trend_filter,0.6552535514106509,0.0
0,2025-01-03,0.007777750043560474,0.011779229795172931,1.323625658043358,1.4398097328130974,xgb_vix__trend_filter,0.6552535514106509,0.0
0,2025-01-05,0.0006609444911798619,0.0009180821721507832,1.324500790305492,1.4411322034355434,xgb_vix__trend_filter,0.6552535514106509,0.0
0,2025-01-06,0.0038655044926937834,0.00580843830078658,1.329630562251774,1.4495272884865125,xgb_vix__trend_filter,0.6552535514106509,0.0
0,2025-01-07,-0.007363909619463894,-0.011329071428054468,1.3198752456823948,1.4331981618695655,xgb_vix__trend_filter,0.6552535514106509,0.0
0,2025-01-08,-0.0009317604850015065,-0.0015127963073549313,1.3186460108484916,1.4310316641306495,xgb_vix__trend_filter,0.5995002676822125,0.05575328372843835
0,2025-01-09,-0.0018541451899245925,-0.0031616273859673945,1.316203314946495,1.426514419915479,xgb_vix__trend_filter,0.5995002676822125,0.0
0,2025-01-10,-0.006988031458539561,-0.011772001875774618,1.3070377068529917,1.4098199459706549,xgb_vix__trend_filter,0.5995002676822125,0.0
0,2025-01-12,-8.416888445152559e-05,-0.00025597269904089785,1.3069276995769297,1.4094591167371096,xgb_vix__trend_filter,0.5995002676822125,0.0
0,2025-01-13,0.003375997711574113,0.005515513789966731,1.3113473406512846,1.4172544859031033,xgb_vix__trend_filter,0.5995002676822125,0.0
0,2025-01-14,-0.0005417727647438711,-0.001019281583057803,1.3106370807940966,1.4158106404746484,xgb_vix__trend_filter,0.7520642369329535,0.152563969250741
0,2025-01-15,0.013486019905091188,0.017976532434313876,1.3284320807143157,1.4414921470014255,xgb_vix__trend_filter,0.7520642369329535,0.0
0,2025-01-16,-0.0024434189032508597,-0.003305721975222436,1.3251901269950659,1.4367348422296735,xgb_vix__trend_filter,0.6898854204927262,0.06217881644022738
0,2025-01-17,0.006655380900822329,0.009614736141005225,1.3340391863230492,1.4506152901351685,xgb_vix__trend_filter,0.6898854204927262,0.0
0,2025-01-19,-0.0009773872264268193,-0.001494148476378953,1.332735950449579,1.448449473938015,xgb_vix__trend_filter,0.6898854204927262,0.0
0,2025-01-20,0.005112760796871007,0.007333618921500181,1.3395673593682085,1.4591108960276629,xgb_vix__trend_filter,0.6898854204927262,0.0
0,2025-01-21,0.003278747484567395,0.00467483046471909,1.3439666706524322,1.465947960703482,xgb_vix__trend_filter,0.6898854204927262,0.0
0,2025-01-22,0.0022532558117443757,0.0031883638104584474,1.3469983856959324,1.4706293952217806,xgb_vix__trend_filter,0.6898854204927262,0.0
0,2025-01-23,0.0036444817996056787,0.005204968229881704,1.3519164532569758,1.478303930030431,xgb_vix__trend_filter,0.6898854204927262,0.0
0,2025-01-24,-0.0017465673990259497,-0.0026092658420657083,1.3495573008625568,1.4744516700524002,xgb_vix__trend_filter,0.6898854204927262,0.0
0,2025-01-26,-0.0031962626560155362,-0.004710622406398077,1.3452506475237074,1.4675224183358135,xgb_vix__trend_filter,0.6898854204927262,0.0
0,2025-01-27,-0.0057315747304079795,-0.008385062941836913,1.3375622971311654,1.4552685968182262,xgb_vix__trend_filter,0.6898854204927262,0.0
0,2025-01-28,0.004047712273185071,0.005790349022777911,1.3429873365497578,1.4637195532974285,xgb_vix__trend_filter,0.6898854204927262,0.0
0,2025-01-29,-0.002106857066083989,-0.0031307981075287096,1.3401608327553671,1.4591441090234845,xgb_vix__trend_filter,0.6898854204927262,0.0
0,2025-01-30,0.0046263970733153225,0.006629340286049636,1.3463753131524345,1.4688494061631132,xgb_vix__trend_filter,0.6898854204927262,0.0
0,2025-01-31,-0.004923100352965235,-0.007212987994756423,1.339763261624276,1.4582927313840524,xgb_vix__trend_filter,0.6898854204927262,0.0
0,2025-02-02,-0.011218213209480814,-0.016337855211140728,1.32481750081206,1.4346609280326053,xgb_vix__trend_filter,0.6898854204927262,0.0
0,2025-02-03,0.010190769082774389,0.014694273510020974,1.3383874366426227,1.4558978767446185,xgb_vix__trend_filter,0.6898854204927262,0.0
0,2025-02-04,-0.0016308300767667804,-0.0024411460367827027,1.3362065329815838,1.4523481518740342,xgb_vix__trend_filter,0.6898854204927262,0.0
0,2025-02-05,0.005462536652861575,0.00784080299261144,1.3435255822315808,1.463780488388853,xgb_vix__trend_filter,0.6898854204927262,0.0
0,2025-02-06,0.0012125907598955796,0.0016802597967489016,1.3451557170817638,1.4662420873785202,xgb_vix__trend_filter,0.6898854204927262,0.0
0,2025-02-07,-0.005676578746328522,-0.008305880425536252,1.3375414666203462,1.4541140924869593,xgb_vix__trend_filter,0.6898854204927262,0.0
0,2025-02-09,0.0011351202941691303,0.0015677867634770165,1.3390605991193478,1.456395621321775,xgb_vix__trend_filter,0.6898854204927262,0.0
0,2025-02-10,0.002040200020169372,0.002879714366402471,1.3417953393406126,1.4605956692823898,xgb_vix__trend_filter,0.6898854204927262,0.0
0,2025-02-11,0.0018369101799570048,0.002585042477167336,1.3442623620147047,1.4643762555121513,xgb_vix__trend_filter,0.6898854204927262,0.0
0,2025-02-12,-0.0009386654922073923,-0.0014381990492038702,1.3430011413477716,1.4622717047180298,xgb_vix__trend_filter,0.6898854204927262,0.0
0,2025-02-13,0.005649154006119283,0.008110951146812099,1.3506094315937347,1.4741803490077747,xgb_vix__trend_filter,0.74226784763209,0.05238242713936381
0,2025-02-14,4.84443633027002e-05,4.0756439528718516e-05,1.3506748625925875,1.4742404325744114,xgb_vix__trend_filter,0.74226784763209,0.0
0,2025-02-16,0.00013512887097651241,0.00012225437089825053,1.350857390093916,1.4744206759285932,xgb_vix__trend_filter,0.74226784763209,0.0
0,2025-02-17,0.000860195314248906,0.001099080250646955,1.3520198912084178,1.4760420734344228,xgb_vix__trend_filter,0.74226784763209,0.0
0,2025-02-18,0.0010100138329204415,0.0013009191409470964,1.3533861398497897,1.4779635343822712,xgb_vix__trend_filter,0.74226784763209,0.0
0,2025-02-19,0.0007377818217350317,0.000934162030216977,1.3543850119710967,1.4793448368778577,xgb_vix__trend_filter,0.74226784763209,0.0
0,2025-02-20,-0.0021024028094361927,-0.0028920610550997178,1.3515405402772476,1.4750726619611205,xgb_vix__trend_filter,0.74226784763209,0.0
0,2025-02-21,-0.013220649475207073,-0.017870676179175662,1.33378989263361,1.4489462596256673,xgb_vix__trend_filter,0.74226784763209,0.0
0,2025-02-23,0.002559202216952662,0.003388296228829168,1.337207702251346,1.453864045525736,xgb_vix__trend_filter,0.74226784763209,0.0
0,2025-02-24,-0.006297261770892724,-0.008543194214875153,1.328813413564797,1.4414963078380407,xgb_vix__trend_filter,0.74226784763209,0.0
0,2025-02-25,-0.0016301755810127273,-0.0022554525836519985,1.3266489790697389,1.4382487450049077,xgb_vix__trend_filter,0.6898854204927262,0.05238242713936381
0,2025-02-26,-0.0007809172953804174,-0.0011708625238667988,1.3256133803481893,1.4365657389260278,xgb_vix__trend_filter,0.6898854204927262,0.0
0,2025-02-27,-0.010610462191704974,-0.015457088696218594,1.3116223665178282,1.414531347359813,xgb_vix__trend_filter,0.6898854204927262,0.0
0,2025-02-28,0.008216645784022971,0.011833106771720637,1.3224439003781676,1.4313690726545474,xgb_vix__trend_filter,0.6898854204927262,0.0
0,2025-03-02,0.0019296532213115849,0.0027200100516578682,1.3249982221956,1.4352677106834553,xgb_vix__trend_filter,0.6898854204927262,0.0
0,2025-03-03,-0.012169431220604938,-0.017717374394547986,1.3089714635216751,1.410062479886861,xgb_vix__trend_filter,0.6898854204927262,0.0
0,2025-03-04,-0.0042332787272774,-0.006213615512695181,1.3034419347465296,1.4013280580597156,xgb_vix__trend_filter,0.6898854204927262,0.0
0,2025-03-05,0.0013813087281046293,0.0019246408534789004,1.3052436345329204,1.4040277083846897,xgb_vix__trend_filter,0.6898854204927262,0.0
0,2025-03-06,-0.009580591394420215,-0.013964631128192153,1.2927983404327017,1.384557244676853,xgb_vix__trend_filter,0.6898854204927262,0.0
0,2025-03-07,0.0008900998484328322,0.0012128040397734613,1.293949572319231,1.3862374599764948,xgb_vix__trend_filter,0.6898854204927262,0.0
0,2025-03-09,-0.00457935889081895,-0.006715264269519719,1.2880376595574172,1.3769596952782004,xgb_vix__trend_filter,0.6898854204927262,0.0
0,2025-03-10,-0.0161116063184002,-0.023431263832417573,1.2674515865312361,1.345070846353364,xgb_vix__trend_filter,0.6898854204927262,0.0
0,2025-03-11,-0.000994960744600166,-0.0015196215732894453,1.2661911491038176,1.3430283999434993,xgb_vix__trend_filter,0.603799836545182,0.08608558394754418
0,2025-03-12,0.002925913833372963,0.0048038615731274955,1.2699013405059454,1.3494956439008816,xgb_vix__trend_filter,0.603799836545182,0.0
0,2025-03-13,-0.007299013014376126,-0.012201463408889347,1.260666059314641,1.3331298684250483,xgb_vix__trend_filter,0.603799836545182,0.0
0,2025-03-14,0.008220891601078006,0.013502521374383339,1.2710725751440997,1.3512525586338975,xgb_vix__trend_filter,0.603799836545182,0.0
0,2025-03-16,-0.002112007626344702,-0.0036105989049221754,1.268390893035111,1.346382524785512,xgb_vix__trend_filter,0.603799836545182,0.0
0,2025-03-17,0.01302698496859147,0.021462007087010022,1.2850222954492823,1.37559091021201,xgb_vix__trend_filter,0.603799836545182,0.0
0,2025-03-18,-0.0062120413063379305,-0.010401244789656816,1.2770644267656757,1.3613572048748184,xgb_vix__trend_filter,0.5266019509255375,0.07719788561964447
0,2025-03-19,0.006937248097379153,0.013092454761944216,1.2859545403388866,1.3792979000940724,xgb_vix__trend_filter,0.5266019509255375,0.0
0,2025-03-20,-0.0029595612506337953,-0.005774562865621802,1.2821543053991138,1.3713560101996882,xgb_vix__trend_filter,0.5266019509255375,0.0
0,2025-03-21,0.0005646670982241059,0.0009178322967277458,1.2828785001954637,1.372615262839131,xgb_vix__trend_filter,0.5266019509255375,0.0
0,2025-03-23,0.003056502935285601,0.0056497476128064845,1.286805620667219,1.3803921406558421,xgb_vix__trend_filter,0.5266019509255375,0.0
0,2025-03-24,0.0054276395948172395,0.010152459111243226,1.2938089263216361,1.39447789696628,xgb_vix__trend_filter,0.5266019509255375,0.0
0,2025-03-25,0.001999866599280392,0.003643229531838305,1.296398960577508,1.3995675658082716,xgb_vix__trend_filter,0.5266019509255375,0.0
0,2025-03-26,-0.007753041889216663,-0.014877226898973767,1.2863867876812545,1.37890000079621,xgb_vix__trend_filter,0.5266019509255375,0.0
0,2025-03-27,-0.0009514887056905596,-0.001961298327930826,1.2851633872997474,1.3761982168984623,xgb_vix__trend_filter,0.5266019509255375,0.0
0,2025-03-28,-0.012468058345850817,-0.02383088999943742,1.269239372262336,1.3437898820460958,xgb_vix__trend_filter,0.5266019509255375,0.0
0,2025-03-30,-0.0008131262809302607,-0.0016985525775265256,1.2682077398525113,1.3415093216524598,xgb_vix__trend_filter,0.5266019509255375,0.0
0,2025-03-31,0.004075726192793081,0.007585576144867159,1.2733871551251377,1.3517241364076578,xgb_vix__trend_filter,0.5266019509255375,0.0
0,2025-04-01,0.004436533816237036,0.008270738102223776,1.2790491307862824,1.3629502528673414,xgb_vix__trend_filter,0.5266019509255375,0.0
0,2025-04-02,-0.016234447773592238,-0.030982784512910228,1.258452117414055,1.321369725300319,xgb_vix__trend_filter,0.5266019509255375,0.0
0,2025-04-03,-0.008635841882962061,-0.016552922068454202,1.247631115392454,1.299677227633854,xgb_vix__trend_filter,0.47055262069006476,0.05604933023547276
0,2025-04-04,-0.03000972404834901,-0.06390701579554976,1.2107462700362397,1.2192170999583345,xgb_vix__trend_filter,0.47055262069006476,0.0
0,2025-04-06,-0.017438625143656794,-0.03725096567902915,1.189815551591917,1.174635592825578,xgb_vix__trend_filter,0.47055262069006476,0.0
0,2025-04-07,0.02153104375194486,0.045565401969727234,1.2157113031691595,1.2293964620478397,xgb_vix__trend_filter,0.3977077766961685,0.07284484399389624
0,2025-04-08,-0.015302323888836544,-0.03864370940142496,1.1972497079550537,1.1827942626075545,xgb_vix__trend_filter,0.3977077766961685,0.0
0,2025-04-09,0.04041600063854748,0.10136096114531927,1.2466288859972376,1.3089700668045072,xgb_vix__trend_filter,0.3977077766961685,0.0
0,2025-04-10,-0.018017805883933785,-0.04556492510274804,1.224368512481006,1.2506653557988963,xgb_vix__trend_filter,0.3977077766961685,0.0
0,2025-04-11,0.009041522065163291,0.02247329173546388,1.2354888640982764,1.2790901259647276,xgb_vix__trend_filter,0.3977077766961685,0.0
0,2025-04-13,0.0025941014041940096,0.006261839411023085,1.23869800811838,1.2871247123170626,xgb_vix__trend_filter,0.3977077766961685,0.0
0,2025-04-14,-0.0005017195358500788,-0.0015217196685015642,1.2380766850066935,1.2851675588236682,xgb_vix__trend_filter,0.3977077766961685,0.0
0,2025-04-15,-0.002499313763200941,-0.0065444885063282825,1.234986206554364,1.2767842566402448,xgb_vix__trend_filter,0.3977077766961685,0.0
0,2025-04-16,-0.005778709891912909,-0.014790231538950155,1.2278701601325532,1.2580392848015443,xgb_vix__trend_filter,0.3977077766961685,0.0
0,2025-04-17,0.0015037072012506814,0.003520142449496628,1.229717906220928,1.2624755658808031,xgb_vix__trend_filter,0.3977077766961685,0.0
0,2025-04-20,-0.002413435431979552,-0.006329156112806218,1.2267536399261902,1.2545103939332984,xgb_vix__trend_filter,0.3977077766961685,0.0
0,2025-04-21,-0.006601146801269288,-0.016858775131267014,1.2186823283254462,1.2335381650692645,xgb_vix__trend_filter,0.3977077766961685,0.0
0,2025-04-22,0.015335865154548841,0.03830044529383496,1.2375159217843636,1.2816996417885242,xgb_vix__trend_filter,0.3977077766961685,0.0
0,2025-04-23,6.673706750196078e-05,-9.238728764063944e-05,1.2375985127238784,1.2815812345047974,xgb_vix__trend_filter,0.3977077766961685,0.0
0,2025-04-24,0.008467001009532684,0.021029912546808454,1.2481217478340803,1.3088181671403007,xgb_vix__trend_filter,0.3977077766961685,0.0
0,2025-04-25,0.0018401965419702962,0.004367415970522046,1.2504206517271637,1.3145468211075455,xgb_vix__trend_filter,0.3977077766961685,0.0
0,2025-04-27,-0.0014607720279274379,-0.0039325690016590005,1.2485954056747341,1.3093874265144614,xgb_vix__trend_filter,0.3977077766961685,0.0
0,2025-04-28,0.0018572347032108439,0.004410256875927735,1.2509164951291831,1.3151749141884281,xgb_vix__trend_filter,0.3977077766961685,0.0
0,2025-04-29,0.0012629700722874163,0.0029166334121739647,1.2524973633099261,1.3190163966608581,xgb_vix__trend_filter,0.3977077766961685,0.0
0,2025-04-30,0.0045324614597124875,0.011137471874487517,1.2581871439527337,1.333789016797929,xgb_vix__trend_filter,0.3977077766961685,0.0
0,2025-05-01,-0.001491589231217381,-0.004009455200896231,1.2563118444938832,1.328451955990497,xgb_vix__trend_filter,0.3977077766961685,0.0
0,2025-05-02,0.0069812683252291185,0.01729357210990355,1.2651131810799443,1.3516254342611476,xgb_vix__trend_filter,0.3977077766961685,0.0
0,2025-05-04,-0.002172950438028224,-0.005723877634989841,1.2623671374278422,1.3439109949825154,xgb_vix__trend_filter,0.3977077766961685,0.0
0,2025-05-05,-0.0007036569237748893,-0.002029472847487254,1.2614791764978117,1.341186329860887,xgb_vix__trend_filter,0.3977077766961685,0.0
0,2025-05-06,0.00047161458252863685,0.0009256403667091645,1.2620742487843586,1.3424283608153968,xgb_vix__trend_filter,0.3977077766961685,0.0
0,2025-05-07,-0.001727824678007641,-0.004605250285096722,1.2598954885517148,1.3362603557287087,xgb_vix__trend_filter,0.4738937548164043,0.07618597812023575
0,2025-05-08,0.002868600858204058,0.0059424595352063556,1.263514814550341,1.3442246691895066,xgb_vix__trend_filter,0.5243248665921822,0.05043111177577797
0,2025-05-09,0.00047180515612353614,0.0007916960714601827,1.2641110880060689,1.3452893079588213,xgb_vix__trend_filter,0.5842479493849078,0.05992308279272551
0,2025-05-11,0.006320711137606644,0.010747281370111682,1.2721264738229379,1.3598254829416212,xgb_vix__trend_filter,0.5842479493849078,0.0
0,2025-05-12,0.01114653516417995,0.0189536308691679,1.2863855985790418,1.3858449156223258,xgb_vix__trend_filter,0.5842479493849078,0.0
0,2025-05-13,0.005116466772130721,0.008632835654868313,1.2929842141539833,1.3978604765811578,xgb_vix__trend_filter,0.5280018719907822,0.05624607739412557
0,2025-05-14,-0.0009304839924801025,-0.001865435430830456,1.2917816725997802,1.3952552887810705,xgb_vix__trend_filter,0.5280018719907822,0.0
0,2025-05-15,0.0035733083941349316,0.0066122450281283565,1.2964058638041502,1.404511627491813,xgb_vix__trend_filter,0.5280018719907822,0.0
0,2025-05-16,0.001191371532894522,0.0021013716406389177,1.297951285248128,1.4074661315631065,xgb_vix__trend_filter,0.5280018719907822,0.0
0,2025-05-18,-0.0006292106212621754,-0.00134668839614156,1.2971348573930437,1.4055719889519689,xgb_vix__trend_filter,0.5807700195889178,0.05276814759813564
0,2025-05-19,0.004581491120058384,0.007808338717842359,1.3030913035073544,1.4165901318484742,xgb_vix__trend_filter,0.6468172415400143,0.06604722195109647
0,2025-05-20,-0.0034745740501374283,-0.0054156435652889115,1.2985714730692026,1.4089391208902329,xgb_vix__trend_filter,0.6468172415400143,0.0
0,2025-05-21,-0.010369215206770158,-0.01612560005305668,1.2851758769381512,1.3864013381451683,xgb_vix__trend_filter,0.6468172415400143,0.0
0,2025-05-22,-4.914672281078934e-05,-0.00017066302668372228,1.285112716307646,1.3861647508855253,xgb_vix__trend_filter,0.6468172415400143,0.0
0,2025-05-23,-0.004916818446658661,-0.00769602147978021,1.2788095588368167,1.3755377424826438,xgb_vix__trend_filter,0.6468172415400143,0.0
0,2025-05-25,0.005657620497294789,0.008652396998949041,1.2860650831572888,1.387491079051607,xgb_vix__trend_filter,0.6468172415400143,0.0
0,2025-05-26,0.0015463944296906392,0.002296310915319472,1.2880553855377368,1.3906808509136632,xgb_vix__trend_filter,0.6468172415400143,0.0
0,2025-05-27,0.006433916154594758,0.00985279138411279,1.2963693428630723,1.404450663369628,xgb_vix__trend_filter,0.6468172415400143,0.0
0,2025-05-28,0.005917399393308513,0.009054240065263489,1.3040632194458732,1.417224638889428,xgb_vix__trend_filter,0.6468172415400143,0.0
0,2025-05-29,-0.009497176770076107,-0.014777400931744136,1.2917369256756392,1.3964357235661904,xgb_vix__trend_filter,0.6468172415400143,0.0
0,2025-05-30,0.0010728214069477297,0.001564151980261751,1.293123472327127,1.3986216703993757,xgb_vix__trend_filter,0.6468172415400143,0.0
0,2025-06-01,-0.0015836999222747618,-0.002542914372665933,1.2910771735737936,1.3950696134542133,xgb_vix__trend_filter,0.6468172415400143,0.0
0,2025-06-02,0.004012899466052468,0.006107872912521784,1.2962685457350036,1.4036165967299197,xgb_vix__trend_filter,0.6468172415400143,0.0
0,2025-06-03,0.005304996584491335,0.008105712739099633,1.303163518676242,1.4150401451133596,xgb_vix__trend_filter,0.6468172415400143,0.0
0,2025-06-04,-0.0009663629748452552,-0.0015902249752873636,1.301904797990113,1.4127917011732456,xgb_vix__trend_filter,0.6468172415400143,0.0
0,2025-06-05,-0.0028744058300976877,-0.004540119833855995,1.2981679684037846,1.4063919962561773,xgb_vix__trend_filter,0.6468172415400143,0.0
0,2025-06-06,0.006842486902728241,0.010482721605740663,1.3070811250279983,1.4212123551556513,xgb_vix__trend_filter,0.6468172415400143,0.0
0,2025-06-08,-0.0006921613346427126,-0.0011660838890411819,1.306176727042778,1.4195560681978447,xgb_vix__trend_filter,0.6468172415400143,0.0
0,2025-06-09,0.0011916115785615717,0.0017460722271014928,1.30773411006791,1.422036880832074,xgb_vix__trend_filter,0.6468172415400143,0.0
0,2025-06-10,0.003060118878873641,0.00463462722092363,1.3117420611824646,1.4286427878028263,xgb_vix__trend_filter,0.6468172415400143,0.0
0,2025-06-11,-0.0024094884983953567,-0.0038215595131318035,1.3085852384644792,1.4231935632660138,xgb_vix__trend_filter,0.6468172415400143,0.0
0,2025-06-12,-0.0003676697325592604,-0.0006650594887056834,1.3081041997169347,1.4222473695549271,xgb_vix__trend_filter,0.6468172415400143,0.0
0,2025-06-13,-0.0038597335914545795,-0.006063684490515397,1.303064997241675,1.413649404257236,xgb_vix__trend_filter,0.6468172415400143,0.0
0,2025-06-15,0.0011425066044458857,0.001669937736360585,1.3045546083902986,1.4160120829574838,xgb_vix__trend_filter,0.6973733385014586,0.05055609696144425
0,2025-06-16,0.007459486895732117,0.01065651547574122,1.3143223020952408,1.4311825261000581,xgb_vix__trend_filter,0.6973733385014586,0.0
0,2025-06-17,-0.003217050042262375,-0.004689202989220303,1.3101008554211295,1.4244871310223957,xgb_vix__trend_filter,0.7520642369329535,0.054690898431494994
0,2025-06-18,0.001169085373189668,0.0015330438988440658,1.3116333708147225,1.4266726071149565,xgb_vix__trend_filter,0.7520642369329535,0.0
0,2025-06-19,-0.0020187669396675404,-0.002742119849381859,1.3089881596595336,1.4227658586746148,xgb_vix__trend_filter,0.7520642369329535,0.0
0,2025-06-20,0.0010105740222402116,0.0012863074087738023,1.31031165772285,1.4245971504891901,xgb_vix__trend_filter,0.7520642369329535,0.0
0,2025-06-22,-0.0031848341970566016,-0.004292216357236405,1.3061451706535636,1.4184955753052946,xgb_vix__trend_filter,0.7520642369329535,0.0
0,2025-06-23,0.013494414774251944,0.017885872324948728,1.3238902961029433,1.4440948563549658,xgb_vix__trend_filter,0.8071354508802289,0.05507121394727532
0,2025-06-24,0.004930774503444856,0.006101567366992636,1.3304342206702515,1.4529330343547917,xgb_vix__trend_filter,0.7389988526205213,0.06813659825970753
0,2025-06-25,7.140766370075e-05,8.134710820008495e-05,1.330529227261716,1.45305123106296,xgb_vix__trend_filter,0.7389988526205213,0.0
0,2025-06-26,0.006008563333460645,0.00806915899157869,1.3385478625049856,1.4648235650105241,xgb_vix__trend_filter,0.7389988526205213,0.0
0,2025-06-27,0.002926269081789184,0.0038982536637266717,1.342470550350428,1.4705449633251326,xgb_vix__trend_filter,0.7389988526205213,0.0
0,2025-06-29,0.0020890271727096598,0.002765312920841038,1.3452779391434473,1.4746171080952086,xgb_vix__trend_filter,0.7389988526205213,0.0
0,2025-06-30,0.001464549873887187,0.0019200011802159595,1.347249609231732,1.4774510944410808,xgb_vix__trend_filter,0.7389988526205213,0.0
0,2025-07-01,0.00028197163849126686,0.00031989763821410204,1.3476295489751025,1.4779238031619397,xgb_vix__trend_filter,0.7389988526205213,0.0
0,2025-07-02,0.0030475863970044013,0.004062137825629818,1.351742831064426,1.4839395434571399,xgb_vix__trend_filter,0.7389988526205213,0.0
0,2025-07-03,0.004463236153062037,0.005977629571383711,1.357789462271534,1.4928365493647167,xgb_vix__trend_filter,0.8262695457153441,0.08727069309482272
0,2025-07-04,-0.004188254904580684,-0.005052937843136314,1.352114586106228,1.4853123646985973,xgb_vix__trend_filter,0.8262695457153441,0.0
0,2025-07-06,0.0023579920255248897,0.002816905136406781,1.3553066234381386,1.4895022472081227,xgb_vix__trend_filter,0.8262695457153441,0.0
0,2025-07-07,-0.004319552167834615,-0.005264651575910882,1.349464931604211,1.4816811426148455,xgb_vix__trend_filter,0.8262695457153441,0.0
0,2025-07-08,0.00032695367158314153,0.00035882306806263835,1.349906216254159,1.4822128993859218,xgb_vix__trend_filter,0.8262695457153441,0.0
0,2025-07-09,0.004356164303099021,0.0052352107461629905,1.3557994561673505,1.4899929436011847,xgb_vix__trend_filter,0.8262695457153441,0.0
0,2025-07-10,0.0034570874970603228,0.004147095117672386,1.360494684747565,1.496184916538997,xgb_vix__trend_filter,0.8262695457153441,0.0
0,2025-07-11,-0.004662846552782042,-0.005680043209484881,1.3541656738671761,1.487710611556697,xgb_vix__trend_filter,0.8262695457153441,0.0
0,2025-07-13,-0.0024054230668446976,-0.0029479765399055523,1.350912247021627,1.483331333751308,xgb_vix__trend_filter,0.8262695457153441,0.0
0,2025-07-14,0.0037659961226296345,0.004520954504323111,1.3560093691527584,1.4900525890226908,xgb_vix__trend_filter,0.8262695457153441,0.0
0,2025-07-15,-0.004119008774262615,-0.005021942166358121,1.350435442071224,1.4825883891729617,xgb_vix__trend_filter,0.8262695457153441,0.0
0,2025-07-16,0.002722050522327815,0.0032575935622012543,1.35411640317988,1.4874259346654843,xgb_vix__trend_filter,0.8262695457153441,0.0
0,2025-07-17,0.0073506775720510375,0.008859430243372872,1.3641067491772698,1.500662227406221,xgb_vix__trend_filter,0.8262695457153441,0.0
0,2025-07-18,-0.0017956082326219148,-0.002209859340750636,1.36165954563521,1.4973496364937409,xgb_vix__trend_filter,0.8262695457153441,0.0
0,2025-07-20,0.0010073558812763034,0.0011824526819217572,1.363031912501666,1.4991212287928009,xgb_vix__trend_filter,0.9176906273184072,0.09142108160306317
0,2025-07-21,0.0007637617019116148,0.0008663806069725196,1.364073341726172,1.5004206011471548,xgb_vix__trend_filter,0.9176906273184072,0.0
0,2025-07-22,0.0019977816845378553,0.002161271724360391,1.3668011863764136,1.503666924596945,xgb_vix__trend_filter,0.9176906273184072,0.0
0,2025-07-23,0.006033029224655094,0.006558448092946256,1.3750720620087733,1.5135610556786945,xgb_vix__trend_filter,0.9176906273184072,0.0
0,2025-07-24,0.0010521830066406242,0.0011308249632459837,1.3765196508959883,1.5152735964132646,xgb_vix__trend_filter,0.9176906273184072,0.0
0,2025-07-25,0.0024413415937760527,0.002644579757925213,1.3798843110456007,1.5192861617299744,xgb_vix__trend_filter,0.9176906273184072,0.0
0,2025-07-27,0.002789821451615385,0.00302431541988531,1.3837393167858327,1.5238879173688917,xgb_vix__trend_filter,0.9176906273184072,0.0
0,2025-07-28,-0.0027694348025221905,-0.0030334896564431306,1.3799124425495917,1.519272223503264,xgb_vix__trend_filter,0.9176906273184072,0.0
0,2025-07-29,-0.002921557352937194,-0.0031992563602608677,1.375886832595214,1.5144194489532847,xgb_vix__trend_filter,0.9176906273184072,0.0
0,2025-07-30,0.004964329793792084,0.005393895030019301,1.3827341707510907,1.522610138493773,xgb_vix__trend_filter,0.9176906273184072,0.0
0,2025-07-31,-0.011488129495583727,-0.012534215816499534,1.3669400377669954,1.5036445222781247,xgb_vix__trend_filter,0.9176906273184072,0.0
0,2025-08-01,-0.014565131788582295,-0.015886986631375156,1.3471746680001877,1.4799448981331096,xgb_vix__trend_filter,0.9176906273184072,0.0
0,2025-08-03,0.00118487100320186,0.001275663092756159,1.3487718422364106,1.4818340139004196,xgb_vix__trend_filter,0.8114312611768659,0.1062593661415413
0,2025-08-04,0.011805773139716449,0.014574685055426787,1.3647895010062157,1.503589432032786,xgb_vix__trend_filter,0.8114312611768659,0.0
0,2025-08-05,-0.006037180603602104,-0.007480182025327417,1.3565748419432555,1.4923842699627117,xgb_vix__trend_filter,0.7544499944814117,0.056981266695454225
0,2025-08-06,0.007551722355947526,0.00999154664383799,1.366858097781326,1.5073702388382664,xgb_vix__trend_filter,0.7544499944814117,0.0
0,2025-08-07,-0.0003719872751000138,-0.0005488474479684429,1.3663497385195342,1.5065431495232287,xgb_vix__trend_filter,0.7544499944814117,0.0
0,2025-08-08,0.00570763754700904,0.0075095061428325244,1.3741706658668107,1.5178991300958156,xgb_vix__trend_filter,0.7544499944814117,0.0
0,2025-08-10,-0.0011928332818865813,-0.0016368532969853744,1.3725324865931927,1.5154165842362028,xgb_vix__trend_filter,0.7544499944814117,0.0
0,2025-08-11,-0.0018442098801271984,-0.002500490980706885,1.3700035812534859,1.5116320323261598,xgb_vix__trend_filter,0.7544499944814117,0.0
0,2025-08-12,0.008494770231685206,0.011203634688534301,1.3816910176547748,1.5286630318021721,xgb_vix__trend_filter,0.7544499944814117,0.0
0,2025-08-13,0.00190255792153047,0.0024663788556642725,1.384322267104063,1.532437947253495,xgb_vix__trend_filter,0.7544499944814117,0.0
0,2025-08-14,0.00041967298019855053,0.0005007318597688367,1.3849033516796727,1.5332054799047925,xgb_vix__trend_filter,0.7544499944814117,0.0
0,2025-08-15,-0.002670385296168204,-0.003595044267170864,1.3812100595839123,1.5277034343084643,xgb_vix__trend_filter,0.7544499944814117,0.0
0,2025-08-17,0.0015844418378817612,0.0020445967496928413,1.3834002412387472,1.530830167149405,xgb_vix__trend_filter,0.7544499944814117,0.0
0,2025-08-18,-0.0010070357461775751,-0.001390713574923587,1.3820078089767547,1.5287027005462819,xgb_vix__trend_filter,0.7544499944814117,0.0
0,2025-08-19,-0.0051523436244547555,-0.006884802828296683,1.3749055422244094,1.5182140315097157,xgb_vix__trend_filter,0.7544499944814117,0.0
0,2025-08-20,-0.001840921471661605,-0.002495615768829168,1.3723767774330862,1.514429876494693,xgb_vix__trend_filter,0.7544499944814117,0.0
0,2025-08-21,-0.001490806077626037,-0.0020318069690896125,1.370332354090513,1.511355971166053,xgb_vix__trend_filter,0.7544499944814117,0.0
0,2025-08-22,0.010105502149814262,0.01333938453682404,1.384250456905479,1.5316515942498419,xgb_vix__trend_filter,0.7544499944814117,0.0
0,2025-08-24,-0.00016205022818854083,-0.0002699367609518823,1.3840261569774854,1.531238200977114,xgb_vix__trend_filter,0.6869473861301922,0.06750260835121946
0,2025-08-25,-0.0024262554291926727,-0.003560379032394307,1.3806722263914237,1.5257961063014418,xgb_vix__trend_filter,0.6869473861301922,0.0
0,2025-08-26,0.002833263896194271,0.004047033606233401,1.384589581993525,1.5319835664042931,xgb_vix__trend_filter,0.6869473861301922,0.0
0,2025-08-27,-0.001034361877158959,-0.0015827678007944669,1.3831581557483925,1.529560710059349,xgb_vix__trend_filter,0.6869473861301922,0.0
0,2025-08-28,0.004086517850730939,0.005871776508250148,1.3888220211036466,1.5385683683023426,xgb_vix__trend_filter,0.7857306739882566,0.09878328785806434
0,2025-08-29,-0.004898485648732316,-0.006217216388642424,1.38203553169535,1.5290324300403597,xgb_vix__trend_filter,0.7857306739882566,0.0
0,2025-08-31,0.0017616479110627498,0.0021962796535966466,1.3844723374694774,1.5323943033117053,xgb_vix__trend_filter,0.841437392663048,0.05570671867479138
0,2025-09-01,-0.0024073006969867043,-0.0028594652332769406,1.3811435046049414,1.5280187339533602,xgb_vix__trend_filter,0.841437392663048,0.0
0,2025-09-02,-0.004517489835704198,-0.005400181611292922,1.3749182746546418,1.5197893952449657,xgb_vix__trend_filter,0.841437392663048,0.0
0,2025-09-03,0.002730842466013845,0.003214194440140007,1.3786780912632275,1.5246821527941272,xgb_vix__trend_filter,0.841437392663048,0.0
0,2025-09-04,0.007774622585376203,0.009208586876061508,1.3894385682119375,1.5387871647977125,xgb_vix__trend_filter,0.841437392663048,0.0
0,2025-09-05,-0.0034756643941502544,-0.004161059962847716,1.3846177287157126,1.5323974822804456,xgb_vix__trend_filter,0.841437392663048,0.0
0,2025-09-07,0.0021275858158666164,0.002498081001025138,1.3875667577995223,1.5362303206941534,xgb_vix__trend_filter,0.841437392663048,0.0
0,2025-09-08,0.0006074792592907977,0.0006912973897352307,1.3884099319052277,1.5372926798656348,xgb_vix__trend_filter,0.9149789775917105,0.07354158492866258
0,2025-09-09,0.00281458971930786,0.0031011956788482907,1.3923232408218675,1.542067525319799,xgb_vix__trend_filter,0.9149789775917105,0.0
0,2025-09-10,0.0022154529286451175,0.002406235613447227,1.3954112868706279,1.5457825709626296,xgb_vix__trend_filter,0.9149789775917105,0.0
0,2025-09-11,0.006605888888418005,0.007204673392161704,1.4046597322548706,1.5569596447571772,xgb_vix__trend_filter,0.9149789775917105,0.0
0,2025-09-12,-0.0006111740647962002,-0.0006830083250838938,1.403801502947115,1.5558965914364487,xgb_vix__trend_filter,0.9149789775917105,0.0
0,2025-09-14,-5.5678654827800604e-05,-7.589556777169537e-05,1.4037233433437166,1.555778510262223,xgb_vix__trend_filter,0.9149789775917105,0.0
0,2025-09-15,0.012277729491658064,0.013403622448100151,1.4210641136456426,1.5767719578484345,xgb_vix__trend_filter,0.9149789775917105,0.0
0,2025-09-16,-0.0007063138049599562,-0.0007868411018205569,1.4200607508306584,1.5755317768404817,xgb_vix__trend_filter,0.841319432317502,0.0736595452742086
0,2025-09-17,0.0013732147037861762,0.0016459065527339454,1.4220121386645546,1.578127090151723,xgb_vix__trend_filter,0.841319432317502,0.0
0,2025-09-18,0.0025042766773489176,0.002946446158111007,1.4255777132274998,1.5827838136771197,xgb_vix__trend_filter,0.9149789775917105,0.0736595452742086
0,2025-09-19,0.002257492532521915,0.002492654839295593,1.4287995795709538,1.5867340686756075,xgb_vix__trend_filter,0.9149789775917105,0.0
0,2025-09-21,-0.0006677247453099252,-0.0007446294295356561,1.4278458531843756,1.585552979582647,xgb_vix__trend_filter,0.9149789775917105,0.0
0,2025-09-22,0.004926566102293326,0.005369600715628251,1.4348975863159346,1.5940896647807206,xgb_vix__trend_filter,0.9149789775917105,0.0
0,2025-09-23,-0.004515280196439816,-0.004949594074600427,1.4284332268404951,1.58621906223355,xgb_vix__trend_filter,0.9149789775917105,0.0
0,2025-09-24,-0.0026158880131982075,-0.002873781664161712,1.4247014885175058,1.581667158698321,xgb_vix__trend_filter,0.9149789775917105,0.0
0,2025-09-25,-0.005413894578513831,-0.005931856330415821,1.4170091464061463,1.5723127084074815,xgb_vix__trend_filter,0.9149789775917105,0.0
0,2025-09-26,0.005307225110430491,0.005785557312655978,1.4245495244726543,1.5814357792722846,xgb_vix__trend_filter,0.9149789775917105,0.0
0,2025-09-28,0.0011051374669646058,0.0011930062853896712,1.4261247177679406,1.5833235679448707,xgb_vix__trend_filter,0.9149789775917105,0.0
0,2025-09-29,0.0007634724267716037,0.0008195195553391751,1.4272139404099127,1.5846216644062967,xgb_vix__trend_filter,0.9149789775917105,0.0
0,2025-09-30,0.0016806248847966952,0.0018219687336273487,1.429614568386605,1.587511427262862,xgb_vix__trend_filter,0.9149789775917105,0.0
0,2025-10-01,0.004886580673000494,0.005325862921195025,1.4366175917904969,1.5959888502683517,xgb_vix__trend_filter,0.9149789775917105,0.0
0,2025-10-02,0.0013314401599465557,0.001440337315417918,1.4385316360816536,1.5982892688560522,xgb_vix__trend_filter,0.9149789775917105,0.0
0,2025-10-03,-0.0008319788351919215,-0.0009241462205272096,1.4373353059363672,1.5968128981652008,xgb_vix__trend_filter,0.9149789775917105,0.0
0,2025-10-05,0.0021058263348728095,0.002286643581220195,1.4403652736488515,1.6004684179718376,xgb_vix__trend_filter,0.9149789775917105,0.0
0,2025-10-06,1.35617956982802e-05,0.0,1.4403848077208818,1.6004684179718376,xgb_vix__trend_filter,0.9149789775917105,0.0
0,2025-10-07,-0.0025583520248070287,-0.0028108624901396835,1.4367045060924575,1.595976038018097,xgb_vix__trend_filter,0.9149789775917105,0.0
0,2025-10-08,0.006665291767289562,0.007269854136130654,1.446312545431067,1.6076208276941382,xgb_vix__trend_filter,0.9149789775917105,0.0
0,2025-10-09,-0.0026480917379587926,-0.0029090146680482757,1.4424876437094702,1.6029510306728592,xgb_vix__trend_filter,0.9149789775917105,0.0
0,2025-10-10,-0.03312529593967573,-0.03621816298184012,1.3954875571404723,1.545933850336721,xgb_vix__trend_filter,0.9149789775917105,0.0
0,2025-10-12,0.015965530922870497,0.017434246597838706,1.4179460608032226,1.5731223592262633,xgb_vix__trend_filter,0.6833914549672947,0.23158752262441584
0,2025-10-13,0.002283751881957337,0.0034373316391919134,1.4211879982694575,1.5785390065573248,xgb_vix__trend_filter,0.6833914549672947,0.0
0,2025-10-14,-0.0001793719675321064,-0.0003363731562903064,1.4209330998434744,1.5780081177027474,xgb_vix__trend_filter,0.6833914549672947,0.0
0,2025-10-15,0.0026966776729597038,0.0038719382022149723,1.4247700696187282,1.5841299115727505,xgb_vix__trend_filter,0.6833914549672947,0.0
0,2025-10-16,-0.006499675321356749,-0.009584810940937636,1.4155395569222353,1.569018859837198,xgb_vix__trend_filter,0.6833914549672947,0.0
0,2025-10-17,0.006134766328332814,0.008903410991744765,1.4242502530559704,1.5830508532083982,xgb_vix__trend_filter,0.6833914549672947,0.0
0,2025-10-19,-0.00048478285131573927,-0.0007829102689817794,1.4235599682899343,1.581811951476827,xgb_vix__trend_filter,0.6833914549672947,0.0
0,2025-10-20,0.007334614845987387,0.01065968898479135,1.4340396174820522,1.5987637649237452,xgb_vix__trend_filter,0.6833914549672947,0.0
0,2025-10-21,-0.0007830707981555126,-0.0012186568250561625,1.4329171024959175,1.596816607249444,xgb_vix__trend_filter,0.6322026017350443,0.05118885323225042
0,2025-10-22,-0.003985468779148812,-0.006355030072358481,1.4272176212173513,1.5867009663359455,xgb_vix__trend_filter,0.6322026017350443,0.0
0,2025-10-23,0.005069075151382221,0.007926934929969768,1.4344706621706296,1.5993286248401781,xgb_vix__trend_filter,0.6322026017350443,0.0
0,2025-10-24,0.004179286267318958,0.006519953964442777,1.4404782707235846,1.6097902414173142,xgb_vix__trend_filter,0.6322026017350443,0.0
0,2025-10-26,0.004244004915867414,0.00662232407233357,1.4466046586003785,1.620486170950979,xgb_vix__trend_filter,0.6322026017350443,0.0
0,2025-10-27,0.003738770227764923,0.005824081591375907,1.4520233042528201,1.6299515514470426,xgb_vix__trend_filter,0.6322026017350443,0.0
0,2025-10-28,0.0015853194862530382,0.002417814778170993,1.454327050696121,1.6338972404462688,xgb_vix__trend_filter,0.6322026017350443,0.0
0,2025-10-29,-0.00044495548786657946,-0.0007945394313366258,1.4536800838401618,1.632599560259289,xgb_vix__trend_filter,0.6322026017350443,0.0
0,2025-10-30,-0.002119328655969357,-0.0034427842106026386,1.450602520318069,1.6269885365850238,xgb_vix__trend_filter,0.6322026017350443,0.0
0,2025-10-31,-0.0023580655850993885,-0.0038197189816237776,1.44718593428737,1.6207857515784418,xgb_vix__trend_filter,0.6322026017350443,0.0
0,2025-11-02,0.001914169476592626,0.0029379802906777074,1.4499587463992494,1.6255545901185349,xgb_vix__trend_filter,0.6322026017350443,0.0
0,2025-11-03,-0.001435942757433478,-0.0023632088880495257,1.4478781827814076,1.6217176006526823,xgb_vix__trend_filter,0.6322026017350443,0.0
0,2025-11-04,-0.007666657452358182,-0.012218313598323795,1.4368202396157297,1.6020235057594334,xgb_vix__trend_filter,0.6322026017350443,0.0
0,2025-11-05,0.0038964943307162447,0.006071949287877576,1.4424297230966996,1.6117805032642258,xgb_vix__trend_filter,0.6322026017350443,0.0
0,2025-11-06,-0.006461035948719436,-0.010310603497416176,1.433140175169803,1.5952474529004383,xgb_vix__trend_filter,0.729768090158688,0.09756548842364376
0,2025-11-07,-6.749938481090379e-06,0.0,1.433130501594434,1.5952474529004383,xgb_vix__trend_filter,0.7867111631547012,0.0569430729960132
0,2025-11-09,0.0023525800128273437,0.002984419156663746,1.4365060248056214,1.6000154512723836,xgb_vix__trend_filter,0.7867111631547012,0.0
0,2025-11-10,0.008861151422972387,0.011221045635972702,1.4492916863923766,1.6180704059606077,xgb_vix__trend_filter,0.7867111631547012,0.0
0,2025-11-11,0.001063868342739853,0.0013098057230095592,1.4508343623935036,1.6201911524182966,xgb_vix__trend_filter,0.7867111631547012,0.0
0,2025-11-12,-0.001457803808603443,-0.0018955284192332233,1.448720871436235,1.6171229429021448,xgb_vix__trend_filter,0.7867111631547012,0.0
0,2025-11-13,-0.010575258095734758,-0.01348496471973769,1.4334809991339619,1.5954624706567273,xgb_vix__trend_filter,0.7867111631547012,0.0
0,2025-11-14,-0.0001700728321393805,-0.00025867484860346546,1.4332372236909987,1.5950498180174082,xgb_vix__trend_filter,0.7867111631547012,0.0
0,2025-11-16,0.00020782151283512258,0.00022167214871020148,1.4335351121718232,1.5954034353299746,xgb_vix__trend_filter,0.7867111631547012,0.0
0,2025-11-17,-0.007626434396585171,-0.009736779601564351,1.422643933900069,1.5799447248628617,xgb_vix__trend_filter,0.7867111631547012,0.0
0,2025-11-18,-0.007044100713487659,-0.008996244083803343,1.4126578993584462,1.5657948995516897,xgb_vix__trend_filter,0.7867111631547012,0.0
0,2025-11-19,0.010580490835131424,0.013406522965752172,1.4276838641818914,1.5869281097357606,xgb_vix__trend_filter,0.7867111631547012,0.0
0,2025-11-20,-0.0198581994719697,-0.02528443136094541,1.3996122812624627,1.5473065499984449,xgb_vix__trend_filter,0.7324264232407172,0.05428473991398408
0,2025-11-21,0.007248632821499491,0.009877262711350188,1.4097944154749076,1.5626654302675562,xgb_vix__trend_filter,0.6435053509311742,0.08892107230954294
0,2025-11-23,0.002114380578961137,0.003269084849022316,1.4127784109466632,1.5677822752930684,xgb_vix__trend_filter,0.6435053509311742,0.0
0,2025-11-24,0.006660634702878117,0.010264601105469635,1.4222198198410485,1.5839578106545584,xgb_vix__trend_filter,0.6435053509311742,0.0
0,2025-11-25,0.005842121664375684,0.008992860951163414,1.430552918850196,1.5982663639840948,xgb_vix__trend_filter,0.6435053509311742,0.0
0,2025-11-26,0.004389963037650909,0.0067357833480143365,1.4368467981281996,1.6090682787823143,xgb_vix__trend_filter,0.6435053509311742,0.0
0,2025-11-27,0.0007378777737550996,0.0010604843647018937,1.4379074066964523,1.610775575654514,xgb_vix__trend_filter,0.6435053509311742,0.0
0,2025-11-28,0.0020021311864498025,0.003025999007006076,1.4407891698299113,1.6156571630613537,xgb_vix__trend_filter,0.6435053509311742,0.0
0,2025-11-30,-0.00034419575706491975,-0.0006201663902505387,1.4402933416467043,1.6146554974224412,xgb_vix__trend_filter,0.6435053509311742,0.0
0,2025-12-01,-0.002586134829022516,-0.004102575599236016,1.4365733611307483,1.6080448208498361,xgb_vix__trend_filter,0.6435053509311742,0.0
0,2025-12-02,0.002003846434781497,0.003031082320767658,1.4394549196749424,1.6129263314701963,xgb_vix__trend_filter,0.6435053509311742,0.0
0,2025-12-03,0.0017168209367558853,0.002586146980199068,1.4419283286111544,1.6171029944359219,xgb_vix__trend_filter,0.6435053509311742,0.0
0,2025-12-04,7.59186199976954e-05,3.6423238033874194e-05,1.442037801975479,1.6171618956358933,xgb_vix__trend_filter,0.6435053509311742,0.0
0,2025-12-05,0.0015257293098916748,0.0022894125687302758,1.4442396405936533,1.6208684877457349,xgb_vix__trend_filter,0.6435053509311742,0.0
0,2025-12-07,0.0001927588149273086,0.00021799157271911254,1.444518057348025,1.6212218619314471,xgb_vix__trend_filter,0.6435053509311742,0.0
0,2025-12-08,-0.0011183546510715725,-0.0018199034573725334,1.4429034768651112,1.6182740778146034,xgb_vix__trend_filter,0.6435053509311742,0.0
0,2025-12-09,-0.0020150296421884853,-0.0032133262001972722,1.4399989109643998,1.6130823810960293,xgb_vix__trend_filter,0.6435053509311742,0.0
0,2025-12-10,0.003441420523067676,0.005266814545464648,1.4449630897838375,1.6216005990902356,xgb_vix__trend_filter,0.6435053509311742,0.0
0,2025-12-11,0.00203243772181887,0.0030779307037044627,1.447902873726067,1.6265994624944393,xgb_vix__trend_filter,0.6435053509311742,0.0
0,2025-12-12,-0.006587698831333363,-0.010317004091577013,1.4383958746621088,1.6099041003327907,xgb_vix__trend_filter,0.6435053509311742,0.0
0,2025-12-14,4.26045276976938e-06,-7.317430125072906e-05,1.4384020028928517,1.6097863010351614,xgb_vix__trend_filter,0.6435053509311742,0.0
0,2025-12-15,0.0040061454109560505,0.006145269820459761,1.4441760085065507,1.619709330828022,xgb_vix__trend_filter,0.6435053509311742,0.0
0,2025-12-16,-0.0027687463073290883,-0.004382615088050117,1.440182981905557,1.6126263007109718,xgb_vix__trend_filter,0.6435053509311742,0.0
0,2025-12-17,-0.005926086630593053,-0.009289086057864408,1.4316735714457904,1.5977158357355872,xgb_vix__trend_filter,0.879369336440177,0.23586398550900278
0,2025-12-18,0.0060153412507554455,0.006954922742962751,1.4403115306272698,1.6088665571939254,xgb_vix__trend_filter,0.879369336440177,0.0
0,2025-12-19,0.008149712466134476,0.009247974296008012,1.4520976168366266,1.6238143255152968,xgb_vix__trend_filter,0.879369336440177,0.0
0,2025-12-21,0.0016090046412652146,0.0018100212609987885,1.4544359293150315,1.6267561255255214,xgb_vix__trend_filter,0.879369336440177,0.0
0,2025-12-22,0.0031576947686422353,0.003571049691684161,1.4590358527953438,1.6325757373630556,xgb_vix__trend_filter,0.879369336440177,0.0
0,2025-12-23,0.003335496030558453,0.0037731870555451834,1.4639105863985766,1.6387473870747573,xgb_vix__trend_filter,0.879369336440177,0.0
0,2025-12-24,0.0029153030799586553,0.003295134907782547,1.468184556371766,1.6441561872640782,xgb_vix__trend_filter,0.879369336440177,0.0
0,2025-12-25,0.0006156802599364035,0.0006800530249738055,1.4690887669448052,1.6452746809271501,xgb_vix__trend_filter,0.879369336440177,0.0
0,2025-12-26,-0.0009593739852856758,-0.001110792832634963,1.4676800372570797,1.643448136248038,xgb_vix__trend_filter,0.879369336440177,0.0
0,2025-12-28,0.0003324061049085162,0.00035819185521362366,1.4681679841552875,1.6440369114258495,xgb_vix__trend_filter,0.879369336440177,0.0
0,2025-12-29,-0.003587923609717714,-0.0041001409539960995,1.4629097482970528,1.6373099285684134,xgb_vix__trend_filter,0.879369336440177,0.0
0,2025-12-30,-0.001059178765315511,-0.0012243431217797242,1.4613610856561572,1.635306526095429,xgb_vix__trend_filter,0.879369336440177,0.0
0,2025-12-31,-0.006201053271292551,-0.007071681683198669,1.4523271466325098,1.6237829524340053,xgb_vix__trend_filter,0.879369336440177,0.0
0,2026-01-01,0.0011641136082975543,0.001303828553950876,1.4540188048777576,1.625901467803105,xgb_vix__trend_filter,0.879369336440177,0.0
0,2026-01-02,-0.0002692590648565659,-0.0003260633345214351,1.4536273498378465,1.625371407370242,xgb_vix__trend_filter,0.879369336440177,0.0
0,2026-01-04,0.0008450230139664026,0.0009410744114156186,1.4548562175398108,1.626901722768156,xgb_vix__trend_filter,0.879369336440177,0.0
0,2026-01-05,0.004419513743201875,0.005005963239690824,1.4613002037416878,1.6350663518532218,xgb_vix__trend_filter,0.879369336440177,0.0
0,2026-01-06,0.005712486384568502,0.006476358499329907,1.4696717496650211,1.6456899918361174,xgb_vix__trend_filter,0.879369336440177,0.0
0,2026-01-07,-0.002823629472680446,-0.0032306754409008346,1.4655277944478158,1.6403818806052972,xgb_vix__trend_filter,0.879369336440177,0.0
0,2026-01-08,-4.5809353013887966e-05,-7.17978174080676e-05,1.4654606611054075,1.640264108994477,xgb_vix__trend_filter,0.879369336440177,0.0
0,2026-01-09,0.005039452651900539,0.005711053362620967,1.4728644204988581,1.6496585453793229,xgb_vix__trend_filter,0.879369336440177,0.0
0,2026-01-11,-0.0007051923629606737,-0.0008216340723496716,1.471826133896765,1.6483036863860727,xgb_vix__trend_filter,0.879369336440177,0.0
0,2026-01-12,0.000990320647173034,0.0011061949159301768,1.4732844356802108,1.6501280404033978,xgb_vix__trend_filter,0.879369336440177,0.0
0,2026-01-13,-0.0010191662927511354,-0.0011789506499351092,1.4717836787340801,1.6481837672039634,xgb_vix__trend_filter,0.879369336440177,0.0
0,2026-01-14,-0.004783783949867729,-0.005459993325764981,1.4647597973544608,1.6392092176212152,xgb_vix__trend_filter,0.879369336440177,0.0
0,2026-01-15,0.0037918785319149355,0.004292012190105137,1.4703245323163427,1.6462598434278217,xgb_vix__trend_filter,0.879369336440177,0.0
0,2026-01-16,-0.0014947312229763297,-0.0017197529164211737,1.468128434027203,1.6434311163139266,xgb_vix__trend_filter,0.879369336440177,0.0
0,2026-01-18,-0.005594657497143372,-0.00638210137942783,1.459937691839902,1.6329759707066498,xgb_vix__trend_filter,0.879369336440177,0.0
0,2026-01-19,-0.003356306780831412,-0.003836696822369757,1.4550459068228787,1.6267227405337539,xgb_vix__trend_filter,0.879369336440177,0.0
0,2026-01-20,-0.009603448972621885,-0.010940976582699494,1.4411393301327964,1.6090218144058728,xgb_vix__trend_filter,0.879369336440177,0.0
0,2026-01-21,0.011701916917958322,0.013287029793810768,1.4581024799560587,1.6305435988587529,xgb_vix__trend_filter,0.879369336440177,0.0
0,2026-01-22,0.002171447193107897,0.002449129048140608,1.4612721125929196,1.634541904735947,xgb_vix__trend_filter,0.879369336440177,0.0
0,2026-01-23,-0.0009334735467798705,-0.001081665976146605,1.4599086901895444,1.6327748322343991,xgb_vix__trend_filter,0.879369336440177,0.0
0,2026-01-25,-0.0024623453048561905,-0.002820266237403643,1.4563183130689412,1.62817645986685,xgb_vix__trend_filter,0.879369336440177,0.0
0,2026-01-26,0.008457266610843157,0.009597282866484405,1.4686870142918602,1.643877754273131,xgb_vix__trend_filter,0.879369336440177,0.0
0,2026-01-27,0.003967691073093241,0.004491833595391543,1.4745258864081165,1.6512783883616253,xgb_vix__trend_filter,0.879369336440177,0.0
0,2026-01-28,-0.0020876999537245864,-0.002394227557628628,1.471450729902264,1.647329581196681,xgb_vix__trend_filter,0.879369336440177,0.0
0,2026-01-29,-0.001178025899225515,-0.0013597656804592779,1.4697183434314127,1.6450911212032049,xgb_vix__trend_filter,0.879369336440177,0.0
0,2026-01-30,-0.003171964554004236,-0.0036272300690294917,1.4650638348124125,1.6391348062149975,xgb_vix__trend_filter,0.879369336440177,0.0
0,2026-02-01,-0.0018495188286525674,-0.002123373076806937,1.4623566759071354,1.6356580040785735,xgb_vix__trend_filter,0.879369336440177,0.0
0,2026-02-02,0.00863573707430797,0.009800235660116362,1.4750398892953698,1.6517666432792613,xgb_vix__trend_filter,0.879369336440177,0.0
0,2026-02-03,-0.009197311192322142,-0.010479125386086419,1.4615356847918974,1.6345479495093596,xgb_vix__trend_filter,0.879369336440177,0.0
0,2026-02-04,-0.0030327928517713846,-0.0034689669860838894,1.4571098645048457,1.6288875801288751,xgb_vix__trend_filter,0.8049703638998686,0.07439897254030836
0,2026-02-05,-0.017515109301867508,-0.021748059062083634,1.4318106321428248,1.5938448734497825,xgb_vix__trend_filter,0.8049703638998686,0.0
0,2026-02-06,0.02025426783660133,0.025125936980946142,1.461106590760717,1.6343990668422048,xgb_vix__trend_filter,0.6898854204927262,0.11508494340714248
0,2026-02-08,0.0026840180890705164,0.003907940546130085,1.4650334948637667,1.6407986977680677,xgb_vix__trend_filter,0.6202142862579276,0.06967113423479854
0,2026-02-09,0.0005319356102686232,0.000823929880094304,1.465813005656315,1.642151157932038,xgb_vix__trend_filter,0.6202142862579276,0.0
0,2026-02-10,-0.0002999331171386121,-0.0005734972893988531,1.465373425717972,1.6412096586936162,xgb_vix__trend_filter,0.6202142862579276,0.0
