split,date,router_return,bh_return,router_equity,bh_equity,selected_pair,selected_weight,selected_turnover
0,2023-01-02,0.0004921154404840456,0.0009040424840144407,1.000492236549153,1.0009044512535934,dynamic_precision_ensemble__trend_filter,0.43467947156223113,0.43467947156223113
0,2023-01-03,-0.002894250026000478,-0.006892122090192777,0.9976007482310006,0.9940298132101558,dynamic_precision_ensemble__trend_filter,0.43467947156223113,0.0
0,2023-01-04,0.003188902088105285,0.00710141550654556,1.0007870770853249,1.0011139558888444,dynamic_precision_ensemble__trend_filter,0.43467947156223113,0.0
0,2023-01-05,-0.004145988961962486,-0.009778512689317993,0.9966464144125526,0.9913722576520592,dynamic_precision_ensemble__trend_filter,0.43467947156223113,0.0
0,2023-01-06,0.008851692475920747,0.020122731782035285,1.0055075822888884,1.0115234441788328,dynamic_precision_ensemble__trend_filter,0.43467947156223113,0.0
0,2023-01-08,0.001129681114301721,0.0023578915565094735,1.0066441270605997,1.013911320837866,dynamic_precision_ensemble__trend_filter,0.43467947156223113,0.0
0,2023-01-09,-0.0012282886979834004,-0.0030682737954938854,1.0054084365041687,1.010805131058421,dynamic_precision_ensemble__trend_filter,0.43467947156223113,0.0
0,2023-01-10,0.0035791624165240686,0.007989939334516348,1.0090134041272518,1.0189137532972459,dynamic_precision_ensemble__trend_filter,0.43467947156223113,0.0
0,2023-01-11,0.005092278886778379,0.011471448954245489,1.0141646865332656,1.0306694690385036,dynamic_precision_ensemble__trend_filter,0.43467947156223113,0.0
0,2023-01-12,0.0018684355770519235,0.004057945971586012,1.0160613592682002,1.0348603675273123,dynamic_precision_ensemble__trend_filter,0.43467947156223113,0.0
0,2023-01-13,0.0016730212950813372,0.00360787048656306,1.017762674330698,1.0386007530610175,dynamic_precision_ensemble__trend_filter,0.43467947156223113,0.0
0,2023-01-15,-0.0004909200019309519,-0.0013703754131918061,1.0172631568982318,1.0371784548887042,dynamic_precision_ensemble__trend_filter,0.43467947156223113,0.0
0,2023-01-16,5.0595140913500445e-05,-0.00012459506635772286,1.017314626773053,1.0370492356205014,dynamic_precision_ensemble__trend_filter,0.43467947156223113,0.0
0,2023-01-17,-0.001252554555816279,-0.003124614504226263,1.016041182398358,1.033813913736389,dynamic_precision_ensemble__trend_filter,0.43467947156223113,0.0
0,2023-01-18,-0.005842706000344498,-0.013683435799860968,1.010122061166447,1.0197641312854169,dynamic_precision_ensemble__trend_filter,0.43467947156223113,0.0
0,2023-01-19,-0.0030562870064664016,-0.007274183482415035,1.007039551153058,1.0123730943556293,dynamic_precision_ensemble__trend_filter,0.43467947156223113,0.0
0,2023-01-20,0.007736049161742657,0.017553563357906213,1.0148602703592382,1.03030073627735,dynamic_precision_ensemble__trend_filter,0.43467947156223113,0.0
0,2023-01-22,-0.0004124770789853963,-0.0011924938493559076,1.014441750080287,1.02907284126049,dynamic_precision_ensemble__trend_filter,0.43467947156223113,0.0
0,2023-01-23,0.005415088735580968,0.012213571779036007,1.019949942389307,1.041718563795133,dynamic_precision_ensemble__trend_filter,0.43467947156223113,0.0
0,2023-01-24,-0.0014899272565418304,-0.0036712172491154943,1.0184314226926872,1.0379012001081938,dynamic_precision_ensemble__trend_filter,0.43467947156223113,0.0
0,2023-01-25,0.00223217987455093,0.004891660398903093,1.020707283938887,1.0429906982062853,dynamic_precision_ensemble__trend_filter,0.43467947156223113,0.0
0,2023-01-26,0.0028072024966305674,0.006215042226872963,1.0235766415242744,1.0494931149044626,dynamic_precision_ensemble__trend_filter,0.43467947156223113,0.0
0,2023-01-27,0.0023678482184138656,0.005203255634555182,1.0260031873636952,1.0549681274605063,dynamic_precision_ensemble__trend_filter,0.43467947156223113,0.0
0,2023-01-29,-0.0005601371504603031,-0.001532708588349193,1.0254286457880246,1.0533524072815137,dynamic_precision_ensemble__trend_filter,0.43467947156223113,0.0
0,2023-01-30,-0.0035760707064302183,-0.008470485644263812,1.0217681893726787,1.044467682924881,dynamic_precision_ensemble__trend_filter,0.43467947156223113,0.0
0,2023-01-31,0.004099720026541202,0.009189053897888605,1.025965751416439,1.0541095848905815,dynamic_precision_ensemble__trend_filter,0.43467947156223113,0.0
0,2023-02-01,0.007357817200136552,0.016686519396863903,1.033542459704286,1.0718465777072745,dynamic_precision_ensemble__trend_filter,0.43467947156223113,0.0
0,2023-02-02,0.0016439140688477589,0.0035414239757410324,1.0352429120103306,1.075649170197749,dynamic_precision_ensemble__trend_filter,0.48536775212896693,0.0506882805667358
0,2023-02-03,-0.0021536873930612455,-0.004582746364894449,1.0330157215988112,1.0707310207961693,dynamic_precision_ensemble__trend_filter,0.48536775212896693,0.0
0,2023-02-05,-0.0005781073402611561,-0.0013888054701462365,1.0324187002153993,1.0692450158221987,dynamic_precision_ensemble__trend_filter,0.48536775212896693,0.0
0,2023-02-06,-0.0011378836102884733,-0.0025425295249380184,1.0312445960211123,1.0665298819167925,dynamic_precision_ensemble__trend_filter,0.48536775212896693,0.0
0,2023-02-07,0.004550491501572073,0.009177192452695737,1.035947958981908,1.0763626816369092,dynamic_precision_ensemble__trend_filter,0.48536775212896693,0.0
0,2023-02-08,-0.003954756204859447,-0.008346534350469828,1.0318591278574842,1.0674161716553878,dynamic_precision_ensemble__trend_filter,0.48536775212896693,0.0
0,2023-02-09,-0.004585626229701906,-0.009648415090529409,1.0271382399616587,1.0571668218583798,dynamic_precision_ensemble__trend_filter,0.48536775212896693,0.0
0,2023-02-10,0.000748994365268495,0.001341627430301285,1.0279078488961406,1.058586097721817,dynamic_precision_ensemble__trend_filter,0.48536775212896693,0.0
0,2023-02-12,-0.0011485485582307978,-0.0025678678239180294,1.0267279245482106,1.0558712756864885,dynamic_precision_ensemble__trend_filter,0.48536775212896693,0.0
0,2023-02-13,0.007031028014172599,0.014283618860185171,1.0339723152616072,1.0710611635836678,dynamic_precision_ensemble__trend_filter,0.48536775212896693,0.0
0,2023-02-14,-0.0009867039904242582,-0.0022348411924565676,1.0329525938164918,1.0686701846998488,dynamic_precision_ensemble__trend_filter,0.48536775212896693,0.0
0,2023-02-15,0.0024318805623901726,0.004808866837410718,1.0354676680918649,1.0738216537481242,dynamic_precision_ensemble__trend_filter,0.48536775212896693,0.0
0,2023-02-16,-0.008361615347328221,-0.0174310054306487,1.026845583260632,1.0552660538764909,dynamic_precision_ensemble__trend_filter,0.48536775212896693,0.0
0,2023-02-17,-0.00013875796269069258,-0.0004895062301566239,1.026703110144369,1.0547496209775185,dynamic_precision_ensemble__trend_filter,0.48536775212896693,0.0
0,2023-02-19,-0.0007043627713820103,-0.0016548181121479742,1.0259801933240569,1.0530056455799597,dynamic_precision_ensemble__trend_filter,0.48536775212896693,0.0
0,2023-02-20,-0.00013926787620033873,-0.0004905568016200339,1.0258373171907678,1.052489213178446,dynamic_precision_ensemble__trend_filter,0.48536775212896693,0.0
0,2023-02-21,-0.007980002849779464,-0.016645613042757745,1.017683708654592,1.0351148893063502,dynamic_precision_ensemble__trend_filter,0.48536775212896693,0.0
0,2023-02-22,6.857274095316756e-05,-6.234413969130934e-05,1.0177534964086592,1.035050357970691,dynamic_precision_ensemble__trend_filter,0.48536775212896693,0.0
0,2023-02-23,0.0003710183817474005,0.0005607826326738028,1.0181311717218238,1.0356309590156596,dynamic_precision_ensemble__trend_filter,0.48536775212896693,0.0
0,2023-02-24,-0.004510875428330265,-0.009498192543079764,1.0135488517438669,1.0258409042770567,dynamic_precision_ensemble__trend_filter,0.48536775212896693,0.0
0,2023-02-26,0.0007090761911177666,0.0012564395818436057,1.0142677899640378,1.0271306214500509,dynamic_precision_ensemble__trend_filter,0.48536775212896693,0.0
0,2023-02-27,0.0015893666713379952,0.0030688342813696354,1.0158811151282245,1.030287556690546,dynamic_precision_ensemble__trend_filter,0.48536775212896693,0.0
0,2023-02-28,-0.0033598574261465516,-0.007127599033803744,1.0124736269621808,1.0229701887078786,dynamic_precision_ensemble__trend_filter,0.48536775212896693,0.0
0,2023-03-01,-0.00032892905143031015,-0.0008838384988843509,1.0121406497384093,1.0220664477112618,dynamic_precision_ensemble__trend_filter,0.48536775212896693,0.0
0,2023-03-02,0.002417935213199431,0.004775087280956105,1.0145909013371688,1.0269585750779695,dynamic_precision_ensemble__trend_filter,0.48536775212896693,0.0
0,2023-03-03,0.008903838578671011,0.018137951494786718,1.0236649921176826,1.0457554530081037,dynamic_precision_ensemble__trend_filter,0.48536775212896693,0.0
0,2023-03-05,-0.000829734428290306,-0.0019160652054719587,1.0228159743090495,1.0437536357897623,dynamic_precision_ensemble__trend_filter,0.48536775212896693,0.0
0,2023-03-06,0.0012977063704528071,0.002466245796543534,1.024144150719814,1.0463309656647855,dynamic_precision_ensemble__trend_filter,0.48536775212896693,0.0
0,2023-03-07,-0.007619513520988541,-0.01591047127753558,1.016370324513282,1.0298150830322397,dynamic_precision_ensemble__trend_filter,0.48536775212896693,0.0
0,2023-03-08,0.0004982288503446576,0.0008136188155320801,1.0168768357003541,1.0306533009089915,dynamic_precision_ensemble__trend_filter,0.48536775212896693,0.0
0,2023-03-09,-0.010133534203360448,-0.021090512286880733,1.0066243143774605,1.0091439140889251,dynamic_precision_ensemble__trend_filter,0.48536775212896693,0.0
0,2023-03-10,-0.004026938094315957,-0.008507449658964335,1.002578851460439,1.0005950889521609,dynamic_precision_ensemble__trend_filter,0.48536775212896693,0.0
0,2023-03-12,0.0036424453526915936,0.007293730813713052,1.00623734903249,1.0079198400939293,dynamic_precision_ensemble__trend_filter,0.48536775212896693,0.0
0,2023-03-13,-0.0017709554714260142,-0.0038535740756206168,1.0044569244852908,1.0040432205454624,dynamic_precision_ensemble__trend_filter,0.48536775212896693,0.0
0,2023-03-14,0.00743770538132919,0.015118548882110382,1.0119556311747275,1.019338224859066,dynamic_precision_ensemble__trend_filter,0.48536775212896693,0.0
0,2023-03-15,-0.003584287087376081,-0.007584521271690109,1.0083349842681257,1.0116362771239438,dynamic_precision_ensemble__trend_filter,0.48536775212896693,0.0
0,2023-03-16,0.008816079192541397,0.017964292810467075,1.0172638462877677,1.0299738248132104,dynamic_precision_ensemble__trend_filter,0.48536775212896693,0.0
0,2023-03-17,-0.0056249125098578965,-0.01177913295933333,1.0115578889528831,1.0179127998476916,dynamic_precision_ensemble__trend_filter,0.48536775212896693,0.0
0,2023-03-19,0.0029341181689550816,0.005854981876830653,1.014530277871522,1.0238901423834328,dynamic_precision_ensemble__trend_filter,0.48536775212896693,0.0
0,2023-03-20,0.001773060326209443,0.003450662478348616,1.0163306969110677,1.0274293444638236,dynamic_precision_ensemble__trend_filter,0.48536775212896693,0.0
0,2023-03-21,0.0064687874933010946,0.013126500412321641,1.0229264344244855,1.0410048003652708,dynamic_precision_ensemble__trend_filter,0.48536775212896693,0.0
0,2023-03-22,-0.007533589995204015,-0.015722926867223916,1.0152490813978836,1.0247651599096446,dynamic_precision_ensemble__trend_filter,0.48536775212896693,0.0
0,2023-03-23,0.0012233668006302809,0.002321497882647784,1.016491863452591,1.027146913606993,dynamic_precision_ensemble__trend_filter,0.48536775212896693,0.0
0,2023-03-24,0.003243443334104895,0.0064830276584390166,1.0197941497054621,1.033827567490361,dynamic_precision_ensemble__trend_filter,0.48536775212896693,0.0
0,2023-03-26,0.0017251399165766684,0.0033548770739214055,1.021554955681452,1.0373017563746847,dynamic_precision_ensemble__trend_filter,0.48536775212896693,0.0
0,2023-03-27,-0.0009877365290661888,-0.002241595898606883,1.020546426697731,1.0349791491579268,dynamic_precision_ensemble__trend_filter,0.48536775212896693,0.0
0,2023-03-28,-0.0003860208760251205,-0.00099725770701823,1.0201525504991815,1.0339475227090373,dynamic_precision_ensemble__trend_filter,0.48536775212896693,0.0
0,2023-03-29,0.005216697826286637,0.010545986931169147,1.025488283444561,1.0449092191301466,dynamic_precision_ensemble__trend_filter,0.48536775212896693,0.0
0,2023-03-30,0.003932439637682746,0.007892886811566196,1.0295288937393738,1.0531892028269052,dynamic_precision_ensemble__trend_filter,0.48536775212896693,0.0
0,2023-03-31,0.00637223401028214,0.012924627206860195,1.0361102394382617,1.06688962636896,dynamic_precision_ensemble__trend_filter,0.48536775212896693,0.0
0,2023-04-02,-0.0008702308061386447,-0.0019969756080223055,1.0352089765995676,1.0647611997240272,dynamic_precision_ensemble__trend_filter,0.48536775212896693,0.0
0,2023-04-03,0.002322097179503933,0.004578053477469776,1.0376156255993392,1.0696469084218245,dynamic_precision_ensemble__trend_filter,0.48536775212896693,0.0
0,2023-04-04,-0.0018377172982975303,-0.00399154370014702,1.035710532462655,1.0653858757495702,dynamic_precision_ensemble__trend_filter,0.48536775212896693,0.0
0,2023-04-05,-0.0022901444127541044,-0.004922834980004395,1.033341319728654,1.0601540451783107,dynamic_precision_ensemble__trend_filter,0.48536775212896693,0.0
0,2023-04-06,0.0018344566108278487,0.003572950138939001,1.0352386793237103,1.0639486977366517,dynamic_precision_ensemble__trend_filter,0.48536775212896693,0.0
0,2023-04-07,0.0016539298590950823,0.0031993293787155722,1.036952308207089,1.067358071008691,dynamic_precision_ensemble__trend_filter,0.48536775212896693,0.0
0,2023-04-09,-0.0006618940465380964,-0.0015719474427775906,1.0362661827439719,1.0656815582586305,dynamic_precision_ensemble__trend_filter,0.5355766235666934,0.05020887143772651
0,2023-04-10,0.0010059049314331307,0.0017502573971221907,1.0373090924535429,1.0675484085466365,dynamic_precision_ensemble__trend_filter,0.5355766235666934,0.0
0,2023-04-11,-0.0002629250282069395,-0.0006643314898527161,1.037036393782374,1.0668394380436865,dynamic_precision_ensemble__trend_filter,0.5355766235666934,0.0
0,2023-04-12,-0.00355488731073006,-0.006810219157948412,1.033356391138121,1.0595987111177168,dynamic_precision_ensemble__trend_filter,0.5355766235666934,0.0
0,2023-04-13,0.007639372983897409,0.01408835209810486,1.0412808163160312,1.0746323618673348,dynamic_precision_ensemble__trend_filter,0.5355766235666934,0.0
0,2023-04-14,0.0002872906157983337,0.0003595613429194329,1.0415800094986085,1.0750188275974173,dynamic_precision_ensemble__trend_filter,0.5355766235666934,0.0
0,2023-04-16,0.00012681148352298869,5.992329821421789e-05,1.0417121021800784,1.0750832482013375,dynamic_precision_ensemble__trend_filter,0.5355766235666934,0.0
0,2023-04-17,0.0006730687672926175,0.0010774574095343032,1.042413482072538,1.0762422288770133,dynamic_precision_ensemble__trend_filter,0.5355766235666934,0.0
0,2023-04-18,3.1697955183337744e-05,-0.00011973180105232691,1.0424465249720685,1.0761133761706185,dynamic_precision_ensemble__trend_filter,0.5355766235666934,0.0
0,2023-04-19,-0.0011905043442554009,-0.0024003863651780822,1.0412062262924082,1.0735333860204561,dynamic_precision_ensemble__trend_filter,0.5355766235666934,0.0
0,2023-04-20,-0.0017762700402833168,-0.003492720572186501,1.0393584044680058,1.0697903743302524,dynamic_precision_ensemble__trend_filter,0.5355766235666934,0.0
0,2023-04-21,0.00032038680801915444,0.0004213567812647725,1.0396914545391767,1.0702412327384614,dynamic_precision_ensemble__trend_filter,0.5355766235666934,0.0
0,2023-04-23,-0.00026013947850415177,-0.0006625708230755154,1.0394210249226223,1.0695323569901236,dynamic_precision_ensemble__trend_filter,0.5355766235666934,0.0
0,2023-04-24,0.0008045993245456954,0.0013233882593700096,1.0402576789176772,1.0709487005338791,dynamic_precision_ensemble__trend_filter,0.5355766235666934,0.0
0,2023-04-25,-0.0057353923311462525,-0.010884981766293529,1.0343084698357934,1.0593546583988995,dynamic_precision_ensemble__trend_filter,0.6295087064161407,0.09393208284944721
0,2023-04-26,-0.0039775580787410935,-0.006364402483457615,1.0302026188692388,1.0526339084446357,dynamic_precision_ensemble__trend_filter,0.6295087064161407,0.0
0,2023-04-27,0.009711670197693006,0.015306414958096115,1.040256347167964,1.0688699002723179,dynamic_precision_ensemble__trend_filter,0.6295087064161407,0.0
0,2023-04-28,0.006384060523451123,0.010022240621264772,1.0469186502938652,1.0796362328748352,dynamic_precision_ensemble__trend_filter,0.6295087064161407,0.0
0,2023-04-30,-0.0011667367557092001,-0.0019725057614307213,1.0456978841191962,1.077508743117941,dynamic_precision_ensemble__trend_filter,0.6295087064161407,0.0
0,2023-05-01,-0.00044975515746407664,-0.0008375210359148974,1.0452276818485384,1.0766066846783853,dynamic_precision_ensemble__trend_filter,0.6295087064161407,0.0
0,2023-05-02,-0.0061219407324430136,-0.009847316370058954,1.0388484066243835,1.0660570262100808,dynamic_precision_ensemble__trend_filter,0.6295087064161407,0.0
0,2023-05-03,-0.006804579407406226,-0.010932182468757877,1.0318034762264263,1.0544661684012975,dynamic_precision_ensemble__trend_filter,0.6295087064161407,0.0
0,2023-05-04,-0.0008467251722215241,-0.001467890435207788,1.0309301920183551,1.0529194630731538,dynamic_precision_ensemble__trend_filter,0.6295087064161407,0.0
0,2023-05-05,0.009408780057139918,0.014823393743762688,1.040675762520117,1.0686435571494919,dynamic_precision_ensemble__trend_filter,0.6295087064161407,0.0
0,2023-05-07,-0.0003401969958843501,-0.0006632499732499345,1.0403217879659719,1.0679350143352742,dynamic_precision_ensemble__trend_filter,0.6295087064161407,0.0
0,2023-05-08,0.0007226596253859022,0.001023973194287955,1.0410738582322228,1.0690291112305428,dynamic_precision_ensemble__trend_filter,0.6295087064161407,0.0
0,2023-05-09,-0.0018238464748125585,-0.0030207875776702476,1.03917682981602,1.0658046739931033,dynamic_precision_ensemble__trend_filter,0.6295087064161407,0.0
0,2023-05-10,0.0029542755728413006,0.004570619732772998,1.0422513838439793,1.0706872114785153,dynamic_precision_ensemble__trend_filter,0.6295087064161407,0.0
0,2023-05-11,-0.0015937463734876092,-0.0026531627826288616,1.0405916224513856,1.0678502691162972,dynamic_precision_ensemble__trend_filter,0.6295087064161407,0.0
0,2023-05-12,-0.0020557213697907496,-0.003388196215804142,1.0384546532750558,1.0642383053518178,dynamic_precision_ensemble__trend_filter,0.6295087064161407,0.0
0,2023-05-14,0.00011526275248262036,6.049972778814173e-05,1.0385743553151814,1.0643026934273043,dynamic_precision_ensemble__trend_filter,0.6295087064161407,0.0
0,2023-05-15,0.0023156234506000106,0.003556795545587238,1.0409820890740402,1.0680949406325158,dynamic_precision_ensemble__trend_filter,0.6295087064161407,0.0
0,2023-05-16,-0.0026674109721084626,-0.0043594228509659435,1.038209062073392,1.0634487977502054,dynamic_precision_ensemble__trend_filter,0.6295087064161407,0.0
0,2023-05-17,0.006266838748297786,0.009832293101597571,1.0447357804377506,1.0739565108339195,dynamic_precision_ensemble__trend_filter,0.6295087064161407,0.0
0,2023-05-18,0.007168112345180687,0.011262835110097548,1.052251468349819,1.0861206788535906,dynamic_precision_ensemble__trend_filter,0.6295087064161407,0.0
0,2023-05-19,-0.002808695422898237,-0.004585259900368575,1.0493001610687345,1.081151933457882,dynamic_precision_ensemble__trend_filter,0.6295087064161407,0.0
0,2023-05-21,0.00037751382541197944,0.0004761621512018339,1.049696361167347,1.0816668596727514,dynamic_precision_ensemble__trend_filter,0.6295087064161407,0.0
0,2023-05-22,0.0025426350360200707,0.003912976142179283,1.0523687519298766,1.0859076880074081,dynamic_precision_ensemble__trend_filter,0.6295087064161407,0.0
0,2023-05-23,-0.007858121859875713,-0.012607645186335396,1.0441315170209862,1.072302891604307,dynamic_precision_ensemble__trend_filter,0.6295087064161407,0.0
0,2023-05-24,-0.0029209001864962756,-0.004765369685291379,1.0410861628311632,1.067205127922444,dynamic_precision_ensemble__trend_filter,0.6295087064161407,0.0
0,2023-05-25,0.0012918694281695642,0.0019265514632594773,1.042431979339444,1.0692631353152762,dynamic_precision_ensemble__trend_filter,0.6295087064161407,0.0
0,2023-05-26,0.01003796398030871,0.01582100982316991,1.0529485682656186,1.086314487016557,dynamic_precision_ensemble__trend_filter,0.683310779414764,0.053802072998623385
0,2023-05-28,0.0018975734762972504,0.0027181975231601366,1.0549485124610802,1.0892713211736083,dynamic_precision_ensemble__trend_filter,0.683310779414764,0.0
0,2023-05-29,-0.001308503524169189,-0.0020131460094776825,1.0535690113525686,1.087080664755612,dynamic_precision_ensemble__trend_filter,0.683310779414764,0.0
0,2023-05-30,-0.0009026569865509428,-0.0014230660004497613,1.0526184290130964,1.0855347774325803,dynamic_precision_ensemble__trend_filter,0.683310779414764,0.0
0,2023-05-31,-0.00318741857604993,-0.004766178285709176,1.0492686349129952,1.0803732353339262,dynamic_precision_ensemble__trend_filter,0.683310779414764,0.0
0,2023-06-01,0.0055611783067034916,0.00803743674865922,1.0551200602126638,1.0890916568241034,dynamic_precision_ensemble__trend_filter,0.683310779414764,0.0
0,2023-06-02,0.009389991228827077,0.013640762552187232,1.0650742902495853,1.1040494836611465,dynamic_precision_ensemble__trend_filter,0.7349042170361825,0.051593437621418436
0,2023-06-04,-0.0006540098919973496,-0.0009335435161600832,1.064377948859949,1.1030192863659758,dynamic_precision_ensemble__trend_filter,0.7349042170361825,0.0
0,2023-06-05,-0.0014894653310727536,-0.0021048954317679047,1.0627937748849459,1.1006999879056398,dynamic_precision_ensemble__trend_filter,0.7349042170361825,0.0
0,2023-06-06,0.003095438399716497,0.00413416807132004,1.0660886845106805,1.1052598858494214,dynamic_precision_ensemble__trend_filter,0.7349042170361825,0.0
0,2023-06-07,-0.0032527991602995937,-0.004503729310006357,1.0626265460061637,1.1002932870097597,dynamic_precision_ensemble__trend_filter,0.7349042170361825,0.0
0,2023-06-08,0.003564499165973346,0.004773287837311282,1.066421036154005,1.1055578582352346,dynamic_precision_ensemble__trend_filter,0.7349042170361825,0.0
0,2023-06-09,0.0017636798882183149,0.002323017364363221,1.068303521050252,1.108129073669997,dynamic_precision_ensemble__trend_filter,0.7349042170361825,0.0
0,2023-06-11,0.008452921077079073,0.01142521195488823,1.0773720803108462,1.1208622845154363,dynamic_precision_ensemble__trend_filter,0.7349042170361825,0.0
0,2023-06-12,0.005833618815476726,0.007860641601814627,1.083675426132399,1.1297077009971483,dynamic_precision_ensemble__trend_filter,0.7349042170361825,0.0
0,2023-06-13,0.0047150745241024755,0.006339186739653161,1.0887971015785372,1.1368918759300661,dynamic_precision_ensemble__trend_filter,0.7349042170361825,0.0
0,2023-06-14,0.0005551832620751491,0.0006787330837959687,1.0894017513353107,1.137663783989094,dynamic_precision_ensemble__trend_filter,0.7349042170361825,0.0
0,2023-06-15,0.0075035722381829924,0.010133984990535335,1.0976069015432608,1.1492514672355438,dynamic_precision_ensemble__trend_filter,0.7349042170361825,0.0
0,2023-06-16,-0.000973916754556946,-0.0014016600237260518,1.0965384441706527,1.147641735808353,dynamic_precision_ensemble__trend_filter,0.7349042170361825,0.0
0,2023-06-18,-0.0001911346155130237,-0.00033651150382664474,1.096328877745068,1.1472556061341643,dynamic_precision_ensemble__trend_filter,0.7349042170361825,0.0
0,2023-06-19,-0.0017204605709558755,-0.0024174982773282542,1.0944443087662759,1.1444854674345732,dynamic_precision_ensemble__trend_filter,0.7349042170361825,0.0
0,2023-06-20,-0.0017657599983511149,-0.0024798537490657584,1.092513487970173,1.1416508270568644,dynamic_precision_ensemble__trend_filter,0.7349042170361825,0.0
0,2023-06-21,-0.004150530693467225,-0.005725005721328149,1.0879883745126142,1.1351335430849154,dynamic_precision_ensemble__trend_filter,0.7349042170361825,0.0
0,2023-06-22,0.002257985900212946,0.0029952008649468237,1.090447812565128,1.1385385929134664,dynamic_precision_ensemble__trend_filter,0.7349042170361825,0.0
0,2023-06-23,-0.005846171272805499,-0.008032443499217326,1.0840914661375332,1.1294299771888432,dynamic_precision_ensemble__trend_filter,0.7349042170361825,0.0
0,2023-06-25,0.0016026660060857734,0.0021033498548226268,1.0858302956871166,1.1318080636645802,dynamic_precision_ensemble__trend_filter,0.7349042170361825,0.0
0,2023-06-26,-0.003046736428863767,-0.004224480211871073,1.082527091521109,1.1270368479448738,dynamic_precision_ensemble__trend_filter,0.7349042170361825,0.0
0,2023-06-27,0.005347044187232758,0.007197976572238474,1.0883309145343742,1.1351784993282514,dynamic_precision_ensemble__trend_filter,0.7349042170361825,0.0
0,2023-06-28,0.0025892313560426125,0.0034453612418866987,1.0911525063647005,1.139096344653108,dynamic_precision_ensemble__trend_filter,0.7349042170361825,0.0
0,2023-06-29,0.001879270101199181,0.0024790154428462182,1.0932050046410222,1.1419236851448076,dynamic_precision_ensemble__trend_filter,0.7349042170361825,0.0
0,2023-06-30,0.007475962763532394,0.010094985054434614,1.1014083904447807,1.153509769962762,dynamic_precision_ensemble__trend_filter,0.7349042170361825,0.0
0,2023-07-02,0.001162112130940874,0.001503592480780812,1.1026890945131707,1.1552454831550307,dynamic_precision_ensemble__trend_filter,0.7349042170361825,0.0
0,2023-07-03,-0.00014746504180510885,-0.0002785205027093892,1.1025264984086656,1.1549237684064662,dynamic_precision_ensemble__trend_filter,0.7349042170361825,0.0
0,2023-07-04,0.0002618497487951432,0.0002784429506383003,1.1028152324961382,1.1552453935633544,dynamic_precision_ensemble__trend_filter,0.7349042170361825,0.0
0,2023-07-05,-0.001336896114540772,-0.001897004987031109,1.1013418681837144,1.1530559646259049,dynamic_precision_ensemble__trend_filter,0.7349042170361825,0.0
0,2023-07-06,-0.005811614743560357,-0.007986137248447813,1.0949598564043754,1.143884173774323,dynamic_precision_ensemble__trend_filter,0.7349042170361825,0.0
0,2023-07-07,-0.0011431226419513353,-0.0016336194734965068,1.093708898136074,1.142017027830847,dynamic_precision_ensemble__trend_filter,0.832791484050722,0.09788726701453954
0,2023-07-09,-0.00010655470628017039,-0.00011267605657644899,1.0935923645143903,1.141888357104799,dynamic_precision_ensemble__trend_filter,0.832791484050722,0.0
0,2023-07-10,0.001628514692838509,0.001911832024412202,1.0953747466718284,1.144073544023791,dynamic_precision_ensemble__trend_filter,0.832791484050722,0.0
0,2023-07-11,0.004924545277904509,0.00586956251282656,1.1007822730841947,1.1508085015007565,dynamic_precision_ensemble__trend_filter,0.832791484050722,0.0
0,2023-07-12,0.007464612856953599,0.008919786133045437,1.1090299310826375,1.1611193842855925,dynamic_precision_ensemble__trend_filter,0.832791484050722,0.0
0,2023-07-13,0.0051719168647508355,0.006166760872687318,1.114780599858548,1.168301853396071,dynamic_precision_ensemble__trend_filter,0.832791484050722,0.0
0,2023-07-14,-0.0009276150434809156,-0.0011575990677894497,1.1137469920731198,1.1669502107407592,dynamic_precision_ensemble__trend_filter,0.832791484050722,0.0
0,2023-07-16,-0.001066794450600082,-0.0013247230235270775,1.1125594864874082,1.1654053484125504,dynamic_precision_ensemble__trend_filter,0.832791484050722,0.0
0,2023-07-17,0.0035609446476160115,0.004232177097144949,1.1165283114250972,1.1703480019520938,dynamic_precision_ensemble__trend_filter,0.832791484050722,0.0
0,2023-07-18,0.0068462860962176745,0.008177151933609014,1.1241986102498096,1.1799573503856315,dynamic_precision_ensemble__trend_filter,0.832791484050722,0.0
0,2023-07-19,-0.00019063117032403374,-0.0002726430046316339,1.1239843233785884,1.1796356871198974,dynamic_precision_ensemble__trend_filter,0.832791484050722,0.0
0,2023-07-20,-0.0035207711336783416,-0.004271411036163861,1.1200339900086163,1.1746077241201804,dynamic_precision_ensemble__trend_filter,0.832791484050722,0.0
0,2023-07-21,-0.000191597125509132,-0.00027388256258241363,1.1198194152722658,1.174286063597284,dynamic_precision_ensemble__trend_filter,0.832791484050722,0.0
0,2023-07-23,-0.0004656041611280574,-0.0006029049419734074,1.1192981440552439,1.1735782941065518,dynamic_precision_ensemble__trend_filter,0.832791484050722,0.0
0,2023-07-24,0.00430520466292673,0.005125710896838701,1.124127339522651,1.1796091601909213,dynamic_precision_ensemble__trend_filter,0.832791484050722,0.0
0,2023-07-25,0.001849042576515993,0.002176398693904189,1.126207821692153,1.1821792557883457,dynamic_precision_ensemble__trend_filter,0.832791484050722,0.0
0,2023-07-26,0.00044416578756490717,0.000489449660614698,1.1267081557836538,1.1827580146489869,dynamic_precision_ensemble__trend_filter,0.832791484050722,0.0
0,2023-07-27,-0.0056175685589616485,-0.006789364379416191,1.1203965400376863,1.1747550378194915,dynamic_precision_ensemble__trend_filter,0.832791484050722,0.0
0,2023-07-28,0.0074481491144036995,0.008899618499882692,1.1287725747914428,1.1852565699890574,dynamic_precision_ensemble__trend_filter,0.832791484050722,0.0
0,2023-07-30,0.000984566946321895,0.0011382733230050996,1.1298844742383982,1.186606484063429,dynamic_precision_ensemble__trend_filter,0.832791484050722,0.0
0,2023-07-31,0.000623231022032906,0.0007041491211394158,1.1305888727727662,1.1874423262205447,dynamic_precision_ensemble__trend_filter,0.832791484050722,0.0
0,2023-08-01,-0.0052746245463915365,-0.006377802776049445,1.1246411407688173,1.1798931524161969,dynamic_precision_ensemble__trend_filter,0.8889251983487496,0.056133714298027604
0,2023-08-02,-0.00831838430920471,-0.009353643637935683,1.1153247459472124,1.1689083065934347,dynamic_precision_ensemble__trend_filter,0.8889251983487496,0.0
0,2023-08-03,-0.0025261645399907366,-0.002869286061899867,1.1125108078551695,1.16555918137856,dynamic_precision_ensemble__trend_filter,0.8889251983487496,0.0
0,2023-08-04,-0.006447917563423348,-0.007281077999756489,1.1053605069263515,1.1571034747512963,dynamic_precision_ensemble__trend_filter,0.8889251983487496,0.0
0,2023-08-06,0.0017995064689268312,0.0019968950486737237,1.107351401085274,1.1594163975142546,dynamic_precision_ensemble__trend_filter,0.8889251983487496,0.0
0,2023-08-07,0.006194245150571688,0.006940674969205302,1.114231894864434,1.1674915208697787,dynamic_precision_ensemble__trend_filter,0.8889251983487496,0.0
0,2023-08-08,-0.004305448689865686,-0.004871047690375212,1.1094449390035066,1.1618184421292022,dynamic_precision_ensemble__trend_filter,0.8889251983487496,0.0
0,2023-08-09,-0.0038301307693115773,-0.004336237723691844,1.1052037471503011,1.1567914282129428,dynamic_precision_ensemble__trend_filter,0.8889251983487496,0.0
0,2023-08-10,-0.0011136459315223897,-0.0012802675358279158,1.1039736265803015,1.1553113733369436,dynamic_precision_ensemble__trend_filter,0.8889251983487496,0.0
0,2023-08-11,-0.0013632136547162355,-0.0015610197562143308,1.1024696999776429,1.1535093163478016,dynamic_precision_ensemble__trend_filter,0.8889251983487496,0.0
0,2023-08-13,0.0009650255157971868,0.0010581423227078491,1.103534124884506,1.1547305393750056,dynamic_precision_ensemble__trend_filter,0.8889251983487496,0.0
0,2023-08-14,0.004359780708500446,0.0048769867697044805,1.108355794747578,1.1603758999228917,dynamic_precision_ensemble__trend_filter,0.8889251983487496,0.0
0,2023-08-15,-0.010947695802436984,-0.012343220891606397,1.0962880303015101,1.1461411558953116,dynamic_precision_ensemble__trend_filter,0.8889251983487496,0.0
0,2023-08-16,-0.007418495461927948,-0.008373032683346793,1.0881853146637672,1.13658454328473,dynamic_precision_ensemble__trend_filter,0.8889251983487496,0.0
0,2023-08-17,-0.007583643857057814,-0.008558817038922091,1.0799641175037298,1.1268982349294585,dynamic_precision_ensemble__trend_filter,0.8889251983487496,0.0
0,2023-08-18,-0.0002799662344322679,-0.00034246576011827607,1.0796618063368644,1.126512376944203,dynamic_precision_ensemble__trend_filter,0.8889251983487496,0.0
0,2023-08-20,0.0012910967143850319,0.00142490786337184,1.0810566543957862,1.128118697445869,dynamic_precision_ensemble__trend_filter,0.8889251983487496,0.0
0,2023-08-21,0.003958974497987867,0.00442604862684629,1.0853450132720102,1.1331228718479665,dynamic_precision_ensemble__trend_filter,0.8889251983487496,0.0
0,2023-08-22,-0.000985421989616796,-0.0011361702154019427,1.0842760172222228,1.1318361824780652,dynamic_precision_ensemble__trend_filter,0.8889251983487496,0.0
0,2023-08-23,0.01369856710904673,0.015382642757770855,1.0992312437333214,1.1493814141794325,dynamic_precision_ensemble__trend_filter,0.8889251983487496,0.0
0,2023-08-24,-0.0165382975106272,-0.01863249006037245,1.081201333355243,1.1281638581921454,dynamic_precision_ensemble__trend_filter,0.8889251983487496,0.0
0,2023-08-25,0.005161011675472052,0.005778086919392114,1.086795850325951,1.1347013559506829,dynamic_precision_ensemble__trend_filter,0.831121466757259,0.05780373159149066
0,2023-08-27,0.0015594655276933678,0.0018658837022112243,1.0884919931845916,1.1368205531905882,dynamic_precision_ensemble__trend_filter,0.7086582843255697,0.1224631824316893
0,2023-08-28,0.0034325350036312255,0.004839091607443126,1.0922346998634058,1.1423350638387846,dynamic_precision_ensemble__trend_filter,0.7086582843255697,0.0
0,2023-08-29,0.010398831377899615,0.014583274534919559,1.1036519243445284,1.1591161136097554,dynamic_precision_ensemble__trend_filter,0.7086582843255697,0.0
0,2023-08-30,0.0025311512934582353,0.0034810546661021725,1.1064489727233446,1.1631580912565287,dynamic_precision_ensemble__trend_filter,0.7086582843255697,0.0
0,2023-08-31,-0.0008767363297003428,-0.001327874684666465,1.10547933383293,1.1616145880890738,dynamic_precision_ensemble__trend_filter,0.7086582843255697,0.0
0,2023-09-01,0.0001423350574216164,0.00011064394800172697,1.1056366934960222,1.16174312082371,dynamic_precision_ensemble__trend_filter,0.7086582843255697,0.0
0,2023-09-03,0.00018151991637075466,0.0001659383823092727,1.1058374067923413,1.161935914593339,dynamic_precision_ensemble__trend_filter,0.7086582843255697,0.0
0,2023-09-04,0.00010312200864634482,5.530973454144033e-05,1.105951448846988,1.16200018273764,dynamic_precision_ensemble__trend_filter,0.7086582843255697,0.0
0,2023-09-05,-0.0028482528561649604,-0.0041097527544731415,1.1028059012580145,1.1572344489874344,dynamic_precision_ensemble__trend_filter,0.7682398962672279,0.05958161194165823
0,2023-09-06,-0.005349301968806915,-0.00699071731735538,1.0969224097951205,1.1491727614054335,dynamic_precision_ensemble__trend_filter,0.7682398962672279,0.0
0,2023-09-07,-0.0022330137508529647,-0.0029728560696602544,1.0944756997556897,1.1457615092797453,dynamic_precision_ensemble__trend_filter,0.7682398962672279,0.0
0,2023-09-08,0.0011697913691495788,0.001456256816006208,1.0957567571218485,1.1474312477761022,dynamic_precision_ensemble__trend_filter,0.7682398962672279,0.0
0,2023-09-10,0.008772038548586956,0.011351925104486998,1.105411059685261,1.160531014472485,dynamic_precision_ensemble__trend_filter,0.7682398962672279,0.0
0,2023-09-11,0.0034814468510546617,0.004465284976528852,1.109266196371022,1.165724703196677,dynamic_precision_ensemble__trend_filter,0.7682398962672279,0.0
0,2023-09-12,-0.0035228845487118477,-0.004652209938570547,1.105365254945011,1.1603141025304164,dynamic_precision_ensemble__trend_filter,0.7682398962672279,0.0
0,2023-09-13,0.001579704400809556,0.0019898310727607563,1.107112785229982,1.162625230200057,dynamic_precision_ensemble__trend_filter,0.7682398962672279,0.0
0,2023-09-14,0.005866622091517368,0.007570012096341224,1.113626886756461,1.1714597136410794,dynamic_precision_ensemble__trend_filter,0.7682398962672279,0.0
0,2023-09-15,-0.00993849036788165,-0.013003254775401268,1.1026139333834575,1.156325534564488,dynamic_precision_ensemble__trend_filter,0.7682398962672279,0.0
0,2023-09-17,0.001202018426228284,0.001498086339841686,1.1039400925225864,1.1580591082495413,dynamic_precision_ensemble__trend_filter,0.7682398962672279,0.0
0,2023-09-18,-0.00029011888484423414,-0.0004440743970527807,1.1036198651082652,1.1575449580182202,dynamic_precision_ensemble__trend_filter,0.7682398962672279,0.0
0,2023-09-19,-0.0019157240829997752,-0.00255996717740795,1.1015076578033844,1.1545854706308394,dynamic_precision_ensemble__trend_filter,0.7682398962672279,0.0
0,2023-09-20,-0.008902212557834766,-0.011654356058890949,1.09174532017338,1.1412076269514826,dynamic_precision_ensemble__trend_filter,0.7682398962672279,0.0
0,2023-09-21,-0.012387783384870099,-0.016191562199787356,1.0783044388814684,1.1228784818624018,dynamic_precision_ensemble__trend_filter,0.7682398962672279,0.0
0,2023-09-22,-0.0011815070093842718,-0.0016044932673796761,1.0770311669666455,1.1210782754938713,dynamic_precision_ensemble__trend_filter,0.6899963308254564,0.07824356544177147
0,2023-09-24,0.0007007784679512723,0.0009732083057132487,1.077786191739421,1.1221698492611092,dynamic_precision_ensemble__trend_filter,0.6899963308254564,0.0
0,2023-09-25,0.0018022970188074287,0.002512565459360683,1.079730434104528,1.1249929195531847,dynamic_precision_ensemble__trend_filter,0.6899963308254564,0.0
0,2023-09-26,-0.008993189495954235,-0.013133150369079747,1.0700637460362168,1.1103148142309598,dynamic_precision_ensemble__trend_filter,0.6899963308254564,0.0
0,2023-09-27,6.863607088977987e-05,0.0,1.0701371935278912,1.1103148142309598,dynamic_precision_ensemble__trend_filter,0.6899963308254564,0.0
0,2023-09-28,0.002930628867165055,0.004148194198568772,1.0732779684540021,1.1149301818041848,dynamic_precision_ensemble__trend_filter,0.6899963308254564,0.0
0,2023-09-29,-0.001525535392082804,-0.0023098709678061042,1.0716418931902398,1.1123578090144592,dynamic_precision_ensemble__trend_filter,0.6899963308254564,0.0
0,2023-10-01,0.0024902870503660884,0.0035101925065093077,1.074313914788989,1.1162692600169897,dynamic_precision_ensemble__trend_filter,0.6899963308254564,0.0
0,2023-10-02,-0.0029617290718977492,-0.004392569883891066,1.0711367952413102,1.1113767225561344,dynamic_precision_ensemble__trend_filter,0.6899963308254564,0.0
0,2023-10-03,-0.009636918246692178,-0.014066808537897773,1.0608639164645741,1.0958526421050834,dynamic_precision_ensemble__trend_filter,0.6899963308254564,0.0
0,2023-10-04,0.0042893153549134234,0.006116424284326019,1.0654240693262262,1.10257588195098,dynamic_precision_ensemble__trend_filter,0.6899963308254564,0.0
0,2023-10-05,-0.0008566786015955103,-0.0013415776304851492,1.0645117341692096,1.1010976825931473,dynamic_precision_ensemble__trend_filter,0.6899963308254564,0.0
0,2023-10-06,0.009478043122949857,0.013636003094301245,1.07464918801293,1.1162150902647725,dynamic_precision_ensemble__trend_filter,0.6899963308254564,0.0
0,2023-10-08,-0.005130469019023295,-0.007535866217665524,1.0691498527946472,1.1078350577343854,dynamic_precision_ensemble__trend_filter,0.6899963308254564,0.0
0,2023-10-09,0.009031007806967532,0.012988122379562475,1.0788490844588654,1.1223176019797323,dynamic_precision_ensemble__trend_filter,0.6899963308254564,0.0
0,2023-10-10,0.003760102517355709,0.005349445078908206,1.0829133037693641,1.1283374654615108,dynamic_precision_ensemble__trend_filter,0.6899963308254564,0.0
0,2023-10-11,0.004206353723272866,0.005996189396205225,1.087478013838815,1.1351235154955932,dynamic_precision_ensemble__trend_filter,0.6899963308254564,0.0
0,2023-10-12,-0.005676849040787646,-0.008327725532497976,1.0813220550755105,1.1257097703602552,dynamic_precision_ensemble__trend_filter,0.6899963308254564,0.0
0,2023-10-13,-0.004925718322009651,-0.007238946251954273,1.0760088636018208,1.1175902417098924,dynamic_precision_ensemble__trend_filter,0.6899963308254564,0.0
0,2023-10-15,0.002675576419204482,0.0037774815196551094,1.0788916623986102,1.1218199018965467,dynamic_precision_ensemble__trend_filter,0.6899963308254564,0.0
0,2023-10-16,0.005437308343164828,0.007780191085633553,1.084773906330907,1.1305819159708475,dynamic_precision_ensemble__trend_filter,0.6899963308254564,0.0
0,2023-10-17,-0.0015411790746146115,-0.002333790824031856,1.0831033631195628,1.1279464507779697,dynamic_precision_ensemble__trend_filter,0.6899963308254564,0.0
0,2023-10-18,-0.00755541853617686,-0.01104994800191526,1.0749509003090367,1.1155513100996095,dynamic_precision_ensemble__trend_filter,0.6899963308254564,0.0
0,2023-10-19,-0.007803190494875365,-0.011408861459366124,1.066595495465637,1.102896465699958,dynamic_precision_ensemble__trend_filter,0.6899963308254564,0.0
0,2023-10-20,-0.008140960911662531,-0.011898029910870696,1.057947631949476,1.089851926605728,dynamic_precision_ensemble__trend_filter,0.6899963308254564,0.0
0,2023-10-22,0.0027808609657023514,0.00393078161961801,1.0608937316712186,1.0941443272448654,dynamic_precision_ensemble__trend_filter,0.6899963308254564,0.0
0,2023-10-23,-0.0011073102899760612,-0.0017042791509616188,1.0597196432856093,1.0922811879854644,dynamic_precision_ensemble__trend_filter,0.6899963308254564,0.0
0,2023-10-24,0.002372265426120247,0.0033386110219957104,1.0622365637781277,1.0959339842387705,dynamic_precision_ensemble__trend_filter,0.6899963308254564,0.0
0,2023-10-25,-0.012566375033202497,-0.018311885918360946,1.048971621423232,1.0760479967982586,dynamic_precision_ensemble__trend_filter,0.6899963308254564,0.0
0,2023-10-26,-0.0018295585963820384,-0.0027511996405429314,1.0470542209090337,1.073091642561362,dynamic_precision_ensemble__trend_filter,0.6209844957282661,0.06901183509719033
0,2023-10-27,-0.006480917956629278,-0.010516330158008805,1.0402902903218154,1.0618657874163053,dynamic_precision_ensemble__trend_filter,0.6209844957282661,0.0
0,2023-10-29,0.002029556159284829,0.003132912708232535,1.042403761867112,1.0651977368642276,dynamic_precision_ensemble__trend_filter,0.6209844957282661,0.0
0,2023-10-30,0.004910184665043686,0.0077714796225135255,1.0475347435582678,1.0735081496458159,dynamic_precision_ensemble__trend_filter,0.6209844957282661,0.0
0,2023-10-31,0.0031132706313115608,0.004878068150085868,1.0508010845742066,1.0787575887107788,dynamic_precision_ensemble__trend_filter,0.6209844957282661,0.0
0,2023-11-01,0.009363399656363059,0.014943423738528904,1.0606863627708802,1.094998969153163,dynamic_precision_ensemble__trend_filter,0.6209844957282661,0.0
0,2023-11-02,0.008908185338273417,0.014211097550475433,1.0701773645137815,1.1106712023824452,dynamic_precision_ensemble__trend_filter,0.6209844957282661,0.0
0,2023-11-03,0.007280987380343107,0.011590987710096933,1.0779977479076122,1.1236198776351163,dynamic_precision_ensemble__trend_filter,0.6209844957282661,0.0
0,2023-11-05,-0.00012964796659154746,-0.0003427004864879964,1.077857996751028,1.1232348785298816,dynamic_precision_ensemble__trend_filter,0.6209844957282661,0.0
0,2023-11-06,1.2669499172715583e-05,-0.00011424654429051875,1.0778716527585332,1.1231065601566879,dynamic_precision_ensemble__trend_filter,0.6209844957282661,0.0
0,2023-11-07,0.0026974001008234563,0.004209341226339573,1.0807830286709426,1.1278440627893596,dynamic_precision_ensemble__trend_filter,0.6782825932010406,0.05729809747277448
0,2023-11-08,-0.0003053515831138668,-0.0005122076372137299,1.0804530602428901,1.1272665203702583,dynamic_precision_ensemble__trend_filter,0.6782825932010406,0.0
0,2023-11-09,-0.0049850434143393525,-0.007453769940532838,1.0750803575348113,1.1188953721297787,dynamic_precision_ensemble__trend_filter,0.6782825932010406,0.0
0,2023-11-10,0.009920561726850552,0.014521927104039302,1.0857988373462923,1.1352624422286843,dynamic_precision_ensemble__trend_filter,0.6782825932010406,0.0
0,2023-11-12,-0.00046638881587258426,-0.0007916761740629268,1.085292550984592,1.1343640376715278,dynamic_precision_ensemble__trend_filter,0.6782825932010406,0.0
0,2023-11-13,0.0011048727759106487,0.0015244769048682453,1.0864923238542128,1.136094668266688,dynamic_precision_ensemble__trend_filter,0.6782825932010406,0.0
0,2023-11-14,0.013399695152931598,0.01965144258712848,1.1011489677583863,1.1586413795300687,dynamic_precision_ensemble__trend_filter,0.6782825932010406,0.0
0,2023-11-15,7.059135244629612e-05,0.0,1.1012267020969189,1.1586413795300687,dynamic_precision_ensemble__trend_filter,0.6782825932010406,0.0
0,2023-11-16,0.0012322286933741187,0.0017129919416068807,1.1025845016251161,1.1606278237721634,dynamic_precision_ensemble__trend_filter,0.6782825932010406,0.0
0,2023-11-17,-4.760623344571789e-06,-0.0001105277703271713,1.1025792526480924,1.1604995492557009,dynamic_precision_ensemble__trend_filter,0.7303306081078003,0.0520480149067597
0,2023-11-19,0.00015388863525984313,0.0001657641735959065,1.1027489401207002,1.1606919344492876,dynamic_precision_ensemble__trend_filter,0.7303306081078003,0.0
0,2023-11-20,0.006419799271686283,0.008709098667308315,1.1098511399195041,1.170844661406904,dynamic_precision_ensemble__trend_filter,0.7303306081078003,0.0
0,2023-11-21,-0.002993757247379369,-0.004180200269909333,1.1065334836325316,1.165960511711371,dynamic_precision_ensemble__trend_filter,0.7303306081078003,0.0
0,2023-11-22,0.0029799680217162706,0.003999134150166953,1.109835836037198,1.1706326802991194,dynamic_precision_ensemble__trend_filter,0.7303306081078003,0.0
0,2023-11-23,0.0012177090852171968,0.0015861736129318003,1.111188116392779,1.1724909803706993,dynamic_precision_ensemble__trend_filter,0.7303306081078003,0.0
0,2023-11-24,-0.00034039952606418615,-0.000547255540911631,1.110809932854991,1.171849503726856,dynamic_precision_ensemble__trend_filter,0.7303306081078003,0.0
0,2023-11-26,-0.0009412849054795266,-0.0013700135805509157,1.1097648361763666,1.1702451532343086,dynamic_precision_ensemble__trend_filter,0.786133953417665,0.05580334530986475
0,2023-11-27,0.00036317891615019675,0.00043821210868029865,1.1101679525640062,1.1707580812079965,dynamic_precision_ensemble__trend_filter,0.786133953417665,0.0
0,2023-11-28,8.94767905008187e-05,5.477351155720828e-05,1.1102672912735068,1.1708222094955378,dynamic_precision_ensemble__trend_filter,0.786133953417665,0.0
0,2023-11-29,-0.0002552830637125574,-0.0003835616532396173,1.1099838950125225,1.1703732131076172,dynamic_precision_ensemble__trend_filter,0.786133953417665,0.0
0,2023-11-30,0.0018512803069341683,0.0022960877391935445,1.112040689602606,1.173063580169955,dynamic_precision_ensemble__trend_filter,0.786133953417665,0.0
0,2023-12-01,0.005339374561208543,0.006733326377002909,1.117994171161755,1.180988851894021,dynamic_precision_ensemble__trend_filter,0.8805607208148358,0.09442676739717082
0,2023-12-03,-0.0012184797154714264,-0.001359360975303651,1.1166327475441515,1.1793845523945974,dynamic_precision_ensemble__trend_filter,0.8805607208148358,0.0
0,2023-12-04,-0.0053695735457230664,-0.0061272881308174106,1.1106529746653337,1.1721802174826828,dynamic_precision_ensemble__trend_filter,0.8805607208148358,0.0
0,2023-12-05,0.0016126850009992697,0.0018020979614249524,1.1124455531025665,1.1742945055679659,dynamic_precision_ensemble__trend_filter,0.8805607208148358,0.0
0,2023-12-06,-0.0037148187177147227,-0.0049942581540321895,1.1083206858500558,1.1684443962960114,xgb_vix__trend_filter,0.7544499944814117,0.12611072633342413
0,2023-12-07,0.004866572037556089,0.006380237488450143,1.1137275540942257,1.175923181880344,xgb_vix__trend_filter,0.8561817342103103,0.1017317397288986
0,2023-12-08,0.0042079082746003214,0.004937889753227764,1.118423891433488,1.1817441206601724,xgb_vix__trend_filter,0.8561817342103103,0.0
0,2023-12-10,0.0008201080537332801,0.0009216091514194273,1.119341496090395,1.1828337288757376,xgb_vix__trend_filter,0.8561817342103103,0.0
0,2023-12-11,0.012247764714271208,0.014268641713274712,1.1331352261193017,1.1998321433048869,xgb_vix__trend_filter,0.9202006509678655,0.06401891675755522
0,2023-12-12,0.005022541551785793,0.005474092002333369,1.1388407610254048,1.2064181445870066,xgb_vix__trend_filter,0.9202006509678655,0.0
0,2023-12-13,0.012607248711533443,0.013681824753388876,1.153289296509043,1.2230375790638162,xgb_vix__trend_filter,0.9202006509678655,0.0
0,2023-12-14,0.0004993016117793839,0.0005239168259832658,1.1538652794962887,1.223678516914699,xgb_vix__trend_filter,0.8354489738230784,0.08475167714478715
0,2023-12-15,-0.00040097857759484166,-0.00047174758013307196,1.1534026969868165,1.2231013856763195,xgb_vix__trend_filter,0.8354489738230784,0.0
0,2023-12-17,0.0008667238811239919,0.0009949208323484849,1.1544028119980219,1.2243188802799454,xgb_vix__trend_filter,0.8354489738230784,0.0
0,2023-12-18,0.0029565002160178693,0.003496145721663817,1.1578208543928767,1.2286067686689282,xgb_vix__trend_filter,0.8354489738230784,0.0
0,2023-12-19,0.004631095896618055,0.005500806191467284,1.1631952689097416,1.235383718644532,xgb_vix__trend_filter,0.8354489738230784,0.0
0,2023-12-20,-0.01019006642939005,-0.012239628083209247,1.151402418856699,1.2203552404955444,xgb_vix__trend_filter,0.8354489738230784,0.0
0,2023-12-21,0.005961534647881667,0.007093367888140627,1.1582870453501604,1.2290424435087295,xgb_vix__trend_filter,0.8354489738230784,0.0
0,2023-12-22,0.0010799929812784445,0.0012501956687978215,1.1595386629769149,1.2305799479388038,xgb_vix__trend_filter,0.8354489738230784,0.0
0,2023-12-25,0.0019026875129499053,0.0022349290965100466,1.1617470029359531,1.2333332824777166,xgb_vix__trend_filter,0.8354489738230784,0.0
0,2023-12-26,0.0029348011501292813,0.003470250924169219,1.1651615073713242,1.2376206933341418,xgb_vix__trend_filter,0.8354489738230784,0.0
0,2023-12-27,0.0013747948096906682,0.0016030620168922935,1.1667644669819117,1.2396062671327028,xgb_vix__trend_filter,0.8354489738230784,0.0
0,2023-12-28,0.0001651708229664351,0.00015511090491848454,1.166957198345492,1.2397985584953986,xgb_vix__trend_filter,0.8354489738230784,0.0
0,2023-12-29,-0.003870549358473413,-0.004675098824244526,1.1624491628250284,1.2340159054818285,xgb_vix__trend_filter,0.8354489738230784,0.0
0,2024-01-01,0.001695854355239618,0.0017112640589727083,1.1644221798024135,1.23612944044151,dynamic_precision_ensemble__drawdown_modulated_controller,0.9897062856745658,0.1542573118514874
0,2024-01-02,-0.006715051093398375,-0.0067871460996219235,1.1566292197165933,1.2277680563962285,dynamic_precision_ensemble__drawdown_modulated_controller,0.9897062856745658,0.0
0,2024-01-03,-0.008019679320446758,-0.008105351726658806,1.1473905195040568,1.2178567858885851,dynamic_precision_ensemble__drawdown_modulated_controller,0.9897062856745658,0.0
0,2024-01-04,-0.0033427830392392137,-0.0033798120904021205,1.1435614453836564,1.2137476068374198,dynamic_precision_ensemble__drawdown_modulated_controller,0.9897062856745658,0.0
0,2024-01-05,0.00031572996663096483,0.00031675641961455736,1.1439225590048439,1.214132130080565,dynamic_precision_ensemble__drawdown_modulated_controller,0.9897062856745658,0.0
0,2024-01-07,0.0007331842029934312,0.0007385525043771565,1.1447615724926867,1.2150291616175504,dynamic_precision_ensemble__drawdown_modulated_controller,0.9897062856745658,0.0
0,2024-01-08,0.012019921643859798,0.012142672531093138,1.1586045459558354,1.229872801186061,dynamic_precision_ensemble__drawdown_modulated_controller,0.9897062856745658,0.0
0,2024-01-09,-0.0010820644837213219,-0.0010955761790407855,1.1573515391653098,1.2285261196726251,dynamic_precision_ensemble__drawdown_modulated_controller,0.9897062856745658,0.0
0,2024-01-10,0.006006707473790211,0.006066928640862995,1.1643243321039836,1.2360021553302967,dynamic_precision_ensemble__drawdown_modulated_controller,0.9897062856745658,0.0
0,2024-01-11,-0.002106374613321856,-0.0021305358034315446,1.1618744100218266,1.2333716117139686,dynamic_precision_ensemble__drawdown_modulated_controller,0.9897062856745658,0.0
0,2024-01-12,5.365265040744113e-05,5.196154847755345e-05,1.1619367493356847,1.2334357012778436,dynamic_precision_ensemble__drawdown_modulated_controller,0.9897062856745658,0.0
0,2024-01-14,-0.00020352347092963602,-0.0002078894043349677,1.1617002919985844,1.2331793097160875,dynamic_precision_ensemble__drawdown_modulated_controller,0.9897062856745658,0.0
0,2024-01-15,-0.00035796660431750444,-0.00036393886630499325,1.1612845165111325,1.2327305894944758,dynamic_precision_ensemble__drawdown_modulated_controller,0.9897062856745658,0.0
0,2024-01-16,-0.0016987439441239016,-0.0017186613321652031,1.1593134661002724,1.2306137626725935,dynamic_precision_ensemble__drawdown_modulated_controller,0.9897062856745658,0.0
0,2024-01-17,-0.006326451235003515,-0.006394508627173834,1.15200227731579,1.2227696985467877,dynamic_precision_ensemble__drawdown_modulated_controller,0.9897062856745658,0.0
0,2024-01-18,0.009252432697443405,0.009346416055014553,1.1627105633093193,1.2342517874939378,dynamic_precision_ensemble__drawdown_modulated_controller,0.9897062856745658,0.0
0,2024-01-19,0.011180419171130851,0.011294455085981571,1.175783096810031,1.248271009580154,dynamic_precision_ensemble__drawdown_modulated_controller,0.9897062856745658,0.0
0,2024-01-21,0.000966654249065826,0.0009744590731205333,1.1769202220514692,1.2494879914443615,dynamic_precision_ensemble__drawdown_modulated_controller,0.9897062856745658,0.0
0,2024-01-22,0.0013708384233798838,0.0013828429504800105,1.1785346958516432,1.251217032325506,dynamic_precision_ensemble__drawdown_modulated_controller,0.9897062856745658,0.0
0,2024-01-23,0.004693990161222131,0.004740562174724885,1.1840797301053525,1.2571625859601574,dynamic_precision_ensemble__drawdown_modulated_controller,0.9897062856745658,0.0
0,2024-01-24,-0.0008686119675736737,-0.0010205124742626226,1.183051670838151,1.2558802902696695,xgb_vix__trend_filter,0.8771391526203522,0.11256713305421351
0,2024-01-25,0.002570248903438581,0.0029000295067207298,1.1860963191737328,1.25952766636125,xgb_vix__trend_filter,0.8771391526203522,0.0
0,2024-01-26,-0.00015202393497563087,-0.00020355198349292136,1.1859160178494375,1.2592713130979907,xgb_vix__trend_filter,0.8771391526203522,0.0
0,2024-01-28,-0.0014937306156616156,-0.0017331914673510873,1.1841459011538513,1.2570906451065125,xgb_vix__trend_filter,0.8771391526203522,0.0
0,2024-01-29,0.008615979409337981,0.009792696394797677,1.1943925569551617,1.2694614249204257,xgb_vix__trend_filter,0.8771391526203522,0.0
0,2024-01-30,-0.004065930280772753,-0.004665567897960191,1.1895460994465932,1.2635524615022564,xgb_vix__trend_filter,0.8771391526203522,0.0
0,2024-01-31,-0.009506420121913056,-0.010868106941950494,1.1782913553929122,1.249894391343273,xgb_vix__trend_filter,0.8771391526203522,0.0
0,2024-02-01,0.01370461264884397,0.015594094296492389,1.1945505404449344,1.2695381274070086,xgb_vix__trend_filter,0.8771391526203522,0.0
0,2024-02-02,0.003333775168377746,0.0037705584375634475,1.1985395489082178,1.2743340310405773,xgb_vix__trend_filter,0.7469865121496463,0.13015264047070596
0,2024-02-04,0.0005898172353386851,0.0008037374653636764,1.1992466767089813,1.2753586727610229,xgb_vix__trend_filter,0.7469865121496463,0.0
0,2024-02-05,-0.0027705234208496533,-0.003781775847317762,1.1959287340450346,1.27054466063054,xgb_vix__trend_filter,0.7469865121496463,0.0
0,2024-02-06,0.002345179858684126,0.0030664100773737037,1.1987366933223589,1.2744466510755699,xgb_vix__trend_filter,0.7469865121496463,0.0
0,2024-02-07,0.006088575520185119,0.00807787411473136,1.2060575564065386,1.2847831630034803,xgb_vix__trend_filter,0.7988786840935111,0.05189217194386486
0,2024-02-08,0.00025640075096629224,0.00029908778672340795,1.2063668301170212,1.2851674834260298,xgb_vix__trend_filter,0.7988786840935111,0.0
0,2024-02-09,0.00428183030275945,0.005305459273978003,1.2115433627747516,1.2920040065810359,xgb_vix__trend_filter,0.7988786840935111,0.0
0,2024-02-11,0.00012262652436065773,9.915716426750676e-05,1.2116919392359622,1.2921321243863448,xgb_vix__trend_filter,0.7988786840935111,0.0
0,2024-02-12,-0.0011069329363098286,-0.0014398495614268616,1.2103514195893135,1.2902729872738115,xgb_vix__trend_filter,0.7988786840935111,0.0
0,2024-02-13,-0.010038150024181819,-0.012619740640443687,1.198262507126845,1.2740923890356741,xgb_vix__trend_filter,0.7988786840935111,0.0
0,2024-02-14,0.0073660252717217805,0.009166214133520622,1.2071215268618594,1.285824680904261,xgb_vix__trend_filter,0.7988786840935111,0.0
0,2024-02-15,0.004751256441879204,0.005893165444269941,1.2128705174417411,1.293424630365801,xgb_vix__trend_filter,0.7988786840935111,0.0
0,2024-02-16,-0.00533346683415132,-0.0067305323332098425,1.206418932712839,1.284748424565089,xgb_vix__trend_filter,0.7988786840935111,0.0
0,2024-02-18,0.0016333795618212344,0.001990249100429041,1.2083910829369977,1.2873079401532828,xgb_vix__trend_filter,0.7988786840935111,0.0
0,2024-02-19,-0.001390126454144754,-0.001794438207127256,1.2067124335634307,1.2850000169332303,xgb_vix__trend_filter,0.7469865121496463,0.05189217194386486
0,2024-02-20,-0.0040143790348289455,-0.005412475022324462,1.2018779427008606,1.2780637744904055,xgb_vix__trend_filter,0.7469865121496463,0.0
0,2024-02-21,0.004963650554080173,0.0065717888931982665,1.2078584751748098,1.2864905991362996,xgb_vix__trend_filter,0.7469865121496463,0.0
0,2024-02-22,0.01140864390402128,0.015199646109663798,1.2217174078990913,1.3061941652423348,xgb_vix__trend_filter,0.7469865121496463,0.0
0,2024-02-23,-0.0005683166388538251,-0.0008341921571832991,1.2210232828283012,1.3051050026625322,xgb_vix__trend_filter,0.6898854204927262,0.05710109165692012
0,2024-02-25,0.0006474457084271583,0.0008824828326148607,1.2218140850857975,1.3062572437638589,xgb_vix__trend_filter,0.6898854204927262,0.0
0,2024-02-26,-0.0026150967972992482,-0.003888187757674445,1.2186230971746534,1.3011881315565328,xgb_vix__trend_filter,0.6898854204927262,0.0
0,2024-02-27,0.0011180443388949897,0.0015234169735792143,1.2199863337671673,1.3031718943072292,xgb_vix__trend_filter,0.6898854204927262,0.0
0,2024-02-28,-0.0021436777781774865,-0.0032045016346193868,1.2173738773066511,1.2990025617261143,xgb_vix__trend_filter,0.8071354508802289,0.1172500303875027
0,2024-02-29,0.00417909615350971,0.005198650224624647,1.2224720452418,1.305773205541324,xgb_vix__trend_filter,0.8071354508802289,0.0
0,2024-03-01,0.006520619636373108,0.008027330362915095,1.23046936587175,1.316297261967696,xgb_vix__trend_filter,0.8071354508802289,0.0
0,2024-03-03,0.0005124071451223952,0.0005834589721858162,1.2311000287309557,1.3170654915086704,xgb_vix__trend_filter,0.8071354508802289,0.0
0,2024-03-04,-0.0016885123063024407,-0.0021439377132671774,1.2290230551733272,1.314244809893859,xgb_vix__trend_filter,0.8071354508802289,0.0
0,2024-03-05,-0.006739871364141957,-0.008402221295537997,1.2207674499878634,1.3032484955901789,xgb_vix__trend_filter,0.8071354508802289,0.0
0,2024-03-06,0.0033201772351131764,0.004061670097516362,1.2248273503495075,1.3085526255554643,xgb_vix__trend_filter,0.8071354508802289,0.0
0,2024-03-07,0.008019877613873011,0.00988436116335238,1.2346898107988762,1.3215509666279168,xgb_vix__trend_filter,0.8071354508802289,0.0
0,2024-03-08,-0.004322620512554019,-0.005407274950523562,1.2293642338126225,1.3144242625789468,xgb_vix__trend_filter,0.8071354508802289,0.0
0,2024-03-10,-0.00035159642695664005,-0.0004873769566159179,1.2289320697187134,1.3137837985685268,xgb_vix__trend_filter,0.7520642369329535,0.05507121394727532
0,2024-03-11,0.01011591828518076,0.013415800231401884,1.2414269380960852,1.3315280198831714,xgb_vix__trend_filter,0.7520642369329535,0.0
0,2024-03-12,0.00629398861926315,0.00829726768611024,1.2492651059103457,1.342622025616499,xgb_vix__trend_filter,0.7520642369329535,0.0
0,2024-03-13,-0.000556240164710144,-0.0008113010339098703,1.2485704077095001,1.3415331967226929,xgb_vix__trend_filter,0.7520642369329535,0.0
0,2024-03-14,-0.003552434333222143,-0.004795261474218787,1.2441428123528628,1.3351155936080266,xgb_vix__trend_filter,0.7520642369329535,0.0
0,2024-03-15,-0.004335241675757893,-0.005836139771700625,1.2387608271147343,1.3273463655946431,xgb_vix__trend_filter,0.7520642369329535,0.0
0,2024-03-17,0.00041647324881611907,0.00048209036240642655,1.2392768453073368,1.3279864207548873,xgb_vix__trend_filter,0.7520642369329535,0.0
0,2024-03-18,0.003554413912538937,0.004654527382573582,1.2436895858751906,1.3341819774226935,xgb_vix__trend_filter,0.7520642369329535,0.0
0,2024-03-19,0.004145527515265452,0.0054405155650953,1.2488560367069674,1.3414603964606184,xgb_vix__trend_filter,0.7520642369329535,0.0
0,2024-03-20,0.009166312675328083,0.012116652096164865,1.2603560675446073,1.3578132763959796,xgb_vix__trend_filter,0.841437392663048,0.08937315573009441
0,2024-03-21,0.0011386463026802393,0.00136534882360027,1.2617919846666978,1.359668431334187,xgb_vix__trend_filter,0.7883740776595508,0.05306331500349715
0,2024-03-22,-0.0029987124194792727,-0.0038281675717923517,1.2580139008959716,1.354473342915914,xgb_vix__trend_filter,0.7883740776595508,0.0
0,2024-03-24,0.0005299236274272955,0.0006140185536083342,1.2586807288540287,1.355305270062046,xgb_vix__trend_filter,0.7883740776595508,0.0
0,2024-03-25,-0.001334320924118217,-0.0017506514734426598,1.2570023648078819,1.3529346785392637,xgb_vix__trend_filter,0.7883740776595508,0.0
0,2024-03-26,-0.0011870384365801246,-0.0015638334492182578,1.2555111399317078,1.3508205675239686,xgb_vix__trend_filter,0.7883740776595508,0.0
0,2024-03-27,0.004208029191894858,0.005279556943395166,1.260805499055672,1.3579711610037855,xgb_vix__trend_filter,0.7883740776595508,0.0
0,2024-03-28,0.00015732029770104374,0.00014139605080813975,1.2610038649552087,1.3581631863385548,xgb_vix__trend_filter,0.7883740776595508,0.0
0,2024-03-31,0.004222438410928618,0.005297727579738803,1.2663396331596248,1.3653774576577535,xgb_vix__trend_filter,0.7883740776595508,0.0
0,2024-04-01,-0.006363330524923002,-0.00812940214846346,1.2583070795183884,1.354322750182493,xgb_vix__trend_filter,0.7883740776595508,0.0
0,2024-04-02,-0.0046021518818357456,-0.00589525136408653,1.2525294641535596,1.3463621650224886,xgb_vix__trend_filter,0.7883740776595508,0.0
0,2024-04-03,0.003069828645817763,0.003836144866531995,1.256380422849772,1.3515369245479454,xgb_vix__trend_filter,0.7883740776595508,0.0
0,2024-04-04,-0.011778919925605594,-0.014998397049160549,1.241668434219276,1.3314172953813455,xgb_vix__trend_filter,0.8384381285434342,0.05006405088388344
0,2024-04-05,0.008783965416015647,0.010464920614037438,1.2526232497263012,1.3454236314546362,xgb_vix__trend_filter,0.7618823882963289,0.07655574024710532
0,2024-04-07,0.00044766227199606444,0.0005704778060841843,1.2531841274287554,1.3461913847484477,xgb_vix__trend_filter,0.7618823882963289,0.0
0,2024-04-08,-0.00045611106677433827,-0.0006660007152273636,1.2526126666142372,1.345295118813378,xgb_vix__trend_filter,0.7618823882963289,0.0
0,2024-04-09,0.0010286325922823781,0.0012827825640092155,1.2539018077412436,1.3470219472711609,xgb_vix__trend_filter,0.7618823882963289,0.0
0,2024-04-10,-0.009589133287251401,-0.012653692388143309,1.2419354414121488,1.3300845323248316,xgb_vix__trend_filter,0.7618823882963289,0.0
0,2024-04-11,0.007060996338704292,0.009200244494670867,1.2507357760184339,1.3423781004217819,xgb_vix__trend_filter,0.7618823882963289,0.0
0,2024-04-12,-0.01145128067087479,-0.015097832602208892,1.2364949431079968,1.32226332739701,xgb_vix__trend_filter,0.7618823882963289,0.0
0,2024-04-14,0.002476936940202994,0.003183489849965312,1.239561459324791,1.3264794467045449,xgb_vix__trend_filter,0.6960078499950096,0.06587453830131929
0,2024-04-15,-0.010913635510762163,-0.015727459780066202,1.2261068900417633,1.3057804922052036,xgb_vix__trend_filter,0.6960078499950096,0.0
0,2024-04-16,0.0006404933584595417,0.0007343582369750085,1.2268924549092814,1.3067397550435098,xgb_vix__drawdown_brake,0.8188327647000113,0.12282491470500168
0,2024-04-17,-0.006466298639954631,-0.007944815710122512,1.218984596737268,1.2963990802782381,xgb_vix__drawdown_brake,0.8188327647000113,0.0
0,2024-04-18,-0.004225524590192884,-0.00520835685044128,1.2138446145571236,1.2896645244565466,xgb_vix__drawdown_brake,0.8188327647000113,0.0
0,2024-04-19,-0.00593417398395078,-0.007294958158075482,1.2066627796291873,1.2802907080818373,xgb_vix__drawdown_brake,0.8188327647000113,0.0
0,2024-04-21,0.003014978212787484,0.0036341992749650575,1.210306331474648,1.2849520045547227,xgb_vix__drawdown_brake,0.8188327647000113,0.0
0,2024-04-22,0.003974111970655665,0.00480580528293192,1.2151257945546403,1.2911420959597772,xgb_vix__drawdown_brake,0.8188327647000113,0.0
0,2024-04-23,0.011282727335773502,0.013731192799662378,1.2289133619925507,1.3089932956639514,xgb_vix__drawdown_brake,0.8188327647000113,0.0
0,2024-04-24,-0.0066163617375899625,-0.008128168136049751,1.2208092660245746,1.2983967018563711,xgb_vix__drawdown_brake,0.8188327647000113,0.0
0,2024-04-25,0.007156913627871026,0.00869236480187482,1.2295778330077194,1.3097320336941232,xgb_vix__drawdown_brake,0.760961460635311,0.05787130406470031
0,2024-04-26,0.0018393431873716334,0.0023871021855874524,1.2318415298376681,1.3128622324600565,xgb_vix__drawdown_brake,0.760961460635311,0.0
0,2024-04-28,0.0014194986910902021,0.0019448643569268574,1.2335913689302302,1.3154180559809414,xgb_vix__trend_filter,0.6960078499950096,0.06495361064030136
0,2024-04-29,0.00047159245070099026,0.0005831187463022719,1.2341732585036482,1.3161853245912223,xgb_vix__trend_filter,0.6960078499950096,0.0
0,2024-04-30,-0.011906987123150513,-0.01720216942198277,1.2195651154826799,1.2937377090352629,xgb_vix__trend_filter,0.6960078499950096,0.0
0,2024-05-01,0.0013021678814234131,0.0017762875087381043,1.2211542284267367,1.2960378013752814,xgb_vix__trend_filter,0.6960078499950096,0.0
0,2024-05-02,0.00551758334030323,0.007832850604844049,1.2279106711303636,1.3062293341212294,xgb_vix__trend_filter,0.6960078499950096,0.0
0,2024-05-03,0.007448696891631879,0.010607581029279273,1.237091154401461,1.3201590171317155,xgb_vix__trend_filter,0.6960078499950096,0.0
0,2024-05-05,-0.00023779869747328933,-0.0004361099135172487,1.2367970107111679,1.3195834082204243,xgb_vix__trend_filter,0.6388191777449946,0.057188672250015005
0,2024-05-06,0.005725386515249712,0.008884950507880709,1.2438984615149142,1.331360081600465,xgb_vix__trend_filter,0.6388191777449946,0.0
0,2024-05-07,0.0011195243684011778,0.001630227036157486,1.2452918159559938,1.333532270900138,xgb_vix__trend_filter,0.6388191777449946,0.0
0,2024-05-08,-0.0003816765747756501,-0.0007197351995975603,1.2448166079347374,1.332572826099487,xgb_vix__trend_filter,0.6388191777449946,0.0
0,2024-05-09,0.004454787671253117,0.006341226888661933,1.2503743717503883,1.3410498216055697,dynamic_precision_ensemble__trend_filter,0.6919889885358227,0.053169810790828054
0,2024-05-10,-0.00019719166573738882,-0.00038157017047161135,1.250127832653754,1.3405382146097204,dynamic_precision_ensemble__trend_filter,0.6919889885358227,0.0
0,2024-05-12,0.0002318378144900165,0.00023842449322265845,1.250417693157324,1.3408578698594906,dynamic_precision_ensemble__trend_filter,0.7506175302191456,0.05862854168332288
0,2024-05-13,0.00023931110409173683,0.00028602755788791556,1.2507169678044943,1.3412414470156848,dynamic_precision_ensemble__trend_filter,0.7506175302191456,0.0
0,2024-05-14,0.003934018629063708,0.005169329701097385,1.25564700272182,1.3481927174892492,dynamic_precision_ensemble__trend_filter,0.7506175302191456,0.0
0,2024-05-15,0.009370530047855916,0.012411916318126678,1.267468380478377,1.3650306520323119,dynamic_precision_ensemble__trend_filter,0.7506175302191456,0.0
0,2024-05-16,-0.0024504865595484393,-0.0033364723505381277,1.264366268641362,1.3604838543544668,dynamic_precision_ensemble__trend_filter,0.7506175302191456,0.0
0,2024-05-17,0.0011459115657833532,0.0014546483476444083,1.2658159510172518,1.362464320036544,dynamic_precision_ensemble__trend_filter,0.7506175302191456,0.0
0,2024-05-19,0.0011092040611301475,0.0014057452736081692,1.2672207781867304,1.3643809446422621,dynamic_precision_ensemble__trend_filter,0.7506175302191456,0.0
0,2024-05-20,-0.0004740314046596147,-0.0007033668403167089,1.2666202180946506,1.3634216217457482,dynamic_precision_ensemble__trend_filter,0.7506175302191456,0.0
0,2024-05-21,0.002159843671934301,0.0028055774229819993,1.2693588762295314,1.3672521776136444,dynamic_precision_ensemble__trend_filter,0.7506175302191456,0.0
0,2024-05-22,-0.0007190352541675206,-0.0010297698879998293,1.2684464905053918,1.365844947177955,dynamic_precision_ensemble__trend_filter,0.8067776153300156,0.056160085110870006
0,2024-05-23,-0.008110966993326398,-0.010070615633969446,1.2581997744516211,1.3521590759389048,dynamic_precision_ensemble__trend_filter,0.8067776153300156,0.0
0,2024-05-24,0.005045634644020134,0.00620217298253279,1.2645642336882779,1.3605714609948873,dynamic_precision_ensemble__trend_filter,0.8067776153300156,0.0
0,2024-05-26,-0.000716995663872186,-0.0009406011827309468,1.2636578715837137,1.3592923075504157,dynamic_precision_ensemble__trend_filter,0.8067776153300156,0.0
0,2024-05-27,0.0015945219120628426,0.0019245224052474987,1.265674409028622,1.3619108149314394,dynamic_precision_ensemble__trend_filter,0.8067776153300156,0.0
0,2024-05-28,-0.0010578603938540894,-0.0013631026546421022,1.2643362101383933,1.3600556553579384,dynamic_precision_ensemble__trend_filter,0.8067776153300156,0.0
0,2024-05-29,-0.007923795152956863,-0.00987342151902239,1.2543574560174493,1.3466933270844474,dynamic_precision_ensemble__trend_filter,0.8067776153300156,0.0
0,2024-05-30,-0.003612733203563056,-0.004529864797223222,1.2498339731752686,1.3406067844049623,dynamic_precision_ensemble__trend_filter,0.8067776153300156,0.0
0,2024-05-31,0.008605731686173743,0.010614909496915799,1.2606361225342495,1.354912999350116,dynamic_precision_ensemble__trend_filter,0.8067776153300156,0.0
0,2024-06-02,0.0004983331287635282,0.0005657975689728657,1.2612644958340367,1.3556798227442677,dynamic_precision_ensemble__trend_filter,0.8067776153300156,0.0
0,2024-06-03,-0.0007954156416383217,-0.0010383727735139119,1.2602616652122616,1.3542728523330303,dynamic_precision_ensemble__trend_filter,0.8067776153300156,0.0
0,2024-06-04,0.002282739195558856,0.002776996888097295,1.2631417999596661,1.3580388905475784,dynamic_precision_ensemble__trend_filter,0.8067776153300156,0.0
0,2024-06-05,0.008794181841500255,0.010848018172011569,1.27429908633632,1.372851117506478,dynamic_precision_ensemble__trend_filter,0.8067776153300156,0.0
0,2024-06-06,-0.0007849508092685816,-0.0010253066064039224,1.273299216712824,1.371444245546895,dynamic_precision_ensemble__trend_filter,0.8067776153300156,0.0
0,2024-06-07,-0.001577716191918845,-0.0020080334773009403,1.2712918958291723,1.3686931027074756,dynamic_precision_ensemble__trend_filter,0.8067776153300156,0.0
0,2024-06-09,4.64326771794932e-06,-4.670060245472384e-05,1.2712977987914968,1.3686291854075034,dynamic_precision_ensemble__trend_filter,0.8067776153300156,0.0
0,2024-06-10,0.0019967799495920284,0.002422550705489892,1.2738388368487188,1.3719487783237585,dynamic_precision_ensemble__trend_filter,0.8067776153300156,0.0
0,2024-06-11,0.0028141138096115324,0.0034356351596057516,1.2774286129609562,1.3766704000241687,dynamic_precision_ensemble__trend_filter,0.8067776153300156,0.0
0,2024-06-12,0.0076485656807014895,0.00942802815365918,1.2872365701979558,1.3897110645941635,dynamic_precision_ensemble__trend_filter,0.8067776153300156,0.0
0,2024-06-13,0.00033896212140427346,0.00036778228118638834,1.287672968593624,1.3902222697000175,dynamic_precision_ensemble__trend_filter,0.8067776153300156,0.0
0,2024-06-14,-0.00029170289017834897,-0.000413926332933559,1.2872974054461714,1.3896469391743997,dynamic_precision_ensemble__trend_filter,0.8067776153300156,0.0
0,2024-06-16,0.009720728389712364,0.011996471637509743,1.2998718914466953,1.4064181960840105,dynamic_precision_ensemble__trend_filter,0.8067776153300156,0.0
0,2024-06-17,0.007380396294246493,0.009095537464613439,1.3095009505653772,1.4192686779048684,dynamic_precision_ensemble__trend_filter,0.8624576195781154,0.055680004248099824
0,2024-06-18,0.0019395008967858034,0.002246284292731164,1.3120431933775256,1.4224603421938518,dynamic_precision_ensemble__trend_filter,0.8624576195781154,0.0
0,2024-06-19,-0.00024129470354038922,-0.00031457847004508866,1.3117266424967087,1.4220129371713879,dynamic_precision_ensemble__trend_filter,0.8624576195781154,0.0
0,2024-06-20,-0.0024576965685142514,-0.0028844460376341485,1.3085067747782768,1.4179171275000588,dynamic_precision_ensemble__trend_filter,0.8624576195781154,0.0
0,2024-06-21,-0.0016056948518769275,-0.0018965061485241577,1.3064073981165791,1.415230587274916,dynamic_precision_ensemble__trend_filter,0.8624576195781154,0.0
0,2024-06-23,6.890373945647792e-05,4.5152842386678524e-05,1.3064974175728659,1.415294490401257,dynamic_precision_ensemble__trend_filter,0.8624576195781154,0.0
0,2024-06-24,-0.0027046008758857603,-0.003170725968110368,1.3029686376346574,1.410814086228593,dynamic_precision_ensemble__trend_filter,0.8624576195781154,0.0
0,2024-06-25,0.0023287081571617047,0.0026653446830137524,1.3060064069960002,1.4145794077628193,dynamic_precision_ensemble__trend_filter,0.8624576195781154,0.0
0,2024-06-26,-0.0013358059818225744,-0.0015836394110540887,1.3042630005108835,1.4123409969482243,dynamic_precision_ensemble__trend_filter,0.8624576195781154,0.0
0,2024-06-27,0.00461029699157181,0.005310795059492749,1.3102899225735836,1.4198616030597628,dynamic_precision_ensemble__trend_filter,0.8624576195781154,0.0
0,2024-06-28,-0.0034777709288818107,-0.004067072523122618,1.3057409491012433,1.4140986500649964,dynamic_precision_ensemble__trend_filter,0.8624576195781154,0.0
0,2024-06-30,-0.0004380360887367527,-0.0005425690911371808,1.3051691126946305,1.4133316119500556,dynamic_precision_ensemble__trend_filter,0.8624576195781154,0.0
0,2024-07-01,-4.8145334312738185e-05,-9.043635553817559e-05,1.3051062764040144,1.4132038011693617,dynamic_precision_ensemble__trend_filter,0.8624576195781154,0.0
0,2024-07-02,0.00518571103773183,0.005978101104429759,1.3118917589969323,1.4216773790911879,dynamic_precision_ensemble__trend_filter,0.8624576195781154,0.0
0,2024-07-03,0.004464993447823094,0.005142445446055165,1.3177624436360886,1.4290071076669961,dynamic_precision_ensemble__trend_filter,0.8624576195781154,0.0
0,2024-07-04,-0.0003559831113999208,-0.0004473672586911517,1.317293425947458,1.4283679596521965,dynamic_precision_ensemble__trend_filter,0.8624576195781154,0.0
0,2024-07-05,0.004138582785355725,0.0047640429755067375,1.3227564506358174,1.4351890009628694,dynamic_precision_ensemble__trend_filter,0.8624576195781154,0.0
0,2024-07-07,-0.0003159383721007363,-0.0004008730230735289,1.3223386071259926,1.4346137877108123,dynamic_precision_ensemble__trend_filter,0.8624576195781154,0.0
0,2024-07-08,0.003968497805267895,0.004566833308356913,1.3275967315129005,1.441180412669178,dynamic_precision_ensemble__trend_filter,0.8624576195781154,0.0
0,2024-07-09,-0.0006973688626950989,-0.0008431330042433228,1.3266712296357313,1.4399658180025647,dynamic_precision_ensemble__trend_filter,0.8624576195781154,0.0
0,2024-07-10,0.0075793385257296115,0.008753521023201401,1.3367647226783246,1.4526259184518655,dynamic_precision_ensemble__trend_filter,0.8624576195781154,0.0
0,2024-07-11,-0.007046299186033082,-0.008204446815149499,1.3273785860996337,1.4407566831956768,dynamic_precision_ensemble__trend_filter,0.8624576195781154,0.0
0,2024-07-12,0.004632980546856069,0.005337475751599836,1.333542573057605,1.4484672462224988,dynamic_precision_ensemble__trend_filter,0.8624576195781154,0.0
0,2024-07-14,0.0007138828040325894,0.0007933710282389738,1.334494906055587,1.4496168741514492,dynamic_precision_ensemble__trend_filter,0.8624576195781154,0.0
0,2024-07-15,0.0030978061966951804,0.0035574759982069178,1.3386353224376952,1.4547830351863613,dynamic_precision_ensemble__trend_filter,0.8624576195781154,0.0
0,2024-07-16,0.0031245390279746443,0.003588472108244812,1.3428244819349084,1.460012861462441,dynamic_precision_ensemble__trend_filter,0.8624576195781154,0.0
0,2024-07-17,-0.009703564358416385,-0.011285422092685425,1.3298573137757654,1.4436286254615713,dynamic_precision_ensemble__trend_filter,0.8624576195781154,0.0
0,2024-07-18,-0.007245164984650957,-0.008434963916006564,1.3202570977009314,1.431502882095632,dynamic_precision_ensemble__trend_filter,0.80609203027436,0.05636558930375535
0,2024-07-19,-0.007099820800068558,-0.008824570629595675,1.3109167056874018,1.4189260579587506,dynamic_precision_ensemble__trend_filter,0.80609203027436,0.0
0,2024-07-21,0.0028266492767619424,0.0034547807477025958,1.3146274494603094,1.4238366139491834,dynamic_precision_ensemble__trend_filter,0.7546797330728151,0.05141229720154494
0,2024-07-22,0.004537348062686375,0.005976308931272893,1.3206059247260231,1.432371379216265,dynamic_precision_ensemble__trend_filter,0.7546797330728151,0.0
0,2024-07-23,-0.00407610138282867,-0.005470879271572879,1.3152339568706348,1.4245564451011232,dynamic_precision_ensemble__trend_filter,0.7546797330728151,0.0
0,2024-07-24,-0.012401006668468483,-0.016501794231097475,1.2990244466540795,1.4012416051869523,dynamic_precision_ensemble__trend_filter,0.7546797330728151,0.0
0,2024-07-25,-0.004515925244109028,-0.006053416717726331,1.2931713753260892,1.3927849275491904,dynamic_precision_ensemble__trend_filter,0.6678454415056481,0.08683429156716704
0,2024-07-26,0.005826464132025204,0.00868311157620524,1.3007279847404074,1.4049312922809167,dynamic_precision_ensemble__trend_filter,0.6678454415056481,0.0
0,2024-07-28,0.001706372115165207,0.002448870981170245,1.3029494054491497,1.4083760038587465,dynamic_precision_ensemble__trend_filter,0.6678454415056481,0.0
0,2024-07-29,-0.002848916970525702,-0.004372594196276949,1.2992426933408183,1.4022311912944925,dynamic_precision_ensemble__trend_filter,0.7267149645249361,0.05886952301928805
0,2024-07-30,-0.0010648313693194006,-0.001505337672590977,1.2978599552866712,1.4001219478166915,dynamic_precision_ensemble__trend_filter,0.7267149645249361,0.0
0,2024-07-31,0.01397602828249189,0.019151064355578572,1.3161262303898393,1.4271941769260759,dynamic_precision_ensemble__trend_filter,0.7267149645249361,0.0
0,2024-08-01,-0.01677707872970274,-0.023166315663270515,1.2942296707571164,1.394511377797009,dynamic_precision_ensemble__trend_filter,0.7796669649534733,0.052952000428537205
0,2024-08-02,-0.014969145995522919,-0.019224769376783152,1.2750004395137706,1.3679582746202685,dynamic_precision_ensemble__trend_filter,0.5360104505621459,0.2436565143913274
0,2024-08-04,-0.00344751770068086,-0.006386219147224393,1.2706124211617447,1.3592500292721292,dynamic_precision_ensemble__trend_filter,0.47591984073196975,0.06009060983017617
0,2024-08-05,-0.004453581078602358,-0.009528468086997406,1.2649662279466503,1.3463599675426154,dynamic_precision_ensemble__trend_filter,0.5271733477512363,0.05125350701926651
0,2024-08-06,-0.002966748021511119,-0.005769079347097421,1.2612189532510047,1.3386150719992034,dynamic_precision_ensemble__trend_filter,0.5271733477512363,0.0
0,2024-08-07,-0.004079955377526871,-0.007929344304313695,1.2560837190870098,1.328042703571374,dynamic_precision_ensemble__trend_filter,0.5271733477512363,0.0
0,2024-08-08,0.015402698985464069,0.029027482982380733,1.2755805650814418,1.367157394615894,dynamic_precision_ensemble__trend_filter,0.5271733477512363,0.0
0,2024-08-09,0.0008123926477177647,0.0013513517627857913,1.2766172583980833,1.3690061540519323,dynamic_precision_ensemble__trend_filter,0.46555804032007475,0.0616153074311615
0,2024-08-11,0.0005590033327232181,0.0010241133901227166,1.2773310911990086,1.3704088897430593,dynamic_precision_ensemble__trend_filter,0.5843842048214697,0.11882616450139494
0,2024-08-12,0.0002460301368104184,0.00037226617891068076,1.2776453918042536,1.3709191415928497,dynamic_precision_ensemble__trend_filter,0.5843842048214697,0.0
0,2024-08-13,0.009216179912484792,0.015620627636944197,1.2894748289795324,1.3925018881934415,dynamic_precision_ensemble__trend_filter,0.6398497568839961,0.05546555206252646
0,2024-08-14,0.0020351329396763288,0.0031051696133058524,1.2921017538428563,1.3968325630033183,dynamic_precision_ensemble__trend_filter,0.5843212317464996,0.05552852513749651
0,2024-08-15,0.010516704592620444,0.01789494084434387,1.305762111359993,1.42205379224675,dynamic_precision_ensemble__trend_filter,0.6731603432644137,0.08883911151791402
0,2024-08-16,0.0007183401742740777,0.0010304199664507587,1.3067004297181657,1.4235198600707089,dynamic_precision_ensemble__trend_filter,0.5988853793307249,0.07427496393368871
0,2024-08-18,0.00061060514050829,0.0009399338954833689,1.3074985513614474,1.424858503657769,dynamic_precision_ensemble__trend_filter,0.6877694458757724,0.08888406654504744
0,2024-08-19,0.005275739633423896,0.007639765317634376,1.3144148014148649,1.4357857759862331,dynamic_precision_ensemble__trend_filter,0.6877694458757724,0.0
0,2024-08-20,-0.0010053267295225586,-0.0015570093925939162,1.3130940490863703,1.4335519835164758,dynamic_precision_ensemble__trend_filter,0.6877694458757724,0.0
0,2024-08-21,0.003171879729409149,0.004517087253066466,1.3172656378749672,1.4400421101064549,dynamic_precision_ensemble__trend_filter,0.7409051832877402,0.053135737411967865
0,2024-08-22,-0.0063421635677435246,-0.0072710069421549,1.3089377600334782,1.4296095275789091,dynamic_precision_ensemble__drawdown_modulated_controller,0.8716531568091062,0.1307479735213659
0,2024-08-23,0.007161082827866635,0.008184845808666383,1.3183448138952247,1.4413586780299308,dynamic_precision_ensemble__drawdown_modulated_controller,0.8716531568091062,0.0
0,2024-08-25,-0.0006293386429523541,-0.000752678721546621,1.3175153895808664,1.4402742062034934,dynamic_precision_ensemble__drawdown_modulated_controller,0.8716531568091062,0.0
0,2024-08-26,-0.0022174526932121448,-0.00257457670604388,1.3145970983140995,1.4365708790773712,dynamic_precision_ensemble__drawdown_modulated_controller,0.8716531568091062,0.0
0,2024-08-27,0.0006066280143433647,0.0006653950719540625,1.315394811674684,1.437527084352681,dynamic_precision_ensemble__drawdown_modulated_controller,0.9326137653757524,0.0609606085666462
0,2024-08-28,-0.010686941326649211,-0.011441383148244798,1.3014121137181702,1.4211735182990655,dynamic_precision_ensemble__drawdown_modulated_controller,0.9326137653757524,0.0
0,2024-08-29,0.007156038101219729,0.007658133768463266,1.310758469945291,1.4320988355863051,dynamic_precision_ensemble__drawdown_modulated_controller,0.8131814491483607,0.1194323162273917
0,2024-08-30,0.0059450195429160265,0.007336758241793877,1.318574163872401,1.4426444364794633,dynamic_precision_ensemble__drawdown_modulated_controller,0.8131814491483607,0.0
0,2024-09-01,-0.0004648534199528083,-0.0006191403190477255,1.3179613626052809,1.4417515135935932,dynamic_precision_ensemble__drawdown_modulated_controller,0.8801135452702256,0.0669320961218649
0,2024-09-02,0.0001858864693315619,0.0002210726462717842,1.318206376561375,1.4420702806500099,dynamic_precision_ensemble__drawdown_modulated_controller,0.8801135452702256,0.0
0,2024-09-03,-0.013243619360118098,-0.02196190208691885,1.3008636468105563,1.4107449157168082,xgb_vix__trend_filter,0.6067147102954294,0.2733988349747961
0,2024-09-04,-0.0009627172459058048,-0.0017200026582419297,1.2996118855859395,1.4083205162960952,xgb_vix__trend_filter,0.6667163144100986,0.06000160411466915
0,2024-09-05,-0.0015651629427107753,-0.002404721009513467,1.2975793722449214,1.4049379670360822,xgb_vix__trend_filter,0.6667163144100986,0.0
0,2024-09-06,-0.013042157758098746,-0.019663532458736123,1.2807660169104704,1.3775817649468485,xgb_vix__trend_filter,0.6667163144100986,0.0
0,2024-09-08,0.001790702721000208,0.0025841014426824494,1.2830615427907308,1.3811461793938464,xgb_vix__trend_filter,0.6667163144100986,0.0
0,2024-09-09,0.008452255521504554,0.012576083210114131,1.2939522675578838,1.3986252675340083,xgb_vix__trend_filter,0.6667163144100986,0.0
0,2024-09-10,0.0013403740890651566,0.001910047094008704,1.2956878105283793,1.4012992605752315,xgb_vix__trend_filter,0.6667163144100986,0.0
0,2024-09-11,0.0072065770798231486,0.010707903016954385,1.3050590111887364,1.4163848605845164,xgb_vix__trend_filter,0.6667163144100986,0.0
0,2024-09-12,0.005865296645744238,0.008696925499230677,1.3127360615096861,1.4287567750237309,xgb_vix__trend_filter,0.6667163144100986,0.0
0,2024-09-13,0.0025836531821706024,0.0037766118206448763,1.316132101417892,1.4341628366217174,xgb_vix__trend_filter,0.6667163144100986,0.0
0,2024-09-15,0.0008054684447671468,0.0011095333361821568,1.3171926313490887,1.4357549711983222,xgb_vix__trend_filter,0.6667163144100986,0.0
0,2024-09-16,0.007468826978182827,0.011104025174423581,1.327067345571868,1.4517864729196541,xgb_vix__trend_filter,0.6667163144100986,0.0
0,2024-09-17,0.0011463694144842487,0.001621243371099076,1.3285895273123882,1.4541420811062427,xgb_vix__trend_filter,0.6667163144100986,0.0
0,2024-09-18,0.0015505861766293976,0.002229704992000962,1.3306512178692123,1.4573880063466376,xgb_vix__trend_filter,0.6667163144100986,0.0
0,2024-09-19,0.006071832989586355,0.00901186351397199,1.33875528821452,1.4705811462462777,xgb_vix__trend_filter,0.6667163144100986,0.0
0,2024-09-20,-0.0013266000482697394,-0.002083967990504361,1.3369804728798942,1.4675196933030012,xgb_vix__trend_filter,0.6667163144100986,0.0
0,2024-09-22,0.0011032504985452702,0.001560536417588469,1.3384563112131382,1.4698115990640135,xgb_vix__trend_filter,0.6667163144100986,0.0
0,2024-09-23,0.0006976342190842578,0.0009527522986948168,1.3393903899213406,1.471212632756725,xgb_vix__trend_filter,0.6667163144100986,0.0
0,2024-09-24,0.002277890931115547,0.0033235558475133886,1.342444852689539,1.4761104246392587,xgb_vix__trend_filter,0.6667163144100986,0.0
0,2024-09-25,-0.00028348653063053545,-0.0005182242415374602,1.3420643415931208,1.4753456666092146,xgb_vix__trend_filter,0.6667163144100986,0.0
0,2024-09-26,0.0018995253756681361,0.0027562481089369443,1.344616049615571,1.4794176944945139,xgb_vix__trend_filter,0.6667163144100986,0.0
0,2024-09-27,-0.002156372783312961,-0.003327146089343174,1.341719680110689,1.4745036351276526,xgb_vix__trend_filter,0.6667163144100986,0.0
0,2024-09-29,0.0016999444577207544,0.0024568990250256437,1.3440024688019645,1.4781307956301772,xgb_vix__trend_filter,0.6667163144100986,0.0
0,2024-09-30,0.0010095507237497016,0.0014203938837125181,1.3453599925963313,1.4802318153561644,xgb_vix__trend_filter,0.7389988526205213,0.07228253821042274
0,2024-10-01,-0.0073765110258601965,-0.009998862013927506,1.3354724424227917,1.4655049304268508,xgb_vix__trend_filter,0.7389988526205213,0.0
0,2024-10-02,0.002418289846688107,0.003206661477724402,1.3387059100259615,1.4702118513503557,xgb_vix__trend_filter,0.7389988526205213,0.0
0,2024-10-03,-0.002522304148284523,-0.003478721625133348,1.335333541413363,1.4651062791704688,xgb_vix__trend_filter,0.8142507302629518,0.07525187764243046
0,2024-10-04,0.006495293920352263,0.007980414442629919,1.34403515442102,1.4768452129577123,xgb_vix__trend_filter,0.8142507302629518,0.0
0,2024-10-06,0.0009470695780332074,0.001120303578085293,1.3453086521778834,1.4785006550597792,xgb_vix__trend_filter,0.8142507302629518,0.0
0,2024-10-07,-0.00815107680639819,-0.010053700731421828,1.3343875080347478,1.4637107232930004,xgb_vix__trend_filter,0.8142507302629518,0.0
0,2024-10-08,0.007235577513527574,0.008843183410360137,1.3440775866639094,1.4767119872327406,xgb_vix__trend_filter,0.8142507302629518,0.0
0,2024-10-09,0.006066551115618855,0.007407475274696327,1.352256285209757,1.4876913090900756,xgb_vix__trend_filter,0.8142507302629518,0.0
0,2024-10-10,-0.00041847660045041425,-0.0005569360239892911,1.3516905159854322,1.4868629908890008,xgb_vix__trend_filter,0.8142507302629518,0.0
0,2024-10-11,0.0025040833936593185,0.0030325079615229275,1.3550795031422405,1.4913787583363118,xgb_vix__trend_filter,0.8142507302629518,0.0
0,2024-10-13,0.00034774077702514965,0.00038425412951493404,1.3555508014816702,1.4919519368989358,xgb_vix__trend_filter,0.8823251762097093,0.06807444594675749
0,2024-10-14,0.008531265290100544,0.009682617518359126,1.3671648357455757,1.5064681006794831,xgb_vix__trend_filter,0.8823251762097093,0.0
0,2024-10-15,-0.007464901421753387,-0.008485518637167828,1.3569970828721372,1.493739020337767,xgb_vix__trend_filter,0.8823251762097093,0.0
0,2024-10-16,0.0024233348001942694,0.0027215546462110315,1.3602895288650447,1.4978098496883891,xgb_vix__trend_filter,0.8823251762097093,0.0
0,2024-10-17,0.0019315230533133638,0.0021640446313829957,1.3629194985551178,1.5010546867722536,xgb_vix__trend_filter,0.8823251762097093,0.0
0,2024-10-18,0.0023744573743221813,0.0026661055727900764,1.3661595379545006,1.5050619966195753,xgb_vix__trend_filter,0.8823251762097093,0.0
0,2024-10-20,0.0009173168879733979,0.0010146277212701134,1.3674133141374476,1.5065898492133,xgb_vix__trend_filter,0.8823251762097093,0.0
0,2024-10-21,-0.0026342850497120475,-0.003010647804633397,1.3638158980772535,1.502060858809688,xgb_vix__trend_filter,0.8823251762097093,0.0
0,2024-10-22,-0.0008393146200843227,-0.0009762310548547309,1.3626717076899226,1.500595215872511,xgb_vix__trend_filter,0.8823251762097093,0.0
0,2024-10-23,-0.007113307802584301,-0.008087033329654037,1.3530129978142516,1.4885087898833946,xgb_vix__trend_filter,0.8823251762097093,0.0
0,2024-10-24,0.0011907380147533706,0.0013246734924050477,1.3546250413955208,1.4904818845851644,xgb_vix__trend_filter,0.8823251762097093,0.0
0,2024-10-25,-0.0013373137750689163,-0.0015407007719366109,1.3528146934390426,1.488187266109161,xgb_vix__trend_filter,0.8823251762097093,0.0
0,2024-10-27,0.004380748844508531,0.004939974124070651,1.358754034726933,1.4955570610062598,xgb_vix__trend_filter,0.8823251762097093,0.0
0,2024-10-28,-0.0013705070959108554,-0.0015781623097725777,1.356893128164843,1.4931986906555446,xgb_vix__trend_filter,0.8823251762097093,0.0
0,2024-10-29,0.0034707332403490867,0.003908749394432591,1.3616107242715019,1.4990466517951093,xgb_vix__trend_filter,0.8823251762097093,0.0
0,2024-10-30,-0.00792138443817392,-0.009002564849624455,1.350867489093997,1.4856119512171064,xgb_vix__trend_filter,0.8823251762097093,0.0
0,2024-10-31,-0.013691992743963146,-0.015542634654018837,1.3324974693098177,1.462700143587908,xgb_vix__trend_filter,0.8823251762097093,0.0
0,2024-11-01,0.0025876521613731733,0.0029083689075488535,1.3359499742807954,1.4669604074130178,xgb_vix__trend_filter,0.7840788805489518,0.09824629566075749
0,2024-11-03,-0.0013051184918847936,-0.0016522465012541543,1.334207538555001,1.4645386284512376,xgb_vix__trend_filter,0.7840788805489518,0.0
0,2024-11-04,-0.0008817236270558252,-0.0011753441674484254,1.3330316547233207,1.4628183027017454,xgb_vix__trend_filter,0.8384268524548213,0.054347971905869485
0,2024-11-05,0.010526433712663949,0.01255191246556732,1.3471378377201009,1.4812951875245102,xgb_vix__trend_filter,0.8384268524548213,0.0
0,2024-11-06,0.019842502145444044,0.023630868750937117,1.3741353868234958,1.5167163477744086,xgb_vix__trend_filter,0.8384268524548213,0.0
0,2024-11-07,0.007078009040827677,0.00840660802657483,1.3838960317320028,1.5295205320698664,xgb_vix__trend_filter,0.670400729980366,0.16802612247445525
0,2024-11-08,0.0017851259168611426,0.002697770353525049,1.3863686667302746,1.5336523981233,xgb_vix__trend_filter,0.670400729980366,0.0
0,2024-11-10,0.001615105575075838,0.002318842658995283,1.388609607683998,1.5372128231654982,xgb_vix__trend_filter,0.670400729980366,0.0
0,2024-11-11,-0.0010238346103161806,-0.0016175196797946897,1.3871886286553157,1.5347283610468698,xgb_vix__trend_filter,0.670400729980366,0.0
0,2024-11-12,-0.002143249541836618,-0.003287289537523248,1.3842187210259527,1.529691547830119,xgb_vix__trend_filter,0.670400729980366,0.0
0,2024-11-13,0.0014242912793444801,0.00203480062416797,1.3861916563627872,1.5328073340732706,xgb_vix__trend_filter,0.670400729980366,0.0
0,2024-11-14,-0.005894161963661407,-0.008881929750938843,1.378045249931583,1.519253328975545,xgb_vix__trend_filter,0.670400729980366,0.0
0,2024-11-15,-0.007581437595064099,-0.011398551208059791,1.36763718974843,1.5020343641668523,xgb_vix__trend_filter,0.670400729980366,0.0
0,2024-11-17,0.0005427276646259249,0.0007198205304792693,1.3683796457439577,1.5031159485662917,xgb_vix__trend_filter,0.670400729980366,0.0
0,2024-11-18,0.001476872440121988,0.0021126478731425015,1.370402060987449,1.506294860056051,xgb_vix__trend_filter,0.670400729980366,0.0
0,2024-11-19,0.003246105095655601,0.004751910251252117,1.3748577580185897,1.513469671572169,xgb_vix__trend_filter,0.670400729980366,0.0
0,2024-11-20,-0.0005038894509821207,-0.000841750941132843,1.3741651562097503,1.5121962430817522,xgb_vix__trend_filter,0.670400729980366,0.0
0,2024-11-21,0.002786336655506171,0.004065903824135474,1.3779993821967844,1.5183572040191298,xgb_vix__trend_filter,0.670400729980366,0.0
0,2024-11-22,0.0030539216822491446,0.004465045732514378,1.3822141168472635,1.5251518963908532,xgb_vix__trend_filter,0.670400729980366,0.0
0,2024-11-24,0.0020409354170353882,0.0029540296791108808,1.3850380073010604,1.5296639013751736,xgb_vix__trend_filter,0.670400729980366,0.0
0,2024-11-25,-0.00158929884892603,-0.002460796609498535,1.3828385162775831,1.5259043372914487,xgb_vix__trend_filter,0.670400729980366,0.0
0,2024-11-26,0.005221111752105747,0.007698114420690692,1.3900773516461735,1.5376962529998257,xgb_vix__trend_filter,0.670400729980366,0.0
0,2024-11-27,-0.002222771026781309,-0.003405322190484395,1.3869909594262988,1.5324688074469803,xgb_vix__trend_filter,0.670400729980366,0.0
0,2024-11-28,0.0011441861509805503,0.0016169831668806946,1.3885788435178699,1.534948788215617,xgb_vix__trend_filter,0.670400729980366,0.0
0,2024-11-29,0.0024694240337126147,0.0035941579558396,1.3920120707890586,1.5404755627152993,xgb_vix__trend_filter,0.670400729980366,0.0
0,2024-12-01,-0.0006054573130674357,-0.000992473903690303,1.3911695219903255,1.5389474393567433,xgb_vix__trend_filter,0.670400729980366,0.0
0,2024-12-02,0.0020491253294643,0.0029685868652030998,1.3940231253924174,1.54352272621972,xgb_vix__trend_filter,0.7389988526205213,0.0685981226401553
0,2024-12-03,0.0007123272827502486,0.0009473989142595519,1.3950164798521574,1.544985750899242,xgb_vix__trend_filter,0.9176906273184072,0.17869177469788589
0,2024-12-04,0.003652346062194529,0.004061383017778384,1.4001208786402166,1.5512732891986354,xgb_vix__trend_filter,0.9176906273184072,0.0
0,2024-12-05,-0.0014560320933529598,-0.001602498939283083,1.3980837411350353,1.5487893661717245,xgb_vix__trend_filter,0.9176906273184072,0.0
0,2024-12-06,0.0018959528832401891,0.0020502741234331738,1.4007369564258627,1.5519680664217643,xgb_vix__trend_filter,0.9176906273184072,0.0
0,2024-12-08,0.0007288550926039593,0.0007784971695302907,1.4017582628369294,1.5531767395819482,xgb_vix__trend_filter,0.9176906273184072,0.0
0,2024-12-09,-0.0059652800481676095,-0.006516047355058095,1.3934212732005757,1.54308906796162,xgb_vix__trend_filter,0.9176906273184072,0.0
0,2024-12-10,-0.001615868457378114,-0.001776493394234589,1.391171505870921,1.5403502139240257,xgb_vix__trend_filter,0.9176906273184072,0.0
0,2024-12-11,0.005366619731008722,0.005832373854472821,1.3986574635008377,1.5493603619732104,xgb_vix__trend_filter,0.9176906273184072,0.0
0,2024-12-12,-0.0032388147450174423,-0.003544791226523311,1.39413479907447,1.543877925742106,xgb_vix__trend_filter,0.9176906273184072,0.0
0,2024-12-13,-0.0021089705614605473,-0.002313573638873662,1.3911977080324083,1.5403101791850624,xgb_vix__trend_filter,0.9176906273184072,0.0
0,2024-12-15,0.0008475088504368162,0.000908077889306942,1.392377260172509,1.5417095360678172,xgb_vix__trend_filter,0.9176906273184072,0.0
0,2024-12-16,0.013377904484583645,0.014562241166907698,1.4111295033540465,1.564324545107819,xgb_vix__trend_filter,0.9176906273184072,0.0
0,2024-12-17,-0.0032769570817783073,-0.0037152040968128964,1.4065128609355548,1.5585235427753814,dynamic_precision_ensemble__trend_filter,0.8094474019765486,0.1082432253418586
0,2024-12-18,-0.024875047731770156,-0.030723530152599828,1.3719573531391773,1.5113682947906366,dynamic_precision_ensemble__trend_filter,0.8642324849352365,0.05478508295868789
0,2024-12-19,-0.000986992676129322,-0.0011374649627401711,1.3706039093091131,1.5096501436631191,dynamic_precision_ensemble__trend_filter,0.42483323336736867,0.43939925156786785
0,2024-12-20,0.004289645188202037,0.01038124256244408,1.376495942103709,1.5254038178643539,dynamic_precision_ensemble__trend_filter,0.49868286294648406,0.0738496295791154
0,2024-12-22,0.0020785975135452707,0.004069102753536123,1.3793600988296637,1.5316234883972284,dynamic_precision_ensemble__trend_filter,0.49868286294648406,0.0
0,2024-12-23,0.0013260011242013084,0.002485092022664532,1.3811903450574947,1.5354344470401586,dynamic_precision_ensemble__trend_filter,0.49868286294648406,0.0
0,2024-12-24,0.005238791430805801,0.010329746399368738,1.3884450996824929,1.5513772965238486,dynamic_precision_ensemble__trend_filter,0.5683418274866551,0.06965896454017101
0,2024-12-25,-7.5973637813881e-05,-0.00020499364663263277,1.3883396184643118,1.5510593066285987,dynamic_precision_ensemble__trend_filter,0.5683418274866551,0.0
0,2024-12-26,-0.00018192388119449526,-0.0004511895148963457,1.3880870693055627,1.55035964278483,dynamic_precision_ensemble__trend_filter,0.6347637172310381,0.06642188974438301
0,2024-12-27,-0.0068930927647029685,-0.010905386192948365,1.3785517580195856,1.5335442280887936,dynamic_precision_ensemble__trend_filter,0.6347637172310381,0.0
0,2024-12-29,-0.0004304638008128942,-0.0007469190287293737,1.3779584690940754,1.5323992223899403,xgb_vix__trend_filter,0.6552535514106509,0.02048983417961281
0,2024-12-30,-0.007810167085773198,-0.012010534391986736,1.3672383008587279,1.514104374202119,xgb_vix__trend_filter,0.6552535514106509,0.0
0,2024-12-31,-0.001595391849299043,-0.002525999400768776,1.3650587590913683,1.5102845738978972,xgb_vix__trend_filter,0.6552535514106509,0.0
0,2025-01-01,0.00017010420517656858,0.00016837142816423029,1.365290981077011,1.510538884077222,xgb_vix__trend_filter,0.6552535514106509,0.0
0,2025-01-02,-0.0026545489855938223,-0.004142198738507502,1.3616715553849483,1.5042948727129235,xgb_vix__trend_filter,0.6552535514106509,0.0
0,2025-01-03,0.007777750043560474,0.011779229795172931,1.3723035894385542,1.5221190793187827,xgb_vix__trend_filter,0.6552535514106509,0.0
0,2025-01-05,0.0006609444911798619,0.0009180821721507832,1.3732109057460478,1.523517151383715,xgb_vix__trend_filter,0.6552535514106509,0.0
0,2025-01-06,0.0038655044926937834,0.00580843830078658,1.3785293312480813,1.5323921567662786,xgb_vix__trend_filter,0.6552535514106509,0.0
0,2025-01-07,-0.007363909619463894,-0.011329071428054468,1.3684152511356893,1.5151295458769178,xgb_vix__trend_filter,0.6552535514106509,0.0
0,2025-01-08,-0.0009317604850015065,-0.0015127963073549313,1.367140809706893,1.5128391963477048,xgb_vix__trend_filter,0.5995002676822125,0.05575328372843835
0,2025-01-09,-0.0018541451899245925,-0.0031616273859673945,1.3646082807143889,1.5080637156371948,xgb_vix__trend_filter,0.5995002676822125,0.0
0,2025-01-10,-0.006988031458539561,-0.011772001875774618,1.3551055963189422,1.4904148716743477,xgb_vix__trend_filter,0.5995002676822125,0.0
0,2025-01-12,-8.416888445152559e-05,-0.00025597269904089785,1.3549915433925073,1.4900334149802872,xgb_vix__trend_filter,0.5995002676822125,0.0
0,2025-01-13,0.003375997711574113,0.005515513789966731,1.359573722102561,1.4982744206267138,xgb_vix__trend_filter,0.5995002676822125,0.0
0,2025-01-14,-0.0005417727647438711,-0.001019281583057803,1.3588373415817314,1.4967480351438593,xgb_vix__trend_filter,0.7520642369329535,0.152563969250741
0,2025-01-15,0.013486019905091188,0.017976532434313876,1.3772867741053307,1.5238976717793074,xgb_vix__trend_filter,0.7520642369329535,0.0
0,2025-01-16,-0.0024434189032508597,-0.003305721975222436,1.3739255936245165,1.5188684070131426,xgb_vix__trend_filter,0.6898854204927262,0.06217881644022738
0,2025-01-17,0.006655380900822329,0.009614736141005225,1.383100087791468,1.5335423560113655,xgb_vix__trend_filter,0.6898854204927262,0.0
0,2025-01-19,-0.0009773872264268193,-0.001494148476378953,1.381748923845544,1.5312527269854912,xgb_vix__trend_filter,0.6898854204927262,0.0
0,2025-01-20,0.005112760796871007,0.007333618921500181,1.388831566073722,1.542523628692495,xgb_vix__trend_filter,0.6898854204927262,0.0
0,2025-01-21,0.003278747484567395,0.00467483046471909,1.3933926673410715,1.549751546626671,xgb_vix__trend_filter,0.6898854204927262,0.0
0,2025-01-22,0.0022532558117443757,0.0031883638104584474,1.3965358773650447,1.5547006038781186,xgb_vix__trend_filter,0.6898854204927262,0.0
0,2025-01-23,0.0036444817996056787,0.005204968229881704,1.4016348127975127,1.562813867451021,xgb_vix__trend_filter,0.6898854204927262,0.0
0,2025-01-24,-0.0017465673990259497,-0.0026092658420657083,1.3991888997259274,1.5587413860130739,xgb_vix__trend_filter,0.6898854204927262,0.0
0,2025-01-26,-0.0031962626560155362,-0.004710622406398077,1.3947238640117459,1.5514160109979933,xgb_vix__trend_filter,0.6898854204927262,0.0
0,2025-01-27,-0.0057315747304079795,-0.008385062941836913,1.3867527652524914,1.5384616774486257,xgb_vix__trend_filter,0.6898854204927262,0.0
0,2025-01-28,0.004047712273185071,0.005790349022777911,1.392377317044563,1.5473957482514076,xgb_vix__trend_filter,0.6898854204927262,0.0
0,2025-01-29,-0.002106857066083989,-0.0031307981075287096,1.389446865161107,1.542558740369732,xgb_vix__trend_filter,0.6898854204927262,0.0
0,2025-01-30,0.0046263970733153225,0.006629340286049636,1.3958898905766144,1.5528188585020246,xgb_vix__trend_filter,0.6898854204927262,0.0
0,2025-01-31,-0.004923100352965235,-0.007212987994756423,1.3890346728717404,1.5416586921764523,xgb_vix__trend_filter,0.6898854204927262,0.0
0,2025-02-02,-0.011218213209480814,-0.016337855211140728,1.373539263663813,1.5166759337326208,xgb_vix__trend_filter,0.6898854204927262,0.0
0,2025-02-03,0.010190769082774389,0.014694273510020974,1.3876082502655538,1.5391269313084692,xgb_vix__trend_filter,0.6898854204927262,0.0
0,2025-02-04,-0.0016308300767667804,-0.0024411460367827027,1.3853471412396925,1.535374279948562,xgb_vix__trend_filter,0.6898854204927262,0.0
0,2025-02-05,0.005462536652861575,0.00784080299261144,1.3929353573610814,1.5474601668083483,xgb_vix__trend_filter,0.6898854204927262,0.0
0,2025-02-06,0.0012125907598955796,0.0016802597967489016,1.3946254423882045,1.5500624875889446,xgb_vix__trend_filter,0.6898854204927262,0.0
0,2025-02-07,-0.005676578746328522,-0.008305880425536252,1.3867311686744916,1.5372411737739187,xgb_vix__trend_filter,0.6898854204927262,0.0
0,2025-02-09,0.0011351202941691303,0.0015677867634770165,1.3883061691049716,1.539653130361199,xgb_vix__trend_filter,0.6898854204927262,0.0
0,2025-02-10,0.002040200020169372,0.002879714366402471,1.3911414826991273,1.544093281715375,xgb_vix__trend_filter,0.6898854204927262,0.0
0,2025-02-11,0.0018369101799570048,0.002585042477167336,1.3936992331101365,1.5480899920446534,xgb_vix__trend_filter,0.6898854204927262,0.0
0,2025-02-12,-0.0009386654922073923,-0.0014381990492038702,1.3923916295306888,1.5458651307701925,xgb_vix__trend_filter,0.6898854204927262,0.0
0,2025-02-13,0.005649154006119283,0.008110951146812099,1.400279723834829,1.5584545544066242,xgb_vix__trend_filter,0.74226784763209,0.05238242713936381
0,2025-02-14,4.84443633027002e-05,4.0756439528718516e-05,1.40034756113765,1.5585180727598114,xgb_vix__trend_filter,0.74226784763209,0.0
0,2025-02-16,0.00013512887097651241,0.00012225437089825053,1.4005368013081785,1.5587086200537126,xgb_vix__trend_filter,0.74226784763209,0.0
0,2025-02-17,0.000860195314248906,0.001099080250646955,1.4017420548044845,1.5604227077019197,xgb_vix__trend_filter,0.74226784763209,0.0
0,2025-02-18,0.0010100138329204415,0.0013009191409470964,1.4031585488889162,1.5624540124654818,xgb_vix__trend_filter,0.74226784763209,0.0
0,2025-02-19,0.0007377818217350317,0.000934162030216977,1.4041941557382773,1.5639142796347658,xgb_vix__trend_filter,0.74226784763209,0.0
0,2025-02-20,-0.0021024028094361927,-0.0028920610550997178,1.40124507516417,1.5593978780556157,xgb_vix__trend_filter,0.74226784763209,0.0
0,2025-02-21,-0.013220649475207073,-0.017870676179175662,1.382841626025664,1.5317779123320512,xgb_vix__trend_filter,0.74226784763209,0.0
0,2025-02-23,0.002559202216952662,0.003388296228829168,1.3863851297179164,1.5369768324226067,xgb_vix__trend_filter,0.74226784763209,0.0
0,2025-02-24,-0.006297261770892724,-0.008543194214875153,1.3776821309317164,1.523902070477728,xgb_vix__trend_filter,0.74226784763209,0.0
0,2025-02-25,-0.0016301755810127273,-0.0022554525836519985,1.3754380967452957,1.5204688547986394,xgb_vix__trend_filter,0.6898854204927262,0.05238242713936381
0,2025-02-26,-0.0007809172953804174,-0.0011708625238667988,1.3743644126306336,1.5186896366110614,xgb_vix__trend_filter,0.6898854204927262,0.0
0,2025-02-27,-0.010610462191704974,-0.015457088696218594,1.3598588623773458,1.495395608907423,xgb_vix__trend_filter,0.6898854204927262,0.0
0,2025-02-28,0.008216645784022971,0.011833106771720637,1.3710783712086625,1.513195893444582,xgb_vix__trend_filter,0.6898854204927262,0.0
0,2025-03-02,0.0019296532213115849,0.0027200100516578682,1.3737266312943919,1.5173174042191788,xgb_vix__trend_filter,0.6898854204927262,0.0
0,2025-03-03,-0.012169431220604938,-0.017717374394547986,1.3571104692234597,1.4906712704837364,xgb_vix__trend_filter,0.6898854204927262,0.0
0,2025-03-04,-0.0042332787272774,-0.006213615512695181,1.3513775853526127,1.4814375295199624,xgb_vix__trend_filter,0.6898854204927262,0.0
0,2025-03-05,0.0013813087281046293,0.0019246408534789004,1.353245544823578,1.4842915102741443,xgb_vix__trend_filter,0.6898854204927262,0.0
0,2025-03-06,-0.009580591394420215,-0.013964631128192153,1.3403425600094312,1.4637079820360217,xgb_vix__trend_filter,0.6898854204927262,0.0
0,2025-03-07,0.0008900998484328322,0.0012128040397734613,1.3415361298383024,1.4654842499043819,xgb_vix__trend_filter,0.6898854204927262,0.0
0,2025-03-09,-0.00457935889081895,-0.006715264269519719,1.3354067993480812,1.455676104884336,xgb_vix__trend_filter,0.6898854204927262,0.0
0,2025-03-10,-0.0161116063184002,-0.023431263832417573,1.3140636486357917,1.4219642718137449,xgb_vix__trend_filter,0.6898854204927262,0.0
0,2025-03-11,-0.000994960744600166,-0.0015196215732894453,1.312756857100437,1.4198050652338121,xgb_vix__trend_filter,0.603799836545182,0.08608558394754418
0,2025-03-12,0.002925913833372963,0.0048038615731274955,1.3166034952701524,1.4266420209744208,xgb_vix__trend_filter,0.603799836545182,0.0
0,2025-03-13,-0.007299013014376126,-0.012201463408889347,1.3070285754646267,1.4093406661273862,xgb_vix__trend_filter,0.603799836545182,0.0
0,2025-03-14,0.008220891601078006,0.013502521374383339,1.317817803475986,1.428499372938999,xgb_vix__trend_filter,0.603799836545182,0.0
0,2025-03-16,-0.002112007626344702,-0.0036105989049221754,1.3150374992702347,1.4233509347331583,xgb_vix__trend_filter,0.603799836545182,0.0
0,2025-03-17,0.01302698496859147,0.021462007087010022,1.332280541584859,1.4542290707261039,xgb_vix__trend_filter,0.603799836545182,0.0
0,2025-03-18,-0.0062120413063379305,-0.010401244789656816,1.3240300126740359,1.4391816696915163,xgb_vix__trend_filter,0.5266019509255375,0.07719788561964447
0,2025-03-19,0.006937248097379153,0.013092454761944216,1.333247070905642,1.458147977438385,xgb_vix__trend_filter,0.5266019509255375,0.0
0,2025-03-20,-0.0029595612506337953,-0.005774562865621802,1.3293070777384886,1.4497520749391897,xgb_vix__trend_filter,0.5266019509255375,0.0
0,2025-03-21,0.0005646670982241059,0.0009178322967277458,1.3300579056726891,1.451083315049946,xgb_vix__trend_filter,0.5266019509255375,0.0
0,2025-03-23,0.003056502935285601,0.0056497476128064845,1.3341294507404342,1.4593047722554195,xgb_vix__trend_filter,0.5266019509255375,0.0
0,2025-03-24,0.0054276395948172395,0.010152459111243226,1.3413903114143646,1.4741957664875969,xgb_vix__trend_filter,0.5266019509255375,0.0
0,2025-03-25,0.001999866599280392,0.003643229531838305,1.3440755973065674,1.4795763955215966,xgb_vix__trend_filter,0.5266019509255375,0.0
0,2025-03-26,-0.007753041889216663,-0.014877226898973767,1.333695214665815,1.457727331502244,xgb_vix__trend_filter,0.5266019509255375,0.0
0,2025-03-27,-0.0009514887056905596,-0.001961298327930826,1.3324268222584448,1.4548710952057142,xgb_vix__trend_filter,0.5266019509255375,0.0
0,2025-03-28,-0.012468058345850817,-0.02383088999943742,1.3159171823452864,1.4206100788481157,xgb_vix__trend_filter,0.5266019509255375,0.0
0,2025-03-30,-0.0008131262809302607,-0.0016985525775265256,1.3148476104082507,1.4181991460647194,xgb_vix__trend_filter,0.5266019509255375,0.0
0,2025-03-31,0.004075726192793081,0.007585576144867159,1.3202175049298823,1.4289979093153442,xgb_vix__trend_filter,0.5266019509255375,0.0
0,2025-04-01,0.004436533816237036,0.008270738102223776,1.326087706580845,1.44086578717484,xgb_vix__trend_filter,0.5266019509255375,0.0
0,2025-04-02,-0.016234447773592238,-0.030982784512910228,1.304733213178077,1.3969082329956164,xgb_vix__trend_filter,0.5266019509255375,0.0
0,2025-04-03,-0.008635841882962061,-0.016552922068454202,1.2935142557445103,1.3739756441793893,xgb_vix__trend_filter,0.47055262069006476,0.05604933023547276
0,2025-04-04,-0.03000972404834901,-0.06390701579554976,1.2552729256746147,1.2889158667183411,xgb_vix__trend_filter,0.47055262069006476,0.0
0,2025-04-06,-0.017438625143656794,-0.03725096567902915,1.2335724547928915,1.2417857765091485,xgb_vix__trend_filter,0.47055262069006476,0.0
0,2025-04-07,0.02153104375194486,0.045565401969727234,1.2604205538945596,1.2996771505870492,xgb_vix__trend_filter,0.3977077766961685,0.07284484399389624
0,2025-04-08,-0.015302323888836544,-0.03864370940142496,1.2412800112304576,1.2504108515131525,xgb_vix__trend_filter,0.3977077766961685,0.0
0,2025-04-09,0.04041600063854748,0.10136096114531927,1.2924751681534392,1.38379972543147,xgb_vix__trend_filter,0.3977077766961685,0.0
0,2025-04-10,-0.018017805883933785,-0.04556492510274804,1.2693961425294384,1.322161919398297,xgb_vix__trend_filter,0.3977077766961685,0.0
0,2025-04-11,0.009041522065163291,0.02247329173546388,1.2809254585014163,1.3522116433365636,xgb_vix__trend_filter,0.3977077766961685,0.0
0,2025-04-13,0.0025941014041940096,0.006261839411023085,1.2842526226667916,1.3607055414556084,xgb_vix__trend_filter,0.3977077766961685,0.0
0,2025-04-14,-0.0005017195358500788,-0.0015217196685015642,1.2836084496476399,1.3586365037171078,xgb_vix__trend_filter,0.3977077766961685,0.0
0,2025-04-15,-0.002499313763200941,-0.0065444885063282825,1.280404315119541,1.3497739547911796,xgb_vix__trend_filter,0.3977077766961685,0.0
0,2025-04-16,-0.005778709891912909,-0.014790231538950155,1.2730265675004009,1.3299573924866357,xgb_vix__trend_filter,0.3977077766961685,0.0
0,2025-04-17,0.0015037072012506814,0.003520142449496628,1.2749422666816905,1.3346472816560664,xgb_vix__trend_filter,0.3977077766961685,0.0
0,2025-04-20,-0.002413435431979552,-0.006329156112806218,1.2718689859156365,1.3262267661427674,xgb_vix__trend_filter,0.3977077766961685,0.0
0,2025-04-21,-0.006601146801269288,-0.016858775131267014,1.263500842087455,1.30405562160729,xgb_vix__trend_filter,0.3977077766961685,0.0
0,2025-04-22,0.015335865154548841,0.03830044529383496,1.283027063680881,1.3549703368865962,xgb_vix__trend_filter,0.3977077766961685,0.0
0,2025-04-23,6.673706750196078e-05,-9.238728764063944e-05,1.2831126920018963,1.3548451606347738,xgb_vix__trend_filter,0.3977077766961685,0.0
0,2025-04-24,0.008467001009532684,0.021029912546808454,1.2940229317864462,1.3836391421462195,xgb_vix__trend_filter,0.3977077766961685,0.0
0,2025-04-25,0.0018401965419702962,0.004367415970522046,1.29640638064533,1.389695285054298,xgb_vix__trend_filter,0.3977077766961685,0.0
0,2025-04-27,-0.0014607720279274379,-0.0039325690016590005,1.2945140089659684,1.384240944269614,xgb_vix__trend_filter,0.3977077766961685,0.0
0,2025-04-28,0.0018572347032108439,0.004410256875927735,1.296920459287018,1.390359284220446,xgb_vix__trend_filter,0.3977077766961685,0.0
0,2025-04-29,0.0012629700722874163,0.0029166334121739647,1.29855946580346,1.3944203720370494,xgb_vix__trend_filter,0.3977077766961685,0.0
0,2025-04-30,0.0045324614597124875,0.011137471874487517,1.304458494997851,1.4100374959178776,xgb_vix__trend_filter,0.3977077766961685,0.0
0,2025-05-01,-0.001491589231217381,-0.004009455200896231,1.3025142291376253,1.4043953323060199,xgb_vix__trend_filter,0.3977077766961685,0.0
0,2025-05-02,0.0069812683252291185,0.01729357210990355,1.3116392455012116,1.4288935646808076,xgb_vix__trend_filter,0.3977077766961685,0.0
0,2025-05-04,-0.002172950438028224,-0.005723877634989841,1.3087922127789045,1.4207381154261967,xgb_vix__trend_filter,0.3977077766961685,0.0
0,2025-05-05,-0.0007036569237748893,-0.002029472847487254,1.3078715960137661,1.4178576898589363,xgb_vix__trend_filter,0.3977077766961685,0.0
0,2025-05-06,0.00047161458252863685,0.0009256403667091645,1.308488552801995,1.4191707237757651,xgb_vix__trend_filter,0.3977077766961685,0.0
0,2025-05-07,-0.001727824678007641,-0.004605250285096722,1.3062296660316957,1.4126501134410647,xgb_vix__trend_filter,0.4738937548164043,0.07618597812023575
0,2025-05-08,0.002868600858204058,0.0059424595352063556,1.309982097113007,1.4210697213907004,xgb_vix__trend_filter,0.5243248665921822,0.05043111177577797
0,2025-05-09,0.00047180515612353614,0.0007916960714601827,1.3106002992448633,1.4221952221748841,xgb_vix__trend_filter,0.5842479493849078,0.05992308279272551
0,2025-05-11,0.006320711137606644,0.010747281370111682,1.3189104605509567,1.437562384083428,xgb_vix__trend_filter,0.5842479493849078,0.0
0,2025-05-12,0.01114653516417995,0.0189536308691679,1.333693981832933,1.4650692650370465,xgb_vix__trend_filter,0.5842479493849078,0.0
0,2025-05-13,0.005116466772130721,0.008632835654868313,1.3405352694611914,1.4777717174287404,xgb_vix__trend_filter,0.5280018719907822,0.05624607739412557
0,2025-05-14,-0.0009304839924801025,-0.001865435430830456,1.339288502989679,1.475017599321778,xgb_vix__trend_filter,0.5280018719907822,0.0
0,2025-05-15,0.0035733083941349316,0.0066122450281283565,1.344082754407703,1.4848030934986585,xgb_vix__trend_filter,0.5280018719907822,0.0
0,2025-05-16,0.001191371532894522,0.0021013716406389177,1.3456850105908456,1.4879264971778756,xgb_vix__trend_filter,0.5280018719907822,0.0
0,2025-05-18,-0.0006292106212621754,-0.00134668839614156,1.344838557615836,1.4859240724535128,xgb_vix__trend_filter,0.5807700195889178,0.05276814759813564
0,2025-05-19,0.004581491120058384,0.007808338717842359,1.351014059226351,1.4975720875621927,xgb_vix__trend_filter,0.6468172415400143,0.06604722195109647
0,2025-05-20,-0.0034745740501374283,-0.0054156435652889115,1.3463280065677026,1.4894836926234651,xgb_vix__trend_filter,0.6468172415400143,0.0
0,2025-05-21,-0.010369215206770158,-0.01612560005305668,1.3324397712183778,1.4656574964671305,xgb_vix__trend_filter,0.6468172415400143,0.0
0,2025-05-22,-4.914672281078934e-05,-0.00017066302668372228,1.3323742877794411,1.4654073842657613,xgb_vix__trend_filter,0.6468172415400143,0.0
0,2025-05-23,-0.004916818446658661,-0.00769602147978021,1.3258393240837372,1.454172863566625,xgb_vix__trend_filter,0.6468172415400143,0.0
0,2025-05-25,0.005657620497294789,0.008652396998949041,1.3333616790696334,1.4668095343978391,xgb_vix__trend_filter,0.6468172415400143,0.0
0,2025-05-26,0.0015463944296906392,0.002296310915319472,1.3354251772227248,1.4701816553797025,xgb_vix__trend_filter,0.6468172415400143,0.0
0,2025-05-27,0.006433916154594758,0.00985279138411279,1.3440448903649302,1.4847386442513606,xgb_vix__trend_filter,0.6468172415400143,0.0
0,2025-05-28,0.005917399393308513,0.009054240065263489,1.3520217185467613,1.4982428673541242,xgb_vix__trend_filter,0.6468172415400143,0.0
0,2025-05-29,-0.009497176770076107,-0.014777400931744136,1.339242110443386,1.4762655158119742,xgb_vix__trend_filter,0.6468172415400143,0.0
0,2025-05-30,0.0010728214069477297,0.001564151980261751,1.3406796490217583,1.478576426278364,xgb_vix__trend_filter,0.6468172415400143,0.0
0,2025-06-01,-0.0015836999222747618,-0.002542914372665933,1.3385580951615723,1.4748213095265867,xgb_vix__trend_filter,0.6468172415400143,0.0
0,2025-06-02,0.004012899466052468,0.006107872912521784,1.343940386300799,1.483856896672642,xgb_vix__trend_filter,0.6468172415400143,0.0
0,2025-06-03,0.005304996584491335,0.008105712739099633,1.351088930195249,1.4959334930115087,xgb_vix__trend_filter,0.6468172415400143,0.0
0,2025-06-04,-0.0009663629748452552,-0.0015902249752873636,1.3497839185364173,1.4935565126772115,xgb_vix__trend_filter,0.6468172415400143,0.0
0,2025-06-05,-0.0028744058300976877,-0.004540119833855995,1.345909662531121,1.4867909569692028,xgb_vix__trend_filter,0.6468172415400143,0.0
0,2025-06-06,0.006842486902728241,0.010482721605740663,1.3551506112497473,1.5024585486857602,xgb_vix__trend_filter,0.6468172415400143,0.0
0,2025-06-08,-0.0006921613346427126,-0.0011660838890411819,1.3542129529368725,1.5007075770664906,xgb_vix__trend_filter,0.6468172415400143,0.0
0,2025-06-09,0.0011916115785615717,0.0017460722271014928,1.3558276106027558,1.5033302098746448,xgb_vix__trend_filter,0.6468172415400143,0.0
0,2025-06-10,0.003060118878873641,0.00463462722092363,1.3599829589577643,1.5103137555524069,xgb_vix__trend_filter,0.6468172415400143,0.0
0,2025-06-11,-0.0024094884983953567,-0.0038215595131318035,1.3567100402735521,1.504553016167232,xgb_vix__trend_filter,0.6468172415400143,0.0
0,2025-06-12,-0.0003676697325592604,-0.0006650594887056834,1.3562113107453786,1.5035527315688202,xgb_vix__trend_filter,0.6468172415400143,0.0
0,2025-06-13,-0.0038597335914545795,-0.006063684490515397,1.3509867855159954,1.4944632479206117,xgb_vix__trend_filter,0.6468172415400143,0.0
0,2025-06-15,0.0011425066044458857,0.001669937736360585,1.3525311789128003,1.496960993453225,xgb_vix__trend_filter,0.6973733385014586,0.05055609696144425
0,2025-06-16,0.007459486895732117,0.01065651547574122,1.3626580913448572,1.5129986826164437,xgb_vix__trend_filter,0.6973733385014586,0.0
0,2025-06-17,-0.003217050042262375,-0.004689202989220303,1.3582813958733673,1.505920533081105,xgb_vix__trend_filter,0.7520642369329535,0.054690898431494994
0,2025-06-18,0.001169085373189668,0.0015330438988440658,1.3598702713705426,1.508230945896125,xgb_vix__trend_filter,0.7520642369329535,0.0
0,2025-06-19,-0.0020187669396675404,-0.002742119849381859,1.357127779381943,1.5041008610636486,xgb_vix__trend_filter,0.7520642369329535,0.0
0,2025-06-20,0.0010105740222402116,0.0012863074087738023,1.3584999506842044,1.5060368420111585,xgb_vix__trend_filter,0.7520642369329535,0.0
0,2025-06-22,-0.0031848341970566016,-0.004292216357236405,1.3541802360233512,1.4995864591656698,xgb_vix__trend_filter,0.7520642369329535,0.0
0,2025-06-23,0.013494414774251944,0.017885872324948728,1.3725779598822396,1.5266491697548101,xgb_vix__trend_filter,0.8071354508802289,0.05507121394727532
0,2025-06-24,0.004930774503444856,0.006101567366992636,1.3793625451750386,1.5359925983019047,xgb_vix__trend_filter,0.7389988526205213,0.06813659825970753
0,2025-06-25,7.140766370075e-05,8.134710820008495e-05,1.3794610457485919,1.536117551940233,xgb_vix__trend_filter,0.7389988526205213,0.0
0,2025-06-26,0.006008563333460645,0.00806915899157869,1.387774575982664,1.548562872805435,xgb_vix__trend_filter,0.7389988526205213,0.0
0,2025-06-27,0.002926269081789184,0.0038982536637266717,1.3918415254089127,1.5546113452782757,xgb_vix__trend_filter,0.7389988526205213,0.0
0,2025-06-29,0.0020890271727096598,0.002765312920841038,1.3947521593137475,1.5589162816230042,xgb_vix__trend_filter,0.7389988526205213,0.0
0,2025-06-30,0.001464549873887187,0.0019200011802159595,1.3967963399496393,1.56191227796146,xgb_vix__trend_filter,0.7389988526205213,0.0
0,2025-07-01,0.00028197163849126686,0.00031989763821410204,1.397190252435718,1.5624120099375551,xgb_vix__trend_filter,0.7389988526205213,0.0
0,2025-07-02,0.0030475863970044013,0.004062137825629818,1.4014548054392433,1.5687716509865572,xgb_vix__trend_filter,0.7389988526205213,0.0
0,2025-07-03,0.004463236153062037,0.005977629571383711,1.407723808808211,1.5781772704459256,xgb_vix__trend_filter,0.8262695457153441,0.08727069309482272
0,2025-07-04,-0.004670555063525783,-0.005052937843136314,1.4011642874718901,1.5702229520553685,xgb_vix__hysteresis_controller,0.9268631545771083,0.10059360886176427
0,2025-07-06,0.00262371242652004,0.002816905136406781,1.4048453665593272,1.5746523568319237,xgb_vix__hysteresis_controller,0.9268631545771083,0.0
0,2025-07-07,-0.0048667847217525135,-0.005264651575910882,1.3980248969338496,1.566384144545627,xgb_vix__hysteresis_controller,0.9268631545771083,0.0
0,2025-07-08,0.00034540672644516485,0.00035882306806263835,1.398507867542835,1.5669463001613073,xgb_vix__hysteresis_controller,0.9268631545771083,0.0
0,2025-07-09,0.004865150792710198,0.0052352107461629905,1.4053283972025483,1.5751711047782744,xgb_vix__hysteresis_controller,0.9268631545771083,0.0
0,2025-07-10,0.003856616508742743,0.004147095117672386,1.4107586744171845,1.5817170531299747,xgb_vix__hysteresis_controller,0.9268631545771083,0.0
0,2025-07-11,-0.005251824939105741,-0.005680043209484881,1.403369038350179,1.5727582990643778,xgb_vix__hysteresis_controller,0.9268631545771083,0.0
0,2025-07-13,-0.0027195730072244696,-0.0029479765399055523,1.3995576588058762,1.56812867186482,xgb_vix__hysteresis_controller,0.9823176751450758,0.055454520567967514
0,2025-07-14,0.004416387409526412,0.004520954504323111,1.405752316564772,1.5752341599389665,xgb_vix__hysteresis_controller,0.9823176751450758,0.0
0,2025-07-15,-0.004930041401882876,-0.005021942166358121,1.3988389550252325,1.5673432555061124,xgb_vix__hysteresis_controller,0.9823176751450758,0.0
0,2025-07-16,0.002722050522327815,0.0032575935622012543,1.4026518524287719,1.5724573481000381,xgb_vix__trend_filter,0.8262695457153441,0.15604812942973179
0,2025-07-17,0.0073506775720510375,0.008859430243372872,1.4130002813280425,1.5864503176299498,xgb_vix__trend_filter,0.8262695457153441,0.0
0,2025-07-18,-0.0017956082326219148,-0.002209859340750636,1.4104653629314559,1.5829483564228863,xgb_vix__trend_filter,0.8262695457153441,0.0
0,2025-07-20,0.0010073558812763034,0.0011824526819217572,1.411886919396562,1.5848212250233122,xgb_vix__trend_filter,0.9176906273184072,0.09142108160306317
0,2025-07-21,0.0007637617019116148,0.0008663806069725196,1.412965676457252,1.5861948783655753,xgb_vix__trend_filter,0.9176906273184072,0.0
0,2025-07-22,0.0019977816845378553,0.002161271724360391,1.415791294951212,1.5896267838097142,xgb_vix__trend_filter,0.9176906273184072,0.0
0,2025-07-23,0.006033029224655094,0.006558448092946256,1.4243586226932687,1.6000865309204575,xgb_vix__trend_filter,0.9176906273184072,0.0
0,2025-07-24,0.0010521830066406242,0.0011308249632459837,1.4258580973539694,1.601896972166126,xgb_vix__trend_filter,0.9176906273184072,0.0
0,2025-07-25,0.0024413415937760527,0.002644579757925213,1.429343356657058,1.6061389230894914,xgb_vix__trend_filter,0.9176906273184072,0.0
0,2025-07-27,0.002789821451615385,0.00302431541988531,1.4333365369552673,1.6110037464732545,xgb_vix__trend_filter,0.9176906273184072,0.0
0,2025-07-28,-0.0027694348025221905,-0.0030334896564431306,1.4293724964755343,1.6061241880586576,xgb_vix__trend_filter,0.9176906273184072,0.0
0,2025-07-29,-0.002921557352937194,-0.0031992563602608677,1.425202597014599,1.6009939958104609,xgb_vix__trend_filter,0.9176906273184072,0.0
0,2025-07-30,0.004964329793792084,0.005393895030019301,1.4322953635788267,1.6096529210408075,xgb_vix__trend_filter,0.9176906273184072,0.0
0,2025-07-31,-0.011488129495583727,-0.012534215816499534,1.415935123177319,1.5896031008215248,xgb_vix__trend_filter,0.9176906273184072,0.0
0,2025-08-01,-0.014565131788582295,-0.015886986631375156,1.3954613053783114,1.564548644484901,xgb_vix__trend_filter,0.9176906273184072,0.0
0,2025-08-03,0.00118487100320186,0.001275663092756159,1.3971157269596677,1.5665457549967505,xgb_vix__trend_filter,0.8114312611768659,0.1062593661415413
0,2025-08-04,0.011805773139716449,0.014574685055426787,1.4137075049576886,1.5895448612419445,xgb_vix__trend_filter,0.8114312611768659,0.0
0,2025-08-05,-0.006037180603602104,-0.007480182025327417,1.4051984087495089,1.5776991356679158,xgb_vix__trend_filter,0.7544499944814117,0.056981266695454225
0,2025-08-06,0.007551722355947526,0.00999154664383799,1.4158502462255167,1.5935418047565546,xgb_vix__trend_filter,0.7544499944814117,0.0
0,2025-08-07,-0.0003719872751000138,-0.0005488474479684429,1.4153236658971364,1.5926674333739832,xgb_vix__trend_filter,0.7544499944814117,0.0
0,2025-08-08,0.00570763754700904,0.0075095061428325244,1.4234249179059055,1.6046725992649904,xgb_vix__trend_filter,0.7544499944814117,0.0
0,2025-08-10,-0.0011928332818865813,-0.0016368532969853744,1.421728021547989,1.6020481341484658,xgb_vix__trend_filter,0.7544499944814117,0.0
0,2025-08-11,-0.0018442098801271984,-0.002500490980706885,1.4191084729249703,1.5980472314335676,xgb_vix__trend_filter,0.7544499944814117,0.0
0,2025-08-12,0.008494770231685206,0.011203634688534301,1.4312148208577733,1.6160518390226952,xgb_vix__trend_filter,0.7544499944814117,0.0
0,2025-08-13,0.00190255792153047,0.0024663788556642725,1.4339403818993346,1.6200425543931545,xgb_vix__trend_filter,0.7544499944814117,0.0
0,2025-08-14,0.00041967298019855053,0.0005007318597688367,1.434542294227169,1.6208539644467992,xgb_vix__trend_filter,0.7544499944814117,0.0
0,2025-08-15,-0.002670385296168204,-0.003595044267170864,1.430716623858275,1.6150373843900092,xgb_vix__trend_filter,0.7544499944814117,0.0
0,2025-08-17,0.0015844418378817612,0.0020445967496928413,1.4329853079596533,1.6183428626102665,xgb_vix__trend_filter,0.7544499944814117,0.0
0,2025-08-18,-0.0010070357461775751,-0.001390713574923587,1.431542966897187,1.616093775502833,xgb_vix__trend_filter,0.7544499944814117,0.0
0,2025-08-19,-0.0051523436244547555,-0.006884802828296683,1.4241861343581035,1.605005502591922,xgb_vix__trend_filter,0.7544499944814117,0.0
0,2025-08-20,-0.001840921471661605,-0.002495615768829168,1.421566731321129,1.6010050194612713,xgb_vix__trend_filter,0.7544499944814117,0.0
0,2025-08-21,-0.001490806077626037,-0.0020318069690896125,1.419449029931592,1.5977553887342992,xgb_vix__trend_filter,0.7544499944814117,0.0
0,2025-08-22,0.010105502149814262,0.01333938453682404,1.4338659978154917,1.619211248087424,xgb_vix__trend_filter,0.7544499944814117,0.0
0,2025-08-24,-0.00016205022818854083,-0.0002699367609518823,1.4336336583291958,1.6187742224351165,xgb_vix__trend_filter,0.6869473861301922,0.06750260835121946
0,2025-08-25,-0.0024262554291926727,-0.003560379032394307,1.4301595131682556,1.613021020502584,xgb_vix__trend_filter,0.6869473861301922,0.0
0,2025-08-26,0.002833263896194271,0.004047033606233401,1.4342172781277571,1.6195621980348907,xgb_vix__trend_filter,0.6869473861301922,0.0
0,2025-08-27,-0.001034361877158959,-0.0015827678007944669,1.4327345454249885,1.6170008346928866,xgb_vix__trend_filter,0.6869473861301922,0.0
0,2025-08-28,0.004086517850730939,0.005871776508250148,1.43860142009972,1.6265234321300186,xgb_vix__trend_filter,0.7857306739882566,0.09878328785806434
0,2025-08-29,-0.004898485648732316,-0.006217216388642424,1.4315716832782166,1.6164423545841606,xgb_vix__trend_filter,0.7857306739882566,0.0
0,2025-08-31,0.0017616479110627498,0.0021962796535966466,1.434095831220788,1.6199964154659199,xgb_vix__trend_filter,0.841437392663048,0.05570671867479138
0,2025-09-01,-0.0024073006969867043,-0.0028594652332769406,1.430647683356319,1.6153707087135372,xgb_vix__trend_filter,0.841437392663048,0.0
0,2025-09-02,-0.004517489835704198,-0.005400181611292922,1.4241993231554695,1.6066709248651876,xgb_vix__trend_filter,0.841437392663048,0.0
0,2025-09-03,0.002730842466013845,0.003214194440140007,1.4280939024681791,1.6118433858135581,xgb_vix__trend_filter,0.841437392663048,0.0
0,2025-09-04,0.007774622585376203,0.009208586876061508,1.4392400660399973,1.6267547365256627,xgb_vix__trend_filter,0.841437392663048,0.0
0,2025-09-05,-0.0034756643941502544,-0.004161059962847716,1.4342464337098946,1.6199997761661997,xgb_vix__trend_filter,0.841437392663048,0.0
0,2025-09-07,0.0021275858158666164,0.002498081001025138,1.4373011645273917,1.624051725770716,xgb_vix__trend_filter,0.841437392663048,0.0
0,2025-09-08,0.0006074792592907977,0.0006912973897352307,1.438174560432286,1.625174816639703,xgb_vix__trend_filter,0.9149789775917105,0.07354158492866258
0,2025-09-09,0.00281458971930786,0.0031011956788482907,1.4422281336614124,1.630222624833347,xgb_vix__trend_filter,0.9149789775917105,0.0
0,2025-09-10,0.0022154529286451175,0.002406235613447227,1.44542686421405,1.634150047828637,xgb_vix__trend_filter,0.9149789775917105,0.0
0,2025-09-11,0.006605888888418005,0.007204673392161704,1.4550068006359347,1.6459660794096955,xgb_vix__trend_filter,0.9149789775917105,0.0
0,2025-09-12,-0.0006111740647962002,-0.0006830083250838938,1.454117809906995,1.6448422547091548,xgb_vix__trend_filter,0.9149789775917105,0.0
0,2025-09-14,-5.5678654827800604e-05,-7.589556777169537e-05,1.4540368488373008,1.6447174232094774,xgb_vix__trend_filter,0.9149789775917105,0.0
0,2025-09-15,0.012277729491658064,0.013403622448100151,1.4719991625124178,1.6669109994740432,xgb_vix__trend_filter,0.9149789775917105,0.0
0,2025-09-16,-0.0007063138049599562,-0.0007868411018205569,1.47095983627149,1.6655999212593366,xgb_vix__trend_filter,0.841319432317502,0.0736595452742086
0,2025-09-17,0.0013732147037861762,0.0016459065527339454,1.4729811674905742,1.6683436003843084,xgb_vix__trend_filter,0.841319432317502,0.0
0,2025-09-18,0.0025042766773489176,0.002946446158111007,1.4766745425607997,1.673266533993925,xgb_vix__trend_filter,0.9149789775917105,0.0736595452742086
0,2025-09-19,0.002257492532521915,0.002492654839295593,1.480011889914625,1.6774426125162065,xgb_vix__trend_filter,0.9149789775917105,0.0
0,2025-09-21,-0.0006677247453099252,-0.0007446294295356561,1.4790239792152917,1.67619400431347,xgb_vix__trend_filter,0.9149789775917105,0.0
0,2025-09-22,0.004926566102293326,0.005369600715628251,1.48632846686243,1.6852187046735227,xgb_vix__trend_filter,0.9149789775917105,0.0
0,2025-09-23,-0.004515280196439816,-0.004949594074600427,1.4796324060424755,1.67689816479262,xgb_vix__trend_filter,0.9149789775917105,0.0
0,2025-09-24,-0.0026158880131982075,-0.002873781664161712,1.4757669114223464,1.6720860433988762,xgb_vix__trend_filter,0.9149789775917105,0.0
0,2025-09-25,-0.005413894578513831,-0.005931856330415821,1.467798853516337,1.6621968289146771,xgb_vix__trend_filter,0.9149789775917105,0.0
0,2025-09-26,0.005307225110430491,0.005785557312655978,1.4756095005465066,1.6718414367464098,xgb_vix__trend_filter,0.9149789775917105,0.0
0,2025-09-28,0.0011051374669646058,0.0011930062853896712,1.477241153326414,1.673837144297748,xgb_vix__trend_filter,0.9149789775917105,0.0
0,2025-09-29,0.0007634724267716037,0.0008195195553391751,1.4783694168589152,1.6752094488083393,xgb_vix__trend_filter,0.9149789775917105,0.0
0,2025-09-30,0.0016806248847966952,0.0018219687336273487,1.480856090287132,1.6782644102233388,xgb_vix__trend_filter,0.9149789775917105,0.0
0,2025-10-01,0.004886580673000494,0.005325862921195025,1.4881101223090496,1.6872264605596015,xgb_vix__trend_filter,0.9149789775917105,0.0
0,2025-10-02,0.0013314401599465557,0.001440337315417918,1.4900927714847905,1.6896583867669046,xgb_vix__trend_filter,0.9149789775917105,0.0
0,2025-10-03,-0.0008319788351919215,-0.0009241462205272096,1.4888535614062022,1.6880976166557724,xgb_vix__trend_filter,0.9149789775917105,0.0
0,2025-10-05,0.0021058263348728095,0.002286643581220195,1.491992131926975,1.6919621109119949,xgb_vix__trend_filter,0.9149789775917105,0.0
0,2025-10-06,1.35617956982802e-05,0.0,1.4920123661566576,1.6919621109119949,xgb_vix__trend_filter,0.9149789775917105,0.0
0,2025-10-07,-0.0025583520248070287,-0.0028108624901396835,1.4882001518710293,1.6872129158737186,xgb_vix__trend_filter,0.9149789775917105,0.0
0,2025-10-08,0.006665291767289562,0.007269854136130654,1.498152571134884,1.6995234011667484,xgb_vix__trend_filter,0.9149789775917105,0.0
0,2025-10-09,-0.0026480917379587926,-0.0029090146680482757,1.4941905738704264,1.6945866466910393,xgb_vix__trend_filter,0.9149789775917105,0.0
0,2025-10-10,-0.03312529593967573,-0.03621816298184012,1.4455058682310102,1.6343099753637582,xgb_vix__trend_filter,0.9149789775917105,0.0
0,2025-10-12,0.015965530922870497,0.017434246597838706,1.468769349635829,1.663052764897584,xgb_vix__trend_filter,0.6833914549672947,0.23158752262441584
0,2025-10-13,0.002283751881957337,0.0034373316391919134,1.4721274875195398,1.66877906474169,xgb_vix__trend_filter,0.6833914549672947,0.0
0,2025-10-14,-0.0001793719675321064,-0.0003363731562903064,1.471863452796567,1.6682178266585364,xgb_vix__trend_filter,0.6833914549672947,0.0
0,2025-10-15,0.0026966776729597038,0.0038719382022149723,1.4758379506686368,1.6746895840281597,xgb_vix__trend_filter,0.6833914549672947,0.0
0,2025-10-16,-0.006499675321356749,-0.009584810940937636,1.4662765896939087,1.658714681489948,xgb_vix__trend_filter,0.6833914549672947,0.0
0,2025-10-17,0.006134766328332814,0.008903410991744765,1.4752995023764786,1.6735488393265179,xgb_vix__trend_filter,0.6833914549672947,0.0
0,2025-10-19,-0.00048478285131573927,-0.0007829102689817794,1.4745844758074846,1.6722391135203578,xgb_vix__trend_filter,0.6833914549672947,0.0
0,2025-10-20,0.007334614845987387,0.01065968898479135,1.4854397459435007,1.6901600082667725,xgb_vix__trend_filter,0.6833914549672947,0.0
0,2025-10-21,-0.0007830707981555126,-0.0012186568250561625,1.4842769967729097,1.6881015377765742,xgb_vix__trend_filter,0.6322026017350443,0.05118885323225042
0,2025-10-22,-0.003985468779148812,-0.006355030072358481,1.4783732295971406,1.6774076178209905,xgb_vix__trend_filter,0.6322026017350443,0.0
0,2025-10-23,0.005069075151382221,0.007926934929969768,1.4858862405206972,1.690757159429423,xgb_vix__trend_filter,0.6322026017350443,0.0
0,2025-10-24,0.004179286267318958,0.006519953964442777,1.4921091791437588,1.701816833377775,xgb_vix__trend_filter,0.6322026017350443,0.0
0,2025-10-26,0.004244004915867414,0.00662232407233357,1.4984551544852456,1.7131242152097006,xgb_vix__trend_filter,0.6322026017350443,0.0
0,2025-10-27,0.003738770227764923,0.005824081591375907,1.5040680200736132,1.7231307014264046,xgb_vix__trend_filter,0.6322026017350443,0.0
0,2025-10-28,0.0015853194862530382,0.002417814778170993,1.5064543394540106,1.727301952925758,xgb_vix__trend_filter,0.6322026017350443,0.0
0,2025-10-29,-0.00044495548786657946,-0.0007945394313366258,1.5057841834343064,1.7259300884867,xgb_vix__trend_filter,0.6322026017350443,0.0
0,2025-10-30,-0.002119328655969357,-0.0034427842106026386,1.5025963111324174,1.7199983004216048,xgb_vix__trend_filter,0.6322026017350443,0.0
0,2025-10-31,-0.0023580655850993885,-0.0038197189816237776,1.4990572647744467,1.7134409219095257,xgb_vix__trend_filter,0.6322026017350443,0.0
0,2025-11-02,0.001914169476592626,0.0029379802906777074,1.5019294624939568,1.7184823797929114,xgb_vix__trend_filter,0.6322026017350443,0.0
0,2025-11-03,-0.001435942757433478,-0.0023632088880495257,1.4997743254571343,1.714426041833792,xgb_vix__trend_filter,0.6322026017350443,0.0
0,2025-11-04,-0.007666657452358182,-0.012218313598323795,1.4883200336185842,1.6936060981261187,xgb_vix__trend_filter,0.6322026017350443,0.0
0,2025-11-05,0.0038964943307162447,0.006071949287877576,1.4941305772153344,1.7039208721691403,xgb_vix__trend_filter,0.6322026017350443,0.0
0,2025-11-06,-0.006461035948719436,-0.010310603497416176,1.4845080650167606,1.6864426798604306,xgb_vix__trend_filter,0.729768090158688,0.09756548842364376
0,2025-11-07,-6.749938481090379e-06,0.0,1.4844980447124654,1.6864426798604306,xgb_vix__trend_filter,0.7867111631547012,0.0569430729960132
0,2025-11-09,0.0023525800128273437,0.002984419156663746,1.4879945564406816,1.691483249545926,xgb_vix__trend_filter,0.7867111631547012,0.0
0,2025-11-10,0.008861151422972387,0.011221045635972702,1.5012384931266824,1.7105703486124728,xgb_vix__trend_filter,0.7867111631547012,0.0
0,2025-11-11,0.001063868342739853,0.0013098057230095592,1.5028364630985378,1.7128123314051154,xgb_vix__trend_filter,0.7867111631547012,0.0
0,2025-11-12,-0.001457803808603443,-0.0018955284192332233,1.500647218511187,1.7095687221021294,xgb_vix__trend_filter,0.7867111631547012,0.0
0,2025-11-13,-0.010575258095734758,-0.01348496471973769,1.4848611050977734,1.6866699894984898,xgb_vix__trend_filter,0.7867111631547012,0.0
0,2025-11-14,-0.0001700728321393805,-0.00025867484860346546,1.4846085920377101,1.6862337468192492,xgb_vix__trend_filter,0.7867111631547012,0.0
0,2025-11-16,0.00020782151283512258,0.00022167214871020148,1.4849171577034568,1.6866075793097293,xgb_vix__trend_filter,0.7867111631547012,0.0
0,2025-11-17,-0.007626434396585171,-0.009736779601564351,1.473635608095067,1.6702651434951827,xgb_vix__trend_filter,0.7867111631547012,0.0
0,2025-11-18,-0.007044100713487659,-0.008996244083803343,1.4632916451866107,1.6553064176411196,xgb_vix__trend_filter,0.7867111631547012,0.0
0,2025-11-19,0.010580490835131424,0.013406522965752172,1.4788561840583365,1.677647746287079,xgb_vix__trend_filter,0.7867111631547012,0.0
0,2025-11-20,-0.0198581994719697,-0.02528443136094541,1.4497784343980555,1.635761147902509,xgb_vix__trend_filter,0.7324264232407172,0.05428473991398408
0,2025-11-21,0.007248632821499491,0.009877262711350188,1.4603255257568382,1.6519980465439088,xgb_vix__trend_filter,0.6435053509311742,0.08892107230954294
0,2025-11-23,0.002114380578961137,0.003269084849022316,1.4634164762587805,1.6574074053374714,xgb_vix__trend_filter,0.6435053509311742,0.0
0,2025-11-24,0.006660634702878117,0.010264601105469635,1.4731962925612405,1.6745076446474358,xgb_vix__trend_filter,0.6435053509311742,0.0
0,2025-11-25,0.005842121664375684,0.008992860951163414,1.481828073945917,1.689634172496213,xgb_vix__trend_filter,0.6435053509311742,0.0
0,2025-11-26,0.004389963037650909,0.0067357833480143365,1.4883475440649732,1.7010535984334316,xgb_vix__trend_filter,0.6435053509311742,0.0
0,2025-11-27,0.0007378777737550996,0.0010604843647018937,1.4894461679125743,1.7028584960417836,xgb_vix__trend_filter,0.6435053509311742,0.0
0,2025-11-28,0.0020021311864498025,0.003025999007006076,1.4924312217734648,1.7080191482862963,xgb_vix__trend_filter,0.6435053509311742,0.0
0,2025-11-30,-0.00034419575706491975,-0.0006201663902505387,1.4919176216737773,1.7069602206062424,xgb_vix__trend_filter,0.6435053509311742,0.0
0,2025-12-01,-0.002586134829022516,-0.004102575599236016,1.4880643062945,1.6999716326636478,xgb_vix__trend_filter,0.6435053509311742,0.0
0,2025-12-02,0.002003846434781497,0.003031082320767658,1.4910491482330543,1.705132203732042,xgb_vix__trend_filter,0.6435053509311742,0.0
0,2025-12-03,0.0017168209367558853,0.002586146980199068,1.4936112113009299,1.7095476332454917,xgb_vix__trend_filter,0.6435053509311742,0.0
0,2025-12-04,7.59186199976954e-05,3.6423238033874194e-05,1.4937246085073301,1.7096099016398691,xgb_vix__trend_filter,0.6435053509311742,0.0
0,2025-12-05,0.0015257293098916748,0.0022894125687302758,1.4960053673913365,1.7135283878405556,xgb_vix__trend_filter,0.6435053509311742,0.0
0,2025-12-07,0.0001927588149273086,0.00021799157271911254,1.496293763407624,1.7139019633053918,xgb_vix__trend_filter,0.6435053509311742,0.0
0,2025-12-08,-0.0011183546510715725,-0.0018199034573725334,1.4946213116893403,1.7107856637390635,xgb_vix__trend_filter,0.6435053509311742,0.0
0,2025-12-09,-0.0020150296421884853,-0.0032133262001972722,1.4916126377440524,1.705297174219036,xgb_vix__trend_filter,0.6435053509311742,0.0
0,2025-12-10,0.003441420523067676,0.005266814545464648,1.496754747093382,1.7143023516638678,xgb_vix__trend_filter,0.6435053509311742,0.0
0,2025-12-11,0.00203243772181887,0.0030779307037044627,1.4997999013966792,1.719586984201794,xgb_vix__trend_filter,0.6435053509311742,0.0
0,2025-12-12,-0.006587698831333363,-0.010317004091577013,1.4899521439832213,1.7019372012455893,xgb_vix__trend_filter,0.6435053509311742,0.0
0,2025-12-14,4.26045276976938e-06,-7.317430125072906e-05,1.4899584918674824,1.7018126677364975,xgb_vix__trend_filter,0.6435053509311742,0.0
0,2025-12-15,0.0040061454109560505,0.006145269820459761,1.495939454546149,1.712302965605822,xgb_vix__trend_filter,0.6435053509311742,0.0
0,2025-12-16,-0.0027687463073290883,-0.004382615088050117,1.491803306320244,1.704815021167853,xgb_vix__trend_filter,0.6435053509311742,0.0
0,2025-12-17,-0.005926086630593053,-0.009289086057864408,1.4829888939725022,1.689052172297395,xgb_vix__trend_filter,0.879369336440177,0.23586398550900278
0,2025-12-18,0.0060153412507554455,0.006954922742962751,1.4919364626000249,1.7008403450629346,xgb_vix__trend_filter,0.879369336440177,0.0
0,2025-12-19,0.008149712466134476,0.009247974296008012,1.5041449962354037,1.716642629793114,xgb_vix__trend_filter,0.879369336440177,0.0
0,2025-12-21,0.0016090046412652146,0.0018100212609987885,1.5065671205976001,1.7197526031604662,xgb_vix__trend_filter,0.879369336440177,0.0
0,2025-12-22,0.0031576947686422353,0.003571049691684161,1.5113319186426861,1.7259049037112018,xgb_vix__trend_filter,0.879369336440177,0.0
0,2025-12-23,0.003335496030558453,0.0037731870555451834,1.5163813768005039,1.7324293670225446,xgb_vix__trend_filter,0.879369336440177,0.0
0,2025-12-24,0.0029153030799586553,0.003295134907782547,1.5208085382218124,1.7381473711287558,xgb_vix__trend_filter,0.879369336440177,0.0
0,2025-12-25,0.0006156802599364035,0.0006800530249738055,1.521745158317604,1.7393298055198143,xgb_vix__trend_filter,0.879369336440177,0.0
0,2025-12-26,-0.0009593739852856758,-0.001110792832634963,1.5202859356825194,1.737398843086415,xgb_vix__trend_filter,0.879369336440177,0.0
0,2025-12-28,0.0003324061049085162,0.00035819185521362366,1.5207913720091533,1.738021276669931,xgb_vix__trend_filter,0.879369336440177,0.0
0,2025-12-29,-0.003587923609717714,-0.0041001409539960995,1.5153446657660707,1.7309097335818395,xgb_vix__trend_filter,0.879369336440177,0.0
0,2025-12-30,-0.001059178765315511,-0.0012243431217797242,1.5137404945759587,1.7287918029565714,xgb_vix__trend_filter,0.879369336440177,0.0
0,2025-12-31,-0.006201053271292551,-0.007071681683198669,1.5043827530431841,1.7166094632124733,xgb_vix__trend_filter,0.879369336440177,0.0
0,2026-01-01,0.0011641136082975543,0.001303828553950876,1.506135045213784,1.7188490873722824,xgb_vix__trend_filter,0.879369336440177,0.0
0,2026-01-02,-0.0002692590648565659,-0.0003260633345214351,1.505729559292792,1.71828872506908,xgb_vix__trend_filter,0.879369336440177,0.0
0,2026-01-04,0.0008450230139664026,0.0009410744114156186,1.5070024731682183,1.7199065237347333,xgb_vix__trend_filter,0.879369336440177,0.0
0,2026-01-05,0.004419513743201875,0.005005963239690824,1.5136774304775478,1.7285378987162447,xgb_vix__trend_filter,0.879369336440177,0.0
0,2026-01-06,0.005712486384568502,0.006476358499329907,1.5223490368250385,1.73976885843353,xgb_vix__trend_filter,0.879369336440177,0.0
0,2026-01-07,-0.002823629472680446,-0.0032306754409008346,1.5180565502646917,1.7341572993535732,xgb_vix__trend_filter,0.879369336440177,0.0
0,2026-01-08,-4.5809353013887966e-05,-7.17978174080676e-05,1.5179870106690796,1.7340327951140573,xgb_vix__trend_filter,0.879369336440177,0.0
0,2026-01-09,0.005039452651900539,0.005711053362620967,1.5256561422177217,1.7439642815701755,xgb_vix__trend_filter,0.879369336440177,0.0
0,2026-01-11,-0.0007051923629606737,-0.0008216340723496716,1.524580640420123,1.7425319695942147,xgb_vix__trend_filter,0.879369336440177,0.0
0,2026-01-12,0.000990320647173034,0.0011061949159301768,1.526091211958247,1.7444606161326548,xgb_vix__trend_filter,0.879369336440177,0.0
0,2026-01-13,-0.0010191662927511354,-0.0011789506499351092,1.5245366635415878,1.7424051950135844,xgb_vix__trend_filter,0.879369336440177,0.0
0,2026-01-14,-0.004783783949867729,-0.005459993325764981,1.517261025933752,1.73291759895358,xgb_vix__trend_filter,0.879369336440177,0.0
0,2026-01-15,0.0037918785319149355,0.004292012190105137,1.5230252170950358,1.740371286629663,xgb_vix__trend_filter,0.879369336440177,0.0
0,2026-01-16,-0.0014947312229763297,-0.0017197529164211737,1.5207504042900628,1.737380850176762,xgb_vix__trend_filter,0.879369336440177,0.0
0,2026-01-18,-0.005594657497143372,-0.00638210137942783,1.512266082207556,1.7263280171230506,xgb_vix__trend_filter,0.879369336440177,0.0
0,2026-01-19,-0.003356306780831412,-0.003836696822369757,1.5071989614639492,1.7197173096548213,xgb_vix__trend_filter,0.879369336440177,0.0
0,2026-01-20,-0.009603448972621885,-0.010940976582699494,1.4927939328345932,1.7010044778362592,xgb_vix__trend_filter,0.879369336440177,0.0
0,2026-01-21,0.011701916917958322,0.013287029793810768,1.510365091020663,1.7237565943070314,xgb_vix__trend_filter,0.879369336440177,0.0
0,2026-01-22,0.002171447193107897,0.002449129048140608,1.5136483324607426,1.7279834706240425,xgb_vix__trend_filter,0.879369336440177,0.0
0,2026-01-23,-0.0009334735467798705,-0.001081665976146605,1.51223604105415,1.7261153802035878,xgb_vix__trend_filter,0.879369336440177,0.0
0,2026-01-25,-0.0024623453048561905,-0.002820266237403643,1.5085169744308482,1.7212541335020646,xgb_vix__trend_filter,0.879369336440177,0.0
