split,date,router_return,bh_return,router_equity,bh_equity,selected_pair,selected_weight,selected_turnover
0,2023-02-10,0.0006789533370648163,0.001341627430301285,1.0006791838780544,1.0013425278149974,rsharrates__trend_filter,0.4245453412402609,0.4245453412402609
0,2023-02-12,-0.0009808046597149032,-0.0025678678239180294,0.999698194229877,0.9987745111319197,rsharrates__trend_filter,0.4245453412402609,0.0
0,2023-02-13,0.006173872128064214,0.014283618860185171,1.0058892949143412,1.0131429982837177,rsharrates__trend_filter,0.4245453412402609,0.0
0,2023-02-14,-0.000839191443238305,-0.0022348411924565676,1.0050455153210303,1.0108813127726117,rsharrates__trend_filter,0.4245453412402609,0.0
0,2023-02-15,0.0021509536743177706,0.004808866837410718,1.0072096483055821,1.0157542135691195,rsharrates__trend_filter,0.4245453412402609,0.0
0,2023-02-16,-0.0072897389298676694,-0.0174310054306487,0.9998940497197533,0.9982020169924103,rsharrates__trend_filter,0.4245453412402609,0.0
0,2023-02-17,-9.730437067315389e-05,-0.0004895062301566239,0.9997967603919207,0.9977135104593878,rsharrates__trend_filter,0.4245453412402609,0.0
0,2023-02-19,-0.0005920321012645024,-0.0016548181121479742,0.9992050237958423,0.9960638413991225,rsharrates__trend_filter,0.4245453412402609,0.0
0,2023-02-20,-9.775038589358455e-05,-0.0004905568016200339,0.9991073558927948,0.9955753353366585,rsharrates__trend_filter,0.4245453412402609,0.0
0,2023-02-21,-0.006955847628378012,-0.016645613042757745,0.9921818317298099,0.979140536672098,rsharrates__trend_filter,0.4245453412402609,0.0
0,2023-02-22,2.2780283664972475e-05,-6.234413969130934e-05,0.992204434170828,0.9790794949005204,xgb_vix__trend_filter,0.6653771986858218,0.2408318574455609
0,2023-02-23,0.00043739462988740853,0.0005607826326738028,0.9926385139872546,0.9796286996551191,xgb_vix__trend_filter,0.6653771986858218,0.0
0,2023-02-24,-0.00625535257165644,-0.009498192543079764,0.9864485903673812,0.9703680469972981,xgb_vix__trend_filter,0.6653771986858218,0.0
0,2023-02-26,0.0009005344245216197,0.0012564395818436057,0.9873373213874062,0.9715880220724966,xgb_vix__trend_filter,0.6653771986858218,0.0
0,2023-02-27,0.0021068588160341583,0.0030688342813696354,0.989419694590262,0.9745742444692095,xgb_vix__trend_filter,0.6653771986858218,0.0
0,2023-02-28,-0.004677748180892978,-0.007127599033803744,0.9848022464631961,0.9676525668007745,xgb_vix__trend_filter,0.6653771986858218,0.0
0,2023-03-01,-0.0005230267647753242,-0.0008838384988843509,0.9842873032065766,0.966797696048183,xgb_vix__trend_filter,0.6653771986858218,0.0
0,2023-03-02,0.0032424261791708384,0.004775087280956105,0.9874839617904321,0.9714252791935829,xgb_vix__trend_filter,0.6653771986858218,0.0
0,2023-03-03,0.012133771336188467,0.018137951494786718,0.9995388541330144,0.9892057065977379,xgb_vix__trend_filter,0.6653771986858218,0.0
0,2023-03-05,-0.0012097141182283375,-0.0019160652054719587,0.9983304289413278,0.9873121386414315,xgb_vix__trend_filter,0.6653771986858218,0.0
0,2023-03-06,0.0016161971286646696,0.002466245796543534,0.9999452322828019,0.9897500981211781,xgb_vix__drawdown_brake,0.6256331220130248,0.039744076672797
0,2023-03-07,-0.009879251928805146,-0.01591047127753558,0.9901151582577847,0.9741273200590432,xgb_vix__drawdown_brake,0.6256331220130248,0.0
0,2023-03-08,0.000584189825988415,0.0008136188155320801,0.9906937424448388,0.9749202108870757,xgb_vix__drawdown_brake,0.6256331220130248,0.0
0,2023-03-09,-0.01311990862908752,-0.021090512286880733,0.977780824443382,0.9545739548607511,xgb_vix__drawdown_brake,0.6256331220130248,0.0
0,2023-03-10,-0.005248121987251278,-0.008507449658964335,0.9726627532779712,0.9464874116965073,xgb_vix__drawdown_brake,0.5353365090842025,0.0902966129288223
0,2023-03-12,0.0039518224311612575,0.007293730813713052,0.9765141487676369,0.9534160732760415,xgb_vix__drawdown_brake,0.5353365090842025,0.0
0,2023-03-13,-0.0019731695054162257,-0.0038535740756206168,0.9745892205570463,0.9497490838583711,xgb_vix__drawdown_brake,0.5353365090842025,0.0
0,2023-03-14,0.008183484923302077,0.015118548882110382,0.982597479791916,0.9642170032040774,xgb_vix__drawdown_brake,0.5353365090842025,0.0
0,2023-03-15,-0.003972694013966706,-0.007584521271690109,0.9787016642311289,0.9569315421246394,xgb_vix__drawdown_brake,0.5353365090842025,0.0
0,2023-03-16,0.009704334572455443,0.017964292810467075,0.9882455462407527,0.9742774777992298,xgb_vix__drawdown_brake,0.5353365090842025,0.0
0,2023-03-17,-0.007076037919349978,-0.01177913295933333,0.9812773659109354,0.9628686587593767,xgb_vix__trend_filter,0.6067147102954294,0.07137820121122695
0,2023-03-19,0.003622838954789586,0.005854981876830653,0.9848388231753358,0.9685227735236233,xgb_vix__trend_filter,0.6067147102954294,0.0
0,2023-03-20,0.002168628071949727,0.003450662478348616,0.9869768897913267,0.9718705914906773,xgb_vix__trend_filter,0.6067147102954294,0.0
0,2023-03-21,0.008038633173222735,0.013126500412321641,0.9949428096163055,0.9847119478601319,xgb_vix__trend_filter,0.6067147102954294,0.0
0,2023-03-22,-0.009464582704912914,-0.015722926867223916,0.9855705135066444,0.9693504740417626,xgb_vix__trend_filter,0.6067147102954294,0.0
0,2023-03-23,0.0014822990129471892,0.002321497882647784,0.9870325069940646,0.9716034332229461,xgb_vix__trend_filter,0.6067147102954294,0.0
0,2023-03-24,0.004007316381524603,0.0064830276584390166,0.990995794297777,0.977922827423782,xgb_vix__trend_filter,0.550598139806139,0.05611657048929042
0,2023-03-26,0.0019036531919469548,0.0033548770739214055,0.9928841033773484,0.9812091478156918,xgb_vix__trend_filter,0.550598139806139,0.0
0,2023-03-27,-0.0011466650321014097,-0.002241595898606883,0.9917462503878682,0.9790121367397341,xgb_vix__trend_filter,0.550598139806139,0.0
0,2023-03-28,-0.00046349603544855087,-0.00099725770701823,0.9912866864439028,0.9780362960043277,xgb_vix__trend_filter,0.550598139806139,0.0
0,2023-03-29,0.014151514387244594,0.010545986931169147,1.0054146243298656,0.9884052332377529,rnnvolatility__drawdown_brake,1.3634974065854641,0.8128992667793251
0,2023-03-30,0.010690248000222472,0.007892886811566196,1.0162204113704745,0.9962374726966147,rnnvolatility__drawdown_brake,1.3634974065854641,0.0
0,2023-03-31,0.017552743582655666,0.012924627206860195,1.0342153358064041,1.0091970390193366,rnnvolatility__drawdown_brake,1.5,0.13650259341453586
0,2023-04-02,-0.0031599356084154166,-0.0019969756080223055,1.0309524399255139,1.0071837081041728,rnnvolatility__drawdown_brake,1.1399056815472803,0.36009431845271966
0,2023-04-03,0.0050113007721247545,0.004578053477469776,1.0361318195591145,1.011805219673377,rnnvolatility__drawdown_brake,0.7677099336683729,0.3721957478789074
0,2023-04-04,-0.0032054668224611037,-0.00399154370014702,1.0328158508409793,1.007774604462843,rnnvolatility__drawdown_brake,0.6435879706047449,0.124121963063628
0,2023-04-05,-0.003161608377586427,-0.004922834980004395,1.0295556480523662,1.0028256877326882,rnnvolatility__drawdown_brake,0.6435879706047449,0.0
0,2023-04-06,0.0023689447370080097,0.003572950138939001,1.0319974996500703,1.0064151425660044,rnnvolatility__drawdown_brake,0.6435879706047449,0.0
0,2023-04-07,0.0021290525328844473,0.0031993293787155722,1.034197017153944,1.0096401522821112,rnnvolatility__drawdown_brake,0.5483437848603905,0.09524418574435445
0,2023-04-09,-0.000820880230382054,-0.0015719474427775906,1.033348413616828,1.0080542977931164,rnnvolatility__drawdown_brake,0.5483437848603905,0.0
0,2023-04-10,0.001050781747429932,0.0017502573971221907,1.0344348079502992,1.0098201972229948,rnnvolatility__drawdown_brake,0.48198569131882907,0.06635809354156141
0,2023-04-11,-0.00024978481634108487,-0.0006643314898527161,1.034176454109555,1.0091495646527222,rnnvolatility__drawdown_brake,0.48198569131882907,0.0
0,2023-04-12,-0.0031792467264675087,-0.006810219157948412,1.030893772994836,1.0023003836377131,rnnvolatility__drawdown_brake,0.48198569131882907,0.0
0,2023-04-13,0.006895209747689133,0.01408835209810486,1.0380265645741862,1.0165210822434363,rnnvolatility__drawdown_brake,0.48198569131882907,0.0
0,2023-04-14,0.0002789511224885974,0.0003595613429194329,1.0383161636396614,1.0168866496468882,rnnvolatility__drawdown_brake,0.48198569131882907,0.0
0,2023-04-16,0.00013452987236593208,5.992329821421789e-05,1.0384558575769243,1.0169475866746005,rnnvolatility__drawdown_brake,0.42527843731006804,0.05670725400876103
0,2023-04-17,0.0005486748976015243,0.0010774574095343032,1.0390257885773628,1.018043894893618,rnnvolatility__drawdown_brake,0.3365902209759847,0.08868821633408336
0,2023-04-18,5.2235297794969406e-05,-0.00011973180105232691,1.039080063816375,1.0179220099614288,rnnvolatility__drawdown_brake,0.3365902209759847,0.0
0,2023-04-19,-0.0006721194327302725,-0.0024003863651780822,1.0383819125601168,1.0154815340622447,rnnvolatility__drawdown_brake,0.3365902209759847,0.0
0,2023-04-20,-0.0010408412615009648,-0.003492720572186501,1.0373016840910314,1.0119409275914286,rnnvolatility__drawdown_brake,0.3365902209759847,0.0
0,2023-04-21,0.0003803601788539419,0.0004213567812647725,1.0376963073898544,1.0123674056069007,xgb_vix__trend_filter,0.8114312611768659,0.47484104020088125
0,2023-04-23,-0.0004991725641603169,-0.0006625708230755154,1.0371784471248462,1.0116968626673373,xgb_vix__trend_filter,0.8114312611768659,0.0
0,2023-04-24,0.001112745599849906,0.0013233882593700096,1.0383332052349945,1.0130366167292986,xgb_vix__trend_filter,0.8114312611768659,0.0
0,2023-04-25,-0.008794105995353293,-0.010884981766293529,1.0292420259565338,1.0020695281910879,xgb_vix__trend_filter,0.8738682178261808,0.06243695664931492
0,2023-04-26,-0.005567043193933676,-0.006364402483457615,1.0235281107046454,0.9957122061343386,xgb_vix__trend_filter,0.8738682178261808,0.0
0,2023-04-27,0.013401713984933965,0.015306414958096115,1.03733746955236,1.0110702286261353,xgb_vix__trend_filter,0.8738682178261808,0.0
0,2023-04-28,0.008783641637824188,0.010022240621264772,1.0464892040808758,1.0212543664366573,xgb_vix__trend_filter,0.8055233854767931,0.06834483234938771
0,2023-04-30,-0.0015837175546859923,-0.0019725057614307213,1.0448331724469013,1.0192419217468454,xgb_vix__trend_filter,0.8055233854767931,0.0
0,2023-05-01,-0.0006339767244163497,-0.0008375210359148974,1.0441709824633696,1.0183886425662048,xgb_vix__trend_filter,0.8055233854767931,0.0
0,2023-05-02,-0.007891809035939121,-0.009847316370058954,1.035963014924845,1.0084094621282875,xgb_vix__trend_filter,0.8055233854767931,0.0
0,2023-05-03,-0.00879751583649355,-0.010932182468757877,1.0268890864337759,0.9974453857222498,xgb_vix__drawdown_brake,0.7484674655077497,0.05705591996904347
0,2023-05-04,-0.0010749036972781871,-0.001467890435207788,1.0257858725886169,0.9959823192542493,xgb_vix__drawdown_brake,0.7484674655077497,0.0
0,2023-05-05,0.011147324892810378,0.014823393743762688,1.0372846120009274,1.0108561251202874,xgb_vix__drawdown_brake,0.7484674655077497,0.0
0,2023-05-07,-0.00044392407928357466,-0.0006632499732499345,1.0368242385775743,1.0101858971112658,xgb_vix__drawdown_brake,0.7484674655077497,0.0
0,2023-05-08,0.0008194065365138937,0.001023973194287955,1.0376741673069036,1.0112208301725827,xgb_vix__drawdown_brake,0.7484674655077497,0.0
0,2023-05-09,-0.0022081648940778247,-0.0030207875776702476,1.0353853396236599,1.0081707559829944,xgb_vix__drawdown_brake,0.7484674655077497,0.0
0,2023-05-10,0.0034732575269662835,0.004570619732772998,1.0389877519792532,1.0127892678247008,xgb_vix__drawdown_brake,0.7484674655077497,0.0
0,2023-05-11,-0.001933907839020688,-0.0026531627826288616,1.0369803870760437,1.0101057345321678,xgb_vix__drawdown_brake,0.7484674655077497,0.0
0,2023-05-12,-0.0024835574807806505,-0.003388196215804142,1.0344081821098667,1.0066890895052931,xgb_vix__drawdown_brake,0.7484674655077497,0.0
0,2023-05-14,9.767923142672334e-05,6.049972778814173e-05,1.034509227241002,1.0067499957635628,xgb_vix__drawdown_brake,0.7484674655077497,0.0
0,2023-05-15,0.002361236940803585,0.003556795545587238,1.0369548348371869,1.0103371753144166,rnnvolatility__drawdown_brake,0.5076661288592854,0.24080133664846426
0,2023-05-16,-0.0021786922374465523,-0.0043594228509659435,1.03469808865831,1.005942274920037,rnnvolatility__drawdown_brake,0.5076661288592854,0.0
0,2023-05-17,0.005094276380191757,0.009832293101597571,1.0399825755820244,1.0158817781909049,rnnvolatility__drawdown_brake,0.5076661288592854,0.0
0,2023-05-18,0.00582149075191165,0.011262835110097548,1.0460544811510433,1.0273881627729409,rnnvolatility__drawdown_brake,0.4128274878612618,0.09483864099802364
0,2023-05-19,-0.0018170939553623132,-0.004585259900368575,1.0441554277780958,1.0226881047565777,rnnvolatility__drawdown_brake,0.4128274878612618,0.0
0,2023-05-21,0.0003198195156921044,0.0004761621512018339,1.0444894224674781,1.0231751860801896,rnnvolatility__drawdown_brake,0.4128274878612618,0.0
0,2023-05-22,0.0017411933129335055,0.003912976142179283,1.0463096647022345,1.0271866895127337,rnnvolatility__drawdown_brake,0.3507488742239778,0.06207861363728395
0,2023-05-23,-0.004315591832123778,-0.012607645186335396,1.041803948668025,1.0143175792438497,rnnvolatility__drawdown_brake,0.3507488742239778,0.0
0,2023-05-24,-0.001533110468162971,-0.004765369685291379,1.0402079718455377,1.0094954796693458,rnnvolatility__drawdown_brake,0.3507488742239778,0.0
0,2023-05-25,0.0008143309254813803,0.0019265514632594773,1.0410553903586655,1.0114421992885017,rnnvolatility__drawdown_brake,0.3507488742239778,0.0
0,2023-05-26,0.011843139483758735,0.01582100982316991,1.0534580528216966,1.0275714906630709,xgb_vix__trend_filter,0.7469865121496463,0.39623763792566846
0,2023-05-28,0.0020840659702514087,0.0027181975231601366,1.0556558182492701,1.030368432541982,xgb_vix__trend_filter,0.6898854204927262,0.05710109165692012
0,2023-05-29,-0.0013516828326079625,-0.0020131460094776825,1.0542298703343644,1.028296236959694,xgb_vix__trend_filter,0.6898854204927262,0.0
0,2023-05-30,-0.0009134609617345568,-0.0014230660004497613,1.05326731219969,1.026833944262772,xgb_vix__trend_filter,0.6898854204927262,0.0
0,2023-05-31,-0.0032201944893575428,-0.004766178285709176,1.0498810417560387,1.0219515151210963,xgb_vix__trend_filter,0.6898854204927262,0.0
0,2023-06-01,0.005612586783575696,0.00803743674865922,1.0557901574155748,1.0301984836315639,xgb_vix__trend_filter,0.7931515353384131,0.10326611484568693
0,2023-06-02,0.010812699276395468,0.013640762552187232,1.0672680405084647,1.0443474585405086,xgb_vix__trend_filter,0.7931515353384131,0.0
0,2023-06-04,-0.0006953009007833135,-0.0009335435161600832,1.066526226000555,1.0433729696766225,xgb_vix__trend_filter,0.729768090158688,0.06338344517972505
0,2023-06-05,-0.0015092333367099742,-0.0021048954317679047,1.0649178031138231,1.041179088434437,xgb_vix__trend_filter,0.729768090158688,0.0
0,2023-06-06,0.00307531341951075,0.00413416807132004,1.0681978000486483,1.0454924076282477,xgb_vix__trend_filter,0.729768090158688,0.0
0,2023-06-07,-0.0020610368126375263,-0.004503729310006357,1.0659984722858493,1.0407943800918453,rnnvolatility__drawdown_brake,0.4823472115676263,0.24742087859106177
0,2023-06-08,0.0024128850449780972,0.004773287837311282,1.068573709684078,1.0457742670090495,rnnvolatility__drawdown_brake,0.4823472115676263,0.0
0,2023-06-09,0.001230798540796887,0.002323017364363221,1.0698897183513332,1.0482064426899342,rnnvolatility__drawdown_brake,0.5562450869215785,0.0738978753539522
0,2023-06-11,0.0064128210641945516,0.01142521195488823,1.0767727759936798,1.0602510988238223,rnnvolatility__drawdown_brake,0.5562450869215785,0.0
0,2023-06-12,0.004467523422782233,0.007860641601814627,1.0815940451389838,1.0686181950084743,rnnvolatility__drawdown_brake,0.5562450869215785,0.0
0,2023-06-13,0.0036205174081999887,0.006339186739653161,1.0855170726173535,1.0754138821075916,rnnvolatility__drawdown_brake,0.5562450869215785,0.0
0,2023-06-14,0.00047191787238213845,0.0006787330837959687,1.0860294684195566,1.0761440488542844,rnnvolatility__drawdown_brake,0.478522944253546,0.07772214266803246
0,2023-06-15,0.004920768136703463,0.010133984990535335,1.0913867377533413,1.0871051223640262,rnnvolatility__drawdown_brake,0.478522944253546,0.0
0,2023-06-16,-0.000560234716511289,-0.0014016600237260518,1.0907754762546558,1.0855824379646417,rnnvolatility__drawdown_brake,0.478522944253546,0.0
0,2023-06-18,-5.0536710701718076e-05,-0.00033651150382664474,1.0907203534428462,1.0852171884446937,rnnvolatility__drawdown_brake,0.478522944253546,0.0
0,2023-06-19,-0.0010463366285103953,-0.0024174982773282542,1.0895796896488,1.0825968463734947,rnnvolatility__drawdown_brake,0.478522944253546,0.0
0,2023-06-20,-0.001075140695971132,-0.0024798537490657584,1.0884088676949022,1.0799154905845136,rnnvolatility__drawdown_brake,0.4118539585994978,0.06666898565404822
0,2023-06-21,-0.0022651829689992247,-0.005725005721328149,1.0859462126995703,1.0737506319858563,rnnvolatility__drawdown_brake,0.4118539585994978,0.0
0,2023-06-22,0.0013596031261905602,0.0029952008649468237,1.087423672717268,1.0769715520508327,rnnvolatility__drawdown_brake,0.4118539585994978,0.0
0,2023-06-23,-0.0031819425179796085,-0.008032443499217326,1.0839690522146876,1.068355489253278,rnnvolatility__drawdown_brake,0.4118539585994978,0.0
0,2023-06-25,0.0009925240984282272,0.0021033498548226268,1.085045451708816,1.0706049795196833,rnnvolatility__drawdown_brake,0.4118539585994978,0.0
0,2023-06-26,-0.0016115176969058967,-0.004224480211871073,1.0832982899306158,1.0660917696638166,rnnvolatility__drawdown_brake,0.4118539585994978,0.0
0,2023-06-27,0.0030914663027420885,0.007197976572238474,1.0866524520579939,1.073793157197967,rnnvolatility__drawdown_brake,0.4118539585994978,0.0
0,2023-06-28,0.001545936823835548,0.0034453612418866987,1.088333647274311,1.077499143087658,rnnvolatility__drawdown_brake,0.4118539585994978,0.0
0,2023-06-29,0.0011484101627681066,0.0024790154428462182,1.0895842186423148,1.0801735937355976,rnnvolatility__drawdown_brake,0.4118539585994978,0.0
0,2023-06-30,0.008849774908713973,0.010094985054434614,1.0992695871752067,1.0911331552526602,xgb_vix__trend_filter,0.8771436035868413,0.4652896449873435
0,2023-07-02,0.0013453363034919956,0.001503592480780812,1.1007494697047973,1.092775008890497,xgb_vix__trend_filter,0.8771436035868413,0.0
0,2023-07-03,-0.00021778395881965446,-0.0002785205027093892,1.100509770229914,1.092470691027022,xgb_vix__trend_filter,0.8771436035868413,0.0
0,2023-07-04,0.0002707529717159094,0.0002784429506383003,1.1008077768618763,1.0927749241435354,xgb_vix__trend_filter,0.8771436035868413,0.0
0,2023-07-05,-0.0016374272717469985,-0.001897004987031109,1.0990067591072883,1.0907038896651728,xgb_vix__trend_filter,0.8771436035868413,0.0
0,2023-07-06,-0.006978373202249268,-0.007986137248447813,1.091364177199484,1.0820280679670808,xgb_vix__trend_filter,0.8771436035868413,0.0
0,2023-07-07,-0.001406302869279016,-0.0016336194734965068,1.0898304673087367,1.080261888869449,xgb_vix__trend_filter,0.8771436035868413,0.0
0,2023-07-09,-7.221707971007299e-05,-0.00011267605657644899,1.08975176577684,1.080140176076929,xgb_vix__trend_filter,0.8771436035868413,0.0
0,2023-07-10,0.0017036647178553124,0.001911832024412202,1.0916099197977007,1.0822071979260923,xgb_vix__trend_filter,0.8771436035868413,0.0
0,2023-07-11,0.005175211442417745,0.00586956251282656,1.0972738753878009,1.0885779592266847,xgb_vix__trend_filter,0.8771436035868413,0.0
0,2023-07-12,0.003801300408641099,0.008919786133045437,1.1014528808140434,1.098331275895014,rnnvolatility__drawdown_brake,0.4118539585994978,0.4652896449873435
0,2023-07-13,0.0026674560570381944,0.006166760872687318,1.1043948800549213,1.105125349414889,rnnvolatility__drawdown_brake,0.4118539585994978,0.0
0,2023-07-14,-0.0003486438975668218,-0.0011575990677894497,1.104009906632703,1.1038467975086386,rnnvolatility__drawdown_brake,0.4118539585994978,0.0
0,2023-07-16,-0.0004174745603141711,-0.0013247230235270775,1.1035491067751504,1.1023854743794346,rnnvolatility__drawdown_brake,0.36092579706453404,0.05092816153496377
0,2023-07-17,0.0016412495276802066,0.004232177097144949,1.1053617933540099,1.107060851469736,rnnvolatility__drawdown_brake,0.36092579706453404,0.0
0,2023-07-18,0.003090556795698011,0.008177151933609014,1.1087832611530866,1.116150569605844,rnnvolatility__drawdown_brake,0.36092579706453404,0.0
0,2023-07-19,4.080782258163981e-05,-0.0002726430046316339,1.108828509106918,1.1158463004412398,rnnvolatility__drawdown_brake,0.36092579706453404,0.0
0,2023-07-20,-0.0014024507164753072,-0.004271411036163861,1.1072745217199425,1.1110902270422671,rnnvolatility__drawdown_brake,0.36092579706453404,0.0
0,2023-07-21,4.0613979727403804e-05,-0.00027388256258241363,1.1073194934581547,1.1107859604721804,rnnvolatility__drawdown_brake,0.36092579706453404,0.0
0,2023-07-23,-7.813868480636014e-05,-0.0006029049419734074,1.1072329723496424,1.1101164639687922,rnnvolatility__drawdown_brake,0.36092579706453404,0.0
0,2023-07-24,0.0045228442392365505,0.005125710896838701,1.112252156558235,1.1158212079691459,xgb_vix__trend_filter,0.8771436035868413,0.5162178065223073
0,2023-07-25,0.0019358739054519273,0.002176398693904189,1.1144074219723452,1.1182523243684541,xgb_vix__trend_filter,0.8771436035868413,0.0
0,2023-07-26,0.00045617735132504495,0.000489449660614698,1.1149159053688842,1.1187997865557595,xgb_vix__trend_filter,0.8771436035868413,0.0
0,2023-07-27,-0.005928387825586144,-0.006789364379416191,1.1083258051251446,1.111229574679996,xgb_vix__trend_filter,0.8771436035868413,0.0
0,2023-07-28,0.007833151895645474,0.008899618499882692,1.117041580939109,1.121163231272723,xgb_vix__trend_filter,0.8771436035868413,0.0
0,2023-07-30,0.0010253376185177135,0.0011382733230050996,1.118187513076764,1.1224401480719077,xgb_vix__trend_filter,0.8771436035868413,0.0
0,2023-07-31,0.0006446945771863777,0.0007041491211394158,1.1189086349294195,1.1232307916485256,xgb_vix__trend_filter,0.8771436035868413,0.0
0,2023-08-01,-0.005567242972155653,-0.006377802776049445,1.1126967063973248,1.1160898431735469,xgb_vix__trend_filter,0.8771436035868413,0.0
0,2023-08-02,-0.008177531491283984,-0.009353643637935683,1.103634696973748,1.1056990083538805,xgb_vix__trend_filter,0.8771436035868413,0.0
0,2023-08-03,-0.002489769978261829,-0.002869286061899867,1.1008903182917702,1.102530988751272,xgb_vix__trend_filter,0.8771436035868413,0.0
0,2023-08-04,-0.0024874494372789007,-0.007281077999756489,1.0981553122938106,1.0945325286667986,rnnvolatility__drawdown_brake,0.36092579706453404,0.5162178065223073
0,2023-08-06,0.0008612103803690385,0.0019968950486737237,1.099101462406686,1.0967203789806144,rnnvolatility__drawdown_brake,0.36092579706453404,0.0
0,2023-08-07,0.0026460551787663477,0.006940674969205302,1.1020135966581004,1.1043588360231167,rnnvolatility__drawdown_brake,0.36092579706453404,0.0
0,2023-08-08,-0.0016168466919649475,-0.004871047690375212,1.1002332492820737,1.0989925318379323,rnnvolatility__drawdown_brake,0.36092579706453404,0.0
0,2023-08-09,-0.0014243270683283252,-0.004336237723691844,1.098667272779749,1.0942373562002572,rnnvolatility__drawdown_brake,0.36092579706453404,0.0
0,2023-08-10,-0.00032160213755228406,-0.0012802675358279158,1.0983139958467176,1.0928373360280412,rnnvolatility__drawdown_brake,0.36092579706453404,0.0
0,2023-08-11,-0.0004229328564728886,-0.0015610197562143308,1.0978495809862243,1.0911327261671546,rnnvolatility__drawdown_brake,0.41498334562707156,0.05405754856253753
0,2023-08-13,0.0005406793362116044,0.0010581423227078491,1.0984433260673159,1.0922879109515742,rnnvolatility__drawdown_brake,0.41498334562707156,0.0
0,2023-08-14,0.0021529291522351447,0.0048769867697044805,1.1008107442534627,1.0976279958191282,rnnvolatility__drawdown_brake,0.41498334562707156,0.0
0,2023-08-15,-0.004993170235448573,-0.012343220891606397,1.0953279085677556,1.0841630026569735,rnnvolatility__drawdown_brake,0.41498334562707156,0.0
0,2023-08-16,-0.007317248639419774,-0.008373032683346793,1.0873423736216088,1.0751231686279579,xgb_vix__trend_filter,0.8771436035868413,0.4621602579597697
0,2023-08-17,-0.0074802081985591495,-0.008558817038922091,1.0792391708890818,1.0659606522161735,xgb_vix__trend_filter,0.8771436035868413,0.0
0,2023-08-18,-0.00027333697132760824,-0.00034246576011827607,1.0789442152357518,1.0655956596934444,xgb_vix__trend_filter,0.8118262111580868,0.06531739242875445
0,2023-08-20,0.0011655573295866325,0.00142490786337184,1.0802025197446035,1.067115117614799,xgb_vix__trend_filter,0.8118262111580868,0.0
0,2023-08-21,0.0036347700722981257,0.00442604862684629,1.084135951765326,1.0718486887964036,xgb_vix__trend_filter,0.8118262111580868,0.0
0,2023-08-22,-0.0008807849760363779,-0.0011361702154019427,1.0831814815102656,1.0706315777943392,xgb_vix__trend_filter,0.8118262111580868,0.0
0,2023-08-23,0.012529620372803547,0.015382642757770855,1.0968387155756558,1.0872280423622724,xgb_vix__trend_filter,0.8118262111580868,0.0
0,2023-08-24,-0.015084681369366477,-0.01863249006037245,1.0804174194319909,1.0671578362712517,xgb_vix__trend_filter,0.8118262111580868,0.0
0,2023-08-25,0.004732688818987955,0.005778086919392114,1.0855428177637663,1.0733418155859311,xgb_vix__trend_filter,0.6898854204927262,0.12194079066536068
0,2023-08-27,0.0012953052961193227,0.0018658837022112243,1.0869498381885572,1.075346416180736,xgb_vix__trend_filter,0.6898854204927262,0.0
0,2023-08-28,0.0018154376614642387,0.004839091607443126,1.088924920137546,1.080562726922027,rnnvolatility__trend_filter,0.3452017022062518,0.34468371828647437
0,2023-08-29,0.005178626628290132,0.014583274534919559,1.094578682451922,1.0964363330776494,rnnvolatility__trend_filter,0.41563464072132095,0.07043293851506915
0,2023-08-30,0.0015405476195920209,0.0034810546661021725,1.0962662325775405,1.1002597387721906,rnnvolatility__trend_filter,0.4799159388686479,0.06428129814732697
0,2023-08-31,-0.0005546728264381758,-0.001327874684666465,1.0956583320963127,1.0987997013064463,rnnvolatility__trend_filter,0.550078601384781,0.07016266251613312
0,2023-09-01,0.00012450345668090523,0.00011064394800172697,1.0957947538383128,1.0989212835695088,rnnvolatility__trend_filter,0.550078601384781,0.0
0,2023-09-03,0.0001900010730272292,0.0001659383823092727,1.0960029757979313,1.0991036519201256,rnnvolatility__trend_filter,0.6209393935845505,0.07086079219976948
0,2023-09-04,8.208721545069553e-05,5.530973454144033e-05,1.0960929473230456,1.0991644447325486,rnnvolatility__trend_filter,0.6941021193427415,0.07316272575819094
0,2023-09-05,-0.0028218065108317697,-0.0041097527544731415,1.093004344876499,1.0946564204059548,rnnvolatility__trend_filter,0.6344098945504509,0.05969222479229053
0,2023-09-06,-0.0043843183452087495,-0.00699071731735538,1.0882227555401927,1.0870306725908374,rnnvolatility__trend_filter,0.6344098945504509,0.0
0,2023-09-07,-0.0018057913894482193,-0.0029728560696602544,1.0862594254742162,1.0838038856210275,rnnvolatility__trend_filter,0.8695303162075221,0.23512042165707114
0,2023-09-08,0.0010729418702304704,0.001456256816006208,1.0874255441706575,1.0853833321774582,xgb_vix__trend_filter,0.6898854204927262,0.17964489571479592
0,2023-09-10,0.007899819148485575,0.011351925104486998,1.0960500303953458,1.0977747224722791,xgb_vix__trend_filter,0.6898854204927262,0.0
0,2023-09-11,0.0031488265280270886,0.004465284976528852,1.099506741242369,1.1026875598947232,xgb_vix__trend_filter,0.6898854204927262,0.0
0,2023-09-12,-0.003141077251096712,-0.004652209938570547,1.0960585240234706,1.097569540151397,xgb_vix__trend_filter,0.6898854204927262,0.0
0,2023-09-13,0.0014410469707156755,0.0019898310727607563,1.097639134432636,1.0997556924424592,xgb_vix__trend_filter,0.6898854204927262,0.0
0,2023-09-14,0.005290732502594018,0.007570012096341224,1.1034618390813167,1.1081124467960364,xgb_vix__trend_filter,0.6898854204927262,0.0
0,2023-09-15,-0.008902341329907285,-0.013003254775401268,1.093682041283056,1.0937966559826366,xgb_vix__trend_filter,0.6898854204927262,0.0
0,2023-09-17,0.0011019224830905601,0.001498086339841686,1.0948878583501545,1.0954364858081753,xgb_vix__trend_filter,0.6898854204927262,0.0
0,2023-09-18,-0.0002380689277661826,-0.0004440743970527807,1.0946272305966087,1.0949501385064153,xgb_vix__trend_filter,0.6898854204927262,0.0
0,2023-09-19,-0.001697915542527685,-0.00255996717740795,1.092770222975689,1.0921506868719246,xgb_vix__trend_filter,0.6898854204927262,0.0
0,2023-09-20,-0.004345490147629696,-0.011654356058890949,1.08803190335499,1.079496256745334,rnnvolatility__trend_filter,0.38451482594829645,0.3053705945444297
0,2023-09-21,-0.006089868990964045,-0.016191562199787356,1.0814260663621043,1.0621582692961438,rnnvolatility__trend_filter,0.44784158034105154,0.06332675439275509
0,2023-09-22,-0.00062841018610237,-0.0016044932673796761,1.080746700688997,1.0604554099826382,rnnvolatility__trend_filter,0.44784158034105154,0.0
0,2023-09-24,0.0005576551372355577,0.0009732083057132487,1.0813495527148285,1.061487956355328,rnnvolatility__trend_filter,0.5435173562083518,0.0956757758673003
0,2023-09-25,0.001418852158375164,0.002512565459360683,1.0828849168314258,1.064158367716813,rnnvolatility__trend_filter,0.4807452424348255,0.06277211377352632
0,2023-09-26,-0.006230120503638383,-0.013133150369079747,1.076159385497267,1.0502739882426042,rnnvolatility__trend_filter,0.4807452424348255,0.0
0,2023-09-27,0.00011496511136464114,0.0,1.0762831133929263,1.0502739882426042,rnnvolatility__trend_filter,0.4807452424348255,0.0
0,2023-09-28,0.002108777721140463,0.004148194198568772,1.078555150012223,1.0546397775180485,rnnvolatility__trend_filter,0.4807452424348255,0.0
0,2023-09-29,-0.0009961123909918545,-0.0023098709678061042,1.0774813227780258,1.0522065070667457,rnnvolatility__trend_filter,0.5481978576228469,0.06745261518802137
0,2023-10-01,0.0019900467918978625,0.0035101925065093077,1.079627696010979,1.0559064444102715,rnnvolatility__trend_filter,0.5481978576228469,0.0
0,2023-10-02,-0.0033084624294095325,-0.004392569883891066,1.076061690591222,1.0512784733467693,xgb_vix__trend_filter,0.7651190224295058,0.2169211648066589
0,2023-10-03,-0.010710406451112882,-0.014066808537897773,1.0645981317901267,1.0365938652697193,xgb_vix__trend_filter,0.7651190224295058,0.0
0,2023-10-04,0.004732075729320432,0.006116424284326019,1.0696478291231866,1.0429535425759726,xgb_vix__trend_filter,0.6898854204927262,0.07523360193677964
0,2023-10-05,-0.0008941219197377841,-0.0013415776304851492,1.0686918609924854,1.041555277583855,xgb_vix__trend_filter,0.6898854204927262,0.0
0,2023-10-06,0.00947655552531874,0.013636003094301245,1.0788675176884341,1.0558552039143563,xgb_vix__trend_filter,0.6898854204927262,0.0
0,2023-10-08,-0.0051296084375845,-0.007535866217665524,1.0733475195850037,1.0479283258123213,xgb_vix__trend_filter,0.6898854204927262,0.0
0,2023-10-09,0.009029592066002056,0.012988122379562475,1.083083298739735,1.0616277192721806,xgb_vix__trend_filter,0.6898854204927262,0.0
0,2023-10-10,0.0037595338966268203,0.005349445078908206,1.0871628509164994,1.0673220556411525,xgb_vix__trend_filter,0.6898854204927262,0.0
0,2023-10-11,0.0042057133719165555,0.005996189396205225,1.0917447746312048,1.0737411466434157,xgb_vix__trend_filter,0.6898854204927262,0.0
0,2023-10-12,-0.005675900633968768,-0.008327725532497976,1.0855656922901211,1.0648364544598399,xgb_vix__trend_filter,0.6898854204927262,0.0
0,2023-10-13,-0.005606590991286546,-0.007238946251954273,1.0794963993791915,1.0571559933609098,xgb_vix__drawdown_brake,0.7812424302625992,0.09135700976987304
0,2023-10-15,0.002999909813817958,0.0037774815196551094,1.0827396535243456,1.0611569325686112,xgb_vix__drawdown_brake,0.7812424302625992,0.0
0,2023-10-16,0.0061269095735570454,0.007780191085633553,1.0893938655347921,1.0694451363725277,xgb_vix__drawdown_brake,0.7812424302625992,0.0
0,2023-10-17,-0.0017744754439606568,-0.002333790824031856,1.087462476979172,1.0669521852711632,xgb_vix__drawdown_brake,0.7812424302625992,0.0
0,2023-10-18,-0.008583994049382352,-0.01104994800191526,1.078167655965958,1.0552273179918714,xgb_vix__drawdown_brake,0.7812424302625992,0.0
0,2023-10-19,-0.008864479260390915,-0.011408861459366124,1.0686524969130184,1.043256790599226,xgb_vix__drawdown_brake,0.7812424302625992,0.0
0,2023-10-20,-0.009246811988866833,-0.011898029910870696,1.0588164144799956,1.0309176414464944,xgb_vix__drawdown_brake,0.7812424302625992,0.0
0,2023-10-22,0.0031193271993808164,0.00393078161961801,1.0621243659300474,1.034977928385496,xgb_vix__drawdown_brake,0.7812424302625992,0.0
0,2023-10-23,-0.0012830213717042482,-0.0017042791509616188,1.060762511500138,1.0332155393085045,xgb_vix__drawdown_brake,0.7812424302625992,0.0
0,2023-10-24,0.002656698402564315,0.0033386110219957104,1.0635843843427348,1.0366708087870575,xgb_vix__drawdown_brake,0.7812424302625992,0.0
0,2023-10-25,-0.012564319455842155,-0.018311885918360946,1.0503047697249819,1.017860166011157,xgb_vix__trend_filter,0.6898854204927262,0.09135700976987304
0,2023-10-26,-0.00182922885991428,-0.0027511996405429314,1.0483852780585023,1.0150636781004791,xgb_vix__trend_filter,0.6898854204927262,0.0
0,2023-10-27,-0.007186279192137124,-0.010516330158008805,1.040878294695273,1.0044448666575294,xgb_vix__trend_filter,0.6898854204927262,0.0
0,2023-10-29,0.0022301344620471253,0.003132912708232535,1.0432021835802592,1.0075966392813287,xgb_vix__trend_filter,0.6340382071076482,0.05584721338507792
0,2023-10-30,0.004980807207849333,0.0077714796225135255,1.0484111341559423,1.0154576623571185,xgb_vix__trend_filter,0.6340382071076482,0.0
0,2023-10-31,0.003174052201441244,0.004878068150085868,1.0517441325816004,1.0204232353929192,xgb_vix__trend_filter,0.6340382071076482,0.0
0,2023-11-01,0.009555581831070015,0.014943423738528904,1.0618423299434208,1.035786355107397,xgb_vix__trend_filter,0.6340382071076482,0.0
0,2023-11-02,0.009090823474993695,0.014211097550475433,1.0715393613409325,1.050611104527486,xgb_vix__trend_filter,0.6340382071076482,0.0
0,2023-11-03,0.007429428538331493,0.011590987710096933,1.0795299323861032,1.0628595737235857,xgb_vix__trend_filter,0.6340382071076482,0.0
0,2023-11-05,-0.00013698573001292034,-0.0003427004864879964,1.0793820623185202,1.0624953936365131,xgb_vix__trend_filter,0.6340382071076482,0.0
0,2023-11-06,-1.1347905074188432e-05,-0.00011424654429051875,1.0793698136628367,1.0623740141431914,rsharrates__trend_filter,0.6927088288664591,0.05867062175881088
0,2023-11-07,0.0029835176019537128,0.004209341226339573,1.082594941220997,1.066855333963978,rsharrates__trend_filter,0.6927088288664591,0.0
0,2023-11-08,-0.0002872628958690399,-0.0005122076372137299,1.0822839965267037,1.0663090224385312,rsharrates__trend_filter,0.6927088288664591,0.0
0,2023-11-09,-0.00509574438950478,-0.007453769940532838,1.076782981709801,1.058390548204007,rsharrates__trend_filter,0.8156765701820273,0.1229677413155682
0,2023-11-10,0.011824156137175062,0.014521927104039302,1.0895906022440438,1.073872560844296,rsharrates__trend_filter,0.8156765701820273,0.0
0,2023-11-12,-0.0006053073911778309,-0.0007916761740629268,1.088931264570263,1.073022737960546,rsharrates__trend_filter,0.7195040916779173,0.09617247850411004
0,2023-11-13,0.001110550214337139,0.0015244769048682453,1.0901412491694995,1.0746597838452416,rsharrates__trend_filter,0.7195040916779173,0.0
0,2023-11-14,0.01420072858130809,0.01965144258712848,1.1057324906476502,1.095987270479514,rsharrates__trend_filter,0.7195040916779173,0.0
0,2023-11-15,6.15465159971324e-05,0.0,1.1058005467243601,1.095987270479514,rsharrates__trend_filter,0.7195040916779173,0.0
0,2023-11-16,0.001293828659947109,0.0017129919416068807,1.1072321891141614,1.0978662967609127,rsharrates__trend_filter,0.7195040916779173,0.0
0,2023-11-17,9.785069204849332e-06,-0.0001105277703271713,1.1072430235107653,1.0977449587527477,xgb_vix__trend_filter,0.6340382071076482,0.08546588457026905
0,2023-11-19,0.00018496471796812446,0.0001657641735959065,1.107447843345969,1.0979269406212748,xgb_vix__trend_filter,0.6340382071076482,0.0
0,2023-11-20,0.005602345967602132,0.008709098667308315,1.1136695611402263,1.1075306538174277,xgb_vix__trend_filter,0.6340382071076482,0.0
0,2023-11-21,-0.002570107212469373,-0.004180200269909333,1.110810985964685,1.1029106169466647,xgb_vix__trend_filter,0.6340382071076482,0.0
0,2023-11-22,0.002616048509613183,0.003999134150166953,1.11372072573973,1.1073301356935124,xgb_vix__trend_filter,0.6340382071076482,0.0
0,2023-11-23,0.001086139336763099,0.0015861736129318003,1.1149310387954503,1.109087947264172,xgb_vix__trend_filter,0.6340382071076482,0.0
0,2023-11-24,-0.0002665362589309772,-0.000547255540911631,1.114633908847115,1.1084811587889947,xgb_vix__trend_filter,0.6340382071076482,0.0
0,2023-11-26,-0.0007881962912672727,-0.0013700135805509157,1.113755704678141,1.1069635643475353,xgb_vix__trend_filter,0.6340382071076482,0.0
0,2023-11-27,0.00035756192698528985,0.00043821210868029865,1.1141540125197125,1.1074487554858519,xgb_vix__trend_filter,0.6340382071076482,0.0
0,2023-11-28,0.00011415682360883748,5.477351155720828e-05,1.1142812080627742,1.107509416004339,xgb_vix__trend_filter,0.6973733385014586,0.0633351313938103
0,2023-11-29,-0.0003055985225028926,-0.0003835616532396173,1.1139407373982533,1.1070846993194818,xgb_vix__drawdown_brake,0.8875882288016609,0.19021489030020233
0,2023-11-30,0.002028714593481396,0.0022960877391935445,1.1162028990928463,1.1096295834444,xgb_vix__drawdown_brake,0.8875882288016609,0.0
0,2023-12-01,0.006000640683866201,0.006733326377002909,1.1229209678203553,1.1171262921569705,xgb_vix__drawdown_brake,0.8875882288016609,0.0
0,2023-12-03,-0.0011823333494131816,-0.001359360975303651,1.121594085474542,1.1156087459511566,xgb_vix__drawdown_brake,0.8875882288016609,0.0
0,2023-12-04,-0.005414155573803036,-0.0061272881308174106,1.1155380096669327,1.1087939890339369,xgb_vix__drawdown_brake,0.8875882288016609,0.0
0,2023-12-05,0.0016238295851032651,0.0018020979614249524,1.11735092482461,1.1107939459390983,xgb_vix__drawdown_brake,0.8875882288016609,0.0
0,2023-12-06,-0.0044085361017206755,-0.0049942581540321895,1.1124358849599643,1.1052601842365972,xgb_vix__drawdown_brake,0.8875882288016609,0.0
0,2023-12-07,0.0056872877408931126,0.006380237488450143,1.118780653090117,1.1123345507695779,xgb_vix__drawdown_brake,1.007272628482718,0.11968439968105715
0,2023-12-08,0.0049123891962392675,0.004937889753227764,1.1242900601800367,1.1178407193888276,xgb_vix__drawdown_brake,1.007272628482718,0.0
0,2023-12-10,0.0009267418775721601,0.0009216091514194273,1.1253324698090659,1.1188714064980292,xgb_vix__drawdown_brake,1.007272628482718,0.0
0,2023-12-11,0.012247764714271208,0.014268641713274712,1.1392000270608305,1.1349506232097948,xgb_vix__trend_filter,0.9202006509678655,0.08707197751485252
0,2023-12-12,0.005022541551785793,0.005474092002333369,1.144936099304996,1.141180483195887,xgb_vix__trend_filter,0.9202006509678655,0.0
0,2023-12-13,0.012607248711533443,0.013681824753388876,1.159461966681232,1.1569012134847871,xgb_vix__trend_filter,0.9202006509678655,0.0
0,2023-12-14,0.0004993016117793839,0.0005239168259832658,1.1600410324622015,1.1575074923025013,xgb_vix__trend_filter,0.8354489738230784,0.08475167714478715
0,2023-12-15,-0.00040097857759484166,-0.00047174758013307196,1.1595759741045037,1.156961569722974,xgb_vix__trend_filter,0.8354489738230784,0.0
0,2023-12-17,0.0008667238811239919,0.0009949208323484849,1.1605814419617964,1.1581132277001756,xgb_vix__trend_filter,0.8354489738230784,0.0
0,2023-12-18,0.0029565002160178693,0.003496145721663817,1.1640177785074786,1.1621692463911946,xgb_vix__trend_filter,0.8354489738230784,0.0
0,2023-12-19,0.004631095896618055,0.005500806191467284,1.1694209581297523,1.168579729425169,xgb_vix__trend_filter,0.8354489738230784,0.0
0,2023-12-20,-0.01019006642939005,-0.012239628083209247,1.1575649900247276,1.1543639237091239,xgb_vix__trend_filter,0.8354489738230784,0.0
0,2023-12-21,0.005961534647881667,0.007093367888140627,1.1644864646262323,1.1625813618972747,xgb_vix__trend_filter,0.8354489738230784,0.0
0,2023-12-22,0.0010799929812784445,0.0012501956687978215,1.1657447811990491,1.1640357250103466,xgb_vix__trend_filter,0.8354489738230784,0.0
0,2023-12-25,0.0019026875129499053,0.0022349290965100466,1.1679649407026165,1.1666401716142163,xgb_vix__trend_filter,0.8354489738230784,0.0
0,2023-12-26,0.0029348011501292813,0.003470250924169219,1.17139772035284,1.1706957385954884,xgb_vix__trend_filter,0.8354489738230784,0.0
0,2023-12-27,0.0013747948096906682,0.0016030620168922935,1.173009259372779,1.1725739415030207,xgb_vix__trend_filter,0.8354489738230784,0.0
0,2023-12-28,0.0001651708229664351,0.00015511090491848454,1.1732030222790457,1.1727558346146092,xgb_vix__trend_filter,0.8354489738230784,0.0
0,2023-12-29,-0.003870549358473413,-0.004675098824244526,1.1686708587132801,1.1672858814397595,xgb_vix__trend_filter,0.8354489738230784,0.0
0,2024-01-01,0.0014649309587722217,0.0017112640589727083,1.1703841354444922,1.1692851259449608,xgb_vix__trend_filter,0.8354489738230784,0.0
0,2024-01-02,-0.005634665383598557,-0.0067871460996219235,1.1638079571522433,1.1613758879019214,xgb_vix__trend_filter,0.8354489738230784,0.0
0,2024-01-03,-0.00673582835428329,-0.008105351726658806,1.1559950891245416,1.1520005742780786,xgb_vix__trend_filter,0.8354489738230784,0.0
0,2024-01-04,-0.002787881114412359,-0.0033798120904021205,1.1527768004348007,1.1481136011285222,xgb_vix__trend_filter,0.7775925134145448,0.05785646040853354
0,2024-01-05,0.00025124181539812817,0.00031675641961455736,1.1530664625569857,1.1484773310859848,realized_vol__trend_filter,0.8366980971564262,0.05910558374188135
0,2024-01-07,0.0006533885097990223,0.0007385525043771565,1.1538201091198452,1.1493258551963126,realized_vol__trend_filter,0.9347125891092467,0.09801449195282053
0,2024-01-08,0.011315123413966684,0.012142672531093138,1.1669498683898216,1.1633668175700818,realized_vol__trend_filter,0.9347125891092467,0.0
0,2024-01-09,-0.0010098788713184552,-0.0010955761790407855,1.1657719852336088,1.162092958529492,realized_vol__trend_filter,0.9864633016255892,0.051750712516342445
0,2024-01-10,0.005961859735158338,0.006066928640862995,1.172742913493258,1.169164723839464,realized_vol__trend_filter,0.9864633016255892,0.0
0,2024-01-11,-0.0020987627492606575,-0.0021305358034315446,1.1702841853979458,1.1666764281779487,realized_vol__trend_filter,0.9864633016255892,0.0
0,2024-01-12,5.418542374954454e-05,5.196154847755345e-05,1.1703475994604822,1.166737052066771,realized_vol__trend_filter,0.9864633016255892,0.0
0,2024-01-14,-0.00020214800509245025,-0.0002078894043349677,1.1701110399388097,1.166494525006278,realized_vol__trend_filter,0.9864633016255892,0.0
0,2024-01-15,-0.00035608507256429845,-0.00036393886630499325,1.169694455038479,1.1660700695538992,realized_vol__trend_filter,0.9864633016255892,0.0
0,2024-01-16,-0.0016924690690231206,-0.0017186613321652031,1.167716457674953,1.1640677111955835,realized_vol__trend_filter,1.1594645273609603,0.17300122573537113
0,2024-01-17,-0.005582208168064125,-0.006394508627173834,1.1612161811548898,1.1566478187399947,xgb_vix__trend_filter,0.8771391526203522,0.28232537474060804
0,2024-01-18,0.00822467568164464,0.009346416055014553,1.1708061909414504,1.167509008014707,xgb_vix__trend_filter,0.8771391526203522,0.0
0,2024-01-19,0.009933376986538423,0.011294455085981571,1.1824942048318805,1.1807701336917047,xgb_vix__trend_filter,0.8771391526203522,0.0
0,2024-01-21,0.0008813044287720798,0.0009744590731205333,1.183536801566674,1.1819213066561272,xgb_vix__trend_filter,0.8771391526203522,0.0
0,2024-01-22,0.001239562660656026,0.0013828429504800105,1.1850047792305938,1.1835568487913835,xgb_vix__trend_filter,0.8771391526203522,0.0
0,2024-01-23,0.004184700911994201,0.004740562174724885,1.1899740600361974,1.1891808936551824,xgb_vix__trend_filter,0.8771391526203522,0.0
0,2024-01-24,-0.0008686119675736737,-0.0010205124742626226,1.1889408831064305,1.1879679387421311,xgb_vix__trend_filter,0.8771391526203522,0.0
0,2024-01-25,0.002570248903438581,0.0029000295067207298,1.19200068765266,1.1914180811569006,xgb_vix__trend_filter,0.8771391526203522,0.0
0,2024-01-26,-0.00015202393497563087,-0.00020355198349292136,1.1918194887912603,1.191175590323894,xgb_vix__trend_filter,0.8771391526203522,0.0
0,2024-01-28,-0.0014937306156616156,-0.0017331914673510873,1.190040560483116,1.1891128430389908,xgb_vix__trend_filter,0.8771391526203522,0.0
0,2024-01-29,0.010073543009522434,0.009792696394797677,1.2020890689500385,1.2008146667797006,xgb_vix__drawdown_brake,1.029323153736333,0.15218400111598074
0,2024-01-30,-0.004808683189852508,-0.004665567897960191,1.196322479414496,1.195225233498223,xgb_vix__drawdown_brake,1.029323153736333,0.0
0,2024-01-31,-0.011193100239785345,-0.010868106941950494,1.1830065840826691,1.182305730278311,xgb_vix__drawdown_brake,1.029323153736333,0.0
0,2024-02-01,0.01604505619377418,0.015594094296492389,1.2021410877922816,1.2008872215411603,xgb_vix__drawdown_brake,1.029323153736333,0.0
0,2024-02-02,0.0038748053414791703,0.0037705584375634475,1.2068081867110179,1.2054237842996645,xgb_vix__drawdown_brake,0.8788076613525251,0.1505154923838079
0,2024-02-04,0.0006571841464570515,0.0008037374653636764,1.2076015425810356,1.2063930180092926,xgb_vix__drawdown_brake,0.8788076613525251,0.0
0,2024-02-05,-0.0032973904196164127,-0.003781775847317762,1.2036261666090866,1.2018393259798543,xgb_vix__drawdown_brake,0.8788076613525251,0.0
0,2024-02-06,0.0027209440010437435,0.0030664100773737037,1.2069056255954496,1.2055303143502334,xgb_vix__drawdown_brake,0.936402252622051,0.05759459126952593
0,2024-02-07,0.007549044545915617,0.00807787411473136,1.2160510862388734,1.2153078742529742,xgb_vix__drawdown_brake,0.936402252622051,0.0
0,2024-02-08,0.0002937940330976111,0.00029908778672340795,1.2164084072787769,1.2156714123574655,xgb_vix__drawdown_brake,0.936402252622051,0.0
0,2024-02-09,0.00428183030275945,0.005305459273978003,1.2216280284489027,1.2221382471215267,xgb_vix__trend_filter,0.7988786840935111,0.13752356852853986
0,2024-02-11,0.00012262652436065773,9.915716426750676e-05,1.2217778416334404,1.2222594368927717,xgb_vix__trend_filter,0.7988786840935111,0.0
0,2024-02-12,-0.0011069329363098286,-0.0014398495614268616,1.220426163746087,1.2205008335445648,xgb_vix__trend_filter,0.7988786840935111,0.0
0,2024-02-13,-0.010038150024181819,-0.012619740640443687,1.208236625384213,1.2051952092063987,xgb_vix__trend_filter,0.7988786840935111,0.0
0,2024-02-14,0.0073660252717217805,0.009166214133520622,1.2171693859814807,1.2162930715550893,xgb_vix__trend_filter,0.7988786840935111,0.0
0,2024-02-15,0.004751256441879204,0.005893165444269941,1.2229662301089477,1.2234820499683354,xgb_vix__trend_filter,0.7988786840935111,0.0
0,2024-02-16,-0.00533346683415132,-0.0067305323332098425,1.2164609435670866,1.215275014312922,xgb_vix__trend_filter,0.7988786840935111,0.0
0,2024-02-18,0.0016333795618212344,0.001990249100429041,1.2184495096095156,1.2176961228222625,xgb_vix__trend_filter,0.7988786840935111,0.0
0,2024-02-19,-0.001390126454144754,-0.001794438207127256,1.2167568874651533,1.2155130016985827,xgb_vix__trend_filter,0.7469865121496463,0.05189217194386486
0,2024-02-20,-0.0040143790348289455,-0.005412475022324462,1.2118821551836199,1.2089518400168042,xgb_vix__trend_filter,0.7469865121496463,0.0
0,2024-02-21,0.005735710245198264,0.0065717888931982665,1.2188531327195748,1.2169229799274197,rsharrates__trend_filter,0.813665766683045,0.06667925453339874
0,2024-02-22,0.012375062494934757,0.015199646109663798,1.2340302314947158,1.2355610658932643,rsharrates__trend_filter,0.813665766683045,0.0
0,2024-02-23,-0.0006383855569637399,-0.0008341921571832991,1.2332426958205187,1.2345308003218496,rsharrates__trend_filter,0.7450855229070481,0.06858024377599692
0,2024-02-25,0.0006784605483990202,0.0008824828326148607,1.2340796862366163,1.235620733412354,rsharrates__trend_filter,0.7450855229070481,0.0
0,2024-02-26,-0.0028417057864900002,-0.003888187757674445,1.2305777729115086,1.2308257359696464,rsharrates__trend_filter,0.7450855229070481,0.0
0,2024-02-27,0.001190200285210335,0.0015234169735792143,1.2320432788776108,1.2327022257626283,rsharrates__trend_filter,0.7450855229070481,0.0
0,2024-02-28,-0.002332503423241283,-0.0032045016346193868,1.229172882617981,1.2287583519151823,rsharrates__trend_filter,0.8789978944442915,0.13391237153724345
0,2024-02-29,0.004528812692404352,0.005198650224624647,1.234752200677113,1.2351628697975234,rsharrates__trend_filter,0.8136822824617207,0.06531561198257085
0,2024-03-01,0.006539107473340662,0.008027330362915095,1.2428528346130503,1.2451178326366636,rsharrates__trend_filter,0.8136822824617207,0.0
0,2024-03-03,0.0005148190157718458,0.0005834589721858162,1.243492843616382,1.2458445197829968,rsharrates__trend_filter,0.8136822824617207,0.0
0,2024-03-04,-0.0016885123063024407,-0.0021439377132671774,1.2413949622947855,1.2431763679298646,xgb_vix__trend_filter,0.8071354508802289,0.00654683158149183
0,2024-03-05,-0.006739871364141957,-0.008402221295537997,1.2330562524188473,1.2327746847930918,xgb_vix__trend_filter,0.8071354508802289,0.0
0,2024-03-06,0.0033201772351131764,0.004061670097516362,1.2371570215908734,1.2377919912915698,xgb_vix__trend_filter,0.8071354508802289,0.0
0,2024-03-07,0.008019877613873011,0.00988436116335238,1.247118762069331,1.2500874406035363,xgb_vix__trend_filter,0.8071354508802289,0.0
0,2024-03-08,-0.004322620512554019,-0.005407274950523562,1.2417395753940117,1.2433461166217243,xgb_vix__trend_filter,0.8071354508802289,0.0
0,2024-03-10,-0.00035159642695664005,-0.0004873769566159179,1.2413030609390507,1.2427402860213144,xgb_vix__trend_filter,0.7520642369329535,0.05507121394727532
0,2024-03-11,0.01011591828518076,0.013415800231401884,1.2539237083654071,1.2595249797401848,xgb_vix__trend_filter,0.7520642369329535,0.0
0,2024-03-12,0.00629398861926315,0.00829726768611024,1.2618407787550037,1.270019071593943,xgb_vix__trend_filter,0.7520642369329535,0.0
0,2024-03-13,-0.000556240164710144,-0.0008113010339098703,1.261139087404939,1.2689891216642886,xgb_vix__trend_filter,0.7520642369329535,0.0
0,2024-03-14,-0.003552434333222143,-0.004795261474218787,1.2566669218522482,1.2629185536309626,xgb_vix__trend_filter,0.7520642369329535,0.0
0,2024-03-15,-0.00431778349791581,-0.005836139771700625,1.2512526034936353,1.2555694504877841,rsharrates__trend_filter,0.7491802925420997,0.002883944390853821
0,2024-03-17,0.00041571000230282114,0.00048209036240642655,1.2517728698487862,1.2561748943467947,rsharrates__trend_filter,0.7491802925420997,0.0
0,2024-03-18,0.0035416175896851375,0.004654527382573582,1.2562140304670728,1.2620354232053481,rsharrates__trend_filter,0.8542457405453588,0.10506544800325912
0,2024-03-19,0.004626696845597661,0.0054405155650953,1.26203961818135,1.2689202581126056,rsharrates__trend_filter,0.8542457405453588,0.0
0,2024-03-20,0.010382232938136365,0.012116652096164865,1.2752106615852747,1.2843888479295038,rsharrates__trend_filter,0.8542457405453588,0.0
0,2024-03-21,0.0011980357386650509,0.00136534882360027,1.2767393250460704,1.2861436844414427,rsharrates__trend_filter,0.8542457405453588,0.0
0,2024-03-22,-0.0032386191734312584,-0.0038281675717923517,1.2726111410047536,1.2812295230140716,rsharrates__trend_filter,0.8542457405453588,0.0
0,2024-03-24,0.0005560994029019691,0.0006140185536083342,1.2733190361121733,1.2820164632858724,rsharrates__trend_filter,0.8542457405453588,0.0
0,2024-03-25,-0.001463909895501621,-0.0017506514734426598,1.2714563754913808,1.2797740626791119,rsharrates__trend_filter,0.8542457405453588,0.0
0,2024-03-26,-0.0013043213940508258,-0.0015638334492182578,1.2697990688044674,1.277774273268791,rsharrates__trend_filter,0.8542457405453588,0.0
0,2024-03-27,0.004208029191894858,0.005279556943395166,1.275153678629667,1.2845381948485912,xgb_vix__trend_filter,0.7883740776595508,0.06587166288580804
0,2024-03-28,0.00015732029770104374,0.00014139605080813975,1.2753543019666516,1.2847198363178456,xgb_vix__trend_filter,0.7883740776595508,0.0
0,2024-03-31,0.004222438410928618,0.005297727579738803,1.2807507921146344,1.291543992326182,xgb_vix__trend_filter,0.7883740776595508,0.0
0,2024-04-01,-0.006363330524923002,-0.00812940214846346,1.2726268266559775,1.2810870736576339,xgb_vix__trend_filter,0.7883740776595508,0.0
0,2024-04-02,-0.0046021518818357456,-0.00589525136408653,1.2667834610522528,1.2735569611007427,xgb_vix__trend_filter,0.7883740776595508,0.0
0,2024-04-03,0.003069828645817763,0.003836144866531995,1.2706782443089915,1.2784518929302908,xgb_vix__trend_filter,0.7883740776595508,0.0
0,2024-04-04,-0.011778919925605594,-0.014998397049160549,1.255798830762504,1.2594202427208832,xgb_vix__trend_filter,0.8384381285434342,0.05006405088388344
0,2024-04-05,0.008783965416015647,0.010464920614037438,1.2668783139206559,1.2726691792025153,xgb_vix__trend_filter,0.7618823882963289,0.07655574024710532
0,2024-04-07,0.00044766227199606444,0.0005704778060841843,1.267445574506116,1.273395415854988,xgb_vix__trend_filter,0.7618823882963289,0.0
0,2024-04-08,-0.00045611106677433827,-0.0006660007152273636,1.2668676103709886,1.2725476159462714,xgb_vix__trend_filter,0.7618823882963289,0.0
0,2024-04-09,0.000683351190325233,0.0012827825640092155,1.2677336217217638,1.2741810652960603,rnnvolatility__drawdown_brake,0.4383821248845394,0.3235002634117895
0,2024-04-10,-0.00542570468032722,-0.012653692388143309,1.2608738997180586,1.2581595494897326,rnnvolatility__drawdown_brake,0.4383821248845394,0.0
0,2024-04-11,0.004154670607453466,0.009200244494670867,1.2661233126888436,1.2697883367754892,rnnvolatility__drawdown_brake,0.5008702538071584,0.06248812892261901
0,2024-04-12,-0.0074853642720118,-0.015097832602208892,1.2566813010153186,1.2507612801096242,rnnvolatility__drawdown_brake,0.5008702538071584,0.0
0,2024-04-14,0.0017024504090005072,0.003183489849965312,1.2588225607873285,1.2547494106679815,rnnvolatility__drawdown_brake,0.5526048302831604,0.05173457647600199
0,2024-04-15,-0.008620189909866419,-0.015727459780066202,1.2480179072389062,1.235169762431429,rnnvolatility__drawdown_brake,0.5526048302831604,0.0
0,2024-04-16,0.0005025575298309146,0.0007343582369750085,1.248645265664199,1.2360771526544971,rnnvolatility__drawdown_brake,0.6435087670560912,0.09090393677293074
0,2024-04-17,-0.005080920563949369,-0.007944815710122512,1.2423170883538053,1.2262956550218964,rnnvolatility__drawdown_brake,0.6435087670560912,0.0
0,2024-04-18,-0.0032743918945107443,-0.00520835685044128,1.2382559079259678,1.2199252736568693,rnnvolatility__drawdown_brake,0.7585236860177178,0.11501491896162663
0,2024-04-19,-0.005538687613222652,-0.007294958158075482,1.2314165532754469,1.2110583510663258,rnnvolatility__drawdown_brake,0.7585236860177178,0.0
0,2024-04-21,0.0028088446274360107,0.0036341992749650575,1.23488027329365,1.2154675856133308,rnnvolatility__drawdown_brake,0.8490959752954574,0.09057228927773964
0,2024-04-22,0.004067756631129336,0.00480580528293192,1.2399136961430581,1.221322944745935,rnnvolatility__drawdown_brake,0.8490959752954574,0.0
0,2024-04-23,0.01169173300308773,0.013731192799662378,1.2544955132748214,1.2382088319446969,rnnvolatility__drawdown_brake,0.7947708115708383,0.05432516372461915
0,2024-04-24,-0.006442731860264562,-0.008128168136049751,1.2464391155356769,1.2281852542193266,rnnvolatility__drawdown_brake,0.7947708115708383,0.0
0,2024-04-25,0.006952980758222519,0.00869236480187482,1.255135781562166,1.2389076223483468,rnnvolatility__drawdown_brake,0.6984312151776788,0.09633959639315948
0,2024-04-26,0.0016843897079474768,0.0023871021855874524,1.2572517008707909,1.2418685540586618,rnnvolatility__drawdown_brake,0.6984312151776788,0.0
0,2024-04-28,0.001423686802075099,0.0019448643569268574,1.2590429082808343,1.24428617015107,rnnvolatility__drawdown_brake,0.6984312151776788,0.0
0,2024-04-29,0.0004724815162301751,0.0005831187463022719,1.259637923338877,1.245011948329515,rnnvolatility__drawdown_brake,0.6984312151776788,0.0
0,2024-04-30,-0.011949199267176816,-0.01720216942198277,1.2446758293374978,1.2237781987529825,rnnvolatility__drawdown_brake,0.6984312151776788,0.0
0,2024-05-01,0.0013059474691438052,0.0017762875087381043,1.246302372445481,1.2259539124553624,rnnvolatility__drawdown_brake,0.6436385820968328,0.05479263308084603
0,2024-05-02,0.00551758334030323,0.007832850604844049,1.2531979556362058,1.2355943329975363,xgb_vix__trend_filter,0.6960078499950096,0.05236926789817686
0,2024-05-03,0.007448696891631879,0.010607581029279273,1.2625674994781049,1.248770761468872,xgb_vix__trend_filter,0.6960078499950096,0.0
0,2024-05-05,-0.00023779869747328933,-0.0004361099135172487,1.2622672982664,1.2482262788958385,xgb_vix__trend_filter,0.6388191777449946,0.057188672250015005
0,2024-05-06,0.005725386515249712,0.008884950507880709,1.2695149945675597,1.2593661228036699,xgb_vix__trend_filter,0.6388191777449946,0.0
0,2024-05-07,0.0011195243684011778,0.001630227036157486,1.2709370434006642,1.2614208498862458,xgb_vix__trend_filter,0.6388191777449946,0.0
0,2024-05-08,-0.0003816765747756501,-0.0007197351995975603,1.2704520490645597,1.2605132875405372,xgb_vix__trend_filter,0.6388191777449946,0.0
0,2024-05-09,0.004129144715239222,0.006341226888661933,1.275708774850812,1.2685318852971157,xgb_vix__trend_filter,0.6388191777449946,0.0
0,2024-05-10,-0.00016536367957542466,-0.00038157017047161135,1.2754978363949963,1.268047943704104,xgb_vix__trend_filter,0.6388191777449946,0.0
0,2024-05-12,0.00023070080169203326,0.00023842449322265845,1.2757921287138407,1.2683503134372065,xgb_vix__trend_filter,0.6998596220533343,0.06104044430833966
0,2024-05-13,0.00023456321013560068,0.00028602755788791556,1.2760914177107394,1.2687131484678404,xgb_vix__trend_filter,0.6998596220533343,0.0
0,2024-05-14,0.004294368104960385,0.005169329701097385,1.2815832074375124,1.2752885255321196,xgb_vix__drawdown_brake,0.8233642612392168,0.1235046391858825
0,2024-05-15,0.010257725162756933,0.012411916318126678,1.2947969915719364,1.2912159403874812,xgb_vix__drawdown_brake,0.8233642612392168,0.0
0,2024-05-16,-0.0027089352391263173,-0.0033364723505381277,1.2912942169108523,1.2869150130562088,xgb_vix__drawdown_brake,0.8233642612392168,0.0
0,2024-05-17,0.0012359723934180502,0.0014546483476444083,1.2928912076296544,1.2887883840711976,xgb_vix__drawdown_brake,0.8233642612392168,0.0
0,2024-05-19,0.0011957073499918756,0.0014057452736081692,1.2944380517515042,1.2906013662477938,xgb_vix__drawdown_brake,0.8233642612392168,0.0
0,2024-05-20,-0.0005409302659379479,-0.0007033668403167089,1.2937380403776684,1.2896939192141954,xgb_vix__drawdown_brake,0.8875882288016609,0.06422396756244408
0,2024-05-21,0.0024823941592443067,0.0028055774229819993,1.296953597621691,1.2933173358677397,xgb_vix__drawdown_brake,0.8875882288016609,0.0
0,2024-05-22,-0.0008897029835680455,-0.0010297698879998293,1.2958002072998256,1.2919862021179918,xgb_vix__drawdown_brake,0.8875882288016609,0.0
0,2024-05-23,-0.008914206647910627,-0.010070615633969446,1.2843005079756584,1.2790404011752494,xgb_vix__drawdown_brake,0.8875882288016609,0.0
0,2024-05-24,0.005529328977874422,0.00620217298253279,1.2914214969933957,1.286997882323962,xgb_vix__drawdown_brake,0.8875882288016609,0.0
0,2024-05-26,-0.0006564398186967888,-0.0009406011827309468,1.2905740346844823,1.2857878997384105,xgb_vix__trend_filter,0.7544499944814117,0.13313823432024918
0,2024-05-27,0.0015051526564421117,0.0019245224052474987,1.292518008242602,1.2882648100300338,xgb_vix__trend_filter,0.8584927619814169,0.10404276750000518
0,2024-05-28,-0.0011915785660368535,-0.0013631026546421022,1.2909787887203819,1.2865099691334572,xgb_vix__trend_filter,0.8584927619814169,0.0
0,2024-05-29,-0.008445604329511238,-0.00987342151902239,1.2801216049474313,1.2738702154094408,xgb_vix__trend_filter,0.8584927619814169,0.0
0,2024-05-30,-0.003858199560609506,-0.004529864797223222,1.2751921558477302,1.2681128055535527,xgb_vix__trend_filter,0.8584927619814169,0.0
0,2024-05-31,0.009143479552751067,0.010614909496915799,1.2869053171713645,1.281645404807855,xgb_vix__trend_filter,0.8584927619814169,0.0
0,2024-06-02,0.0005163896982709357,0.0005657975689728657,1.2875700334313454,1.2823707618454543,xgb_vix__trend_filter,0.8584927619814169,0.0
0,2024-06-03,-0.0008604420811288069,-0.0010383727735139119,1.2864626304885503,1.2810398740592068,xgb_vix__trend_filter,0.8584927619814169,0.0
0,2024-06-04,0.002415025157647902,0.002776996888097295,1.2895732246753238,1.284602261883607,xgb_vix__trend_filter,0.8584927619814169,0.0
0,2024-06-05,0.009343882370306884,0.010848018172011569,1.3016793160616298,1.2986135103002583,xgb_vix__trend_filter,0.8584927619814169,0.0
0,2024-06-06,-0.0010377353489116545,-0.0010253066064039224,1.3003292180657724,1.2972827156418432,xgb_vix__drawdown_brake,1.00999148468402,0.151498722702603
0,2024-06-07,-0.0020302850842951695,-0.0020080334773009403,1.2976918572527665,1.2946803422202264,xgb_vix__drawdown_brake,1.00999148468402,0.0
0,2024-06-09,-4.9355582069662114e-05,-4.670060245472384e-05,1.2976278104963503,1.2946198812800507,xgb_vix__drawdown_brake,1.00999148468402,0.0
0,2024-06-10,0.0024445672124992785,0.002422550705489892,1.3008038293100128,1.2977599655577803,xgb_vix__drawdown_brake,1.00999148468402,0.0
0,2024-06-11,0.003467773884422055,0.0034356351596057516,1.3053225532862394,1.3022262632156183,xgb_vix__drawdown_brake,1.0651466867203117,0.05515520203629176
0,2024-06-12,0.010000412531447591,0.00942802815365918,1.318441806944094,1.3145617473609406,xgb_vix__drawdown_brake,1.0651466867203117,0.0
0,2024-06-13,0.00037749926052996446,0.00036778228118638834,1.31893961170582,1.3150453087963585,xgb_vix__drawdown_brake,1.0651466867203117,0.0
0,2024-06-14,-0.000455135079780624,-0.000413926332933559,1.3183394526075103,1.3145010895551548,xgb_vix__drawdown_brake,1.0651466867203117,0.0
0,2024-06-16,0.012763759199317538,0.011996471637509743,1.33527426595479,1.3303654324032674,xgb_vix__drawdown_brake,1.0651466867203117,0.0
0,2024-06-17,0.009673812930459925,0.009095537464613439,1.3482541406301238,1.342521018026233,xgb_vix__drawdown_brake,0.9579420356034727,0.10720465111683897
0,2024-06-18,0.0019592999530526644,0.002246284292731164,1.350898364472489,1.3455400914808584,xgb_vix__trend_filter,0.7883740776595508,0.16956795794392188
0,2024-06-19,-0.00023688169564348244,-0.00031457847004508866,1.350578399275716,1.3451168801075792,xgb_vix__trend_filter,0.7883740776595508,0.0
0,2024-06-20,-0.002227839326787768,-0.0028844460376341485,1.3475728767576323,1.341242553381993,xgb_vix__trend_filter,0.841437392663048,0.05306331500349715
0,2024-06-21,-0.0015877826119687318,-0.0018965061485241577,1.3454349217286241,1.3387012891561443,xgb_vix__trend_filter,0.841437392663048,0.0
0,2024-06-23,7.253352428579557e-05,4.5152842386678524e-05,1.3455325144045218,1.3387617366891351,xgb_vix__trend_filter,0.841437392663048,0.0
0,2024-06-24,-0.0026333642491870334,-0.003170725968110368,1.3419938984622364,1.3345236126012188,xgb_vix__trend_filter,0.841437392663048,0.0
0,2024-06-25,0.002277260914940033,0.0026653446830137524,1.3450534510928884,1.3380853225001421,xgb_vix__trend_filter,0.841437392663048,0.0
0,2024-06-26,-0.0012979302746870243,-0.0015836394110540887,1.3433087979616254,1.3359679548640107,xgb_vix__trend_filter,0.841437392663048,0.0
0,2024-06-27,0.004503241782143999,0.005310795059492749,1.3493716833404452,1.343081880458382,xgb_vix__trend_filter,0.9125647641827206,0.07112737151967263
0,2024-06-28,-0.0037280191366615245,-0.004067072523122618,1.3443505651102512,1.3376305620140176,xgb_vix__trend_filter,0.9125647641827206,0.0
0,2024-06-30,-0.0005985097753995546,-0.0005425690911371808,1.3435461988900028,1.3369050018667625,xgb_vix__drawdown_brake,1.0736056049208478,0.1610408407381272
0,2024-07-01,-0.00011306833406341741,-9.043635553817559e-05,1.3433942949474817,1.3367841025176237,xgb_vix__drawdown_brake,1.0736056049208478,0.0
0,2024-07-02,0.0064021474966302816,0.005978101104429759,1.35202249339876,1.3447994674975146,xgb_vix__drawdown_brake,1.0736056049208478,0.0
0,2024-07-03,0.0055049828980154964,0.005142445446055165,1.3594858781573358,1.3517328373538666,xgb_vix__drawdown_brake,1.0736056049208478,0.0
0,2024-07-04,-0.0004962713522579129,-0.0004473672586911517,1.35881137164518,1.351128251585959,xgb_vix__drawdown_brake,1.0736056049208478,0.0
0,2024-07-05,0.005098757086959244,0.0047640429755067375,1.365757313543451,1.3575804416941222,xgb_vix__drawdown_brake,1.0736056049208478,0.0
0,2024-07-07,-0.0004463256780618874,-0.0004008730230735289,1.3651478769981225,1.3570363333848527,xgb_vix__drawdown_brake,1.0736056049208478,0.0
0,2024-07-08,0.004887031682962618,0.004566833308356913,1.3718357264805663,1.363247864831538,xgb_vix__drawdown_brake,1.0736056049208478,0.0
0,2024-07-09,-0.0009211384726779668,-0.0008431330042433228,1.370572657634674,1.3620989499758123,xgb_vix__drawdown_brake,1.0736056049208478,0.0
0,2024-07-10,0.009381883079672915,0.008753521023201401,1.3834917178561705,1.374074449194607,xgb_vix__drawdown_brake,1.0736056049208478,0.0
0,2024-07-11,-0.007468216202065643,-0.008204446815149499,1.3731979883359566,1.362847048740132,xgb_vix__trend_filter,0.9125647641827206,0.1610408407381272
0,2024-07-12,0.0048896304826000206,0.005337475751599836,1.379928861409035,1.3701406592350847,xgb_vix__trend_filter,0.9125647641827206,0.0
0,2024-07-14,0.0007428406273046291,0.0007933710282389738,1.3809543094551602,1.371228120461809,xgb_vix__trend_filter,0.9125647641827206,0.0
0,2024-07-15,0.003265265427399712,0.0035574759982069178,1.3854708616766125,1.3761149187684667,xgb_vix__trend_filter,0.9125647641827206,0.0
0,2024-07-16,0.003293551385247025,0.003588472108244812,1.3900415038430642,1.3810619395867008,xgb_vix__trend_filter,0.9125647641827206,0.0
0,2024-07-17,-0.010279840368703613,-0.011285422092685425,1.375825294450699,1.365563689299137,xgb_vix__trend_filter,0.9125647641827206,0.0
0,2024-07-18,-0.00767861267488996,-0.008434963916006564,1.3653013213715288,1.354093651538565,xgb_vix__trend_filter,0.9125647641827206,0.0
0,2024-07-19,-0.008034154033600412,-0.008824570629595675,1.3543762259686898,1.3421969254241637,xgb_vix__trend_filter,0.9125647641827206,0.0
0,2024-07-21,0.00317154936034055,0.0034547807477025958,1.3586785158779306,1.346841940656292,xgb_vix__trend_filter,0.9125647641827206,0.0
0,2024-07-22,0.005472607132560462,0.005976308931272893,1.3661344126032686,1.3549151842453013,xgb_vix__trend_filter,0.9125647641827206,0.0
0,2024-07-23,-0.005559088422129876,-0.005470879271572879,1.358561020688408,1.347522846580557,xgb_vix__drawdown_brake,1.0155146511388606,0.10294988695614005
0,2024-07-24,-0.016761138023706552,-0.016501794231097475,1.3359797643386055,1.3254687682344488,xgb_vix__drawdown_brake,1.0155146511388606,0.0
0,2024-07-25,-0.006150651422958514,-0.006053416717726331,1.327787837169666,1.317469389647353,xgb_vix__drawdown_brake,0.8994973800740332,0.1160172710648274
0,2024-07-26,0.0077738816997975175,0.00868311157620524,1.3381501281649082,1.3289589336630974,xgb_vix__drawdown_brake,0.8994973800740332,0.0
0,2024-07-28,0.0022242072533447707,0.002448870981170245,1.3411297638212774,1.3322173707485276,xgb_vix__drawdown_brake,0.8994973800740332,0.0
0,2024-07-29,-0.0039115631816683295,-0.004372594196276949,1.335894096512629,1.3264048419808803,xgb_vix__drawdown_brake,0.8994973800740332,0.0
0,2024-07-30,-0.0013325133240524318,-0.001505337672590977,1.3341151853041648,1.3244096568935417,xgb_vix__drawdown_brake,0.8994973800740332,0.0
0,2024-07-31,0.017247906055481838,0.019151064355578572,1.3573254676724897,1.350017941744739,xgb_vix__drawdown_brake,0.8994973800740332,0.0
0,2024-08-01,-0.020816625896924332,-0.023166315663270515,1.3293625873608845,1.3191024812390697,xgb_vix__drawdown_brake,0.7887067411533718,0.11079063892066143
0,2024-08-02,-0.015173750363840624,-0.019224769376783152,1.309343438206893,1.2939852503274307,xgb_vix__drawdown_brake,0.7296638661857973,0.05904287496757454
0,2024-08-04,-0.003906201080756722,-0.006386219147224393,1.3042388557069746,1.2857479076790574,xgb_vix__trend_filter,0.6202142862579276,0.10944957992786963
0,2024-08-05,-0.005829071481479454,-0.009528468086997406,1.296658468960138,1.2735548824506886,xgb_vix__trend_filter,0.6202142862579276,0.0
0,2024-08-06,-0.003497595554053862,-0.005769079347097421,1.2921312039501964,1.2662287959870617,xgb_vix__trend_filter,0.6202142862579276,0.0
0,2024-08-07,-0.004837422742621766,-0.007929344304313695,1.2858957130899507,1.2562281336419796,xgb_vix__trend_filter,0.6202142862579276,0.0
0,2024-08-08,0.018083729515352923,0.029027482982380733,1.309361034141755,1.2932276783077503,xgb_vix__trend_filter,0.6202142862579276,0.0
0,2024-08-09,0.0009184468678937514,0.0013513517627857913,1.310564165103862,1.2949764651574818,xgb_vix__trend_filter,0.5139269863287441,0.10628729992918351
0,2024-08-11,0.000575973287541005,0.0010241133901227166,1.3113192324830165,1.2963033472182157,xgb_vix__trend_filter,0.5139269863287441,0.0
0,2024-08-12,0.0002941150647005989,0.00037226617891068076,1.3117049679464463,1.2967860069453658,xgb_vix__trend_filter,0.5139269863287441,0.0
0,2024-08-13,0.008130466669912665,0.015620627636944197,1.3224132139993783,1.3172016557855857,xgb_vix__trend_filter,0.5139269863287441,0.0
0,2024-08-14,0.0016984350453003105,0.0031051696133058524,1.3246611553972452,1.3212981472005016,xgb_vix__trend_filter,0.5139269863287441,0.0
0,2024-08-15,0.01090341287791339,0.01789494084434387,1.3391835106422858,1.3451555259244155,xgb_vix__drawdown_brake,0.6046199839161696,0.09069299758742544
0,2024-08-16,0.0007066296723449975,0.0010304199664507587,1.340130151870621,1.346542315401389,xgb_vix__drawdown_brake,0.6046199839161696,0.0
0,2024-08-18,0.0006519199855720568,0.0009399338954833689,1.3410040943392216,1.3478085711704708,xgb_vix__drawdown_brake,0.6046199839161696,0.0
0,2024-08-19,0.004702458224841834,0.007639765317634376,1.3473249602282567,1.3581449458111876,xgb_vix__drawdown_brake,0.6046199839161696,0.0
0,2024-08-20,-0.0008584092802181801,-0.0015570093925939162,1.3461689002362285,1.356031946780599,xgb_vix__drawdown_brake,0.6046199839161696,0.0
0,2024-08-21,0.0028136403439977765,0.004517087253066466,1.3499618688863015,1.362171116546228,xgb_vix__drawdown_brake,0.6046199839161696,0.0
0,2024-08-22,-0.004313363250664701,-0.0072710069421549,1.3441515330243277,1.3523026811093246,xgb_vix__drawdown_brake,0.6046199839161696,0.0
0,2024-08-23,0.005031083598772361,0.008184845808666383,1.350931111769834,1.3634164904042172,xgb_vix__drawdown_brake,0.6046199839161696,0.0
0,2024-08-25,-0.0003727223389353961,-0.000752678721546621,1.350427683391444,1.3623906619313457,xgb_vix__drawdown_brake,0.6046199839161696,0.0
0,2024-08-26,-0.0014744351332018955,-0.00257457670604388,1.3484380325362166,1.3588875940620644,xgb_vix__drawdown_brake,0.6046199839161696,0.0
0,2024-08-27,0.0004428334562005799,0.0006653950719540625,1.3490352982454956,1.3597920920613764,xgb_vix__trend_filter,0.5139269863287441,0.09069299758742544
0,2024-08-28,-0.005779552280996356,-0.011441383148244798,1.3412609659310422,1.3443228532284097,xgb_vix__trend_filter,0.6067147102954294,0.09278772396668533
0,2024-08-29,0.004681366350925451,0.007658133768463266,1.3475546198406987,1.3546573785477292,xgb_vix__trend_filter,0.6067147102954294,0.0
0,2024-08-30,0.004532620920048607,0.007336758241793877,1.3536764375601478,1.364632720825895,xgb_vix__trend_filter,0.6067147102954294,0.0
0,2024-09-01,-0.0002943397704322297,-0.0006191403190477255,1.3532780553810126,1.3637880831893294,xgb_vix__trend_filter,0.6067147102954294,0.0
0,2024-09-02,0.00021542979540806038,0.0002210726462717842,1.3535696232006837,1.364089612758576,xgb_vix__trend_filter,0.6067147102954294,0.0
0,2024-09-03,-0.013243619360118098,-0.02196190208691885,1.3357616436676747,1.3344581825192736,xgb_vix__trend_filter,0.6067147102954294,0.0
0,2024-09-04,-0.0009627172459058048,-0.0017200026582419297,1.3344763017066066,1.3321648837034339,xgb_vix__trend_filter,0.6667163144100986,0.06000160411466915
0,2024-09-05,-0.0015651629427107753,-0.002404721009513467,1.332389262555477,1.328965247477557,xgb_vix__trend_filter,0.6667163144100986,0.0
0,2024-09-06,-0.013042157758098746,-0.019663532458736123,1.315124858855536,1.3030883456266793,xgb_vix__trend_filter,0.6667163144100986,0.0
0,2024-09-08,0.002070788369873217,0.0025841014426824494,1.3178510258014005,1.3064600125890724,xgb_vix__drawdown_brake,0.7262778393631504,0.05956152495305178
0,2024-09-09,0.009160182538530414,0.012576083210114131,1.3299782407090854,1.3229939103417805,xgb_vix__drawdown_brake,0.7262778393631504,0.0
0,2024-09-10,0.0014421810312170626,0.001910047094008704,1.3318976938665477,1.3255233058789226,xgb_vix__drawdown_brake,0.7262778393631504,0.0
0,2024-09-11,0.007832303214014484,0.010707903016954385,1.3423704799352725,1.33979314456225,xgb_vix__drawdown_brake,0.784372134600116,0.05809429523696563
0,2024-09-12,0.006835871230707677,0.008696925499230677,1.351578187174868,1.3514960415728337,xgb_vix__drawdown_brake,0.784372134600116,0.0
0,2024-09-13,0.003004791489057803,0.0037766118206448763,1.3556455054699452,1.3566097677002609,xgb_vix__drawdown_brake,0.784372134600116,0.0
0,2024-09-15,0.0009128094450537375,0.0011095333361821568,1.3568835164395745,1.3581158068075097,xgb_vix__drawdown_brake,0.784372134600116,0.0
0,2024-09-16,0.008752124792700686,0.011104025174423581,1.3688112506755794,1.3732803970971958,xgb_vix__drawdown_brake,0.784372134600116,0.0
0,2024-09-17,0.0013140094378880501,0.001621243371099076,1.3706110638044071,1.3755086245991217,xgb_vix__drawdown_brake,0.784372134600116,0.0
0,2024-09-18,0.0017903287283465331,0.002229704992000962,1.3730671060728166,1.378579024817215,xgb_vix__drawdown_brake,0.784372134600116,0.0
0,2024-09-19,0.006071832989586355,0.00901186351397199,1.3814295020688618,1.391058739112872,xgb_vix__trend_filter,0.6667163144100986,0.11765582019001741
0,2024-09-20,-0.0013266000482697394,-0.002083967990504361,1.3795981126539627,1.388162835760651,xgb_vix__trend_filter,0.6667163144100986,0.0
0,2024-09-22,0.0011032504985452702,0.001560536417588469,1.3811209948653536,1.3903308055773573,xgb_vix__trend_filter,0.6667163144100986,0.0
0,2024-09-23,0.0006976342190842578,0.0009527522986948168,1.382084848301545,1.391656077676087,xgb_vix__trend_filter,0.6667163144100986,0.0
0,2024-09-24,0.002277890931115547,0.0033235558475133886,1.3852366752396763,1.396289019025801,xgb_vix__trend_filter,0.6667163144100986,0.0
0,2024-09-25,-0.00028348653063053545,-0.0005182242415374602,1.3848440349572557,1.3955656156667176,xgb_vix__trend_filter,0.6667163144100986,0.0
0,2024-09-26,0.0018995253756681361,0.0027562481089369443,1.3874770813204784,1.3994174466181855,xgb_vix__trend_filter,0.6667163144100986,0.0
0,2024-09-27,-0.002156372783312961,-0.003327146089343174,1.3844883870324636,1.394769117456452,xgb_vix__trend_filter,0.6667163144100986,0.0
0,2024-09-29,0.0016999444577207544,0.0024568990250256437,1.3868439419818097,1.3982001374502016,xgb_vix__trend_filter,0.6667163144100986,0.0
0,2024-09-30,0.0010095507237497016,0.0014203938837125181,1.388244738255638,1.4001875434891973,xgb_vix__trend_filter,0.7389988526205213,0.07228253821042274
0,2024-10-01,-0.008711228377021265,-0.009998862013927506,1.3762039425017092,1.3862570221894224,xgb_vix__drawdown_brake,0.8694104148476722,0.1304115622271509
0,2024-10-02,0.002812206797058931,0.003206661477724402,1.3800795595470556,1.3907094140221803,xgb_vix__drawdown_brake,0.8694104148476722,0.0
0,2024-10-03,-0.003000186711443753,-0.003478721625133348,1.3759452681159778,1.385879928198068,xgb_vix__drawdown_brake,0.9579420356034727,0.08853162075580046
0,2024-10-04,0.007608402118139965,0.007980414442629919,1.3864539394132434,1.3969840733003593,xgb_vix__drawdown_brake,0.9579420356034727,0.0
0,2024-10-06,0.0010810793624704876,0.001120303578085293,1.3879536166431508,1.398549996547134,xgb_vix__drawdown_brake,1.01250472804411,0.05456269244063727
0,2024-10-07,-0.010209067613517028,-0.010053700731421828,1.373855988589046,1.384559837698997,xgb_vix__drawdown_brake,1.01250472804411,0.0
0,2024-10-08,0.008951408194072379,0.008843183410360137,1.3862091409115327,1.3968580518227482,xgb_vix__drawdown_brake,1.01250472804411,0.0
0,2024-10-09,0.007497746918621375,0.007407475274696327,1.3966416475004806,1.4072436613881665,xgb_vix__drawdown_brake,1.01250472804411,0.0
0,2024-10-10,-0.0005662571773857426,-0.0005569360239892911,1.3958510130156998,1.4064601349059234,xgb_vix__drawdown_brake,1.01250472804411,0.0
0,2024-10-11,0.00306808175151583,0.0030325079615229275,1.4001401744209525,1.4107317099818162,xgb_vix__drawdown_brake,1.01250472804411,0.0
0,2024-10-13,0.0002744279029228225,0.00038425412951493404,1.4005244646803903,1.4112738936284959,rnnvolatility__drawdown_brake,0.44129640264701026,0.5712083253970996
0,2024-10-14,0.0043777622169244275,0.009682617518359126,1.4066690677580032,1.425005088630463,rnnvolatility__drawdown_brake,0.44129640264701026,0.0
0,2024-10-15,-0.0036397709113107,-0.008485518637167828,1.4015584210370973,1.4129643396412543,rnnvolatility__drawdown_brake,0.5362520185611456,0.09495561591413532
0,2024-10-16,0.001498813964168485,0.0027215546462110315,1.40366067141771,1.4168150368694044,rnnvolatility__drawdown_brake,0.5362520185611456,0.0
0,2024-10-17,0.0012476938861893084,0.0021640446313829957,1.4054131032776411,1.419884407773573,rnnvolatility__drawdown_brake,0.5362520185611456,0.0
0,2024-10-18,0.001516741087054392,0.0026661055727900764,1.4075463684721867,1.423675020347166,rnnvolatility__drawdown_brake,0.5362520185611456,0.0
0,2024-10-20,0.0006311327555677879,0.0010146277212701134,1.4084349974822508,1.425120253551741,rnnvolatility__drawdown_brake,0.5362520185611456,0.0
0,2024-10-21,-0.0015274293704627465,-0.003010647804633397,1.4062853546324547,1.420836170557488,rnnvolatility__drawdown_brake,0.5362520185611456,0.0
0,2024-10-22,-0.00043665327427750344,-0.0009762310548547309,1.405671429573734,1.4194497829913322,rnnvolatility__drawdown_brake,0.5362520185611456,0.0
0,2024-10-23,-0.004249651355249646,-0.008087033329654037,1.399710491004325,1.4080169365008701,rnnvolatility__drawdown_brake,0.5362520185611456,0.0
0,2024-10-24,0.0012509866517133347,0.0013246734924050477,1.4014626058524777,1.4098833351249787,realized_vol__trend_filter,0.9352592296970693,0.39900721113592375
0,2024-10-25,-0.0014288040176208354,-0.0015407007719366109,1.3994616202992036,1.407712799284694,realized_vol__trend_filter,0.9352592296970693,0.0
0,2024-10-27,0.00463230699353605,0.004939974124070651,1.405959394372999,1.4146840688560787,realized_vol__trend_filter,0.9352592296970693,0.0
0,2024-10-28,-0.0014639173245683855,-0.0015781623097725777,1.4039026918464688,1.4124532285554252,realized_vol__trend_filter,0.9352592296970693,0.0
0,2024-10-29,0.0036677674893223744,0.003908749394432591,1.4090613350666807,1.417984958286864,realized_vol__trend_filter,1.012457675737994,0.07719844604092463
0,2024-10-30,-0.009155623517293203,-0.009002564849624455,1.39621937774006,1.4052767458267093,realized_vol__trend_filter,1.012457675737994,0.0
0,2024-10-31,-0.01573855333976679,-0.015542634654018837,1.3744169241695767,1.383603905594245,realized_vol__trend_filter,1.012457675737994,0.0
0,2024-11-01,0.002942321669056458,0.0029083689075488535,1.378466856047265,1.3876337935334266,realized_vol__trend_filter,0.8883331017531356,0.12412457398485832
0,2024-11-03,-0.0015093814621762076,-0.0016522465012541543,1.3763877931727195,1.3853429734738991,realized_vol__trend_filter,0.8883331017531356,0.0
0,2024-11-04,-0.0010234938292760024,-0.0011753441674484254,1.3749797894242022,1.3837156751952149,realized_vol__trend_filter,0.8883331017531356,0.0
0,2024-11-05,0.010526433712663949,0.01255191246556732,1.389529868904886,1.4011934132784858,xgb_vix__trend_filter,0.8384268524548213,0.04990624929831433
0,2024-11-06,0.019842502145444044,0.023630868750937117,1.4173769828497234,1.434699156664976,xgb_vix__trend_filter,0.8384268524548213,0.0
0,2024-11-07,0.007078009040827677,0.00840660802657483,1.427444777889241,1.4468109483242617,xgb_vix__trend_filter,0.670400729980366,0.16802612247445525
0,2024-11-08,0.0017851259168611426,0.002697770353525049,1.4299952223120722,1.4507193816651511,xgb_vix__trend_filter,0.670400729980366,0.0
0,2024-11-10,0.001615105575075838,0.002318842658995283,1.4323066816909586,1.454087274951794,xgb_vix__trend_filter,0.670400729980366,0.0
0,2024-11-11,-0.0010238346103161806,-0.0016175196797946897,1.430840986980176,1.4517371613583112,xgb_vix__trend_filter,0.670400729980366,0.0
0,2024-11-12,-0.002143249541836618,-0.003287289537523248,1.4277776216412046,1.4469727163221942,xgb_vix__trend_filter,0.670400729980366,0.0
0,2024-11-13,0.0014242912793444801,0.00203480062416797,1.4298126417432226,1.4499200148740674,xgb_vix__trend_filter,0.670400729980366,0.0
0,2024-11-14,-0.005894161963661407,-0.008881929750938843,1.4214098823941463,1.437098949345451,xgb_vix__trend_filter,0.670400729980366,0.0
0,2024-11-15,-0.007581437595064099,-0.011398551208059791,1.4106742990730463,1.420811108625645,xgb_vix__trend_filter,0.670400729980366,0.0
0,2024-11-17,0.0006062931894071458,0.0007198205304792693,1.4115298406213457,1.42183420581057,xgb_vix__drawdown_brake,0.7887067411533718,0.11830601117300577
0,2024-11-18,0.0017050769973649905,0.0021126478731425015,1.4139386607119526,1.4248412160799342,xgb_vix__drawdown_brake,0.7887067411533718,0.0
0,2024-11-19,0.0037865971955069115,0.004751910251252117,1.4193028264372443,1.4316280460936737,xgb_vix__drawdown_brake,0.7887067411533718,0.0
0,2024-11-20,-0.000625161094655114,-0.000841750941132843,1.4184158108213374,1.4304234788824381,xgb_vix__drawdown_brake,0.7887067411533718,0.0
0,2024-11-21,0.0032456231331110886,0.004065903824135474,1.4230269329237695,1.436251282791898,xgb_vix__drawdown_brake,0.7887067411533718,0.0
0,2024-11-22,0.003560429046926351,0.004465045732514378,1.4281025496751472,1.4426785487930947,xgb_vix__drawdown_brake,0.7887067411533718,0.0
0,2024-11-24,0.0023686804996160497,0.0029540296791108808,1.4314892777909594,1.4469465648630548,xgb_vix__drawdown_brake,0.7887067411533718,0.0
0,2024-11-25,-0.0019021133275303015,-0.002460796609498535,1.4287690109055733,1.4433903010776326,xgb_vix__drawdown_brake,0.7887067411533718,0.0
0,2024-11-26,0.006110204453578415,0.007698114420690692,1.4375258073431663,1.4545445630773122,xgb_vix__drawdown_brake,0.7887067411533718,0.0
0,2024-11-27,-0.002647234682836659,-0.003405322190484395,1.4337253717104104,1.4495997942435193,xgb_vix__drawdown_brake,0.7887067411533718,0.0
0,2024-11-28,0.0011441861509805503,0.0016169831668806946,1.435366759272419,1.4519456688182406,xgb_vix__trend_filter,0.670400729980366,0.11830601117300577
0,2024-11-29,0.0024694240337126147,0.0035941579558396,1.4389156685224027,1.4571735802371468,xgb_vix__trend_filter,0.670400729980366,0.0
0,2024-12-01,-0.0006054573130674357,-0.000992473903690303,1.4380447301926047,1.4557280909094836,xgb_vix__trend_filter,0.670400729980366,0.0
0,2024-12-02,0.0020491253294643,0.0029685868652030998,1.4409944852509005,1.4600559668590276,xgb_vix__trend_filter,0.7389988526205213,0.0685981226401553
0,2024-12-03,0.0007123272827502486,0.0009473989142595519,1.4420213106114783,1.4614398777511137,xgb_vix__trend_filter,0.9176906273184072,0.17869177469788589
0,2024-12-04,0.003652346062194529,0.004061383017778384,1.4472977012036674,1.467387414288763,xgb_vix__trend_filter,0.9176906273184072,0.0
0,2024-12-05,-0.0014560320933529598,-0.001602498939283083,1.4451919227146357,1.4650378106353448,xgb_vix__trend_filter,0.9176906273184072,0.0
0,2024-12-06,0.0018959528832401891,0.0020502741234331738,1.4479345376201018,1.4680446210878826,xgb_vix__trend_filter,0.9176906273184072,0.0
0,2024-12-08,0.0007288550926039593,0.0007784971695302907,1.4489902567680064,1.469187934645585,xgb_vix__trend_filter,0.9176906273184072,0.0
0,2024-12-09,-0.0059652800481676095,-0.006516047355058095,1.4403723537571094,1.4596457588869896,xgb_vix__trend_filter,0.9176906273184072,0.0
0,2024-12-10,-0.0019319013656129973,-0.001776493394234589,1.4375923826195407,1.457055009744125,xgb_vix__drawdown_brake,1.0796360321393026,0.16194540482089537
0,2024-12-11,0.006283000668124803,0.005832373854472821,1.4466532113092259,1.4655779295547808,xgb_vix__drawdown_brake,1.0796360321393026,0.0
0,2024-12-12,-0.003840829844255618,-0.003544791226523311,1.4411075193280656,1.4603919587905199,xgb_vix__drawdown_brake,1.0796360321393026,0.0
0,2024-12-13,-0.0025115313770732004,-0.002313573638873662,1.4374926738745673,1.4570171399035898,xgb_vix__drawdown_brake,1.0796360321393026,0.0
0,2024-12-15,0.0009666796957472272,0.000908077889306942,1.4388829407182884,1.4583408258666954,xgb_vix__drawdown_brake,1.0796360321393026,0.0
0,2024-12-16,0.01570811157053921,0.014562241166907698,1.4616635260622197,1.4797329170413382,xgb_vix__drawdown_brake,1.0796360321393026,0.0
0,2024-12-17,-0.004024908507742,-0.0037152040968128964,1.4557922876255982,1.474245606796168,xgb_vix__drawdown_brake,1.0796360321393026,0.0
0,2024-12-18,-0.03318400729309457,-0.030723530152599828,1.4082760161297863,1.429640302307089,xgb_vix__drawdown_brake,1.0796360321393026,0.0
0,2024-12-19,-0.0012417936687600572,-0.0011374649627401711,1.4065283132568582,1.4280150610566142,xgb_vix__drawdown_brake,0.7708865310713541,0.3087495010679485
0,2024-12-20,0.007887840349979525,0.01038124256244408,1.4176666550199404,1.4429168474875784,xgb_vix__drawdown_brake,0.7708865310713541,0.0
0,2024-12-22,0.0027256619177006597,0.004069102753536123,1.4215360059091793,1.4488001862419493,xgb_vix__trend_filter,0.6552535514106509,0.11563297966070318
0,2024-12-23,0.0016880068218951489,0.002485092022664532,1.4239375947636579,1.4524050654002179,xgb_vix__trend_filter,0.6552535514106509,0.0
0,2024-12-24,0.006828791583309823,0.010329746399368738,1.4336946443387606,1.4674857973661193,xgb_vix__trend_filter,0.6552535514106509,0.0
0,2024-12-25,-7.413424502057931e-05,-0.00020499364663263277,1.4335883624083265,1.467185002932663,xgb_vix__trend_filter,0.6552535514106509,0.0
0,2024-12-26,-0.00023613886404134845,-0.0004511895148963457,1.4332498764473425,1.466523173759346,xgb_vix__trend_filter,0.6552535514106509,0.0
0,2024-12-27,-0.007086835487055872,-0.010905386192948365,1.4231285767145123,1.4506170609790785,xgb_vix__trend_filter,0.6552535514106509,0.0
0,2024-12-29,-0.0004304638008128942,-0.0007469190287293737,1.4225161032116278,1.4495339720330591,xgb_vix__trend_filter,0.6552535514106509,0.0
0,2024-12-30,-0.007810167085773198,-0.012010534391986736,1.4114492878569203,1.4322284268631293,xgb_vix__trend_filter,0.6552535514106509,0.0
0,2024-12-31,-0.001595391849299043,-0.002525999400768776,1.4091992684759083,1.4286151841608026,xgb_vix__trend_filter,0.6552535514106509,0.0
0,2025-01-01,0.00017010420517656858,0.00016837142816423029,1.4094389995864647,1.428855742390655,xgb_vix__trend_filter,0.6552535514106509,0.0
0,2025-01-02,-0.0031535283784920043,-0.004142198738507502,1.4050012945954793,1.4229493790474295,xgb_vix__drawdown_brake,0.7708865310713541,0.11563297966070318
0,2025-01-03,0.009119904628833884,0.011779229795172931,1.4178733792809273,1.4398097328130974,xgb_vix__drawdown_brake,0.7708865310713541,0.0
0,2025-01-05,0.0007471922142684575,0.0009180821721507832,1.4189331991260052,1.4411322034355434,xgb_vix__drawdown_brake,0.7178544143926738,0.05303211667868024
0,2025-01-06,0.004191796515775575,0.00580843830078658,1.4248935619527474,1.4495272884865125,xgb_vix__drawdown_brake,0.7178544143926738,0.0
0,2025-01-07,-0.008083924436431026,-0.011329071428054468,1.413421263142313,1.4331981618695655,xgb_vix__drawdown_brake,0.7178544143926738,0.0
0,2025-01-08,-0.0010372680081438856,-0.0015127963073549313,1.411955926588772,1.4310316641306495,xgb_vix__drawdown_brake,0.7178544143926738,0.0
0,2025-01-09,-0.002220888676513676,-0.0031616273859673945,1.408823609211245,1.426514419915479,xgb_vix__drawdown_brake,0.7178544143926738,0.0
0,2025-01-10,-0.008401772070407626,-0.011772001875774618,1.3970365796639623,1.4098199459706549,xgb_vix__drawdown_brake,0.7178544143926738,0.0
0,2025-01-12,-0.0001349396896144942,-0.00025597269904089785,1.3968480767000742,1.4094591167371096,xgb_vix__drawdown_brake,0.7178544143926738,0.0
0,2025-01-13,0.004008259307271126,0.005515513789966731,1.402458241991833,1.4172544859031033,xgb_vix__drawdown_brake,0.7178544143926738,0.0
0,2025-01-14,-0.0005417727647438711,-0.001019281583057803,1.4016986340986453,1.4158106404746484,xgb_vix__trend_filter,0.7520642369329535,0.03420982254027971
0,2025-01-15,0.013486019905091188,0.017976532434313876,1.4207300100969835,1.4414921470014255,xgb_vix__trend_filter,0.7520642369329535,0.0
0,2025-01-16,-0.0024434189032508597,-0.003305721975222436,1.4172628091710564,1.4367348422296735,xgb_vix__trend_filter,0.6898854204927262,0.06217881644022738
0,2025-01-17,0.006655380900822329,0.009614736141005225,1.4267266909388276,1.4506152901351685,xgb_vix__trend_filter,0.6898854204927262,0.0
0,2025-01-19,-0.0009773872264268193,-0.001494148476378953,1.4253329077394048,1.448449473938015,xgb_vix__trend_filter,0.6898854204927262,0.0
0,2025-01-20,0.005112760796871007,0.007333618921500181,1.432638955073584,1.4591108960276629,xgb_vix__trend_filter,0.6898854204927262,0.0
0,2025-01-21,0.003278747484567395,0.00467483046471909,1.4373439254337506,1.465947960703482,xgb_vix__trend_filter,0.6898854204927262,0.0
0,2025-01-22,0.0022532558117443757,0.0031883638104584474,1.4405862805431267,1.4706293952217806,xgb_vix__trend_filter,0.6898854204927262,0.0
0,2025-01-23,0.0036444817996056787,0.005204968229881704,1.4458460497681378,1.478303930030431,xgb_vix__trend_filter,0.6898854204927262,0.0
0,2025-01-24,-0.0017465673990259497,-0.0026092658420657083,1.4433229861852852,1.4744516700524002,xgb_vix__trend_filter,0.6898854204927262,0.0
0,2025-01-26,-0.0037907685630769053,-0.004710622406398077,1.4378620399140605,1.4675224183358135,xgb_vix__drawdown_brake,0.8116299064620308,0.12174448596930465
0,2025-01-27,-0.0067732786026970535,-0.008385062941836913,1.4281559080008495,1.4552685968182262,xgb_vix__drawdown_brake,0.8116299064620308,0.0
0,2025-01-28,0.00473183494696418,0.005790349022777911,1.4349297196765,1.4637195532974285,xgb_vix__drawdown_brake,0.8116299064620308,0.0
0,2025-01-29,-0.0025088348639405976,-0.0031307981075287096,1.4313342300991831,1.4591441090234845,xgb_vix__drawdown_brake,0.8116299064620308,0.0
0,2025-01-30,0.00541271061022637,0.006629340286049636,1.4391026331658914,1.4688494061631132,xgb_vix__drawdown_brake,0.8694104148476722,0.057780508385641416
0,2025-01-31,-0.0062776040840193765,-0.007212987994756423,1.4300968136585923,1.4582927313840524,xgb_vix__drawdown_brake,0.8694104148476722,0.0
0,2025-02-02,-0.014181968421853158,-0.016337855211140728,1.4099583647633231,1.4346609280326053,xgb_vix__drawdown_brake,0.8694104148476722,0.0
0,2025-02-03,0.012797842920333046,0.014694273510020974,1.4281187494495209,1.4558978767446185,xgb_vix__drawdown_brake,0.8116299064620308,0.057780508385641416
0,2025-02-04,-0.001977833398012446,-0.0024411460367827027,1.4252969599251757,1.4523481518740342,xgb_vix__drawdown_brake,0.8116299064620308,0.0
0,2025-02-05,0.006396194185154912,0.00784080299261144,1.4344426536888393,1.463780488388853,xgb_vix__drawdown_brake,0.8116299064620308,0.0
0,2025-02-06,0.0012125907598955796,0.0016802597967489016,1.4361831006079693,1.4662420873785202,xgb_vix__trend_filter,0.6898854204927262,0.12174448596930465
0,2025-02-07,-0.005676578746328522,-0.008305880425536252,1.4280535898772648,1.4541140924869593,xgb_vix__trend_filter,0.6898854204927262,0.0
0,2025-02-09,0.0011351202941691303,0.0015677867634770165,1.4296755228586624,1.456395621321775,xgb_vix__trend_filter,0.6898854204927262,0.0
0,2025-02-10,0.002040200020169372,0.002879714366402471,1.4325953243659957,1.4605956692823898,xgb_vix__trend_filter,0.6898854204927262,0.0
0,2025-02-11,0.0018369101799570048,0.002585042477167336,1.4352292917411886,1.4643762555121513,xgb_vix__trend_filter,0.6898854204927262,0.0
0,2025-02-12,-0.0009386654922073923,-0.0014381990492038702,1.4338827236190115,1.4622717047180298,xgb_vix__trend_filter,0.6898854204927262,0.0
0,2025-02-13,0.005649154006119283,0.008110951146812099,1.442005870803397,1.4741803490077747,xgb_vix__trend_filter,0.74226784763209,0.05238242713936381
0,2025-02-14,4.84443633027002e-05,4.0756439528718516e-05,1.4420757295518043,1.4742404325744114,xgb_vix__trend_filter,0.74226784763209,0.0
0,2025-02-16,0.00013512887097651241,0.00012225437089825053,1.4422706087836101,1.4744206759285932,xgb_vix__trend_filter,0.74226784763209,0.0
0,2025-02-17,0.000860195314248906,0.001099080250646955,1.4435117769501533,1.4760420734344228,xgb_vix__trend_filter,0.74226784763209,0.0
0,2025-02-18,0.0010100138329204415,0.0013009191409470964,1.4449704803441543,1.4779635343822712,xgb_vix__trend_filter,0.74226784763209,0.0
0,2025-02-19,0.0007377818217350317,0.000934162030216977,1.4460369466588512,1.4793448368778577,xgb_vix__trend_filter,0.74226784763209,0.0
0,2025-02-20,-0.0021024028094361927,-0.0028920610550997178,1.4429999880933948,1.4750726619611205,xgb_vix__trend_filter,0.74226784763209,0.0
0,2025-02-21,-0.013220649475207073,-0.017870676179175662,1.4240481449373141,1.4489462596256673,xgb_vix__trend_filter,0.74226784763209,0.0
0,2025-02-23,0.002559202216952662,0.003388296228829168,1.4276972395006833,1.453864045525736,xgb_vix__trend_filter,0.74226784763209,0.0
0,2025-02-24,-0.006297261770892724,-0.008543194214875153,1.418734904954464,1.4414963078380407,xgb_vix__trend_filter,0.74226784763209,0.0
0,2025-02-25,-0.0016301755810127273,-0.0022554525836519985,1.416424002056977,1.4382487450049077,xgb_vix__trend_filter,0.6898854204927262,0.05238242713936381
0,2025-02-26,-0.0007809172953804174,-0.0011708625238667988,1.4153183238339921,1.4365657389260278,xgb_vix__trend_filter,0.6898854204927262,0.0
0,2025-02-27,-0.010610462191704974,-0.015457088696218594,1.4003805308570354,1.414531347359813,xgb_vix__trend_filter,0.6898854204927262,0.0
0,2025-02-28,0.008216645784022971,0.011833106771720637,1.411934363514115,1.4313690726545474,xgb_vix__trend_filter,0.6898854204927262,0.0
0,2025-03-02,0.002258287929202997,0.0027200100516578682,1.4151265208926733,1.4352677106834553,xgb_vix__drawdown_brake,0.8694104148476722,0.17952499435494607
0,2025-03-03,-0.015406418343018334,-0.017717374394547986,1.393491576141746,1.410062479886861,xgb_vix__drawdown_brake,0.8694104148476722,0.0
0,2025-03-04,-0.005379693548495698,-0.006213615512695181,1.3860151469798903,1.4013280580597156,xgb_vix__drawdown_brake,0.8081733954472851,0.06123701940038717
0,2025-03-05,0.0015579350920262886,0.0019246408534789004,1.3881761515307698,1.4040277083846897,xgb_vix__drawdown_brake,0.8081733954472851,0.0
0,2025-03-06,-0.011252809395431815,-0.013964631128192153,1.3726428305499303,1.384557244676853,xgb_vix__drawdown_brake,0.8081733954472851,0.0
0,2025-03-07,0.0010131899184439913,0.0012128040397734613,1.3740342832113388,1.3862374599764948,xgb_vix__drawdown_brake,0.8081733954472851,0.0
0,2025-03-09,-0.005394063966415495,-0.006715264269519719,1.3666426079026606,1.3769596952782004,xgb_vix__drawdown_brake,0.8081733954472851,0.0
0,2025-03-10,-0.018903566200033972,-0.023431263832417573,1.3410508388287778,1.345070846353364,xgb_vix__drawdown_brake,0.8081733954472851,0.0
0,2025-03-11,-0.0011950837670721874,-0.0015196215732894453,1.3394491280204022,1.3430283999434993,xgb_vix__drawdown_brake,0.7103527488766848,0.0978206465706003
0,2025-03-12,0.0034135202681816437,0.0048038615731274955,1.3440291773654591,1.3494956439008816,xgb_vix__drawdown_brake,0.7103527488766848,0.0
0,2025-03-13,-0.007299013014376126,-0.012201463408889347,1.3342548059348862,1.3331298684250483,xgb_vix__trend_filter,0.603799836545182,0.10655291233150277
0,2025-03-14,0.008220891601078006,0.013502521374383339,1.3452687803779209,1.3512525586338975,xgb_vix__trend_filter,0.603799836545182,0.0
0,2025-03-16,-0.002112007626344702,-0.0036105989049221754,1.3424305606801106,1.346382524785512,xgb_vix__trend_filter,0.603799836545182,0.0
0,2025-03-17,0.01302698496859147,0.021462007087010022,1.360032786453214,1.37559091021201,xgb_vix__trend_filter,0.603799836545182,0.0
0,2025-03-18,-0.0062120413063379305,-0.010401244789656816,1.351610393815886,1.3613572048748184,xgb_vix__trend_filter,0.5266019509255375,0.07719788561964447
0,2025-03-19,0.006937248097379153,0.013092454761944216,1.361019449190005,1.3792979000940724,xgb_vix__trend_filter,0.5266019509255375,0.0
0,2025-03-20,-0.0029595612506337953,-0.005774562865621802,1.3569973834775115,1.3713560101996882,xgb_vix__trend_filter,0.5266019509255375,0.0
0,2025-03-21,0.0005646670982241059,0.0009178322967277458,1.357763851631646,1.372615262839131,xgb_vix__trend_filter,0.5266019509255375,0.0
0,2025-03-23,0.003056502935285601,0.0056497476128064845,1.3619202095538805,1.3803921406558421,xgb_vix__trend_filter,0.5266019509255375,0.0
0,2025-03-24,0.0054276395948172395,0.010152459111243226,1.3693323185400756,1.39447789696628,xgb_vix__trend_filter,0.5266019509255375,0.0
0,2025-03-25,0.0023224647103535197,0.003643229531838305,1.3725162403685442,1.3995675658082716,xgb_vix__drawdown_brake,0.6195317069712206,0.0929297560456831
0,2025-03-26,-0.009151545276113605,-0.014877226898973767,1.3600128955792006,1.37890000079621,xgb_vix__drawdown_brake,0.6195317069712206,0.0
0,2025-03-27,-0.001149718001377012,-0.001961298327930826,1.3584501627941972,1.3761982168984623,xgb_vix__drawdown_brake,0.6195317069712206,0.0
0,2025-03-28,-0.014698623460389082,-0.02383088999943742,1.3386288452672355,1.3437898820460958,xgb_vix__drawdown_brake,0.6195317069712206,0.0
0,2025-03-30,-0.0009869386781296017,-0.0016985525775265256,1.337308352414102,1.3415093216524598,xgb_vix__drawdown_brake,0.6195317069712206,0.0
0,2025-03-31,0.0047647224834218415,0.007585576144867159,1.3436954599017954,1.3517241364076578,xgb_vix__drawdown_brake,0.6195317069712206,0.0
0,2025-04-01,0.005189202040414728,0.008270738102223776,1.3506862898512233,1.3629502528673414,xgb_vix__drawdown_brake,0.6195317069712206,0.0
0,2025-04-02,-0.019129599829972654,-0.030982784512910228,1.3250937694104166,1.321369725300319,xgb_vix__drawdown_brake,0.6195317069712206,0.0
0,2025-04-03,-0.010189993472032446,-0.016552922068454202,1.311659635663208,1.299677227633854,xgb_vix__drawdown_brake,0.5535913184588998,0.06594038851232087
0,2025-04-04,-0.035335527147783374,-0.06390701579554976,1.266120759318758,1.2192170999583345,xgb_vix__drawdown_brake,0.45961135955293886,0.09397995890596089
0,2025-04-06,-0.017438625143656794,-0.03725096567902915,1.2442327570298723,1.174635592825578,xgb_vix__trend_filter,0.47055262069006476,0.010941261137125902
0,2025-04-07,0.02153104375194486,0.045565401969727234,1.2713128723781746,1.2293964620478397,xgb_vix__trend_filter,0.3977077766961685,0.07284484399389624
0,2025-04-08,-0.015302323888836544,-0.03864370940142496,1.2520069207273639,1.1827942626075545,xgb_vix__trend_filter,0.3977077766961685,0.0
0,2025-04-09,0.04041600063854748,0.10136096114531927,1.3036444966130485,1.3089700668045072,xgb_vix__trend_filter,0.3977077766961685,0.0
0,2025-04-10,-0.018017805883933785,-0.04556492510274804,1.2803660263698597,1.2506653557988963,xgb_vix__trend_filter,0.3977077766961685,0.0
0,2025-04-11,0.009041522065163291,0.02247329173546388,1.291994976532249,1.2790901259647276,xgb_vix__trend_filter,0.3977077766961685,0.0
0,2025-04-13,0.0025941014041940096,0.006261839411023085,1.2953508934275164,1.2871247123170626,xgb_vix__trend_filter,0.3977077766961685,0.0
0,2025-04-14,-0.0005017195358500788,-0.0015217196685015642,1.2947011535857182,1.2851675588236682,xgb_vix__trend_filter,0.3977077766961685,0.0
0,2025-04-15,-0.002499313763200941,-0.0065444885063282825,1.2914693295268223,1.2767842566402448,xgb_vix__trend_filter,0.3977077766961685,0.0
0,2025-04-16,-0.005778709891912909,-0.014790231538950155,1.2840278247938275,1.2580392848015443,xgb_vix__trend_filter,0.3977077766961685,0.0
0,2025-04-17,0.002395593067655049,0.003520142449496628,1.287107520325383,1.2624755658808031,rnnvolatility__regime_switch_controller,0.6641065722326125,0.26639879553644397
0,2025-04-20,-0.004145390839451492,-0.006329156112806218,1.281783000334263,1.2545103939332984,rnnvolatility__regime_switch_controller,0.6641065722326125,0.0
0,2025-04-21,-0.011138180032716816,-0.016858775131267014,1.2675854845343908,1.2335381650692645,rnnvolatility__regime_switch_controller,0.6641065722326125,0.0
0,2025-04-22,0.025493287502703285,0.03830044529383496,1.3003158352228976,1.2816996417885242,rnnvolatility__regime_switch_controller,0.6641065722326125,0.0
0,2025-04-23,-3.6449412810378833e-06,-9.238728764063944e-05,1.3003110956566692,1.2815812345047974,rnnvolatility__regime_switch_controller,0.6641065722326125,0.0
0,2025-04-24,0.014023679931274076,0.021029912546808454,1.318674704002701,1.3088181671403007,rnnvolatility__regime_switch_controller,0.6641065722326125,0.0
0,2025-04-25,0.0029580064451588694,0.004367415970522046,1.3225811270401013,1.3145468211075455,rnnvolatility__regime_switch_controller,0.6641065722326125,0.0
0,2025-04-27,-0.002554068124298481,-0.0039325690016590005,1.3192074748444322,1.3093874265144614,rnnvolatility__regime_switch_controller,0.6641065722326125,0.0
0,2025-04-28,0.0029864573719991833,0.004410256875927735,1.3231531205516556,1.3151749141884281,rnnvolatility__regime_switch_controller,0.6641065722326125,0.0
0,2025-04-29,0.001994398945056239,0.0029166334121739647,1.325794648994617,1.3190163966608581,rnnvolatility__regime_switch_controller,0.6641065722326125,0.0
0,2025-04-30,0.0045324614597124875,0.011137471874487517,1.3318174007793013,1.333789016797929,xgb_vix__trend_filter,0.3977077766961685,0.26639879553644397
0,2025-05-01,-0.001491589231217381,-0.004009455200896231,1.3298323570892803,1.328451955990497,xgb_vix__trend_filter,0.3977077766961685,0.0
0,2025-05-02,0.0069812683252291185,0.01729357210990355,1.339148755903058,1.3516254342611476,xgb_vix__trend_filter,0.3977077766961685,0.0
0,2025-05-04,-0.002172950438028224,-0.005723877634989841,1.336242011277072,1.3439109949825154,xgb_vix__trend_filter,0.3977077766961685,0.0
0,2025-05-05,-0.0007036569237748893,-0.002029472847487254,1.335302086065222,1.341186329860887,xgb_vix__trend_filter,0.3977077766961685,0.0
0,2025-05-06,0.00047161458252863685,0.0009256403667091645,1.3359319825235938,1.3424283608153968,xgb_vix__trend_filter,0.3977077766961685,0.0
0,2025-05-07,-0.001727824678007641,-0.004605250285096722,1.3336257192590966,1.3362603557287087,xgb_vix__trend_filter,0.4738937548164043,0.07618597812023575
0,2025-05-08,0.002868600858204058,0.0059424595352063556,1.3374568515093592,1.3442246691895066,xgb_vix__trend_filter,0.5243248665921822,0.05043111177577797
0,2025-05-09,0.00047180515612353614,0.0007916960714601827,1.3380880194304257,1.3452893079588213,xgb_vix__trend_filter,0.5842479493849078,0.05992308279272551
0,2025-05-11,0.006320711137606644,0.010747281370111682,1.3465724729206505,1.3598254829416212,xgb_vix__trend_filter,0.5842479493849078,0.0
0,2025-05-12,0.010323536026254755,0.0189536308691679,1.3605458656670883,1.3858449156223258,harrv__variance_scaling,0.5404206937476744,0.04382725563723333
0,2025-05-13,0.004745782375720534,0.008632835654868313,1.3670180659372382,1.3978604765811578,harrv__variance_scaling,0.46525009301214626,0.07517060073552817
0,2025-05-14,-0.0008119062617496802,-0.001865435430830456,1.3659086258511997,1.3952552887810705,harrv__variance_scaling,0.46525009301214626,0.0
0,2025-05-15,0.003169284164651735,0.0066122450281283565,1.3702444455225724,1.404511627491813,harrv__variance_scaling,0.46525009301214626,0.0
0,2025-05-16,0.0010703877360465058,0.0021013716406389177,1.3717119236176123,1.4074661315631065,harrv__variance_scaling,0.46525009301214626,0.0
0,2025-05-18,-0.000533822516777076,-0.00134668839614156,1.3709798683174392,1.4055719889519689,harrv__variance_scaling,0.5577839155705538,0.09253382255840759
0,2025-05-19,0.004386128973113881,0.007808338717842359,1.3770063696840005,1.4165901318484742,harrv__variance_scaling,0.7707446575062886,0.21296074193573478
0,2025-05-20,-0.004240715416435139,-0.0054156435652889115,1.3711792418716837,1.4089391208902329,harrv__variance_scaling,0.7707446575062886,0.0
0,2025-05-21,-0.012389058707676873,-0.01612560005305668,1.354296418831387,1.3864013381451683,harrv__variance_scaling,0.98234311838975,0.21159846088346135
0,2025-05-22,-0.0002703872182403296,-0.00017066302668372228,1.353930283891361,1.3861647508855253,harrv__variance_scaling,0.8282508762211561,0.15409224216859385
0,2025-05-23,-0.005308616423780155,-0.00769602147978021,1.3467618314665288,1.3755377424826438,rnnvolatility__regime_switch_controller,0.6041964886058198,0.22405438761533636
0,2025-05-25,0.005250016916127637,0.008652396998949041,1.3538509465679158,1.387491079051607,rnnvolatility__regime_switch_controller,0.6041964886058198,0.0
0,2025-05-26,0.0014558973584444866,0.002296310915319472,1.3558234501176896,1.3906808509136632,rnnvolatility__regime_switch_controller,0.6041964886058198,0.0
0,2025-05-27,0.006021339286161259,0.00985279138411279,1.3640119512542401,1.404450663369628,rnnvolatility__regime_switch_controller,0.6570700282545323,0.05287353964871255
0,2025-05-28,0.005982024142192531,0.009054240065263489,1.3721959577339422,1.417224638889428,rnnvolatility__regime_switch_controller,0.6570700282545323,0.0
0,2025-05-29,-0.009650460051430172,-0.014777400931744136,1.3590173276611295,1.3964357235661904,rnnvolatility__regime_switch_controller,0.6044475364046912,0.052622491849841135
0,2025-05-30,0.0009875675002710303,0.001564151980261751,1.3603601119421571,1.3986216703993757,rnnvolatility__regime_switch_controller,0.6044475364046912,0.0
0,2025-06-01,-0.0014686273926817876,-0.002542914372665933,1.3583637161574451,1.3950696134542133,rnnvolatility__regime_switch_controller,0.6044475364046912,0.0
0,2025-06-02,0.003761575172702817,0.006107872912521784,1.3634829254968568,1.4036165967299197,rnnvolatility__regime_switch_controller,0.6044475364046912,0.0
0,2025-06-03,0.004969007596365422,0.008105712739099633,1.3702749433301118,1.4150401451133596,rnnvolatility__regime_switch_controller,0.6044475364046912,0.0
0,2025-06-04,-0.0008915211305855793,-0.0015902249752873636,1.3690538586556933,1.4127917011732456,rnnvolatility__regime_switch_controller,0.7761594064143099,0.17171187000961874
0,2025-06-05,-0.0035702775434688114,-0.004540119833855995,1.3641746716171599,1.4063919962561773,rnnvolatility__regime_switch_controller,0.7761594064143099,0.0
0,2025-06-06,0.008175609275947116,0.010482721605740663,1.3753733463337945,1.4212123551556513,rnnvolatility__regime_switch_controller,0.7761594064143099,0.0
0,2025-06-08,-0.0008657206823185108,-0.0011660838890411819,1.374183172435377,1.4195560681978447,rnnvolatility__regime_switch_controller,0.829830288043615,0.05367088162930511
0,2025-06-09,0.001452087819942611,0.0017460722271014928,1.376180056557117,1.422036880832074,rnnvolatility__regime_switch_controller,0.829830288043615,0.0
0,2025-06-10,0.003876001199064956,0.00463462722092363,1.3815244829170048,1.4286427878028263,rnnvolatility__regime_switch_controller,0.6895629384837056,0.14026734955990938
0,2025-06-11,-0.0026505250788609906,-0.0038215595131318035,1.3778675661436885,1.4231935632660138,rnnvolatility__regime_switch_controller,0.6895629384837056,0.0
0,2025-06-12,-0.00040366280437800696,-0.0006650594887056834,1.3773114845001662,1.4222473695549271,rnnvolatility__regime_switch_controller,0.7550872082716624,0.06552426978795678
0,2025-06-13,-0.0045681280577794135,-0.006063684490515397,1.371034098132181,1.413649404257236,rnnvolatility__regime_switch_controller,0.7550872082716624,0.0
0,2025-06-15,0.0013041932942340277,0.001669937736360585,1.3728233581259581,1.4160120829574838,rnnvolatility__regime_switch_controller,0.6307701989304397,0.1243170093412227
0,2025-06-16,0.007459486895732117,0.01065651547574122,1.3831022057778097,1.4311825261000581,xgb_vix__trend_filter,0.6973733385014586,0.06660313957101882
0,2025-06-17,-0.003217050042262375,-0.004689202989220303,1.3786598462460353,1.4244871310223957,xgb_vix__trend_filter,0.7520642369329535,0.054690898431494994
0,2025-06-18,0.001169085373189668,0.0015330438988440658,1.3802725598231298,1.4266726071149565,xgb_vix__trend_filter,0.7520642369329535,0.0
0,2025-06-19,-0.0020187669396675404,-0.002742119849381859,1.3774889219150934,1.4227658586746148,xgb_vix__trend_filter,0.7520642369329535,0.0
0,2025-06-20,0.0010105740222402116,0.0012863074087738023,1.3788816800595738,1.4245971504891901,xgb_vix__trend_filter,0.7520642369329535,0.0
0,2025-06-22,-0.0031848341970566016,-0.004292216357236405,1.3744971562280233,1.4184955753052946,xgb_vix__trend_filter,0.7520642369329535,0.0
0,2025-06-23,0.013494414774251944,0.017885872324948728,1.3931709032318709,1.4440948563549658,xgb_vix__trend_filter,0.8071354508802289,0.05507121394727532
0,2025-06-24,0.004930774503444856,0.006101567366992636,1.4000572784299932,1.4529330343547917,xgb_vix__trend_filter,0.7389988526205213,0.06813659825970753
0,2025-06-25,7.140766370075e-05,8.134710820008495e-05,1.400157256818862,1.45305123106296,xgb_vix__trend_filter,0.7389988526205213,0.0
0,2025-06-26,0.006008563333460645,0.00806915899157869,1.4085955158932257,1.4648235650105241,xgb_vix__trend_filter,0.7389988526205213,0.0
0,2025-06-27,0.0034119298885092173,0.0038982536637266717,1.413409753284628,1.4705449633251326,xgb_vix__drawdown_brake,0.8694104148476722,0.1304115622271509
0,2025-06-29,0.002426939407239189,0.002765312920841038,1.4168441789992643,1.4746171080952086,xgb_vix__drawdown_brake,0.8694104148476722,0.0
0,2025-06-30,0.0016921202005814747,0.0019200011802159595,1.4192436792044747,1.4774510944410808,xgb_vix__drawdown_brake,0.9268631545771083,0.0574527397294361
0,2025-07-01,0.0002805437749184654,0.00031989763821410204,1.4196418950396428,1.4779238031619397,xgb_vix__drawdown_brake,0.9268631545771083,0.0
0,2025-07-02,0.0037778437075619486,0.004062137825629818,1.42501522364692,1.4839395434571399,xgb_vix__drawdown_brake,0.9268631545771083,0.0
0,2025-07-03,0.005553271447071705,0.005977629571383711,1.432950733627064,1.4928365493647167,xgb_vix__drawdown_brake,0.9268631545771083,0.0
0,2025-07-04,-0.004670555063525783,-0.005052937843136314,1.4262736632725597,1.4853123646985973,xgb_vix__drawdown_brake,0.9268631545771083,0.0
0,2025-07-06,0.00262371242652004,0.002816905136406781,1.4300207086417418,1.4895022472081227,xgb_vix__drawdown_brake,0.9268631545771083,0.0
0,2025-07-07,-0.0048667847217525135,-0.005264651575910882,1.4230780137094288,1.4816811426148455,xgb_vix__drawdown_brake,0.9268631545771083,0.0
0,2025-07-08,0.00034540672644516485,0.00035882306806263835,1.42356963932813,1.4822128993859218,xgb_vix__drawdown_brake,0.9268631545771083,0.0
0,2025-07-09,0.004356164303099021,0.0052352107461629905,1.4297844691560686,1.4899929436011847,xgb_vix__trend_filter,0.8262695457153441,0.10059360886176427
0,2025-07-10,0.0034570874970603228,0.004147095117672386,1.434735913023811,1.496184916538997,xgb_vix__trend_filter,0.8262695457153441,0.0
0,2025-07-11,-0.004662846552782042,-0.005680043209484881,1.4280615325166228,1.487710611556697,xgb_vix__trend_filter,0.8262695457153441,0.0
0,2025-07-13,-0.0024054230668446976,-0.0029479765399055523,1.424630568479765,1.483331333751308,xgb_vix__trend_filter,0.8262695457153441,0.0
0,2025-07-14,0.0037659961226296345,0.004520954504323111,1.430005836943941,1.4900525890226908,xgb_vix__trend_filter,0.8262695457153441,0.0
0,2025-07-15,-0.004119008774262615,-0.005021942166358121,1.424127744622002,1.4825883891729617,xgb_vix__trend_filter,0.8262695457153441,0.0
0,2025-07-16,0.002722050522327815,0.0032575935622012543,1.4280095731629292,1.4874259346654843,xgb_vix__trend_filter,0.8262695457153441,0.0
0,2025-07-17,0.0073506775720510375,0.008859430243372872,1.4385450852429698,1.500662227406221,xgb_vix__trend_filter,0.8262695457153441,0.0
0,2025-07-18,-0.0017956082326219148,-0.002209859340750636,1.435964339542428,1.4973496364937409,xgb_vix__trend_filter,0.8262695457153441,0.0
0,2025-07-20,0.0010073558812763034,0.0011824526819217572,1.4374115954936806,1.4991212287928009,xgb_vix__trend_filter,0.9176906273184072,0.09142108160306317
0,2025-07-21,0.0008727814559972547,0.0008663806069725196,1.4386666893104954,1.5004206011471548,xgb_vix__hysteresis_controller,1.0796360321393026,0.16194540482089537
0,2025-07-22,0.0023194517425234374,0.002161271724360391,1.442007480173774,1.503666924596945,xgb_vix__hysteresis_controller,1.0796360321393026,0.0
0,2025-07-23,0.007066801789720189,0.006558448092946256,1.4522339528844141,1.5135610556786945,xgb_vix__hysteresis_controller,1.0796360321393026,0.0
0,2025-07-24,0.0012069126939586081,0.0011308249632459837,1.453987730592152,1.5152735964132646,xgb_vix__hysteresis_controller,1.0796360321393026,0.0
0,2025-07-25,0.0028412169141179356,0.002644579757925213,1.458124699355064,1.5192861617299744,xgb_vix__hysteresis_controller,1.0796360321393026,0.0
0,2025-07-27,0.003251193217458327,0.00302431541988531,1.462873059222899,1.5238879173688917,xgb_vix__hysteresis_controller,1.0796360321393026,0.0
0,2025-07-28,-0.0032889682264807506,-0.0030334896564431306,1.4580696197217131,1.519272223503264,xgb_vix__hysteresis_controller,1.0796360321393026,0.0
0,2025-07-29,-0.003467935932851343,-0.0031992563602608677,1.4530218853634755,1.5144194489532847,xgb_vix__hysteresis_controller,1.0796360321393026,0.0
0,2025-07-30,0.005809508341646059,0.005393895030019301,1.4614877957048302,1.522610138493773,xgb_vix__hysteresis_controller,1.0796360321393026,0.0
0,2025-07-31,-0.013546326116443129,-0.012534215816499534,1.4418234956237246,1.5036445222781247,xgb_vix__hysteresis_controller,1.0796360321393026,0.0
0,2025-08-01,-0.0171659087190378,-0.015886986631375156,1.4172845047170495,1.4799448981331096,xgb_vix__hysteresis_controller,1.0796360321393026,0.0
0,2025-08-03,0.0013635063301200316,0.001275663092756159,1.419218299181708,1.4818340139004196,xgb_vix__hysteresis_controller,0.9546250131492541,0.12501101899004852
0,2025-08-04,0.013858685314254843,0.014574685055426787,1.4390237205434158,1.503589432032786,xgb_vix__hysteresis_controller,0.9546250131492541,0.0
0,2025-08-05,-0.007132954956063268,-0.007480182025327417,1.4287957503551396,1.4923842699627117,xgb_vix__hysteresis_controller,0.8875882288016609,0.06703678434759319
0,2025-08-06,0.008854129734191779,0.00999154664383799,1.44150266461237,1.5073702388382664,xgb_vix__hysteresis_controller,0.8875882288016609,0.0
0,2025-08-07,-0.0004678815964523877,-0.0005488474479684429,1.4408283698017281,1.5065431495232287,xgb_vix__hysteresis_controller,0.8875882288016609,0.0
0,2025-08-08,0.006684618194264147,0.0075095061428325244,1.450492020259871,1.5178991300958156,xgb_vix__hysteresis_controller,0.8875882288016609,0.0
0,2025-08-10,-0.0014335827809071732,-0.0016368532969853744,1.448414109660081,1.5154165842362028,xgb_vix__hysteresis_controller,0.8875882288016609,0.0
0,2025-08-11,-0.0022000482225633783,-0.002500490980706885,1.4452310315191885,1.5116320323261598,xgb_vix__hysteresis_controller,0.8875882288016609,0.0
0,2025-08-12,0.009963527807300358,0.011203634688534301,1.4597026053356,1.5286630318021721,xgb_vix__hysteresis_controller,0.8875882288016609,0.0
0,2025-08-13,0.00190255792153047,0.0024663788556642725,1.4624824176288962,1.532437947253495,xgb_vix__trend_filter,0.7544499944814117,0.13313823432024918
0,2025-08-14,0.00041967298019855053,0.0005007318597688367,1.4630963107917667,1.5332054799047925,xgb_vix__trend_filter,0.7544499944814117,0.0
0,2025-08-15,-0.002670385296168204,-0.003595044267170864,1.4591944919150706,1.5277034343084643,xgb_vix__trend_filter,0.7544499944814117,0.0
0,2025-08-17,0.0015844418378817612,0.0020445967496928413,1.461508333307155,1.530830167149405,xgb_vix__trend_filter,0.7544499944814117,0.0
0,2025-08-18,-0.0010070357461775751,-0.001390713574923587,1.4600372829966204,1.5287027005462819,xgb_vix__trend_filter,0.7544499944814117,0.0
0,2025-08-19,-0.0051523436244547555,-0.006884802828296683,1.4525340155151658,1.5182140315097157,xgb_vix__trend_filter,0.7544499944814117,0.0
0,2025-08-20,-0.001840921471661605,-0.002495615768829168,1.4498624742609998,1.514429876494693,xgb_vix__trend_filter,0.7544499944814117,0.0
0,2025-08-21,-0.001490806077626037,-0.0020318069690896125,1.4477026208339807,1.511355971166053,xgb_vix__trend_filter,0.7544499944814117,0.0
0,2025-08-22,0.010105502149814262,0.01333938453682404,1.462406552958269,1.5316515942498419,xgb_vix__trend_filter,0.7544499944814117,0.0
0,2025-08-24,-0.00016205022818854083,-0.0002699367609518823,1.462169588843221,1.531238200977114,xgb_vix__trend_filter,0.6869473861301922,0.06750260835121946
0,2025-08-25,-0.0017425960254387615,-0.003560379032394307,1.4596238366821952,1.5257961063014418,rnnvolatility__drawdown_brake,0.4990270666186465,0.18792031951154575
0,2025-08-26,0.0021046579634584773,0.004047033606233401,1.4626990806469011,1.5319835664042931,rnnvolatility__drawdown_brake,0.4422434249672255,0.05678364165142097
0,2025-08-27,-0.0006340810215934284,-0.0015827678007944669,1.4617719049028972,1.529560710059349,rnnvolatility__drawdown_brake,0.4422434249672255,0.0
0,2025-08-28,0.0026910340060341126,0.005871776508250148,1.4657108803894867,1.5385683683023426,rnnvolatility__drawdown_brake,0.4422434249672255,0.0
0,2025-08-29,-0.0026559075011819227,-0.006217216388642424,1.4618232527426374,1.5290324300403597,rnnvolatility__drawdown_brake,0.4422434249672255,0.0
0,2025-08-31,0.0010649058044860805,0.0021962796535966466,1.4633807859755157,1.5323943033117053,rnnvolatility__drawdown_brake,0.49980275237194144,0.05755932740471592
0,2025-09-01,-0.001373993622749655,-0.0028594652332769406,1.4613714908034128,1.5280187339533602,rnnvolatility__drawdown_brake,0.49980275237194144,0.0
0,2025-09-02,-0.0026156663711067204,-0.005400181611292922,1.4575540253237624,1.5197893952449657,rnnvolatility__drawdown_brake,0.49980275237194144,0.0
0,2025-09-03,0.0016894255734189842,0.003214194440140007,1.4600185355859403,1.5246821527941272,rnnvolatility__drawdown_brake,0.49980275237194144,0.0
0,2025-09-04,0.004685042495427726,0.009208586876061508,1.4668748329504389,1.5387871647977125,rnnvolatility__drawdown_brake,0.49980275237194144,0.0
0,2025-09-05,-0.0036244343743483073,-0.004161059962847716,1.4615678645719263,1.5323974822804456,rsharrates__trend_filter,0.8758545336995732,0.3760517813276318
0,2025-09-07,0.002208004429404278,0.002498081001025138,1.464798578293326,1.5362303206941534,rsharrates__trend_filter,0.5524513421371585,0.3234031915624147
0,2025-09-08,0.0002930161083963649,0.0006912973897352307,1.4652278507611245,1.5372926798656348,rsharrates__trend_filter,0.5524513421371585,0.0
0,2025-09-09,0.0017860692484121244,0.0031011956788482907,1.4678471876294854,1.542067525319799,rsharrates__trend_filter,0.8758712515223782,0.3234199093852197
0,2025-09-10,0.001965987301712024,0.002406235613447227,1.4707357951136375,1.5457825709626296,rsharrates__trend_filter,0.8758712515223782,0.0
0,2025-09-11,0.006330461709543165,0.007204673392161704,1.4800757637148738,1.5569596447571772,rsharrates__trend_filter,0.8758712515223782,0.0
0,2025-09-12,-0.0005781319477509183,-0.0006830083250838938,1.4792203319308264,1.5558965914364487,rsharrates__trend_filter,0.8758712515223782,0.0
0,2025-09-14,-4.6379337188681176e-05,-7.589556777169537e-05,1.479151728263184,1.555778510262223,rsharrates__trend_filter,0.8758712515223782,0.0
0,2025-09-15,0.011759844478320059,0.013403622448100151,1.4966490035184963,1.5767719578484345,rsharrates__trend_filter,0.8758712515223782,0.0
0,2025-09-16,-0.0006692730898812213,-0.0007868411018205569,1.495647671735029,1.5755317768404817,rsharrates__trend_filter,0.5529588862927436,0.3229123652296346
0,2025-09-17,0.0013732147037861762,0.0016459065527339454,1.4977029279405905,1.578127090151723,xgb_vix__trend_filter,0.841319432317502,0.28836054602475836
0,2025-09-18,0.0025042766773489176,0.002946446158111007,1.50145829072373,1.5827838136771197,xgb_vix__trend_filter,0.9149789775917105,0.0736595452742086
0,2025-09-19,0.002257492532521915,0.002492654839295593,1.5048516504038774,1.5867340686756075,xgb_vix__trend_filter,0.9149789775917105,0.0
0,2025-09-21,-0.0006677247453099252,-0.0007446294295356561,1.5038471591180478,1.585552979582647,xgb_vix__trend_filter,0.9149789775917105,0.0
0,2025-09-22,0.004926566102293326,0.005369600715628251,1.511274241539517,1.5940896647807206,xgb_vix__trend_filter,0.9149789775917105,0.0
0,2025-09-23,-0.004515280196439816,-0.004949594074600427,1.5044657974690476,1.58621906223355,xgb_vix__trend_filter,0.9149789775917105,0.0
0,2025-09-24,-0.0026158880131982075,-0.002873781664161712,1.500535426369756,1.581667158698321,xgb_vix__trend_filter,0.9149789775917105,0.0
0,2025-09-25,-0.005413894578513831,-0.005931856330415821,1.4924336366665236,1.5723127084074815,xgb_vix__trend_filter,0.9149789775917105,0.0
0,2025-09-26,0.005307225110430491,0.005785557312655978,1.5003753735905092,1.5814357792722846,xgb_vix__trend_filter,0.9149789775917105,0.0
0,2025-09-28,0.0011051374669646058,0.0011930062853896712,1.5020344111938297,1.5833235679448707,xgb_vix__trend_filter,0.9149789775917105,0.0
0,2025-09-29,0.00030700223972544887,0.0008195195553391751,1.5024956099131084,1.5846216644062967,rnnvolatility__regime_switch_controller,0.22253383377354524,0.6924451438181654
0,2025-09-30,0.0005294641605543074,0.0018219687336273487,1.5032913381261435,1.587511427262862,rnnvolatility__regime_switch_controller,0.22253383377354524,0.0
0,2025-10-01,0.0013088906980776264,0.005325862921195025,1.505260270452624,1.5959888502683517,rnnvolatility__regime_switch_controller,0.22253383377354524,0.0
0,2025-10-02,0.0004445382579717275,0.001440337315417918,1.5059295649835356,1.5982892688560522,rnnvolatility__regime_switch_controller,0.22253383377354524,0.0
0,2025-10-03,-8.133085912600109e-05,-0.0009241462205272096,1.50580709141874,1.5968128981652008,rnnvolatility__regime_switch_controller,0.22253383377354524,0.0
0,2025-10-05,0.0006331785048978502,0.002286643581220195,1.506760838015607,1.6004684179718376,rnnvolatility__regime_switch_controller,0.22253383377354524,0.0
0,2025-10-06,0.00012401447324468214,0.0,1.5069477097544,1.6004684179718376,rnnvolatility__regime_switch_controller,0.22253383377354524,0.0
0,2025-10-07,-0.0005018060020693134,-0.0028108624901396835,1.506191704048805,1.595976038018097,rnnvolatility__regime_switch_controller,0.22253383377354524,0.0
0,2025-10-08,0.0017414945159593437,0.007269854136130654,1.5088170139592914,1.6076208276941382,rnnvolatility__regime_switch_controller,0.22253383377354524,0.0
0,2025-10-09,-0.0005230312442890089,-0.0029090146680482757,1.5080280618603605,1.6029510306728592,rnnvolatility__regime_switch_controller,0.22253383377354524,0.0
0,2025-10-10,-0.007935752187339298,-0.03621816298184012,1.4961080844195453,1.545933850336721,rnnvolatility__regime_switch_controller,0.22253383377354524,0.0
0,2025-10-12,0.004003724207615118,0.017434246597838706,1.5021100957557967,1.5731223592262633,rnnvolatility__regime_switch_controller,0.17096250493884088,0.05157132883470436
0,2025-10-13,0.0006941098348871934,0.0034373316391919134,1.503153087079737,1.5785390065573248,rnnvolatility__regime_switch_controller,0.17096250493884088,0.0
0,2025-10-14,7.473347456918907e-05,-0.0003363731562903064,1.5032654271304728,1.5780081177027474,rnnvolatility__regime_switch_controller,0.17096250493884088,0.0
0,2025-10-15,0.0007945258565772631,0.0038719382022149723,1.5044602849915027,1.5841299115727505,rnnvolatility__regime_switch_controller,0.17096250493884088,0.0
0,2025-10-16,-0.0015064026158651425,-0.009584810940937636,1.5021956682232864,1.569018859837198,rnnvolatility__regime_switch_controller,0.17096250493884088,0.0
0,2025-10-17,0.0016537322560290666,0.008903410991744765,1.504681952912658,1.5830508532083982,rnnvolatility__regime_switch_controller,0.5165567149967222,0.34559421005788127
0,2025-10-19,-0.0005004837219418018,-0.0007829102689817794,1.503929072506435,1.581811951476827,rnnvolatility__regime_switch_controller,0.6198903440731878,0.1033336290764656
0,2025-10-20,0.006616049096054007,0.01065968898479135,1.5139121288677047,1.5987637649237452,rnnvolatility__regime_switch_controller,0.7229960147149441,0.10310567064175635
0,2025-10-21,-0.0008891110852469865,-0.0012186568250561625,1.5125666910223228,1.596816607249444,rnnvolatility__regime_switch_controller,0.8783300827909106,0.1553340680759665
0,2025-10-22,-0.005640363067306422,-0.006355030072358481,1.504059280717219,1.5867009663359455,rnnvolatility__regime_switch_controller,1.0150818816095843,0.13675179881867372
0,2025-10-23,0.007975748284863965,0.007926934929969768,1.516103244913575,1.5993286248401781,rnnvolatility__regime_switch_controller,0.952934557906807,0.06214732370277731
0,2025-10-24,0.006189355182299408,0.006519953964442777,1.5255160459248698,1.6097902414173142,rnnvolatility__regime_switch_controller,1.5,0.547065442093193
0,2025-10-26,0.009581983276631768,0.00662232407233357,1.5402037715572874,1.620486170950979,rnnvolatility__regime_switch_controller,1.5,0.0
0,2025-10-27,0.008658945803912773,0.005824081591375907,1.553598219752777,1.6299515514470426,rnnvolatility__regime_switch_controller,1.5,0.0
0,2025-10-28,0.0035495455841054024,0.002417814778170993,1.559122586148097,1.6338972404462688,rnnvolatility__regime_switch_controller,1.0981569502562454,0.4018430497437546
0,2025-10-29,-0.0010887571402256942,-0.0007945394313366258,1.5574260040504704,1.632599560259289,rnnvolatility__regime_switch_controller,0.8881937897962482,0.2099631604599972
0,2025-10-30,-0.0031454504111298807,-0.0034427842106026386,1.5525348941901476,1.6269885365850238,rnnvolatility__regime_switch_controller,0.7155063924264011,0.17268739736984706
0,2025-10-31,-0.0027754645581874863,-0.0038197189816237776,1.5482318628337448,1.6207857515784418,rnnvolatility__regime_switch_controller,0.7155063924264011,0.0
0,2025-11-02,0.002146056167924389,0.0029379802906777074,1.551558023159229,1.6255545901185349,rnnvolatility__regime_switch_controller,0.6493224196068899,0.06618397281951127
0,2025-11-03,-0.0015121960803555759,-0.0023632088880495257,1.5492135363068462,1.6217176006526823,rnnvolatility__regime_switch_controller,0.5816645179343405,0.06765790167254937
0,2025-11-04,-0.007075055171701386,-0.012218313598323795,1.5382914478140701,1.6020235057594334,rnnvolatility__regime_switch_controller,0.5816645179343405,0.0
0,2025-11-05,0.0035975707237295685,0.006071949287877576,1.5438355267197446,1.6117805032642258,rnnvolatility__regime_switch_controller,0.5816645179343405,0.0
0,2025-11-06,-0.005932076885141843,-0.010310603497416176,1.5347044854729979,1.5952474529004383,rnnvolatility__regime_switch_controller,0.5816645179343405,0.0
0,2025-11-07,6.506934750327416e-05,0.0,1.534804350941533,1.5952474529004383,rnnvolatility__regime_switch_controller,0.48583786065545226,0.09582665727888823
0,2025-11-09,0.0014820050468825126,0.002984419156663746,1.537080625043837,1.6000154512723836,rnnvolatility__regime_switch_controller,0.48583786065545226,0.0
0,2025-11-10,0.005532195365467771,0.011221045635972702,1.5456076201078308,1.6180704059606077,rnnvolatility__regime_switch_controller,0.48583786065545226,0.0
0,2025-11-11,0.0007169397697108271,0.0013098057230095592,1.546716124997193,1.6201911524182966,rnnvolatility__regime_switch_controller,0.48583786065545226,0.0
0,2025-11-12,-0.0008403329126422855,-0.0018955284192332233,1.5454169144919716,1.6171229429021448,rnnvolatility__regime_switch_controller,0.48583786065545226,0.0
0,2025-11-13,-0.006470715850503794,-0.01348496471973769,1.5354492445267236,1.5954624706567273,rnnvolatility__regime_switch_controller,0.48583786065545226,0.0
0,2025-11-14,-0.0001700728321393805,-0.00025867484860346546,1.5351881285300986,1.5950498180174082,xgb_vix__trend_filter,0.7867111631547012,0.300873302499249
0,2025-11-16,0.00020782151283512258,0.00022167214871020148,1.5355072068039728,1.5954034353299746,xgb_vix__trend_filter,0.7867111631547012,0.0
0,2025-11-17,-0.007626434396585171,-0.009736779601564351,1.5238413029939648,1.5799447248628617,xgb_vix__trend_filter,0.7867111631547012,0.0
0,2025-11-18,-0.007044100713487659,-0.008996244083803343,1.5131449287818086,1.5657948995516897,xgb_vix__trend_filter,0.7867111631547012,0.0
0,2025-11-19,0.010580490835131424,0.013406522965752172,1.5292397401887143,1.5869281097357606,xgb_vix__trend_filter,0.7867111631547012,0.0
0,2025-11-20,-0.0198581994719697,-0.02528443136094541,1.4991713327160332,1.5473065499984449,xgb_vix__trend_filter,0.7324264232407172,0.05428473991398408
0,2025-11-21,0.007248632821499491,0.009877262711350188,1.5100777558172906,1.5626654302675562,xgb_vix__trend_filter,0.6435053509311742,0.08892107230954294
0,2025-11-23,0.002114380578961137,0.003269084849022316,1.5132740127579454,1.5677822752930684,xgb_vix__trend_filter,0.6435053509311742,0.0
0,2025-11-24,0.006660634702878117,0.010264601105469635,1.523387020298966,1.5839578106545584,xgb_vix__trend_filter,0.6435053509311742,0.0
0,2025-11-25,0.005842121664375684,0.008992860951163414,1.5323128802063468,1.5982663639840948,xgb_vix__trend_filter,0.6435053509311742,0.0
0,2025-11-26,0.003917153380216392,0.0067357833480143365,1.5383269561234583,1.6090682787823143,rnnvolatility__drawdown_brake,0.5759591874052357,0.06754616352593856
0,2025-11-27,0.0006767524872927192,0.0010604843647018937,1.539368375068968,1.610775575654514,rnnvolatility__drawdown_brake,0.8004685142410455,0.22450932683580982
0,2025-11-28,0.0023406814154628896,0.003025999007006076,1.5429757662457748,1.6156571630613537,rnnvolatility__drawdown_brake,0.9020294238707115,0.10156090962966602
0,2025-11-30,-0.0005951055891066047,-0.0006201663902505387,1.54205780591218,1.6146554974224412,rnnvolatility__drawdown_brake,1.233348632715141,0.33131920884442956
0,2025-12-01,-0.005260843034510969,-0.004102575599236016,1.5339665838311594,1.6080448208498361,rnnvolatility__drawdown_brake,1.3635165399575573,0.13016790724241623
0,2025-12-02,0.004013467763866152,0.003031082320767658,1.5401354803191363,1.6129263314701963,rnnvolatility__drawdown_brake,1.0544844870829335,0.30903205287462376
0,2025-12-03,0.0025644934909935376,0.002586146980199068,1.5440902165138761,1.6171029944359219,rnnvolatility__drawdown_brake,0.9840477080938835,0.07043677898904999
0,2025-12-04,2.9721734169487136e-06,3.6423238033874194e-05,1.5440948058245911,1.6171618956358933,rnnvolatility__drawdown_brake,1.1518856234076178,0.16783791531373426
0,2025-12-05,0.0025308631731625953,0.0022894125687302758,1.5480076478498497,1.6208684877457349,rnnvolatility__drawdown_brake,1.3864652262963657,0.2345796028887479
0,2025-12-07,0.00012805585211595827,0.00021799157271911254,1.5482058919811668,1.6212218619314471,rnnvolatility__drawdown_brake,0.7742003218323682,0.6122649044639975
0,2025-12-08,-0.0011183546510715725,-0.0018199034573725334,1.5464754165440413,1.6182740778146034,xgb_vix__trend_filter,0.6435053509311742,0.13069497090119397
0,2025-12-09,-0.0020150296421884853,-0.0032133262001972722,1.543362360242492,1.6130823810960293,xgb_vix__trend_filter,0.6435053509311742,0.0
0,2025-12-10,0.003441420523067676,0.005266814545464648,1.54868286894642,1.6216005990902356,xgb_vix__trend_filter,0.6435053509311742,0.0
0,2025-12-11,0.00203243772181887,0.0030779307037044627,1.551833671248516,1.6265994624944393,xgb_vix__trend_filter,0.6435053509311742,0.0
0,2025-12-12,-0.006587698831333363,-0.010317004091577013,1.5416442576298992,1.6099041003327907,xgb_vix__trend_filter,0.6435053509311742,0.0
0,2025-12-14,4.26045276976938e-06,-7.317430125072906e-05,1.5416508257464383,1.6097863010351614,xgb_vix__trend_filter,0.6435053509311742,0.0
0,2025-12-15,0.0040061454109560505,0.006145269820459761,1.5478392907960707,1.619709330828022,xgb_vix__trend_filter,0.6435053509311742,0.0
0,2025-12-16,-0.0027687463073290883,-0.004382615088050117,1.5435596438376618,1.6126263007109718,xgb_vix__trend_filter,0.6435053509311742,0.0
0,2025-12-17,-0.005926086630593053,-0.009289086057864408,1.5344394259600926,1.5977158357355872,xgb_vix__trend_filter,0.879369336440177,0.23586398550900278
0,2025-12-18,0.0060153412507554455,0.006954922742962751,1.5436974198158502,1.6088665571939254,xgb_vix__trend_filter,0.879369336440177,0.0
0,2025-12-19,0.0020909280526513773,0.009247974296008012,1.5469285569161457,1.6238143255152968,rnnvolatility__regime_switch_controller,0.4497645019303197,0.4296048345098573
0,2025-12-21,0.0007751800412508292,0.0018100212609987885,1.54812816995668,1.6267561255255214,rnnvolatility__regime_switch_controller,0.4497645019303197,0.0
0,2025-12-22,0.001685604107222667,0.003571049691684161,1.5507399017129695,1.6325757373630556,rnnvolatility__regime_switch_controller,0.4497645019303197,0.0
0,2025-12-23,0.0017767366338431695,0.0037731870555451834,1.553497607238663,1.6387473870747573,rnnvolatility__regime_switch_controller,0.4497645019303197,0.0
0,2025-12-24,0.0015625990102099484,0.003295134907782547,1.5559269986500814,1.6441561872640782,rnnvolatility__regime_switch_controller,0.5001100559464834,0.050345554016163696
0,2025-12-25,0.00038812139110874614,0.0006800530249738055,1.5565310044074563,1.6452746809271501,rnnvolatility__regime_switch_controller,0.5001100559464834,0.0
0,2025-12-26,-0.0004833175548209964,-0.001110792832634963,1.555778887418716,1.643448136248038,rnnvolatility__regime_switch_controller,0.5995855747456096,0.0994755187991262
0,2025-12-28,0.000222862372420676,0.00035819185521362366,1.5561256506313288,1.6440369114258495,rnnvolatility__regime_switch_controller,0.5460290728566491,0.05355650188896044
0,2025-12-29,-0.0021992850875534476,-0.0041001409539960995,1.5527070473131255,1.6373099285684134,rnnvolatility__regime_switch_controller,0.48451244531286647,0.061516627543782676
0,2025-12-30,-0.0005493093282820678,-0.0012243431217797242,1.551854365062545,1.635306526095429,rnnvolatility__regime_switch_controller,0.48451244531286647,0.0
0,2025-12-31,-0.006201053271292551,-0.007071681683198669,1.542261008673654,1.6237829524340053,xgb_vix__trend_filter,0.879369336440177,0.39485689112731054
0,2026-01-01,0.0011641136082975543,0.001303828553950876,1.5440574211126117,1.625901467803105,xgb_vix__trend_filter,0.879369336440177,0.0
0,2026-01-02,-0.0002692590648565659,-0.0003260633345214351,1.543641725622719,1.625371407370242,xgb_vix__trend_filter,0.879369336440177,0.0
0,2026-01-04,0.0008450230139664026,0.0009410744114156186,1.5449466896908717,1.626901722768156,xgb_vix__trend_filter,0.879369336440177,0.0
0,2026-01-05,0.004419513743201875,0.005005963239690824,1.551789713098256,1.6350663518532218,xgb_vix__trend_filter,0.879369336440177,0.0
0,2026-01-06,0.005712486384568502,0.006476358499329907,1.5606796583766425,1.6456899918361174,xgb_vix__trend_filter,0.879369336440177,0.0
0,2026-01-07,-0.002823629472680446,-0.0032306754409008346,1.5562790930026464,1.6403818806052972,xgb_vix__trend_filter,0.879369336440177,0.0
0,2026-01-08,-4.5809353013887966e-05,-7.17978174080676e-05,1.5562078024971853,1.640264108994477,xgb_vix__trend_filter,0.879369336440177,0.0
0,2026-01-09,0.005039452651900539,0.005711053362620967,1.5640700320620573,1.6496585453793229,xgb_vix__trend_filter,0.879369336440177,0.0
0,2026-01-11,-0.0007051923629606737,-0.0008216340723496716,1.562967450632006,1.6483036863860727,xgb_vix__trend_filter,0.879369336440177,0.0
0,2026-01-12,0.0009377537157575797,0.0011061949159301768,1.5644338166040557,1.6501280404033978,rsharrates__trend_filter,0.8016626922943895,0.07770664414578754
0,2026-01-13,-0.000943955380382532,-0.0011789506499351092,1.5629577576621136,1.6481837672039634,rsharrates__trend_filter,0.8016626922943895,0.0
0,2026-01-14,-0.004348190214491862,-0.005459993325764981,1.5561764738748236,1.6392092176212152,rsharrates__trend_filter,0.8016626922943895,0.0
0,2026-01-15,0.003469707476434968,0.004292012190105137,1.5615853291673285,1.6462598434278217,rsharrates__trend_filter,0.8016626922943895,0.0
0,2026-01-16,-0.0013497790181090366,-0.0017197529164211737,1.559478955944023,1.6434311163139266,rsharrates__trend_filter,0.8016626922943895,0.0
0,2026-01-18,-0.005087409839377561,-0.00638210137942783,1.551565394193263,1.6329759707066498,rsharrates__trend_filter,0.8016626922943895,0.0
0,2026-01-19,-0.0030468539691879785,-0.003836696822369757,1.5468451955430988,1.6267227405337539,rsharrates__trend_filter,0.8016626922943895,0.0
0,2026-01-20,-0.008741853927346157,-0.010940976582699494,1.5333818339049268,1.6090218144058728,rsharrates__trend_filter,0.8572577229377554,0.055595030643365906
0,2026-01-21,0.01138356804335327,0.013287029793810768,1.5509369205357182,1.6305435988587529,rsharrates__trend_filter,0.8572577229377554,0.0
0,2026-01-22,0.002120548079450333,0.002449129048140608,1.5542292463778062,1.634541904735947,rsharrates__trend_filter,0.760195733202063,0.09706198973569236
0,2026-01-23,-0.0009334735467798705,-0.001081665976146605,1.5527790914366213,1.6327748322343991,xgb_vix__trend_filter,0.879369336440177,0.11917360323811399
0,2026-01-25,-0.0024623453048561905,-0.002820266237403643,1.5489603166319306,1.62817645986685,xgb_vix__trend_filter,0.879369336440177,0.0
0,2026-01-26,0.008457266610843157,0.009597282866484405,1.5621158384643827,1.643877754273131,xgb_vix__trend_filter,0.879369336440177,0.0
0,2026-01-27,0.003967691073093241,0.004491833595391543,1.5683261436708802,1.6512783883616253,xgb_vix__trend_filter,0.879369336440177,0.0
0,2026-01-28,-0.0020876999537245864,-0.002394227557628628,1.5650553646438967,1.647329581196681,xgb_vix__trend_filter,0.879369336440177,0.0
0,2026-01-29,-0.001178025899225515,-0.0013597656804592779,1.5632127744132183,1.6450911212032049,xgb_vix__trend_filter,0.879369336440177,0.0
0,2026-01-30,-0.003171964554004236,-0.0036272300690294917,1.5582621746167635,1.6391348062149975,xgb_vix__trend_filter,0.879369336440177,0.0
0,2026-02-01,-0.0018495188286525674,-0.002123373076806937,1.5553828029316994,1.6356580040785735,xgb_vix__trend_filter,0.879369336440177,0.0
0,2026-02-02,0.00863573707430797,0.009800235660116362,1.568872844256765,1.6517666432792613,xgb_vix__trend_filter,0.879369336440177,0.0
0,2026-02-03,-0.009197311192322142,-0.010479125386086419,1.554509585417095,1.6345479495093596,xgb_vix__trend_filter,0.879369336440177,0.0
0,2026-02-04,-0.0014600526565474554,-0.0034689669860838894,1.5522415756770045,1.6288875801288751,rnnvolatility__trend_filter,0.5146624157731827,0.3647069206669943
0,2026-02-05,-0.011156783244311744,-0.021748059062083634,1.535019801314147,1.5938448734497825,rnnvolatility__trend_filter,0.46338078676162636,0.05128162901155636
0,2026-02-06,0.011696019177204814,0.025125936980946142,1.5530788258285357,1.6343990668422048,rnnvolatility__trend_filter,0.40739742355289943,0.05598336320872693
0,2026-02-08,0.0016510959497852743,0.003907940546130085,1.5556452260910723,1.6407986977680677,rnnvolatility__trend_filter,0.40739742355289943,0.0
0,2026-02-09,0.0004226696318369992,0.000823929880094304,1.5563028890633452,1.642151157932038,rnnvolatility__trend_filter,0.40739742355289943,0.0
0,2026-02-10,-0.00014663859661733392,-0.0005734972893988531,1.5560746917234591,1.6412096586936162,rnnvolatility__trend_filter,0.40739742355289943,0.0
