split,date,router_return,bh_return,router_equity,bh_equity,selected_pair,selected_weight,selected_turnover
0,2023-02-10,0.0009562871466461964,0.001341627430301285,1.0009567445349863,1.0013425278149974,xgb_vix__trend_filter,0.6653771986858218,0.6653771986858218
0,2023-02-12,-0.0016450018538817657,-0.0025678678239180294,0.9993115224023018,0.9987745111319197,xgb_vix__trend_filter,0.6653771986858218,0.0
0,2023-02-13,0.009567858672754262,0.014283618860185171,1.008918680494508,1.0131429982837177,xgb_vix__trend_filter,0.6653771986858218,0.0
0,2023-02-14,-0.0014232807651878199,-0.0022348411924565676,1.0074837273557575,1.0108813127726117,xgb_vix__trend_filter,0.6653771986858218,0.0
0,2023-02-15,0.003263309190521761,0.004808866837410718,1.0107768285438212,1.0157542135691195,xgb_vix__trend_filter,0.6653771986858218,0.0
0,2023-02-16,-0.011533930911035125,-0.0174310054306487,0.9991855733054154,0.9982020169924103,xgb_vix__trend_filter,0.6653771986858218,0.0
0,2023-02-17,-0.00026144363147361817,-0.0004895062301566239,0.9989243767461906,0.9977135104593878,xgb_vix__trend_filter,0.6653771986858218,0.0
0,2023-02-19,-0.0010368155871083257,-0.0016548181121479742,0.9978892131116657,0.9960638413991225,xgb_vix__trend_filter,0.6653771986858218,0.0
0,2023-02-20,-0.0002621426577709611,-0.0004905568016200339,0.9976276580650449,0.9955753353366585,xgb_vix__trend_filter,0.6653771986858218,0.0
0,2023-02-21,-0.011011083201561791,-0.016645613042757745,0.9867029537115117,0.979140536672098,xgb_vix__trend_filter,0.6653771986858218,0.0
0,2023-02-22,6.658033543247704e-05,-6.234413969130934e-05,0.9867686509121886,0.9790794949005204,gjrgarch__trend_filter,0.4931998676417717,0.17217733104405009
0,2023-02-23,0.00037390637708699473,0.0005607826326738028,0.9871376789901506,0.9796286996551191,gjrgarch__trend_filter,0.4931998676417717,0.0
0,2023-02-24,-0.004586776703276204,-0.009498192543079764,0.9826202669812825,0.9703680469972981,gjrgarch__trend_filter,0.4931998676417717,0.0
0,2023-02-26,0.0007174064372719478,0.0012564395818436057,0.9833254580102553,0.9715880220724966,gjrgarch__trend_filter,0.4931998676417717,0.0
0,2023-02-27,0.0016118824799900113,0.0030688342813696354,0.9849117411957354,0.9745742444692095,gjrgarch__trend_filter,0.4931998676417717,0.0
0,2023-02-28,-0.003417198153657601,-0.007127599033803744,0.9815518465945444,0.9676525668007745,gjrgarch__trend_filter,0.4931998676417717,0.0
0,2023-03-01,-0.000337374139956313,-0.0008838384988843509,0.9812207522389543,0.966797696048183,gjrgarch__trend_filter,0.4931998676417717,0.0
0,2023-03-02,0.00245380837768201,0.004775087280956105,0.9836314364100653,0.9714252791935829,gjrgarch__trend_filter,0.4931998676417717,0.0
0,2023-03-03,0.009044371239258235,0.018137951494786718,0.9925681166918479,0.9892057065977379,gjrgarch__trend_filter,0.4931998676417717,0.0
0,2023-03-05,-0.0008462671429952226,-0.0019160652054719587,0.9917284942300671,0.9873121386414315,gjrgarch__trend_filter,0.4931998676417717,0.0
0,2023-03-06,0.0013154902069773746,0.002466245796543534,0.9930339618288673,0.9897500981211781,gjrgarch__trend_filter,0.4931998676417717,0.0
0,2023-03-07,-0.007745692436378495,-0.01591047127753558,0.9853719383277688,0.9741273200590432,gjrgarch__trend_filter,0.4931998676417717,0.0
0,2023-03-08,0.0005030287256908803,0.0008136188155320801,0.9858677334073663,0.9749202108870757,gjrgarch__trend_filter,0.4931998676417717,0.0
0,2023-03-09,-0.010300286905656918,-0.021090512286880733,0.9757651320686146,0.9545739548607511,gjrgarch__trend_filter,0.4931998676417717,0.0
0,2023-03-10,-0.0040951263671572995,-0.008507449658964335,0.971777421210911,0.9464874116965073,gjrgarch__trend_filter,0.4381907935454387,0.05500907409633299
0,2023-03-12,0.0032802230755798164,0.007293730813713052,0.9749703017495922,0.9534160732760415,gjrgarch__trend_filter,0.4381907935454387,0.0
0,2023-03-13,-0.0015800393132532056,-0.0038535740756206168,0.9734310267213392,0.9497490838583711,gjrgarch__trend_filter,0.4381907935454387,0.0
0,2023-03-14,0.0067335931978779046,0.015118548882110382,0.9800078331810453,0.9642170032040774,gjrgarch__trend_filter,0.4381907935454387,0.0
0,2023-03-15,-0.003217580797168846,-0.007584521271690109,0.9768596462848308,0.9569315421246394,gjrgarch__trend_filter,0.4381907935454387,0.0
0,2023-03-16,0.007977451421445514,0.017964292810467075,0.9846836630222104,0.9742774777992298,gjrgarch__trend_filter,0.4381907935454387,0.0
0,2023-03-17,-0.005060747701958871,-0.01177913295933333,0.979713015642236,0.9628686587593767,gjrgarch__trend_filter,0.4381907935454387,0.0
0,2023-03-19,0.002666359071571218,0.005854981876830653,0.9823287680468888,0.9685227735236233,gjrgarch__trend_filter,0.4381907935454387,0.0
0,2023-03-20,0.0016192725144690851,0.003450662478348616,0.9839207145709388,0.9718705914906773,gjrgarch__trend_filter,0.4381907935454387,0.0
0,2023-03-21,0.005858466923727374,0.013126500412321641,0.9897018994380179,0.9847119478601319,gjrgarch__trend_filter,0.4381907935454387,0.0
0,2023-03-22,-0.006782863611390883,-0.015722926867223916,0.9830116017766309,0.9693504740417626,gjrgarch__trend_filter,0.4381907935454387,0.0
0,2023-03-23,0.001122699800476401,0.002321497882647784,0.9841158484585885,0.9716034332229461,gjrgarch__trend_filter,0.4381907935454387,0.0
0,2023-03-24,0.0029464667335727455,0.0064830276584390166,0.9870197891494543,0.977922827423782,gjrgarch__trend_filter,0.4381907935454387,0.0
0,2023-03-26,0.0015757399466133455,0.0033548770739214055,0.9885763016667278,0.9812091478156918,gjrgarch__trend_filter,0.4381907935454387,0.0
0,2023-03-27,-0.0008727937290549194,-0.002241595898606883,0.9877138548937571,0.9790121367397341,gjrgarch__trend_filter,0.4381907935454387,0.0
0,2023-03-28,-0.00032998805884395664,-0.00099725770701823,0.9873879748872999,0.9780362960043277,gjrgarch__trend_filter,0.4381907935454387,0.0
0,2023-03-29,0.0047281554692525,0.010545986931169147,0.9920675529094092,0.9884052332377529,gjrgarch__trend_filter,0.4381907935454387,0.0
0,2023-03-30,0.003569380670687399,0.007892886811566196,0.9956149468902429,0.9962374726966147,gjrgarch__trend_filter,0.5301143420976206,0.09192354855218193
0,2023-03-31,0.006895994115840812,0.012924627206860195,1.0025044293185135,1.0091970390193366,gjrgarch__trend_filter,0.5301143420976206,0.0
0,2023-04-02,-0.0009681997691365385,-0.0019969756080223055,1.001534274489116,1.0071837081041728,gjrgarch__trend_filter,0.5301143420976206,0.0
0,2023-04-03,0.0025182495812818657,0.004578053477469776,1.0040595660792042,1.011805219673377,gjrgarch__trend_filter,0.5301143420976206,0.0
0,2023-04-04,-0.0020249896413462153,-0.00399154370014702,1.0020284130845623,1.007774604462843,gjrgarch__trend_filter,0.5301143420976206,0.0
0,2023-04-05,-0.002519053358539043,-0.004922834980004395,0.9995074266280339,1.0028256877326882,gjrgarch__trend_filter,0.5301143420976206,0.0
0,2023-04-06,0.0019856163125126186,0.003572950138939001,1.0014940365486438,1.0064151425660044,gjrgarch__trend_filter,0.5301143420976206,0.0
0,2023-04-07,0.0017883002933775875,0.0031993293787155722,1.0032866109809875,1.0096401522821112,gjrgarch__trend_filter,0.5301143420976206,0.0
0,2023-04-09,-0.0007410219798138873,-0.0015719474427775906,1.0025434289413184,1.0080542977931164,gjrgarch__trend_filter,0.5301143420976206,0.0
0,2023-04-10,0.0010225499842157917,0.0017502573971221907,1.0035691040214052,1.0098201972229948,gjrgarch__trend_filter,0.5301143420976206,0.0
0,2023-04-11,-0.00025820391555784637,-0.0006643314898527161,1.0033100119999405,1.0091495646527222,gjrgarch__trend_filter,0.5301143420976206,0.0
0,2023-04-12,-0.0035165999640394117,-0.006810219157948412,0.9997879684864721,1.0023003836377131,gjrgarch__trend_filter,0.5301143420976206,0.0
0,2023-04-13,0.007563523789180933,0.01408835209810486,1.0073785581870074,1.0165210822434363,gjrgarch__trend_filter,0.5301143420976206,0.0
0,2023-04-14,0.00028644060894350717,0.0003595613429194329,1.0076671536454074,1.0168866496468882,gjrgarch__trend_filter,0.5301143420976206,0.0
0,2023-04-16,0.00012759818400718466,5.992329821421789e-05,1.007795738347709,1.0169475866746005,gjrgarch__trend_filter,0.5815469588409017,0.051432616743281034
0,2023-04-17,0.0006873803352257816,0.0010774574095343032,1.0084887154623086,1.018043894893618,gjrgarch__trend_filter,0.5815469588409017,0.0
0,2023-04-18,1.6708880520243568e-05,-0.00011973180105232691,1.0085055663205404,1.0179220099614288,gjrgarch__trend_filter,0.5815469588409017,0.0
0,2023-04-19,-0.0013102629200859167,-0.0024003863651780822,1.0071850241899087,1.0154815340622447,gjrgarch__trend_filter,0.5815469588409017,0.0
0,2023-04-20,-0.0019461706319356272,-0.003492720572186501,1.0052267764351253,1.0119409275914286,gjrgarch__trend_filter,0.5815469588409017,0.0
0,2023-04-21,0.00032038680801915444,0.0004213567812647725,1.0055488894309845,1.0123674056069007,dynamic_precision_ensemble__trend_filter,0.5355766235666934,0.04597033527420824
0,2023-04-23,-0.00026013947850415177,-0.0006625708230755154,1.0052873404883553,1.0116968626673373,dynamic_precision_ensemble__trend_filter,0.5355766235666934,0.0
0,2023-04-24,0.0008045993245456954,0.0013233882593700096,1.0060965194922729,1.0130366167292986,dynamic_precision_ensemble__trend_filter,0.5355766235666934,0.0
0,2023-04-25,-0.0057353923311462525,-0.010884981766293529,1.0003426772738306,1.0020695281910879,dynamic_precision_ensemble__trend_filter,0.6295087064161407,0.09393208284944721
0,2023-04-26,-0.0039775580787410935,-0.006364402483457615,0.9963716588899025,0.9957122061343386,dynamic_precision_ensemble__trend_filter,0.6295087064161407,0.0
0,2023-04-27,0.009711670197693006,0.015306414958096115,1.0060952314760645,1.0110702286261353,dynamic_precision_ensemble__trend_filter,0.6295087064161407,0.0
0,2023-04-28,0.006384060523451123,0.010022240621264772,1.0125387503489516,1.0212543664366573,dynamic_precision_ensemble__trend_filter,0.6295087064161407,0.0
0,2023-04-30,-0.0011667367557092001,-0.0019725057614307213,1.0113580730760605,1.0192419217468454,dynamic_precision_ensemble__trend_filter,0.6295087064161407,0.0
0,2023-05-01,-0.00044975515746407664,-0.0008375210359148974,1.010903311839923,1.0183886425662048,dynamic_precision_ensemble__trend_filter,0.6295087064161407,0.0
0,2023-05-02,-0.0061219407324430136,-0.009847316370058954,1.0047335264781045,1.0084094621282875,dynamic_precision_ensemble__trend_filter,0.6295087064161407,0.0
0,2023-05-03,-0.006804579407406226,-0.010932182468757877,0.9979199454807266,0.9974453857222498,dynamic_precision_ensemble__trend_filter,0.6295087064161407,0.0
0,2023-05-04,-0.0008467251722215241,-0.001467890435207788,0.9970753391682,0.9959823192542493,dynamic_precision_ensemble__trend_filter,0.6295087064161407,0.0
0,2023-05-05,0.009408780057139918,0.014823393743762688,1.0065008735920273,1.0108561251202874,dynamic_precision_ensemble__trend_filter,0.6295087064161407,0.0
0,2023-05-07,-0.0003401969958843501,-0.0006632499732499345,1.0061585232550563,1.0101858971112658,dynamic_precision_ensemble__trend_filter,0.6295087064161407,0.0
0,2023-05-08,0.0007226596253859022,0.001023973194287955,1.0068858961864207,1.0112208301725827,dynamic_precision_ensemble__trend_filter,0.6295087064161407,0.0
0,2023-05-09,-0.0018238464748125585,-0.0030207875776702476,1.005051164537138,1.0081707559829944,dynamic_precision_ensemble__trend_filter,0.6295087064161407,0.0
0,2023-05-10,0.0029542755728413006,0.004570619732772998,1.0080247528789605,1.0127892678247008,dynamic_precision_ensemble__trend_filter,0.6295087064161407,0.0
0,2023-05-11,-0.0015937463734876092,-0.0026531627826288616,1.0064194966101354,1.0101057345321678,dynamic_precision_ensemble__trend_filter,0.6295087064161407,0.0
0,2023-05-12,-0.0020557213697907496,-0.003388196215804142,1.0043527036470643,1.0066890895052931,dynamic_precision_ensemble__trend_filter,0.6295087064161407,0.0
0,2023-05-14,0.00011526275248262036,6.049972778814173e-05,1.0044684747760713,1.0067499957635628,dynamic_precision_ensemble__trend_filter,0.6295087064161407,0.0
0,2023-05-15,0.0023156234506000106,0.003556795545587238,1.0067971406477545,1.0103371753144166,dynamic_precision_ensemble__trend_filter,0.6295087064161407,0.0
0,2023-05-16,-0.0026674109721084626,-0.0043594228509659435,1.0041151774473358,1.005942274920037,dynamic_precision_ensemble__trend_filter,0.6295087064161407,0.0
0,2023-05-17,0.006266838748297786,0.009832293101597571,1.010427564044587,1.0158817781909049,dynamic_precision_ensemble__trend_filter,0.6295087064161407,0.0
0,2023-05-18,0.007168112345180687,0.011262835110097548,1.0176964432878428,1.0273881627729409,dynamic_precision_ensemble__trend_filter,0.6295087064161407,0.0
0,2023-05-19,-0.002808695422898237,-0.004585259900368575,1.0148420543766832,1.0226881047565777,dynamic_precision_ensemble__trend_filter,0.6295087064161407,0.0
0,2023-05-21,0.00037751382541197944,0.0004761621512018339,1.0152252436078852,1.0231751860801896,dynamic_precision_ensemble__trend_filter,0.6295087064161407,0.0
0,2023-05-22,0.0025426350360200707,0.003912976142179283,1.0178098753769114,1.0271866895127337,dynamic_precision_ensemble__trend_filter,0.6295087064161407,0.0
0,2023-05-23,-0.007858121859875713,-0.012607645186335396,1.0098431441140405,1.0143175792438497,dynamic_precision_ensemble__trend_filter,0.6295087064161407,0.0
0,2023-05-24,-0.0029209001864962756,-0.004765369685291379,1.0068977967130102,1.0094954796693458,dynamic_precision_ensemble__trend_filter,0.6295087064161407,0.0
0,2023-05-25,0.0012918694281695642,0.0019265514632594773,1.0081994177750777,1.0114421992885017,dynamic_precision_ensemble__trend_filter,0.6295087064161407,0.0
0,2023-05-26,0.01003796398030871,0.01582100982316991,1.0183706510473605,1.0275714906630709,dynamic_precision_ensemble__trend_filter,0.683310779414764,0.053802072998623385
0,2023-05-28,0.0018975734762972504,0.0027181975231601366,1.020304918811023,1.030368432541982,dynamic_precision_ensemble__trend_filter,0.683310779414764,0.0
0,2023-05-29,-0.001308503524169189,-0.0020131460094776825,1.0189707193217643,1.028296236959694,dynamic_precision_ensemble__trend_filter,0.683310779414764,0.0
0,2023-05-30,-0.0009026569865509428,-0.0014230660004497613,1.0180513532813915,1.026833944262772,dynamic_precision_ensemble__trend_filter,0.683310779414764,0.0
0,2023-05-31,-0.00318741857604993,-0.004766178285709176,1.0148115635125392,1.0219515151210963,dynamic_precision_ensemble__trend_filter,0.683310779414764,0.0
0,2023-06-01,0.0055611783067034916,0.00803743674865922,1.0204708330833159,1.0301984836315639,dynamic_precision_ensemble__trend_filter,0.683310779414764,0.0
0,2023-06-02,0.009389991228827077,0.013640762552187232,1.0300981748442457,1.0443474585405086,dynamic_precision_ensemble__trend_filter,0.7349042170361825,0.051593437621418436
0,2023-06-04,-0.0006540098919973496,-0.0009335435161600832,1.0294247007015502,1.0433729696766225,dynamic_precision_ensemble__trend_filter,0.7349042170361825,0.0
0,2023-06-05,-0.0014894653310727536,-0.0021048954317679047,1.0278925496251177,1.041179088434437,dynamic_precision_ensemble__trend_filter,0.7349042170361825,0.0
0,2023-06-06,0.003095438399716497,0.00413416807132004,1.0310792572781122,1.0454924076282477,dynamic_precision_ensemble__trend_filter,0.7349042170361825,0.0
0,2023-06-07,-0.0032527991602995937,-0.004503729310006357,1.0277308123975912,1.0407943800918453,dynamic_precision_ensemble__trend_filter,0.7349042170361825,0.0
0,2023-06-08,0.003564499165973346,0.004773287837311282,1.0314006947818892,1.0457742670090495,dynamic_precision_ensemble__trend_filter,0.7349042170361825,0.0
0,2023-06-09,0.0017636798882183149,0.002323017364363221,1.0332213605077905,1.0482064426899342,dynamic_precision_ensemble__trend_filter,0.7349042170361825,0.0
0,2023-06-11,0.008452921077079073,0.01142521195488823,1.04199211615209,1.0602510988238223,dynamic_precision_ensemble__trend_filter,0.7349042170361825,0.0
0,2023-06-12,0.005833618815476726,0.007860641601814627,1.0480884655669953,1.0686181950084743,dynamic_precision_ensemble__trend_filter,0.7349042170361825,0.0
0,2023-06-13,0.0047150745241024755,0.006339186739653161,1.0530419496361443,1.0754138821075916,dynamic_precision_ensemble__trend_filter,0.7349042170361825,0.0
0,2023-06-14,0.0005551832620751491,0.0006787330837959687,1.053626743219629,1.0761440488542844,dynamic_precision_ensemble__trend_filter,0.7349042170361825,0.0
0,2023-06-15,0.0075035722381829924,0.010133984990535335,1.0615624434152948,1.0871051223640262,dynamic_precision_ensemble__trend_filter,0.7349042170361825,0.0
0,2023-06-16,-0.000973916754556946,-0.0014016600237260518,1.0605290732555808,1.0855824379646417,dynamic_precision_ensemble__trend_filter,0.7349042170361825,0.0
0,2023-06-18,-0.0001911346155130237,-0.00033651150382664474,1.0603263888095475,1.0852171884446937,dynamic_precision_ensemble__trend_filter,0.7349042170361825,0.0
0,2023-06-19,-0.0017204605709558755,-0.0024174982773282542,1.0585037074405634,1.0825968463734947,dynamic_precision_ensemble__trend_filter,0.7349042170361825,0.0
0,2023-06-20,-0.0017657599983511149,-0.0024798537490657584,1.0566362931238111,1.0799154905845136,dynamic_precision_ensemble__trend_filter,0.7349042170361825,0.0
0,2023-06-21,-0.004150530693467225,-0.005725005721328149,1.0522597804652414,1.0737506319858563,dynamic_precision_ensemble__trend_filter,0.7349042170361825,0.0
0,2023-06-22,0.002257985900212946,0.0029952008649468237,1.0546384527064456,1.0769715520508327,dynamic_precision_ensemble__trend_filter,0.7349042170361825,0.0
0,2023-06-23,-0.005846171272805499,-0.008032443499217326,1.0484908431794062,1.068355489253278,dynamic_precision_ensemble__trend_filter,0.7349042170361825,0.0
0,2023-06-25,0.0016026660060857734,0.0021033498548226268,1.050172571075562,1.0706049795196833,dynamic_precision_ensemble__trend_filter,0.7349042170361825,0.0
0,2023-06-26,-0.003046736428863767,-0.004224480211871073,1.046977841267799,1.0660917696638166,dynamic_precision_ensemble__trend_filter,0.7349042170361825,0.0
0,2023-06-27,0.005347044187232758,0.007197976572238474,1.052591071769948,1.073793157197967,dynamic_precision_ensemble__trend_filter,0.7349042170361825,0.0
0,2023-06-28,0.0025892313560426125,0.0034453612418866987,1.0553200049731835,1.077499143087658,dynamic_precision_ensemble__trend_filter,0.7349042170361825,0.0
0,2023-06-29,0.001879270101199181,0.0024790154428462182,1.0573051009872976,1.0801735937355976,dynamic_precision_ensemble__trend_filter,0.7349042170361825,0.0
0,2023-06-30,0.007475962763532394,0.010094985054434614,1.0652390947202741,1.0911331552526602,dynamic_precision_ensemble__trend_filter,0.7349042170361825,0.0
0,2023-07-02,0.001162112130940874,0.001503592480780812,1.0664777415784712,1.092775008890497,dynamic_precision_ensemble__trend_filter,0.7349042170361825,0.0
0,2023-07-03,-0.00014746504180510885,-0.0002785205027093892,1.066320484988935,1.092470691027022,dynamic_precision_ensemble__trend_filter,0.7349042170361825,0.0
0,2023-07-04,0.0002618497487951432,0.0002784429506383003,1.0665997372995424,1.0927749241435354,dynamic_precision_ensemble__trend_filter,0.7349042170361825,0.0
0,2023-07-05,-0.001336896114540772,-0.001897004987031109,1.0651747569925323,1.0907038896651728,dynamic_precision_ensemble__trend_filter,0.7349042170361825,0.0
0,2023-07-06,-0.005811614743560357,-0.007986137248447813,1.0590023249416272,1.0820280679670808,dynamic_precision_ensemble__trend_filter,0.7349042170361825,0.0
0,2023-07-07,-0.0011431226419513353,-0.0016336194734965068,1.0577924470572577,1.080261888869449,dynamic_precision_ensemble__trend_filter,0.832791484050722,0.09788726701453954
0,2023-07-09,-0.00010655470628017039,-0.00011267605657644899,1.0576797402985805,1.080140176076929,dynamic_precision_ensemble__trend_filter,0.832791484050722,0.0
0,2023-07-10,0.001628514692838509,0.001911832024412202,1.0594035905727446,1.0822071979260923,dynamic_precision_ensemble__trend_filter,0.832791484050722,0.0
0,2023-07-11,0.004924545277904509,0.00586956251282656,1.0646335385104564,1.0885779592266847,dynamic_precision_ensemble__trend_filter,0.832791484050722,0.0
0,2023-07-12,0.007464612856953599,0.008919786133045437,1.0726103505776639,1.098331275895014,dynamic_precision_ensemble__trend_filter,0.832791484050722,0.0
0,2023-07-13,0.0051719168647508355,0.006166760872687318,1.0781721723814848,1.105125349414889,dynamic_precision_ensemble__trend_filter,0.832791484050722,0.0
0,2023-07-14,-0.0009276150434809156,-0.0011575990677894497,1.0771725073787506,1.1038467975086386,dynamic_precision_ensemble__trend_filter,0.832791484050722,0.0
0,2023-07-16,-0.001066794450600082,-0.0013247230235270775,1.0760239984459397,1.1023854743794346,dynamic_precision_ensemble__trend_filter,0.832791484050722,0.0
0,2023-07-17,0.0035609446476160115,0.004232177097144949,1.079862490616877,1.107060851469736,dynamic_precision_ensemble__trend_filter,0.832791484050722,0.0
0,2023-07-18,0.0068462860962176745,0.008177151933609014,1.0872809034845792,1.116150569605844,dynamic_precision_ensemble__trend_filter,0.832791484050722,0.0
0,2023-07-19,-0.00019063117032403374,-0.0002726430046316339,1.0870736536082477,1.1158463004412398,dynamic_precision_ensemble__trend_filter,0.832791484050722,0.0
0,2023-07-20,-0.0035207711336783416,-0.004271411036163861,1.0832530457579905,1.1110902270422671,dynamic_precision_ensemble__trend_filter,0.832791484050722,0.0
0,2023-07-21,-0.000191597125509132,-0.00027388256258241363,1.0830455174697708,1.1107859604721804,dynamic_precision_ensemble__trend_filter,0.832791484050722,0.0
0,2023-07-23,-0.0004656041611280574,-0.0006029049419734074,1.0825413643471495,1.1101164639687922,dynamic_precision_ensemble__trend_filter,0.832791484050722,0.0
0,2023-07-24,0.00430520466292673,0.005125710896838701,1.0872119732262508,1.1158212079691459,dynamic_precision_ensemble__trend_filter,0.832791484050722,0.0
0,2023-07-25,0.001849042576515993,0.002176398693904189,1.0892241341667779,1.1182523243684541,dynamic_precision_ensemble__trend_filter,0.832791484050722,0.0
0,2023-07-26,0.00044416578756490717,0.000489449660614698,1.0897080377209107,1.1187997865557595,dynamic_precision_ensemble__trend_filter,0.832791484050722,0.0
0,2023-07-27,-0.0056175685589616485,-0.006789364379416191,1.0836036899587318,1.111229574679996,dynamic_precision_ensemble__trend_filter,0.832791484050722,0.0
0,2023-07-28,0.0074481491144036995,0.008899618499882692,1.0917046630000158,1.121163231272723,dynamic_precision_ensemble__trend_filter,0.832791484050722,0.0
0,2023-07-30,0.000984566946321895,0.0011382733230050996,1.0927800486340553,1.1224401480719077,dynamic_precision_ensemble__trend_filter,0.832791484050722,0.0
0,2023-07-31,0.000623231022032906,0.0007041491211394158,1.0934613153318415,1.1232307916485256,dynamic_precision_ensemble__trend_filter,0.832791484050722,0.0
0,2023-08-01,-0.0052746245463915365,-0.006377802776049445,1.0877089016853767,1.1160898431735469,dynamic_precision_ensemble__trend_filter,0.8889251983487496,0.056133714298027604
0,2023-08-02,-0.00831838430920471,-0.009353643637935683,1.0786984491848148,1.1056990083538805,dynamic_precision_ensemble__trend_filter,0.8889251983487496,0.0
0,2023-08-03,-0.0025261645399907366,-0.002869286061899867,1.0759769183777397,1.102530988751272,dynamic_precision_ensemble__trend_filter,0.8889251983487496,0.0
0,2023-08-04,-0.006447917563423348,-0.007281077999756489,1.0690614271262922,1.0945325286667986,dynamic_precision_ensemble__trend_filter,0.8889251983487496,0.0
0,2023-08-06,0.0017995064689268312,0.0019968950486737237,1.0709869420487617,1.0967203789806144,dynamic_precision_ensemble__trend_filter,0.8889251983487496,0.0
0,2023-08-07,0.006194245150571688,0.006940674969205302,1.0776414863832033,1.1043588360231167,dynamic_precision_ensemble__trend_filter,0.8889251983487496,0.0
0,2023-08-08,-0.004305448689865686,-0.004871047690375212,1.073011729998561,1.0989925318379323,dynamic_precision_ensemble__trend_filter,0.8889251983487496,0.0
0,2023-08-09,-0.0038301307693115773,-0.004336237723691844,1.0689098152052487,1.0942373562002572,dynamic_precision_ensemble__trend_filter,0.8889251983487496,0.0
0,2023-08-10,-0.0011136459315223897,-0.0012802675358279158,1.0677200907272522,1.0928373360280412,dynamic_precision_ensemble__trend_filter,0.8889251983487496,0.0
0,2023-08-11,-0.0013632136547162355,-0.0015610197562143308,1.0662655517690962,1.0911327261671546,dynamic_precision_ensemble__trend_filter,0.8889251983487496,0.0
0,2023-08-13,0.0009650255157971868,0.0010581423227078491,1.0672950218857409,1.0922879109515742,dynamic_precision_ensemble__trend_filter,0.8889251983487496,0.0
0,2023-08-14,0.004359780708500446,0.0048769867697044805,1.0719583522948226,1.0976279958191282,dynamic_precision_ensemble__trend_filter,0.8889251983487496,0.0
0,2023-08-15,-0.010947695802436984,-0.012343220891606397,1.060286882760588,1.0841630026569735,dynamic_precision_ensemble__trend_filter,0.8889251983487496,0.0
0,2023-08-16,-0.007418495461927948,-0.008373032683346793,1.052450253272738,1.0751231686279579,dynamic_precision_ensemble__trend_filter,0.8889251983487496,0.0
0,2023-08-17,-0.007583643857057814,-0.008558817038922091,1.0444990330929658,1.0659606522161735,dynamic_precision_ensemble__trend_filter,0.8889251983487496,0.0
0,2023-08-18,-0.0002799662344322679,-0.00034246576011827607,1.0442066495624704,1.0655956596934444,dynamic_precision_ensemble__trend_filter,0.8889251983487496,0.0
0,2023-08-20,0.0012910967143850319,0.00142490786337184,1.045555692021606,1.067115117614799,dynamic_precision_ensemble__trend_filter,0.8889251983487496,0.0
0,2023-08-21,0.003958974497987867,0.00442604862684629,1.049703224913833,1.0718486887964036,dynamic_precision_ensemble__trend_filter,0.8889251983487496,0.0
0,2023-08-22,-0.000985421989616796,-0.0011361702154019427,1.0486693337666306,1.0706315777943392,dynamic_precision_ensemble__trend_filter,0.8889251983487496,0.0
0,2023-08-23,0.01369856710904673,0.015382642757770855,1.0631334436174609,1.0872280423622724,dynamic_precision_ensemble__trend_filter,0.8889251983487496,0.0
0,2023-08-24,-0.0165382975106272,-0.01863249006037245,1.0456956198495888,1.0671578362712517,dynamic_precision_ensemble__trend_filter,0.8889251983487496,0.0
0,2023-08-25,0.005161011675472052,0.005778086919392114,1.0511064177379792,1.0733418155859311,dynamic_precision_ensemble__trend_filter,0.831121466757259,0.05780373159149066
0,2023-08-27,0.0015594655276933678,0.0018658837022112243,1.0527468607370787,1.075346416180736,dynamic_precision_ensemble__trend_filter,0.7086582843255697,0.1224631824316893
0,2023-08-28,0.0018154376614642387,0.004839091607443126,1.0546597929152202,1.080562726922027,rnnvolatility__trend_filter,0.3452017022062518,0.36345658211931786
0,2023-08-29,0.005178626628290132,0.014583274534919559,1.0601356486711142,1.0964363330776494,rnnvolatility__trend_filter,0.41563464072132095,0.07043293851506915
0,2023-08-30,0.0015405476195920209,0.0034810546661021725,1.0617700967704324,1.1002597387721906,rnnvolatility__trend_filter,0.4799159388686479,0.06428129814732697
0,2023-08-31,-0.0005546728264381758,-0.001327874684666465,1.0611813250527609,1.0987997013064463,rnnvolatility__trend_filter,0.550078601384781,0.07016266251613312
0,2023-09-01,0.00012450345668090523,0.00011064394800172697,1.061313454020981,1.0989212835695088,rnnvolatility__trend_filter,0.550078601384781,0.0
0,2023-09-03,0.0001900010730272292,0.0001659383823092727,1.0615151238742009,1.0991036519201256,rnnvolatility__trend_filter,0.6209393935845505,0.07086079219976948
0,2023-09-04,8.208721545069553e-05,5.530973454144033e-05,1.0616022642713858,1.0991644447325486,rnnvolatility__trend_filter,0.6941021193427415,0.07316272575819094
0,2023-09-05,-0.0028218065108317697,-0.0041097527544731415,1.0586108506702894,1.0946564204059548,rnnvolatility__trend_filter,0.6344098945504509,0.05969222479229053
0,2023-09-06,-0.0043843183452087495,-0.00699071731735538,1.0539797232840251,1.0870306725908374,rnnvolatility__trend_filter,0.6344098945504509,0.0
0,2023-09-07,-0.0018057913894482193,-0.0029728560696602544,1.0520781731931839,1.0838038856210275,rnnvolatility__trend_filter,0.8695303162075221,0.23512042165707114
0,2023-09-08,0.0011774304697778105,0.001456256816006208,1.053317651647544,1.0853833321774582,rnnvolatility__trend_filter,0.8695303162075221,0.0
0,2023-09-10,0.009899574256573795,0.011351925104486998,1.0637968320870381,1.0977747224722791,rnnvolatility__trend_filter,0.5329576093118356,0.3365727068956865
0,2023-09-11,0.0023143704538192214,0.004465284976528852,1.0662617032563724,1.1026875598947232,rnnvolatility__trend_filter,0.4809563463235155,0.05200126298832003
0,2023-09-12,-0.002149004002148453,-0.004652209938570547,1.0639727629405886,1.097569540151397,rnnvolatility__trend_filter,0.4809563463235155,0.0
0,2023-09-13,0.0010713224819759548,0.0019898310727607563,1.0651132316775564,1.0997556924424592,rnnvolatility__trend_filter,0.38451482594829645,0.09644152037521908
0,2023-09-14,0.0029980994810369127,0.007570012096341224,1.0683113388308507,1.1081124467960364,rnnvolatility__trend_filter,0.38451482594829645,0.0
0,2023-09-15,-0.0048641617028305426,-0.013003254775401268,1.063127517423386,1.0937966559826366,rnnvolatility__trend_filter,0.38451482594829645,0.0
0,2023-09-17,0.0007118189521139775,0.001498086339841686,1.0638845411387514,1.0954364858081753,rnnvolatility__trend_filter,0.38451482594829645,0.0
0,2023-09-18,-3.521483191746682e-05,-0.0004440743970527807,1.0638470772831012,1.0949501385064153,rnnvolatility__trend_filter,0.38451482594829645,0.0
0,2023-09-19,-0.0008490511624987232,-0.00255996717740795,1.0629442000341414,1.0921506868719246,rnnvolatility__trend_filter,0.38451482594829645,0.0
0,2023-09-20,-0.004345490147629696,-0.011654356058890949,1.058335207903101,1.079496256745334,rnnvolatility__trend_filter,0.38451482594829645,0.0
0,2023-09-21,-0.006089868990964045,-0.016191562199787356,1.0519096703378126,1.0621582692961438,rnnvolatility__trend_filter,0.44784158034105154,0.06332675439275509
0,2023-09-22,-0.00062841018610237,-0.0016044932673796761,1.0512488472418415,1.0604554099826382,rnnvolatility__trend_filter,0.44784158034105154,0.0
0,2023-09-24,0.0005576551372355577,0.0009732083057132487,1.0518352450506978,1.061487956355328,rnnvolatility__trend_filter,0.5435173562083518,0.0956757758673003
0,2023-09-25,0.001418852158375164,0.002512565459360683,1.0533287030058693,1.064158367716813,rnnvolatility__trend_filter,0.4807452424348255,0.06277211377352632
0,2023-09-26,-0.006230120503638383,-0.013133150369079747,1.0467867380314533,1.0502739882426042,rnnvolatility__trend_filter,0.4807452424348255,0.0
0,2023-09-27,0.00011496511136464114,0.0,1.0469070889033092,1.0502739882426042,rnnvolatility__trend_filter,0.4807452424348255,0.0
0,2023-09-28,0.002108777721140463,0.004148194198568772,1.0491171126539294,1.0546397775180485,rnnvolatility__trend_filter,0.4807452424348255,0.0
0,2023-09-29,-0.0009961123909918545,-0.0023098709678061042,1.0480725944135618,1.0522065070667457,rnnvolatility__trend_filter,0.5481978576228469,0.06745261518802137
0,2023-10-01,0.0019900467918978625,0.0035101925065093077,1.05016038462884,1.0559064444102715,rnnvolatility__trend_filter,0.5481978576228469,0.0
0,2023-10-02,-0.0023072495843585255,-0.004392569883891066,1.0477401955816183,1.0512784733467693,rnnvolatility__trend_filter,0.5481978576228469,0.0
0,2023-10-03,-0.007610646488617137,-0.014066808537897773,1.0397964820816639,1.0365938652697193,rnnvolatility__trend_filter,0.5481978576228469,0.0
0,2023-10-04,0.003453579257803915,0.006116424284326019,1.0433937097244983,1.0429535425759726,rnnvolatility__trend_filter,0.4912088095089251,0.0569890481139218
0,2023-10-05,-0.0005742352703089198,-0.0013415776304851492,1.0427947282501597,1.041555277583855,rnnvolatility__trend_filter,0.4912088095089251,0.0
0,2023-10-06,0.00681178256339203,0.013636003094301245,1.0499222672602024,1.0558552039143563,rnnvolatility__trend_filter,0.4912088095089251,0.0
0,2023-10-08,-0.003588026156417712,-0.007535866217665524,1.0461618689410896,1.0479283258123213,rnnvolatility__trend_filter,0.4912088095089251,0.0
0,2023-10-09,0.006493537848801407,0.012988122379562475,1.052977264700022,1.0616277192721806,rnnvolatility__trend_filter,0.4912088095089251,0.0
0,2023-10-10,0.0027409485532263337,0.005349445078908206,1.0558673802298673,1.0673220556411525,rnnvolatility__trend_filter,0.4912088095089251,0.0
0,2023-10-11,0.0030586350593824647,0.005996189396205225,1.0591018372072558,1.0737411466434157,rnnvolatility__trend_filter,0.4912088095089251,0.0
0,2023-10-12,-0.003976994427755113,-0.008327725532497976,1.0548981596439952,1.0648364544598399,rnnvolatility__trend_filter,0.4912088095089251,0.0
0,2023-10-13,-0.0034423783097501355,-0.007238946251954273,1.0512730441894382,1.0571559933609098,rnnvolatility__trend_filter,0.4912088095089251,0.0
0,2023-10-15,0.0019689880609831695,0.0037774815196551094,1.0533450274480218,1.0611569325686112,rnnvolatility__trend_filter,0.5821588737783323,0.09095006426940722
0,2023-10-16,0.004576841289225481,0.007780191085633553,1.0581770697719346,1.0694451363725277,rnnvolatility__trend_filter,0.5821588737783323,0.0
0,2023-10-17,-0.0012654622235514605,-0.002333790824031856,1.0568388335865662,1.0669521852711632,rnnvolatility__trend_filter,0.5821588737783323,0.0
0,2023-10-18,-0.0063398162429365865,-0.01104994800191526,1.050159863674982,1.0552273179918714,rnnvolatility__trend_filter,0.6765430466119334,0.09438417283360112
0,2023-10-19,-0.007693906638943142,-0.011408861459366124,1.0421110349014366,1.043256790599226,rnnvolatility__trend_filter,0.6765430466119334,0.0
0,2023-10-20,-0.00797791472194887,-0.011898029910870696,1.03383023760223,1.0309176414464944,rnnvolatility__trend_filter,0.6765430466119334,0.0
0,2023-10-22,0.0027309576551340586,0.00393078161961801,1.0366574429356041,1.034977928385496,rnnvolatility__trend_filter,0.6765430466119334,0.0
0,2023-10-23,-0.0010814035264372723,-0.0017042791509616188,1.0355370038536833,1.0332155393085045,rnnvolatility__trend_filter,0.5953377228287495,0.0812053237831839
0,2023-10-24,0.0020365922923439596,0.0033386110219957104,1.0376481195454508,1.0366708087870575,rnnvolatility__trend_filter,0.5953377228287495,0.0
0,2023-10-25,-0.010812002047659504,-0.018311885918360946,1.0264894981735257,1.017860166011157,rnnvolatility__trend_filter,0.5953377228287495,0.0
0,2023-10-26,-0.001548138513370758,-0.0027511996405429314,1.024901579723838,1.0150636781004791,rnnvolatility__trend_filter,0.5953377228287495,0.0
0,2023-10-27,-0.0061710136331069206,-0.010516330158008805,1.0185963728707452,1.0044448666575294,rnnvolatility__trend_filter,0.5953377228287495,0.0
0,2023-10-29,0.0019548955332177533,0.003132912708232535,1.0205895699815168,1.0075966392813287,rnnvolatility__trend_filter,0.5230479538978859,0.07228976893086358
0,2023-10-30,0.004134689199578289,0.0077714796225135255,1.024818126513072,1.0154576623571185,rnnvolatility__trend_filter,0.5230479538978859,0.0
0,2023-10-31,0.002657251908933187,0.004878068150085868,1.027544947757032,1.0204232353929192,rnnvolatility__trend_filter,0.582781472704168,0.05973351880628208
0,2023-11-01,0.008771092083633273,0.014943423738528904,1.0365972805014443,1.035786355107397,rnnvolatility__trend_filter,0.582781472704168,0.0
0,2023-11-02,0.008373676129404008,0.014211097550475433,1.0453138543555278,1.050611104527486,rnnvolatility__trend_filter,0.582781472704168,0.0
0,2023-11-03,0.006846559131430611,0.011590987710096933,1.0524952132169372,1.0628595737235857,rnnvolatility__trend_filter,0.582781472704168,0.0
0,2023-11-05,-0.00010817325056750129,-0.0003427004864879964,1.052381367546156,1.0624953936365131,rnnvolatility__trend_filter,0.582781472704168,0.0
0,2023-11-06,2.5462053767203087e-05,-0.00011424654429051875,1.052408163678261,1.0623740141431914,rnnvolatility__trend_filter,0.6468801468292507,0.06409867412508263
0,2023-11-07,0.0027686518145894974,0.004209341226339573,1.0553259527574892,1.066855333963978,rnnvolatility__trend_filter,0.6468801468292507,0.0
0,2023-11-08,-0.0002537151665639636,-0.0005122076372137299,1.0550582345211306,1.0663090224385312,rnnvolatility__trend_filter,0.6468801468292507,0.0
0,2023-11-09,-0.00474407400855942,-0.007453769940532838,1.0500648141164557,1.058390548204007,rnnvolatility__trend_filter,0.5959682858538549,0.050911860975395795
0,2023-11-10,0.008717804861224771,0.014521927104039302,1.059259092991646,1.073872560844296,rnnvolatility__trend_filter,0.5959682858538549,0.0
0,2023-11-12,-0.0003831611041840896,-0.0007916761740629268,1.0588533038542298,1.073022737960546,rnnvolatility__trend_filter,0.6703354884581871,0.07436720260433227
0,2023-11-13,0.0010573240594705141,0.0015244769048682453,1.0599734470006401,1.0746597838452416,rnnvolatility__trend_filter,0.6172126549550988,0.05312283350308833
0,2023-11-14,0.012186397110597928,0.01965144258712848,1.0729697324626848,1.095987270479514,rnnvolatility__trend_filter,0.4651696001277165,0.15204305482738228
0,2023-11-15,4.133115683186633e-05,0.0,1.073014080459444,1.095987270479514,rnnvolatility__trend_filter,0.4651696001277165,0.0
0,2023-11-16,0.0009137600851319712,0.0017129919416068807,1.0739950059939998,1.0978662967609127,rnnvolatility__trend_filter,0.4651696001277165,0.0
0,2023-11-17,6.530196197389495e-05,-0.0001105277703271713,1.0740651422650345,1.0977449587527477,rnnvolatility__trend_filter,0.4651696001277165,0.0
0,2023-11-19,0.00019382457504710254,0.0001657641735959065,1.0742733426613318,1.0979269406212748,rnnvolatility__trend_filter,0.527712470174841,0.0625428700471245
0,2023-11-20,0.004668445414785897,0.008709098667308315,1.0793002539226544,1.1075306538174277,rnnvolatility__trend_filter,0.527712470174841,0.0
0,2023-11-21,-0.0021023143057025797,-0.004180200269909333,1.0770336089935435,1.1029106169466647,rnnvolatility__trend_filter,0.5940129891393405,0.06630051896449951
0,2023-11-22,0.0024316302617584835,0.003999134150166953,1.0796557432485872,1.1073301356935124,rnnvolatility__trend_filter,0.5940129891393405,0.0
0,2023-11-23,0.001031450619842411,0.0015861736129318003,1.0807699293493684,1.109087947264172,rnnvolatility__trend_filter,0.5940129891393405,0.0
0,2023-11-24,-0.00023583400894913948,-0.000547255540911631,1.0805150770967737,1.1084811587889947,rnnvolatility__trend_filter,0.7762756685948147,0.18226267945547414
0,2023-11-26,-0.0011054611123701887,-0.0013700135805509157,1.0793212696731287,1.1069635643475353,rnnvolatility__trend_filter,0.6111880273172574,0.16508764127755726
0,2023-11-27,0.00026998241358390437,0.00043821210868029865,1.0796127067742234,1.1074487554858519,rnnvolatility__trend_filter,0.6111880273172574,0.0
0,2023-11-28,0.00011786464060854202,5.477351155720828e-05,1.079739962437228,1.107509416004339,rnnvolatility__trend_filter,0.6111880273172574,0.0
0,2023-11-29,-0.0001503490781533967,-0.0003835616532396173,1.079577636732296,1.1070846993194818,rnnvolatility__trend_filter,0.560411707430297,0.05077631988696041
0,2023-11-30,0.0013564257017744438,0.0022960877391935445,1.0810429971874371,1.1096295834444,rnnvolatility__trend_filter,0.47621033862215906,0.08420136880813794
0,2023-12-01,0.0032772309924589725,0.006733326377002909,1.0845916364812345,1.1171262921569705,rnnvolatility__trend_filter,0.47621033862215906,0.0
0,2023-12-03,-0.0005344897075421297,-0.001359360975303651,1.0840120883097124,1.1156087459511566,rnnvolatility__trend_filter,0.40872273216889954,0.06748760645325952
0,2023-12-04,-0.0024100095507307187,-0.0061272881308174106,1.0814027543466138,1.1087939890339369,rnnvolatility__trend_filter,0.3358531343064952,0.07286959786240432
0,2023-12-05,0.0007124248572506056,0.0018020979614249524,1.082173447047231,1.1107939459390983,rnnvolatility__trend_filter,0.3358531343064952,0.0
0,2023-12-06,-0.0015337178470575898,-0.0049942581540321895,1.0805149704605543,1.1052601842365972,rnnvolatility__trend_filter,0.3358531343064952,0.0
0,2023-12-07,0.0022861786722155417,0.006380237488450143,1.0829880466108548,1.1123345507695779,rnnvolatility__trend_filter,0.3358531343064952,0.0
0,2023-12-08,0.001801761664581231,0.004937889753227764,1.084941091889139,1.1178407193888276,rnnvolatility__trend_filter,0.3358531343064952,0.0
0,2023-12-10,0.0004528812362095243,0.0009216091514194273,1.0854325526303223,1.1188714064980292,rnnvolatility__trend_filter,0.3358531343064952,0.0
0,2023-12-11,0.004936314435716252,0.014268641713274712,1.0908038352719667,1.1349506232097948,rnnvolatility__trend_filter,0.3358531343064952,0.0
0,2023-12-12,0.0019823738572812655,0.005474092002333369,1.0929683610192122,1.141180483195887,rnnvolatility__trend_filter,0.3358531343064952,0.0
0,2023-12-13,0.004738439640557606,0.013681824753388876,1.098159615135903,1.1569012134847871,rnnvolatility__trend_filter,0.3358531343064952,0.0
0,2023-12-14,0.0003190515287074808,0.0005239168259832658,1.0985100405387846,1.1575074923025013,rnnvolatility__trend_filter,0.3358531343064952,0.0
0,2023-12-15,-1.5081989289436436e-05,-0.00047174758013307196,1.0984934729470555,1.156961569722974,rnnvolatility__trend_filter,0.3358531343064952,0.0
0,2023-12-17,0.000477503194030826,0.0009949208323484849,1.0990181323423094,1.1581132277001756,rnnvolatility__trend_filter,0.3358531343064952,0.0
0,2023-12-18,0.0013180743994285218,0.003496145721663817,1.1004676750997973,1.1621692463911946,rnnvolatility__trend_filter,0.3358531343064952,0.0
0,2023-12-19,0.0019905554212019524,0.005500806191467284,1.1026603986411698,1.168579729425169,rnnvolatility__trend_filter,0.38987559036182046,0.05402245605532524
0,2023-12-20,-0.004667248270618348,-0.012239628083209247,1.097525999879705,1.1543639237091239,rnnvolatility__trend_filter,0.38987559036182046,0.0
0,2023-12-21,0.0028967420537967443,0.007093367888140627,1.1007098587813353,1.1625813618972747,rnnvolatility__trend_filter,0.38987559036182046,0.0
0,2023-12-22,0.0006191159565999782,0.0012501956687978215,1.1013915368155935,1.1640357250103466,rnnvolatility__trend_filter,0.38987559036182046,0.0
0,2023-12-25,0.001003039483078301,0.0022349290965100466,1.1024968302471554,1.1666401716142163,rnnvolatility__trend_filter,0.38987559036182046,0.0
0,2023-12-26,0.0014849033704823606,0.003470250924169219,1.1041351475767656,1.1706957385954884,rnnvolatility__trend_filter,0.38987559036182046,0.0
0,2023-12-27,0.0007566899323821301,0.0016030620168922935,1.104970951709332,1.1725739415030207,rnnvolatility__trend_filter,0.38987559036182046,0.0
0,2023-12-28,0.0001924111983448838,0.00015511090491848454,1.1051835809497543,1.1727558346146092,rnnvolatility__trend_filter,0.38987559036182046,0.0
0,2023-12-29,-0.0016919799751372894,-0.004675098824244526,1.1033152135277986,1.1672858814397595,rnnvolatility__trend_filter,0.46032752687626216,0.0704519365144417
0,2024-01-01,0.0008681476965559225,0.0017112640589727083,1.1042734699828802,1.1692851259449608,rnnvolatility__trend_filter,0.46032752687626216,0.0
0,2024-01-02,-0.0030073938082261433,-0.0067871460996219235,1.1009574735395222,1.1613758879019214,rnnvolatility__trend_filter,0.46032752687626216,0.0
0,2024-01-03,-0.0036137719258984083,-0.008105351726658806,1.0969860445713142,1.1520005742780786,rnnvolatility__trend_filter,0.46032752687626216,0.0
0,2024-01-04,-0.0014384759519846168,-0.0033798120904021205,1.0954091909314598,1.1481136011285222,rnnvolatility__trend_filter,0.35236685393260697,0.10796067294365519
0,2024-01-05,0.00019819638391678967,0.00031675641961455736,1.095626318588259,1.1484773310859848,rnnvolatility__trend_filter,0.35236685393260697,0.0
0,2024-01-07,0.00040080367977750553,0.0007385525043771565,1.096065537662841,1.1493258551963126,rnnvolatility__trend_filter,0.4168824093167909,0.06451555538418391
0,2024-01-08,0.005156831298994084,0.012142672531093138,1.1017323616026333,1.1633668175700818,rnnvolatility__trend_filter,0.4168824093167909,0.0
0,2024-01-09,-0.0003301666318510332,-0.0010955761790407855,1.1013686663829185,1.162092958529492,rnnvolatility__trend_filter,0.3489975864757809,0.06788482284101
0,2024-01-10,0.0022244362862252204,0.006066928640862995,1.1038213176808707,1.169164723839464,rnnvolatility__trend_filter,0.3489975864757809,0.0
0,2024-01-11,-0.0006025166086340969,-0.0021305358034315446,1.1031564473218343,1.1666764281779487,rnnvolatility__trend_filter,0.3489975864757809,0.0
0,2024-01-12,0.00015891142128995073,5.196154847755345e-05,1.1033317654104378,1.166737052066771,rnnvolatility__trend_filter,0.3489975864757809,0.0
0,2024-01-14,6.822406591494882e-05,-0.0002078894043349677,1.1034070417573272,1.166494525006278,rnnvolatility__trend_filter,0.3489975864757809,0.0
0,2024-01-15,1.376318031656574e-05,-0.00036393886630499325,1.1034222282519126,1.1660700695538992,rnnvolatility__trend_filter,0.3489975864757809,0.0
0,2024-01-16,-0.000459031690613166,-0.0017186613321652031,1.1029158387143325,1.1640677111955835,rnnvolatility__trend_filter,0.3489975864757809,0.0
0,2024-01-17,-0.002090374554638935,-0.006394508627173834,1.1006127395178023,1.1566478187399947,rnnvolatility__trend_filter,0.3489975864757809,0.0
0,2024-01-18,0.0034026536116803087,0.009346416055014553,1.1043641221393223,1.167509008014707,rnnvolatility__trend_filter,0.40429325180355924,0.055295665327778354
0,2024-01-19,0.004667443615891064,0.011294455085981571,1.109530727450758,1.1807701336917047,rnnvolatility__trend_filter,0.40429325180355924,0.0
0,2024-01-21,0.0005227867019155976,0.0009744590731205333,1.110110927007528,1.1819213066561272,rnnvolatility__trend_filter,0.40429325180355924,0.0
0,2024-01-22,0.0006881298880839561,0.0013828429504800105,1.1108750904071738,1.1835568487913835,rnnvolatility__trend_filter,0.33946982801525827,0.06482342378830097
0,2024-01-23,0.0017197034245598924,0.004740562174724885,1.1127871096862425,1.1891808936551824,rnnvolatility__trend_filter,0.33946982801525827,0.0
0,2024-01-24,-0.00020385794234506417,-0.0010205124742626226,1.1125602823168597,1.1879679387421311,rnnvolatility__trend_filter,0.33946982801525827,0.0
0,2024-01-25,0.0011270477696659544,0.0029000295067207298,1.1138148977746356,1.1914180811569006,rnnvolatility__trend_filter,0.33946982801525827,0.0
0,2024-01-26,7.347549495178726e-05,-0.00020355198349292136,1.1138967388821555,1.191175590323894,rnnvolatility__trend_filter,0.33946982801525827,0.0
0,2024-01-28,-0.00044579095755889275,-0.0017331914673510873,1.1134002844539765,1.1891128430389908,rnnvolatility__trend_filter,0.33946982801525827,0.0
0,2024-01-29,0.003466376095367487,0.009792696394797677,1.1172664454974552,1.2008146667797006,rnnvolatility__trend_filter,0.33946982801525827,0.0
0,2024-01-30,-0.001441768397494176,-0.004665567897960191,1.1156567667155912,1.195225233498223,rnnvolatility__trend_filter,0.33946982801525827,0.0
0,2024-01-31,-0.003547343260015489,-0.010868106941950494,1.1117061604247425,1.182305730278311,rnnvolatility__trend_filter,0.33946982801525827,0.0
0,2024-02-01,0.0054357756433038714,0.015594094296492389,1.1177655996499878,1.2008872215411603,rnnvolatility__trend_filter,0.33946982801525827,0.0
0,2024-02-02,0.0014223040174732161,0.0037705584375634475,1.1193565332804123,1.2054237842996645,rnnvolatility__trend_filter,0.33946982801525827,0.0
0,2024-02-04,0.00041515781228849844,0.0008037374653636764,1.1198213393672027,1.2063930180092926,rnnvolatility__trend_filter,0.33946982801525827,0.0
0,2024-02-05,-0.001141747662061338,-0.003781775847317762,1.1185435155860242,1.2018393259798543,rnnvolatility__trend_filter,0.33946982801525827,0.0
0,2024-02-06,0.0011835289533706,0.0030664100773737037,1.1198681279262337,1.2055303143502334,rnnvolatility__trend_filter,0.33946982801525827,0.0
0,2024-02-07,0.002884507729608833,0.00807787411473136,1.1231030595470226,1.2153078742529742,rnnvolatility__trend_filter,0.39790422694343874,0.058434398928180475
0,2024-02-08,0.0002197532983126925,0.00029908778672340795,1.123349892268862,1.2156714123574655,rnnvolatility__trend_filter,0.39790422694343874,0.0
0,2024-02-09,0.002241026874204496,0.005305459273978003,1.1258701725196782,1.2221382471215267,rnnvolatility__trend_filter,0.39790422694343874,0.0
0,2024-02-11,0.00016941725800614682,9.915716426750676e-05,1.1260609305155695,1.2222594368927717,rnnvolatility__trend_filter,0.466286758856801,0.06838253191336224
0,2024-02-12,-0.000590583943557862,-0.0014398495614268616,1.1253960933509406,1.2205008335445648,rnnvolatility__trend_filter,0.5289851388030111,0.06269837994621014
0,2024-02-13,-0.00660514914876674,-0.012619740640443687,1.1179871797289875,1.2051952092063987,rnnvolatility__trend_filter,0.5289851388030111,0.0
0,2024-02-14,0.004950272610630106,0.009166214133520622,1.1235352419243065,1.2162930715550893,rnnvolatility__trend_filter,0.5289851388030111,0.0
0,2024-02-15,0.003218878495437821,0.005893165444269941,1.12715759217842,1.2234820499683354,rnnvolatility__trend_filter,0.5289851388030111,0.0
0,2024-02-16,-0.00345868315523357,-0.0067305323332098425,1.1232658452404294,1.215275014312922,rnnvolatility__trend_filter,0.5289851388030111,0.0
0,2024-02-18,0.0011544806219106168,0.001990249100429041,1.1245633827388468,1.2176961228222625,rnnvolatility__trend_filter,0.4098315890181199,0.11915354978489123
0,2024-02-19,-0.0006676065512498666,-0.001794438207127256,1.1238128674095853,1.2155130016985827,rnnvolatility__trend_filter,0.4098315890181199,0.0
0,2024-02-20,-0.0020908155534557498,-0.005412475022324462,1.121465636655594,1.2089518400168042,rnnvolatility__trend_filter,0.4098315890181199,0.0
0,2024-02-21,0.0028207143702554454,0.0065717888931982665,1.1246334365215938,1.2169229799274197,rnnvolatility__trend_filter,0.4098315890181199,0.0
0,2024-02-22,0.006356916946323188,0.015199646109663798,1.1318054095391887,1.2355610658932643,rnnvolatility__trend_filter,0.4098315890181199,0.0
0,2024-02-23,-0.0002140223255089676,-0.0008341921571832991,1.1315632038330543,1.2345308003218496,rnnvolatility__trend_filter,0.46125613510189906,0.051424546083779166
0,2024-02-25,0.0004980535413289657,0.0008824828326148607,1.1321269232635374,1.235620733412354,rnnvolatility__trend_filter,0.46125613510189906,0.0
0,2024-02-26,-0.001676521523055246,-0.003888187757674445,1.1302304782694794,1.2308257359696464,rnnvolatility__trend_filter,0.46125613510189906,0.0
0,2024-02-27,0.00081918687810709,0.0015234169735792143,1.1311567275803571,1.2327022257626283,rnnvolatility__trend_filter,0.46125613510189906,0.0
0,2024-02-28,-0.0013615945861869465,-0.0032045016346193868,1.1296175987764658,1.2287583519151823,rnnvolatility__trend_filter,0.5593662239989239,0.09811008889702483
0,2024-02-29,0.002954179795066899,0.005198650224624647,1.1329596263074877,1.2351628697975234,rnnvolatility__trend_filter,0.5593662239989239,0.0
0,2024-03-01,0.004584978516463385,0.008027330362915095,1.138166148629656,1.2451178326366636,rnnvolatility__trend_filter,0.5593662239989239,0.0
0,2024-03-03,0.0004211282846975307,0.0005834589721858162,1.1386455635280306,1.2458445197829968,rnnvolatility__trend_filter,0.5593662239989239,0.0
0,2024-03-04,-0.0011034363993990873,-0.0021439377132671774,1.1373898335037396,1.2431763679298646,rnnvolatility__trend_filter,0.4833750576978905,0.07599116630103336
0,2024-03-05,-0.003987291541642447,-0.008402221295537997,1.1328637580287693,1.2327746847930918,rnnvolatility__trend_filter,0.43178134999240253,0.05159370770548799
0,2024-03-06,0.0018512826841857518,0.004061670097516362,1.1349629515883555,1.2377919912915698,rnnvolatility__trend_filter,0.43178134999240253,0.0
0,2024-03-07,0.004391208947033872,0.00988436116335238,1.1399577696747214,1.2500874406035363,rnnvolatility__trend_filter,0.43178134999240253,0.0
0,2024-03-08,-0.0022116597725104154,-0.005407274950523562,1.137439356895843,1.2433461166217243,rnnvolatility__trend_filter,0.43178134999240253,0.0
0,2024-03-10,-8.733957487606022e-05,-0.0004873769566159179,1.1373400177641464,1.2427402860213144,rnnvolatility__trend_filter,0.43178134999240253,0.0
0,2024-03-11,0.005916243909865119,0.013415800231401884,1.144088742583885,1.2595249797401848,rnnvolatility__trend_filter,0.43178134999240253,0.0
0,2024-03-12,0.003706157017479045,0.00829726768611024,1.1483367821942907,1.270019071593943,rnnvolatility__trend_filter,0.43178134999240253,0.0
0,2024-03-13,-0.00022675308094980863,-0.0008113010339098703,1.1480764228107219,1.2689891216642886,rnnvolatility__trend_filter,0.43178134999240253,0.0
0,2024-03-14,-0.001946952898182719,-0.004795261474218787,1.1458433466444484,1.2629185536309626,rnnvolatility__trend_filter,0.43178134999240253,0.0
0,2024-03-15,-0.0023963847346472203,-0.005836139771700625,1.1431007526079757,1.2555694504877841,rnnvolatility__trend_filter,0.43178134999240253,0.0
0,2024-03-17,0.00033170920222020056,0.00048209036240642655,1.1434799925418913,1.2561748943467947,rnnvolatility__trend_filter,0.43178134999240253,0.0
0,2024-03-18,0.002133289691546252,0.004654527382573582,1.145921970419482,1.2620354232053481,rnnvolatility__trend_filter,0.43178134999240253,0.0
0,2024-03-19,0.002472664730073555,0.0054405155650953,1.1487589572723587,1.2689202581126056,rnnvolatility__trend_filter,0.49018883393086854,0.05840748393846601
0,2024-03-20,0.006020893203659383,0.012116652096164865,1.1556963760421628,1.2843888479295038,rnnvolatility__trend_filter,0.49018883393086854,0.0
0,2024-03-21,0.0007801303932874837,0.00136534882360027,1.156598321682385,1.2861436844414427,rnnvolatility__trend_filter,0.49018883393086854,0.0
0,2024-03-22,-0.0017660778767999942,-0.0038281675717923517,1.1545574816457906,1.2812295230140716,rnnvolatility__trend_filter,0.49018883393086854,0.0
0,2024-03-24,0.00041143216011405097,0.0006140185536083342,1.1550326014575232,1.2820164632858724,rnnvolatility__trend_filter,0.49018883393086854,0.0
0,2024-03-25,-0.0007477026830773512,-0.0017506514734426598,1.1541693032677776,1.2797740626791119,rnnvolatility__trend_filter,0.49018883393086854,0.0
0,2024-03-26,-0.0006561265736255227,-0.0015638334492182578,1.1534122704992575,1.277774273268791,rnnvolatility__trend_filter,0.49018883393086854,0.0
0,2024-03-27,0.0026982247208284316,0.005279556943395166,1.1565286384406304,1.2845381948485912,rnnvolatility__trend_filter,0.49018883393086854,0.0
0,2024-03-28,0.000179757886576935,0.00014139605080813975,1.1567365522709576,1.2847198363178456,rnnvolatility__trend_filter,0.4303729289751173,0.05981590495575123
0,2024-03-31,0.002373496413166404,0.005297727579738803,1.159485323137217,1.291543992326182,rnnvolatility__trend_filter,0.4303729289751173,0.0
0,2024-04-01,-0.0033757207704367973,-0.00812940214846346,1.1555778234734295,1.2810870736576339,rnnvolatility__trend_filter,0.4303729289751173,0.0
0,2024-04-02,-0.0024146547411768838,-0.00589525136408653,1.1527908681247787,1.2735569611007427,rnnvolatility__trend_filter,0.3726248061518585,0.05774812282325881
0,2024-04-03,0.0015354896253736792,0.003836144866531995,1.154562326222724,1.2784518929302908,rnnvolatility__trend_filter,0.3726248061518585,0.0
0,2024-04-04,-0.005454102748434009,-0.014998397049160549,1.1482823660077828,1.2594202427208832,rnnvolatility__trend_filter,0.3726248061518585,0.0
0,2024-04-05,0.004034658869550244,0.010464920614037438,1.1529246523640129,1.2726691792025153,rnnvolatility__trend_filter,0.3726248061518585,0.0
0,2024-04-07,0.0003477440362560127,0.0005704778060841843,1.1533256447534401,1.273395415854988,rnnvolatility__trend_filter,0.3726248061518585,0.0
0,2024-04-08,-0.00011299853305863947,-0.0006660007152273636,1.153195328010383,1.2725476159462714,rnnvolatility__trend_filter,0.3726248061518585,0.0
0,2024-04-09,0.000613166458598874,0.0012827825640092155,1.1539026455352617,1.2741810652960603,rnnvolatility__trend_filter,0.3726248061518585,0.0
0,2024-04-10,-0.004579412009530284,-0.012653692388143309,1.1486305307089075,1.2581595494897326,rnnvolatility__trend_filter,0.3726248061518585,0.0
0,2024-04-11,0.0035639069850832983,0.009200244494670867,1.1527314463809608,1.2697883367754892,rnnvolatility__trend_filter,0.42573971573608466,0.053114909584226155
0,2024-04-12,-0.0063301226624621785,-0.015097832602208892,1.1454575615091995,1.2507612801096242,rnnvolatility__trend_filter,0.42573971573608466,0.0
0,2024-04-14,0.0014795198163982824,0.003183489849965312,1.1471535429800204,1.2547494106679815,rnnvolatility__trend_filter,0.42573971573608466,0.0
0,2024-04-15,-0.006571622503390749,-0.015727459780066202,1.139639599384091,1.235169762431429,rnnvolatility__trend_filter,0.49223626707633744,0.06649655134025279
0,2024-04-16,0.0004380315905027941,0.0007343582369750085,1.1401389068786536,1.2360771526544971,rnnvolatility__trend_filter,0.5469824519976775,0.054746184921340035
0,2024-04-17,-0.004275084429941286,-0.007944815710122512,1.1352751207457545,1.2262956550218964,rnnvolatility__trend_filter,0.5469824519976775,0.0
0,2024-04-18,-0.0027507366306589835,-0.00520835685044128,1.1321565690088822,1.2199252736568693,rnnvolatility__trend_filter,0.6447451331150601,0.09776268111738262
0,2024-04-19,-0.004675447502491402,-0.007294958158075482,1.126875585506548,1.2110583510663258,rnnvolatility__trend_filter,0.6447451331150601,0.0
0,2024-04-21,0.0024199549020684605,0.0036341992749650575,1.1296058758610565,1.2154675856133308,rnnvolatility__trend_filter,0.7217315790011388,0.07698644588607872
0,2024-04-22,0.0034898515722842326,0.00480580528293192,1.133554919483068,1.221322944745935,rnnvolatility__trend_filter,0.7217315790011388,0.0
0,2024-04-23,0.009970410021372424,0.013731192799662378,1.1449134573569908,1.2382088319446969,rnnvolatility__trend_filter,0.7217315790011388,0.0
0,2024-04-24,-0.005806070662636429,-0.008128168136049751,1.1382852694047072,1.2281852542193266,rnnvolatility__trend_filter,0.6465841106105217,0.07514746839061714
0,2024-04-25,0.005659476592762956,0.00869236480187482,1.1447456321350156,1.2389076223483468,rnnvolatility__trend_filter,0.593666532901027,0.05291757770949468
0,2024-04-26,0.0014787132710428496,0.0023871021855874524,1.1464396348567003,1.2418685540586618,rnnvolatility__trend_filter,0.593666532901027,0.0
0,2024-04-28,0.001242630261438983,0.0019448643569268574,1.147865120932526,1.24428617015107,rnnvolatility__trend_filter,0.593666532901027,0.0
0,2024-04-29,0.0004340462575435004,0.0005831187463022719,1.148363455634764,1.245011948329515,rnnvolatility__trend_filter,0.593666532901027,0.0
0,2024-04-30,-0.010124322897425144,-0.01720216942198277,1.1367957098127686,1.2237781987529825,rnnvolatility__trend_filter,0.593666532901027,0.0
0,2024-05-01,0.0011425518284473833,0.0017762875087381043,1.1380953001128467,1.2259539124553624,rnnvolatility__trend_filter,0.593666532901027,0.0
0,2024-05-02,0.004738130643008909,0.007832850604844049,1.1435005395821116,1.2355943329975363,rnnvolatility__trend_filter,0.5371498907145782,0.05651664218644881
0,2024-05-03,0.005769692366395709,0.010607581029279273,1.1501172557692407,1.248770761468872,rnnvolatility__trend_filter,0.5371498907145782,0.0
0,2024-05-05,-0.0001341666955197949,-0.0004361099135172487,1.14996295868857,1.2482262788958385,rnnvolatility__trend_filter,0.5371498907145782,0.0
0,2024-05-06,0.004872639891178098,0.008884950507880709,1.1555799878410347,1.2593661228036699,rnnvolatility__trend_filter,0.5371498907145782,0.0
0,2024-05-07,0.0009757659711774837,0.001630227036157486,1.1567081137740827,1.2614208498862458,rnnvolatility__trend_filter,0.5935217656393293,0.05637187492475115
0,2024-05-08,-0.00036746496535603493,-0.0007197351995975603,1.1562831421530007,1.2605132875405372,rnnvolatility__trend_filter,0.6573731813758856,0.06385141573655628
0,2024-05-09,0.004210854555408255,0.006341226888661933,1.1611623478927842,1.2685318852971157,rnnvolatility__trend_filter,0.6573731813758856,0.0
0,2024-05-10,-0.0001764702936865078,-0.00038157017047161135,1.1609574553114925,1.268047943704104,rnnvolatility__trend_filter,0.750588307803147,0.09321512642726137
0,2024-05-12,0.00018648337170260238,0.00023842449322265845,1.1611739747601733,1.2683503134372065,rnnvolatility__trend_filter,0.6336390918614632,0.11694921594168384
0,2024-05-13,0.0002019878829081039,0.00028602755788791556,1.1614085415220474,1.2687131484678404,rnnvolatility__trend_filter,0.546207111681843,0.08743198017962017
0,2024-05-14,0.0028777597225449203,0.005169329701097385,1.1647556099637386,1.2752885255321196,rnnvolatility__trend_filter,0.6213551222498814,0.07514801056803844
0,2024-05-15,0.007756514389694979,0.012411916318126678,1.1738251822755723,1.2912159403874812,rnnvolatility__trend_filter,0.6213551222498814,0.0
0,2024-05-16,-0.00199125357147787,-0.0033364723505381277,1.171490124306895,1.2869150130562088,rnnvolatility__trend_filter,0.5285196951228758,0.09283542712700565
0,2024-05-17,0.0008245355886089979,0.0014546483476444083,1.1724564579395778,1.2887883840711976,rnnvolatility__trend_filter,0.47380271757573783,0.054716977547137946
0,2024-05-19,0.0007526845040373547,0.0014057452736081692,1.1733392799486715,1.2906013662477938,rnnvolatility__trend_filter,0.47380271757573783,0.0
0,2024-05-20,-0.0002194688216933819,-0.0007033668403167089,1.173081796815248,1.2896939192141954,rnnvolatility__trend_filter,0.38147835336556796,0.09232436421016987
0,2024-05-21,0.0011578579889320402,0.0028055774229819993,1.1744408455862674,1.2933173358677397,rnnvolatility__trend_filter,0.38147835336556796,0.0
0,2024-05-22,-0.0002590818057412818,-0.0010297698879998293,1.1741366087440737,1.2919862021179918,rnnvolatility__trend_filter,0.38147835336556796,0.0
0,2024-05-23,-0.003707723361967573,-0.010070615633969446,1.169791295597221,1.2790404011752494,rnnvolatility__trend_filter,0.38147835336556796,0.0
0,2024-05-24,0.0024999932441216585,0.00620217298253279,1.1727194245594994,1.286997882323962,rnnvolatility__trend_filter,0.38147835336556796,0.0
0,2024-05-26,-0.00022482048290527112,-0.0009406011827309468,1.1724558028470482,1.2857878997384105,rnnvolatility__trend_filter,0.38147835336556796,0.0
0,2024-05-27,0.0008681621456255942,0.0019245224052474987,1.1734741265635906,1.2882648100300338,rnnvolatility__trend_filter,0.38147835336556796,0.0
0,2024-05-28,-0.0003859956487044674,-0.0013631026546421022,1.1730212580651276,1.2865099691334572,rnnvolatility__trend_filter,0.38147835336556796,0.0
0,2024-05-29,-0.0036324980757041895,-0.00987342151902239,1.1687679902728176,1.2738702154094408,rnnvolatility__trend_filter,0.38147835336556796,0.0
0,2024-05-30,-0.001594046856356731,-0.004529864797223222,1.1669064034546093,1.2681128055535527,rnnvolatility__trend_filter,0.4317092577967153,0.05023090443114736
0,2024-05-31,0.004680555571967812,0.010614909496915799,1.172380975748633,1.281645404807855,rnnvolatility__trend_filter,0.4317092577967153,0.0
0,2024-06-02,0.00036737637225502367,0.0005657975689728657,1.1728117599435266,1.2823707618454543,rnnvolatility__trend_filter,0.3687405539043843,0.062968703892331
0,2024-06-03,-0.0002761137672321361,-0.0010383727735139119,1.172487975173008,1.2810398740592068,rnnvolatility__trend_filter,0.3687405539043843,0.0
0,2024-06-04,0.0011622521070865292,0.002776996888097295,1.1738514940155202,1.284602261883607,rnnvolatility__trend_filter,0.3687405539043843,0.0
0,2024-06-05,0.00413811452092064,0.010848018172011569,1.1787190903177258,1.2986135103002583,rnnvolatility__trend_filter,0.3687405539043843,0.0
0,2024-06-06,-0.0002400618345589395,-0.0010253066064039224,1.1784361588123613,1.2972827156418432,rnnvolatility__trend_filter,0.42754174372817655,0.05880118982379223
0,2024-06-07,-0.0007625368430217424,-0.0020080334773009403,1.177537900345231,1.2946803422202264,rnnvolatility__trend_filter,0.42754174372817655,0.0
0,2024-06-09,0.00010541542923330247,-4.670060245472384e-05,1.1776620375513078,1.2946198812800507,rnnvolatility__trend_filter,0.42754174372817655,0.0
0,2024-06-10,0.0011611234391350244,0.002422550705489892,1.179030242720315,1.2977599655577803,rnnvolatility__trend_filter,0.42754174372817655,0.0
0,2024-06-11,0.0015942593331916268,0.0034356351596057516,1.1809114218341232,1.3022262632156183,rnnvolatility__trend_filter,0.42754174372817655,0.0
0,2024-06-12,0.004156030366703243,0.00942802815365918,1.185829538405513,1.3145617473609406,rnnvolatility__trend_filter,0.42754174372817655,0.0
0,2024-06-13,0.000282397047780211,0.00036778228118638834,1.1861644604546027,1.3150453087963585,rnnvolatility__trend_filter,0.42754174372817655,0.0
0,2024-06-14,-5.18160161879676e-05,-0.000413926332933559,1.186102999730057,1.3145010895551548,rnnvolatility__trend_filter,0.42754174372817655,0.0
0,2024-06-16,0.005254147172455985,0.011996471637509743,1.1923513599801217,1.3303654324032674,rnnvolatility__trend_filter,0.42754174372817655,0.0
0,2024-06-17,0.004014103834005739,0.009095537464613439,1.1971472012084046,1.342521018026233,rnnvolatility__trend_filter,0.3760558116596691,0.051485932068507434
0,2024-06-18,0.0009551487333966846,0.002246284292731164,1.1982912010993783,1.3455400914808584,rnnvolatility__trend_filter,0.3760558116596691,0.0
0,2024-06-19,1.7864374626092006e-05,-0.00031457847004508866,1.198312608013516,1.3451168801075792,rnnvolatility__trend_filter,0.3760558116596691,0.0
0,2024-06-20,-0.0009485492593614715,-0.0028844460376341485,1.1971764883945977,1.341242553381993,rnnvolatility__trend_filter,0.3760558116596691,0.0
0,2024-06-21,-0.000577276265413276,-0.0018965061485241577,1.1964855862622248,1.3387012891561443,rnnvolatility__trend_filter,0.3760558116596691,0.0
0,2024-06-23,0.0001528958823799926,4.5152842386678524e-05,1.196668537967616,1.3387617366891351,rnnvolatility__trend_filter,0.3760558116596691,0.0
0,2024-06-24,-0.00105620649097858,-0.003170725968110368,1.195405276140374,1.3345236126012188,rnnvolatility__trend_filter,0.3760558116596691,0.0
0,2024-06-25,0.0011382342517110493,0.0026653446830137524,1.1967667020341588,1.3380853225001421,rnnvolatility__trend_filter,0.3760558116596691,0.0
0,2024-06-26,-0.000459373367590631,-0.0015836394110540887,1.1962170655378748,1.3359679548640107,rnnvolatility__trend_filter,0.3760558116596691,0.0
0,2024-06-27,0.0021330712402432357,0.005310795059492749,1.1987714050830538,1.343081880458382,rnnvolatility__trend_filter,0.3760558116596691,0.0
0,2024-06-28,-0.0013937779081943209,-0.004067072523122618,1.1971017478176713,1.3376305620140176,rnnvolatility__trend_filter,0.3760558116596691,0.0
0,2024-06-30,-6.836790938174805e-05,-0.0005425690911371808,1.1970199072715213,1.3369050018667625,rnnvolatility__trend_filter,0.3760558116596691,0.0
0,2024-07-01,0.00010141169036339677,-9.043635553817559e-05,1.1971413052391988,1.3367841025176237,rnnvolatility__trend_filter,0.3760558116596691,0.0
0,2024-07-02,0.002383520470458745,0.005978101104429759,1.1999981193311986,1.3447994674975146,rnnvolatility__trend_filter,0.3760558116596691,0.0
0,2024-07-03,0.002069267303580692,0.005142445446055165,1.2024838070931465,1.3517328373538666,rnnvolatility__trend_filter,0.3167108122922993,0.05934499936736981
0,2024-07-04,-2.3057505192523553e-05,-0.0004473672586911517,1.2024560811361675,1.351128251585959,rnnvolatility__trend_filter,0.3167108122922993,0.0
0,2024-07-05,0.0016568538752387767,0.0047640429755067375,1.2044500265359415,1.3575804416941222,rnnvolatility__trend_filter,0.3167108122922993,0.0
0,2024-07-07,2.106913390692816e-05,-0.0004008730230735289,1.2044754035221694,1.3570363333848527,rnnvolatility__trend_filter,0.3167108122922993,0.0
0,2024-07-08,0.0015943954413638617,0.004566833308356913,1.2063973453752979,1.363247864831538,rnnvolatility__trend_filter,0.3167108122922993,0.0
0,2024-07-09,-0.0001189993839737343,-0.0008431330042433228,1.20625379337584,1.3620989499758123,rnnvolatility__trend_filter,0.3167108122922993,0.0
0,2024-07-10,0.00292036470834645,0.008753521023201401,1.2097816431800754,1.374074449194607,rnnvolatility__trend_filter,0.3167108122922993,0.0
0,2024-07-11,-0.0024509492363142048,-0.008204446815149499,1.2068201604899913,1.362847048740132,rnnvolatility__trend_filter,0.3167108122922993,0.0
0,2024-07-12,0.001837652971764142,0.005337475751599836,1.2090399160898677,1.3701406592350847,rnnvolatility__trend_filter,0.3167108122922993,0.0
0,2024-07-14,0.00039848587368724936,0.0007933710282389738,1.2095217974222288,1.371228120461809,rnnvolatility__trend_filter,0.3167108122922993,0.0
0,2024-07-15,0.0012739078039869785,0.0035574759982069178,1.2110635985267788,1.3761149187684667,rnnvolatility__trend_filter,0.3167108122922993,0.0
0,2024-07-16,0.0012837246071749815,0.003588472108244812,1.2126192689816446,1.3810619395867008,rnnvolatility__trend_filter,0.3167108122922993,0.0
0,2024-07-17,-0.003426998507151354,-0.011285422092685425,1.2084707371234833,1.365563689299137,rnnvolatility__trend_filter,0.3167108122922993,0.0
0,2024-07-18,-0.002524227582610166,-0.008434963916006564,1.2054241287401952,1.354093651538565,rnnvolatility__trend_filter,0.3167108122922993,0.0
0,2024-07-19,-0.002647620241345506,-0.008824570629595675,1.2022368446383644,1.3421969254241637,rnnvolatility__trend_filter,0.3167108122922993,0.0
0,2024-07-21,0.0012413831077811935,0.0034547807477025958,1.2037302078750218,1.346841940656292,rnnvolatility__trend_filter,0.3167108122922993,0.0
0,2024-07-22,0.002039978347017668,0.005976308931272893,1.206188297807409,1.3549151842453013,rnnvolatility__trend_filter,0.3167108122922993,0.0
0,2024-07-23,-0.0015860121035636044,-0.005470879271572879,1.2042767848099751,1.347522846580557,rnnvolatility__trend_filter,0.3751213254743045,0.058410513182005186
0,2024-07-24,-0.0060854919528069325,-0.016501794231097475,1.1969704220810171,1.3254687682344488,rnnvolatility__trend_filter,0.3751213254743045,0.0
0,2024-07-25,-0.0021371253889968357,-0.006053416717726331,1.1944150777203513,1.317469389647353,rnnvolatility__trend_filter,0.4282826167436334,0.05316129126932889
0,2024-07-26,0.0038142891983256252,0.00868311157620524,1.1989796219614615,1.3289589336630974,rnnvolatility__trend_filter,0.4282826167436334,0.0
0,2024-07-28,0.0011708529685093164,0.002448870981170245,1.20038427297045,1.3322173707485276,rnnvolatility__trend_filter,0.4282826167436334,0.0
0,2024-07-29,-0.0017499815174609333,-0.004372594196276949,1.1982854596567778,1.3264048419808803,rnnvolatility__trend_filter,0.4282826167436334,0.0
0,2024-07-30,-0.0005222122139489309,-0.001505337672590977,1.1976598637150855,1.3244096568935417,rnnvolatility__trend_filter,0.4282826167436334,0.0
0,2024-07-31,0.008324792522511499,0.019151064355578572,1.2076717492074114,1.350017941744739,rnnvolatility__trend_filter,0.4931514845769007,0.06486886783326734
0,2024-08-01,-0.011348941896617934,-0.023166315663270515,1.1940434324581661,1.3191024812390697,rnnvolatility__trend_filter,0.5492618865237644,0.056110401946863675
0,2024-08-02,-0.010492878995760666,-0.019224769376783152,1.1815799822953885,1.2939852503274307,rnnvolatility__trend_filter,0.5492618865237644,0.0
0,2024-08-04,-0.003413097475469682,-0.006386219147224393,1.1775540090685703,1.2857479076790574,rnnvolatility__trend_filter,0.5492618865237644,0.0
0,2024-08-05,-0.005137942096585905,-0.009528468086997406,1.171519320968915,1.2735548824506886,rnnvolatility__trend_filter,0.5492618865237644,0.0
0,2024-08-06,-0.0030732319715333386,-0.005769079347097421,1.1679244970297273,1.2662287959870617,rnnvolatility__trend_filter,0.5492618865237644,0.0
0,2024-08-07,-0.004259783177325128,-0.007929344304313695,1.1629599733092908,1.2562281336419796,rnnvolatility__trend_filter,0.6909939181365244,0.14173203161276005
0,2024-08-08,0.020052421107267415,0.029027482982380733,1.1865155199947393,1.2932276783077503,rnnvolatility__trend_filter,0.9833961375803056,0.2924022194437812
0,2024-08-09,0.0011862244716528715,0.0013513517627857913,1.1879238288606337,1.2949764651574818,rnnvolatility__trend_filter,1.4244140176146447,0.44101788003433906
0,2024-08-11,0.0011484950872807786,0.0010241133901227166,1.1892889373022604,1.2963033472182157,rnnvolatility__trend_filter,1.1608247022298637,0.26358931538478103
0,2024-08-12,0.00026632901447190457,0.00037226617891068076,1.1896057216354117,1.2967860069453658,rnnvolatility__trend_filter,0.7323405258100609,0.42848417641980274
0,2024-08-13,0.011281876494237448,0.015620627636944197,1.203102698920665,1.3172016557855857,rnnvolatility__trend_filter,0.7323405258100609,0.0
0,2024-08-14,0.0023305414726622967,0.0031051696133058524,1.2059098494761977,1.3212981472005016,rnnvolatility__trend_filter,1.5,0.7676594741899391
0,2024-08-15,0.026352640372789855,0.01789494084434387,1.2381111897026045,1.3451555259244155,rnnvolatility__trend_filter,1.5,0.0
0,2024-08-16,0.001439887163747232,0.0010304199664507587,1.2398952142007054,1.346542315401389,rnnvolatility__trend_filter,1.5,0.0
0,2024-08-18,0.0013041580572961474,0.0009399338954833689,1.241513288417433,1.3478085711704708,rnnvolatility__trend_filter,1.5,0.0
0,2024-08-19,0.011354301932162915,0.007639765317634376,1.2556901369497724,1.3581449458111876,rnnvolatility__trend_filter,1.5,0.0
0,2024-08-20,-0.002440463391224458,-0.0015570093925939162,1.2526294074580688,1.356031946780599,rnnvolatility__trend_filter,0.9132389502688523,0.5867610497311477
0,2024-08-21,0.00384990725432778,0.004517087253066466,1.2574612095277526,1.362171116546228,rnnvolatility__trend_filter,1.0099455994656277,0.09670664919677541
0,2024-08-22,-0.007393758411123248,-0.0072710069421549,1.2481981318117297,1.3523026811093246,rnnvolatility__trend_filter,1.5,0.4900544005343723
0,2024-08-23,0.011928085695253362,0.008184845808666383,1.2631758965382462,1.3634164904042172,rnnvolatility__trend_filter,1.422452887260385,0.07754711273961501
0,2024-08-25,-0.0011974254286512157,-0.000752678721546621,1.2616642428257903,1.3623906619313457,rnnvolatility__trend_filter,0.9723700474778868,0.4500828397824982
0,2024-08-26,-0.0027227380151842047,-0.00257457670604388,1.258233733937214,1.3588875940620644,rnnvolatility__trend_filter,0.8783736535460502,0.09399639393183656
0,2024-08-27,0.0005627069777430122,0.0006653950719540625,1.2589419500793273,1.3597920920613764,rnnvolatility__trend_filter,0.6488408700955856,0.22953278345046468
0,2024-08-28,-0.007465810136035143,-0.011441383148244798,1.2495779270114489,1.3443228532284097,rnnvolatility__trend_filter,0.6488408700955856,0.0
0,2024-08-29,0.005041642750361871,0.007658133768463266,1.2558937602174594,1.3546573785477292,rnnvolatility__trend_filter,0.6488408700955856,0.0
0,2024-08-30,0.004832981853980712,0.007336758241793877,1.2619781630321756,1.364632720825895,rnnvolatility__trend_filter,0.6488408700955856,0.0
0,2024-09-01,-0.0003291302906279708,-0.0006191403190477255,1.2615628761381077,1.3637880831893294,rnnvolatility__trend_filter,0.5696686619196943,0.07917220817589121
0,2024-09-02,0.00017531215522774882,0.0002210726462717842,1.2617840628326702,1.364089612758576,rnnvolatility__trend_filter,0.5095202423147444,0.06014841960494999
0,2024-09-03,-0.011119102809678497,-0.02196190208691885,1.247831867807238,1.3344581825192736,rnnvolatility__trend_filter,0.5095202423147444,0.0
0,2024-09-04,-0.0007755656928517014,-0.0017200026582419297,1.2468644674098905,1.3321648837034339,rnnvolatility__trend_filter,0.5095202423147444,0.0
0,2024-09-05,-0.00112502733792964,-0.002404721009513467,1.2454624995713048,1.328965247477557,rnnvolatility__trend_filter,0.5095202423147444,0.0
0,2024-09-06,-0.00991913031986855,-0.019663532458736123,1.233169662645262,1.3030883456266793,rnnvolatility__trend_filter,0.5095202423147444,0.0
0,2024-09-08,0.001416489496511963,0.0025841014426824494,1.2349176722461623,1.3064600125890724,rnnvolatility__trend_filter,0.5095202423147444,0.0
0,2024-09-09,0.006507217277282945,0.012576083210114131,1.2429797522639257,1.3229939103417805,rnnvolatility__trend_filter,0.5820441498783558,0.07252390756361149
0,2024-09-10,0.0011593842398314714,0.001910047094008704,1.2444216791112446,1.3255233058789226,rnnvolatility__trend_filter,0.5820441498783558,0.0
0,2024-09-11,0.006317050053310281,0.010707903016954385,1.2523076349102138,1.33979314456225,rnnvolatility__trend_filter,0.5820441498783558,0.0
0,2024-09-12,0.005145909065308472,0.008696925499230677,1.2587685053900535,1.3514960415728337,rnnvolatility__trend_filter,0.5820441498783558,0.0
0,2024-09-13,0.0022805768706563668,0.0037766118206448763,1.261642499665748,1.3566097677002609,rnnvolatility__trend_filter,0.7511997559049777,0.16915560602662183
0,2024-09-15,0.0007979674672187217,0.0011095333361821568,1.262649651119347,1.3581158068075097,rnnvolatility__trend_filter,0.836399595495494,0.08519983959051636
0,2024-09-16,0.009276999790458354,0.011104025174423581,1.2744177536109178,1.3732803970971958,rnnvolatility__trend_filter,0.836399595495494,0.0
0,2024-09-17,0.0013881399377481968,0.001621243371099076,1.2761880522189097,1.3755086245991217,rnnvolatility__trend_filter,1.1977123709788713,0.36131277548337726
0,2024-09-18,0.0024519191825950254,0.002229704992000962,1.2793210014843617,1.378579024817215,rnnvolatility__trend_filter,0.8585071353395651,0.33920523563930616
0,2024-09-19,0.007594094967033578,0.00901186351397199,1.2890732696201816,1.391058739112872,rnnvolatility__trend_filter,0.6951730210597008,0.16333411427986433
0,2024-09-20,-0.0014729333290798665,-0.002083967990504361,1.2871759482946654,1.388162835760651,rnnvolatility__trend_filter,0.6951730210597008,0.0
0,2024-09-22,0.0011422948676993552,0.001560536417588469,1.2886471228718426,1.3903308055773573,rnnvolatility__trend_filter,0.7509983280546197,0.055825306994918944
0,2024-09-23,0.0007342367710900127,0.0009527522986948168,1.2895936424166188,1.391656077676087,rnnvolatility__trend_filter,0.5643618594347848,0.18663646861983496
0,2024-09-24,0.0018634394783725962,0.0033235558475133886,1.2919989625091448,1.396289019025801,rnnvolatility__trend_filter,0.5643618594347848,0.0
0,2024-09-25,-0.00021139644191375646,-0.0005182242415374602,1.2917258673921992,1.3955656156667176,rnnvolatility__trend_filter,0.49757963182308096,0.06678222761170383
0,2024-09-26,0.0014313597821409188,0.0027562481089369443,1.2935761157179582,1.3994174466181855,rnnvolatility__trend_filter,0.4294768514378568,0.06810278038522416
0,2024-09-27,-0.0013570391552943488,-0.003327146089343174,1.291821872835926,1.394769117456452,rnnvolatility__trend_filter,0.4294768514378568,0.0
0,2024-09-29,0.0011611257191919014,0.0024568990250256437,1.2933227115997141,1.3982001374502016,rnnvolatility__trend_filter,0.4294768514378568,0.0
0,2024-09-30,0.0007171025336653839,0.0014203938837125181,1.2942504892091282,1.4001875434891973,rnnvolatility__trend_filter,0.4294768514378568,0.0
0,2024-10-01,-0.004187656246372328,-0.009998862013927506,1.2888419455283777,1.3862570221894224,rnnvolatility__trend_filter,0.4294768514378568,0.0
0,2024-10-02,0.0014833576926956621,0.003206661477724402,1.290755177796032,1.3907094140221803,rnnvolatility__trend_filter,0.3751019422499587,0.05437490918789811
0,2024-10-03,-0.0012160209712583246,-0.003478721625133348,1.289186546368723,1.385879928198068,rnnvolatility__trend_filter,0.3751019422499587,0.0
0,2024-10-04,0.003110750324509177,0.007980414442629919,1.2932031278883653,1.3969840733003593,rnnvolatility__trend_filter,0.3751019422499587,0.0
0,2024-10-06,0.0005375094151684448,0.001120303578085293,1.2938984235925841,1.398549996547134,rnnvolatility__trend_filter,0.3751019422499587,0.0
0,2024-10-07,-0.0036528895892884755,-0.010053700731421828,1.2891805776427103,1.384559837698997,rnnvolatility__trend_filter,0.3751019422499587,0.0
0,2024-10-08,0.0034348724975888103,0.008843183410360137,1.2936163623695187,1.3968580518227482,rnnvolatility__trend_filter,0.3751019422499587,0.0
0,2024-10-09,0.0028963355873972475,0.007407475274696327,1.2973685406370021,1.4072436613881665,rnnvolatility__trend_filter,0.3751019422499587,0.0
0,2024-10-10,-9.11305596172432e-05,-0.0005569360239892911,1.2972503161028799,1.4064601349059234,rnnvolatility__trend_filter,0.3751019422499587,0.0
0,2024-10-11,0.0012547809933747861,0.0030325079615229275,1.2988791028147721,1.4107317099818162,rnnvolatility__trend_filter,0.3751019422499587,0.0
0,2024-10-13,0.0002614158374176921,0.00038425412951493404,1.2992186947685622,1.4112738936284959,rnnvolatility__trend_filter,0.3751019422499587,0.0
0,2024-10-14,0.0037492500043190564,0.009682617518359126,1.304098933366085,1.425005088630463,rnnvolatility__trend_filter,0.3751019422499587,0.0
0,2024-10-15,-0.0030656531546808014,-0.008485518637167828,1.3001071402099516,1.4129643396412543,rnnvolatility__trend_filter,0.45581421577697373,0.08071227352701504
0,2024-10-16,0.001302084476825603,0.0027215546462110315,1.3018010921303487,1.4168150368694044,rnnvolatility__trend_filter,0.45581421577697373,0.0
0,2024-10-17,0.0010887514358214952,0.0021640446313829957,1.3032192017829367,1.419884407773573,rnnvolatility__trend_filter,0.45581421577697373,0.0
0,2024-10-18,0.001317382043929526,0.0026661055727900764,1.3049371707209247,1.423675020347166,rnnvolatility__trend_filter,0.45581421577697373,0.0
0,2024-10-20,0.0005646149621659127,0.0010146277212701134,1.305674165811849,1.425120253551741,rnnvolatility__trend_filter,0.45581421577697373,0.0
0,2024-10-21,-0.0012701628449600416,-0.003010647804633397,1.304016799784006,1.420836170557488,rnnvolatility__trend_filter,0.45581421577697373,0.0
0,2024-10-22,-0.0003430626758534868,-0.0009762310548547309,1.3035695170187123,1.4194497829913322,rnnvolatility__trend_filter,0.45581421577697373,0.0
0,2024-10-23,-0.0035840515320289057,-0.008087033329654037,1.2989058191531393,1.4080169365008701,rnnvolatility__trend_filter,0.45581421577697373,0.0
0,2024-10-24,0.0007052905131617232,0.0013246734924050477,1.299822248241261,1.4098833351249787,rnnvolatility__trend_filter,0.45581421577697373,0.0
0,2024-10-25,-0.0006001400910176664,-0.0015407007719366109,1.2990424068293487,1.407712799284694,rnnvolatility__trend_filter,0.45581421577697373,0.0
0,2024-10-27,0.0023538436544114044,0.004939974124070651,1.3021037511049054,1.4146840688560787,rnnvolatility__trend_filter,0.372530586350522,0.08328362942645173
0,2024-10-28,-0.0005125384317385116,-0.0015781623097725777,1.3014365438896291,1.4124532285554252,rnnvolatility__trend_filter,0.372530586350522,0.0
0,2024-10-29,0.001573145817395808,0.003908749394432591,1.303485504579663,1.417984958286864,rnnvolatility__trend_filter,0.372530586350522,0.0
0,2024-10-30,-0.0032374604970471835,-0.009002564849624455,1.2992723453982171,1.4052767458267093,rnnvolatility__trend_filter,0.372530586350522,0.0
0,2024-10-31,-0.00567458338548908,-0.015542634654018837,1.2919203954884704,1.383603905594245,rnnvolatility__trend_filter,0.372530586350522,0.0
0,2024-11-01,0.001198232939730844,0.0029083689075488535,1.293469344877618,1.3876337935334266,rnnvolatility__trend_filter,0.372530586350522,0.0
0,2024-11-03,-0.0005007357926297661,-0.0016522465012541543,1.2928218206127862,1.3853429734738991,rnnvolatility__trend_filter,0.372530586350522,0.0
0,2024-11-04,-0.000322079286347452,-0.0011753441674484254,1.292405496531709,1.3837156751952149,rnnvolatility__trend_filter,0.372530586350522,0.0
0,2024-11-05,0.004791494726222719,0.01255191246556732,1.2986129101713102,1.4011934132784858,rnnvolatility__trend_filter,0.372530586350522,0.0
0,2024-11-06,0.008918744807363332,0.023630868750937117,1.310246709648529,1.434699156664976,rnnvolatility__trend_filter,0.372530586350522,0.0
0,2024-11-07,0.003246993082953378,0.00840660802657483,1.3145079860753885,1.4468109483242617,rnnvolatility__trend_filter,0.372530586350522,0.0
0,2024-11-08,0.001120276437232194,0.002697770353525049,1.3159814235732983,1.4507193816651511,rnnvolatility__trend_filter,0.372530586350522,0.0
0,2024-11-10,0.0009791142810045687,0.002318842658995283,1.3172705507770965,1.454087274951794,rnnvolatility__trend_filter,0.372530586350522,0.0
0,2024-11-11,-0.00048730108915297205,-0.0016175196797946897,1.3166287997786732,1.4517371613583112,rnnvolatility__trend_filter,0.45303894618129104,0.08050835983076904
0,2024-11-12,-0.001429040357239336,-0.003287289537523248,1.3147486278290503,1.4469727163221942,rnnvolatility__trend_filter,0.5042071024157224,0.05116815623443138
0,2024-11-13,0.0010908704676316906,0.00203480062416797,1.316183630838406,1.4499200148740674,rnnvolatility__trend_filter,0.5896642461478139,0.08545714373209146
0,2024-11-14,-0.005205026458162913,-0.008881929750938843,1.3093506585436203,1.437098949345451,rnnvolatility__trend_filter,0.5896642461478139,0.0
0,2024-11-15,-0.00664642238254775,-0.011398551208059791,1.3006770172915185,1.420811108625645,rnnvolatility__trend_filter,0.6895138978564983,0.09984965170868443
0,2024-11-17,0.0005030722962085447,0.0007198205304792693,1.3013315164816348,1.42183420581057,rnnvolatility__trend_filter,0.6895138978564983,0.0
0,2024-11-18,0.0015137404907767055,0.0021126478731425015,1.3033028863848444,1.4248412160799342,rnnvolatility__trend_filter,0.599709565475447,0.08980433238105134
0,2024-11-19,0.0028782437191479907,0.004751910251252117,1.307059513382345,1.4316280460936737,rnnvolatility__trend_filter,0.599709565475447,0.0
0,2024-11-20,-0.00043142623776353846,-0.000841750941132843,1.30649573523704,1.4304234788824381,rnnvolatility__trend_filter,0.5411791204916635,0.05853044498378346
0,2024-11-21,0.002255408522870907,0.004065903824135474,1.3094457423384431,1.436251282791898,rnnvolatility__trend_filter,0.5411791204916635,0.0
0,2024-11-22,0.0025006810122906583,0.004465045732514378,1.312724346105491,1.4426785487930947,rnnvolatility__trend_filter,0.5411791204916635,0.0
0,2024-11-24,0.0016829506734609692,0.0029540296791108808,1.3149354565008207,1.4469465648630548,rnnvolatility__trend_filter,0.46455804052722743,0.07662107996443607
0,2024-11-25,-0.0010833380290901707,-0.002460796609498535,1.3135117082545489,1.4433903010776326,rnnvolatility__trend_filter,0.46455804052722743,0.0
0,2024-11-26,0.0036741638749039755,0.007698114420690692,1.3183466422531085,1.4545445630773122,rnnvolatility__trend_filter,0.46455804052722743,0.0
0,2024-11-27,-0.001484239318449304,-0.003405322190484395,1.316391351749806,1.4495997942435193,rnnvolatility__trend_filter,0.39989897292738297,0.06465906759984447
0,2024-11-28,0.0007238326281627586,0.0016169831668806946,1.317344543695732,1.4519456688182406,rnnvolatility__trend_filter,0.39989897292738297,0.0
0,2024-11-29,0.0015463561454423555,0.0035941579558396,1.3193832033672568,1.4571735802371468,rnnvolatility__trend_filter,0.39989897292738297,0.0
0,2024-12-01,-0.0002878332243796653,-0.000992473903690303,1.3190034956945027,1.4557280909094836,rnnvolatility__trend_filter,0.39989897292738297,0.0
0,2024-12-02,0.0012945242620979692,0.0029685868652030998,1.320712083386979,1.4600559668590276,rnnvolatility__trend_filter,0.39989897292738297,0.0
0,2024-12-03,0.0004857770907991829,0.0009473989142595519,1.3213538109162766,1.4614398777511137,rnnvolatility__trend_filter,0.39989897292738297,0.0
0,2024-12-04,0.0017305799495074435,0.004061383017778384,1.323642499135424,1.467387414288763,rnnvolatility__trend_filter,0.39989897292738297,0.0
0,2024-12-05,-0.0005346387210456287,-0.001602498939283083,1.3229350177428902,1.4650378106353448,rnnvolatility__trend_filter,0.39989897292738297,0.0
0,2024-12-06,0.0009251491015577424,0.0020502741234331738,1.3241594962112155,1.4680446210878826,rnnvolatility__trend_filter,0.39989897292738297,0.0
0,2024-12-08,0.0004165668038992638,0.0007784971695302907,1.3247112120056697,1.469187934645585,rnnvolatility__trend_filter,0.3467270493656849,0.05317192356169809
0,2024-12-09,-0.0021713038805531637,-0.006516047355058095,1.3218379818671389,1.4596457588869896,rnnvolatility__trend_filter,0.3467270493656849,0.0
0,2024-12-10,-0.0005016455485147491,-0.001776493394234589,1.3211750540189815,1.457055009744125,rnnvolatility__trend_filter,0.3467270493656849,0.0
0,2024-12-11,0.002135776971363115,0.005832373854472821,1.323999804719474,1.4655779295547808,rnnvolatility__trend_filter,0.3467270493656849,0.0
0,2024-12-12,-0.0011163173797927779,-0.003544791226523311,1.322522625380509,1.4603919587905199,rnnvolatility__trend_filter,0.3467270493656849,0.0
0,2024-12-13,-0.0006896801291079403,-0.002313573638873662,1.3216108222678749,1.4570171399035898,rnnvolatility__trend_filter,0.3467270493656849,0.0
0,2024-12-15,0.0004273535993425701,0.000908077889306942,1.3221757381105128,1.4583408258666954,rnnvolatility__trend_filter,0.2933217667714674,0.05340528259421751
0,2024-12-16,0.004367256020893195,0.014562241166907698,1.32796264531836,1.4797329170413382,rnnvolatility__trend_filter,0.2933217667714674,0.0
0,2024-12-17,-0.0009669334954396235,-0.0037152040968128964,1.3266792143521007,1.474245606796168,rnnvolatility__trend_filter,0.2933217667714674,0.0
0,2024-12-18,-0.008889624170160917,-0.030723530152599828,1.3149378004429952,1.429640302307089,rnnvolatility__trend_filter,0.2933217667714674,0.0
0,2024-12-19,-0.00021166763627134287,-0.0011374649627401711,1.3146595001215562,1.4280150610566142,rnnvolatility__trend_filter,0.2933217667714674,0.0
0,2024-12-20,0.0031667396264123855,0.01038124256244408,1.31882928327998,1.4429168474875784,rnnvolatility__trend_filter,0.2933217667714674,0.0
0,2024-12-22,0.001315251625554991,0.004069102753536123,1.3205650168516259,1.4488001862419493,rnnvolatility__trend_filter,0.2933217667714674,0.0
0,2024-12-23,0.0008511875583337557,0.002485092022664532,1.3216895438877567,1.4524050654002179,rnnvolatility__trend_filter,0.2933217667714674,0.0
0,2024-12-24,0.0031533169563712155,0.010329746399368738,1.3258638278989499,1.4674857973661193,rnnvolatility__trend_filter,0.4186962422264479,0.12537447545498054
0,2024-12-25,-4.702868559680494e-05,-0.00020499364663263277,1.3258014757320251,1.467185002932663,rnnvolatility__trend_filter,0.5181784389854729,0.09948219675902498
0,2024-12-26,-0.0002003733755838496,-0.0004511895148963457,1.3255358470283274,1.466523173759346,rnnvolatility__trend_filter,0.6305344069840533,0.11235596799858039
0,2024-12-27,-0.006869214257791392,-0.010905386192948365,1.316461659240043,1.4506170609790785,rnnvolatility__trend_filter,0.7452534438112215,0.11471903682716822
0,2024-12-29,-0.0005704374740020269,-0.0007469190287293737,1.3157109143234003,1.4495339720330591,rnnvolatility__trend_filter,0.913327572615361,0.16807412880413952
0,2024-12-30,-0.011038560489992293,-0.012010534391986736,1.3012672252392343,1.4322284268631293,rnnvolatility__trend_filter,0.913327572615361,0.0
0,2024-12-31,-0.0022920361046756686,-0.002525999400768776,1.2982880892250308,1.4286151841608026,rnnvolatility__trend_filter,0.7830504873304411,0.13027708528491988
0,2025-01-01,0.00010432332497351824,0.00016837142816423029,1.2984235380203837,1.428855742390655,rnnvolatility__trend_filter,1.0543070515810515,0.2712565642506104
0,2025-01-02,-0.0026545489855938223,-0.004142198738507502,1.2949813798447085,1.4229493790474295,xgb_vix__trend_filter,0.6552535514106509,0.39905350017040064
0,2025-01-03,0.007777750043560474,0.011779229795172931,1.305092691985177,1.4398097328130974,xgb_vix__trend_filter,0.6552535514106509,0.0
0,2025-01-05,0.0006609444911798619,0.0009180821721507832,1.3059555709365565,1.4411322034355434,xgb_vix__trend_filter,0.6552535514106509,0.0
0,2025-01-06,0.0038655044926937834,0.00580843830078658,1.311013517522859,1.4495272884865125,xgb_vix__trend_filter,0.6552535514106509,0.0
0,2025-01-07,-0.007363909619463894,-0.011329071428054468,1.301394791650229,1.4331981618695655,xgb_vix__trend_filter,0.6552535514106509,0.0
0,2025-01-08,-0.0009317604850015065,-0.0015127963073549313,1.3001827681534708,1.4310316641306495,xgb_vix__trend_filter,0.5995002676822125,0.05575328372843835
0,2025-01-09,-0.0018541451899245925,-0.0031616273859673945,1.2977742740667433,1.426514419915479,xgb_vix__trend_filter,0.5995002676822125,0.0
0,2025-01-10,-0.006988031458539561,-0.011772001875774618,1.2887369997681217,1.4098199459706549,xgb_vix__trend_filter,0.5995002676822125,0.0
0,2025-01-12,-8.416888445152559e-05,-0.00025597269904089785,1.2886285327773368,1.4094591167371096,xgb_vix__trend_filter,0.5995002676822125,0.0
0,2025-01-13,0.003375997711574113,0.005515513789966731,1.2929862915079016,1.4172544859031033,xgb_vix__trend_filter,0.5995002676822125,0.0
0,2025-01-14,-0.0005417727647438711,-0.001019281583057803,1.2922859764729113,1.4158106404746484,xgb_vix__trend_filter,0.7520642369329535,0.152563969250741
0,2025-01-15,0.013486019905091188,0.017976532434313876,1.3098318167251213,1.4414921470014255,xgb_vix__trend_filter,0.7520642369329535,0.0
0,2025-01-16,-0.0024434189032508597,-0.003305721975222436,1.3066352557631633,1.4367348422296735,xgb_vix__trend_filter,0.6898854204927262,0.06217881644022738
0,2025-01-17,0.006655380900822329,0.009614736141005225,1.3153604135067556,1.4506152901351685,xgb_vix__trend_filter,0.6898854204927262,0.0
0,2025-01-19,-0.0009773872264268193,-0.001494148476378953,1.3140754251083642,1.448449473938015,xgb_vix__trend_filter,0.6898854204927262,0.0
0,2025-01-20,0.005112760796871007,0.007333618921500181,1.3208111829123077,1.4591108960276629,xgb_vix__trend_filter,0.6898854204927262,0.0
0,2025-01-21,0.003278747484567395,0.00467483046471909,1.3251488965036986,1.465947960703482,xgb_vix__trend_filter,0.6898854204927262,0.0
0,2025-01-22,0.0022532558117443757,0.0031883638104584474,1.3281381624818924,1.4706293952217806,xgb_vix__trend_filter,0.6898854204927262,0.0
0,2025-01-23,0.0036444817996056787,0.005204968229881704,1.332987368897319,1.478303930030431,xgb_vix__trend_filter,0.6898854204927262,0.0
0,2025-01-24,-0.0017465673990259497,-0.0026092658420657083,1.3306612485697735,1.4744516700524002,xgb_vix__trend_filter,0.6898854204927262,0.0
0,2025-01-26,-0.0031962626560155362,-0.004710622406398077,1.3264148955580357,1.4675224183358135,xgb_vix__trend_filter,0.6898854204927262,0.0
0,2025-01-27,-0.0057315747304079795,-0.008385062941836913,1.3188341948895697,1.4552685968182262,xgb_vix__trend_filter,0.6898854204927262,0.0
0,2025-01-28,0.004047712273185071,0.005790349022777911,1.324183274711279,1.4637195532974285,xgb_vix__trend_filter,0.6898854204927262,0.0
0,2025-01-29,-0.002106857066083989,-0.0031307981075287096,1.3213963466825638,1.4591441090234845,xgb_vix__trend_filter,0.6898854204927262,0.0
0,2025-01-30,0.0046263970733153225,0.006629340286049636,1.3275238139928356,1.4688494061631132,xgb_vix__trend_filter,0.6898854204927262,0.0
0,2025-01-31,-0.004923100352965235,-0.007212987994756423,1.3210043422101676,1.4582927313840524,xgb_vix__trend_filter,0.6898854204927262,0.0
0,2025-02-02,-0.011218213209480814,-0.016337855211140728,1.306267846967989,1.4346609280326053,xgb_vix__trend_filter,0.6898854204927262,0.0
0,2025-02-03,0.010190769082774389,0.014694273510020974,1.3196477810721337,1.4558978767446185,xgb_vix__trend_filter,0.6898854204927262,0.0
0,2025-02-04,-0.0016308300767667804,-0.0024411460367827027,1.3174974136985116,1.4523481518740342,xgb_vix__trend_filter,0.6898854204927262,0.0
0,2025-02-05,0.005462536652861575,0.00784080299261144,1.3247139840561541,1.463780488388853,xgb_vix__trend_filter,0.6898854204927262,0.0
0,2025-02-06,0.0012125907598955796,0.0016802597967489016,1.3263212943005545,1.4662420873785202,xgb_vix__trend_filter,0.6898854204927262,0.0
0,2025-02-07,-0.005676578746328522,-0.008305880425536252,1.3188136560406323,1.4541140924869593,xgb_vix__trend_filter,0.6898854204927262,0.0
0,2025-02-09,0.0011351202941691303,0.0015677867634770165,1.320311518151839,1.456395621321775,xgb_vix__trend_filter,0.6898854204927262,0.0
0,2025-02-10,0.002040200020169372,0.002879714366402471,1.323007967450447,1.4605956692823898,xgb_vix__trend_filter,0.6898854204927262,0.0
0,2025-02-11,0.0018369101799570048,0.002585042477167336,1.325440447693901,1.4643762555121513,xgb_vix__trend_filter,0.6898854204927262,0.0
0,2025-02-12,-0.0009386654922073923,-0.0014381990492038702,1.3241968862191045,1.4622717047180298,xgb_vix__trend_filter,0.6898854204927262,0.0
0,2025-02-13,0.005649154006119283,0.008110951146812099,1.3316986477165258,1.4741803490077747,xgb_vix__trend_filter,0.74226784763209,0.05238242713936381
0,2025-02-14,4.84443633027002e-05,4.0756439528718516e-05,1.3317631625723034,1.4742404325744114,xgb_vix__trend_filter,0.74226784763209,0.0
0,2025-02-16,0.00013512887097651241,0.00012225437089825053,1.33194313438429,1.4744206759285932,xgb_vix__trend_filter,0.74226784763209,0.0
0,2025-02-17,0.000860195314248906,0.001099080250646955,1.333089358544982,1.4760420734344228,xgb_vix__trend_filter,0.74226784763209,0.0
0,2025-02-18,0.0010100138329204415,0.0013009191409470964,1.3344364774274649,1.4779635343822712,xgb_vix__trend_filter,0.74226784763209,0.0
0,2025-02-19,0.0007377818217350317,0.000934162030216977,1.335421363673681,1.4793448368778577,xgb_vix__trend_filter,0.74226784763209,0.0
0,2025-02-20,-0.0021024028094361927,-0.0028920610550997178,1.332616719326057,1.4750726619611205,xgb_vix__trend_filter,0.74226784763209,0.0
0,2025-02-21,-0.013220649475207073,-0.017870676179175662,1.3151146103446094,1.4489462596256673,xgb_vix__trend_filter,0.74226784763209,0.0
0,2025-02-23,0.002559202216952662,0.003388296228829168,1.318484564929275,1.453864045525736,xgb_vix__trend_filter,0.74226784763209,0.0
0,2025-02-24,-0.006297261770892724,-0.008543194214875153,1.3102078102799102,1.4414963078380407,xgb_vix__trend_filter,0.74226784763209,0.0
0,2025-02-25,-0.0016301755810127273,-0.0022554525836519985,1.3080736814764864,1.4382487450049077,xgb_vix__trend_filter,0.6898854204927262,0.05238242713936381
0,2025-02-26,-0.0007809172953804174,-0.0011708625238667988,1.3070525828636645,1.4365657389260278,xgb_vix__trend_filter,0.6898854204927262,0.0
0,2025-02-27,-0.010610462191704974,-0.015457088696218594,1.2932574665537708,1.414531347359813,xgb_vix__trend_filter,0.6898854204927262,0.0
0,2025-02-28,0.008216645784022971,0.011833106771720637,1.3039274808976125,1.4313690726545474,xgb_vix__trend_filter,0.6898854204927262,0.0
0,2025-03-02,0.0019296532213115849,0.0027200100516578682,1.3064460379508485,1.4352677106834553,xgb_vix__trend_filter,0.6898854204927262,0.0
0,2025-03-03,-0.012169431220604938,-0.017717374394547986,1.2906436806193435,1.410062479886861,xgb_vix__trend_filter,0.6898854204927262,0.0
0,2025-03-04,-0.0042332787272774,-0.006213615512695181,1.2851915744662852,1.4013280580597156,xgb_vix__trend_filter,0.6898854204927262,0.0
0,2025-03-05,0.0013813087281046293,0.0019246408534789004,1.2869680474517409,1.4040277083846897,xgb_vix__trend_filter,0.6898854204927262,0.0
0,2025-03-06,-0.009580591394420215,-0.013964631128192153,1.2746970082186304,1.384557244676853,xgb_vix__trend_filter,0.6898854204927262,0.0
0,2025-03-07,0.0008900998484328322,0.0012128040397734613,1.2758321209393302,1.3862374599764948,xgb_vix__trend_filter,0.6898854204927262,0.0
0,2025-03-09,-0.00457935889081895,-0.006715264269519719,1.2700029848129557,1.3769596952782004,xgb_vix__trend_filter,0.6898854204927262,0.0
0,2025-03-10,-0.0161116063184002,-0.023431263832417573,1.2497051511317487,1.345070846353364,xgb_vix__trend_filter,0.6898854204927262,0.0
0,2025-03-11,-0.000994960744600166,-0.0015196215732894453,1.2484623619298074,1.3430283999434993,xgb_vix__trend_filter,0.603799836545182,0.08608558394754418
0,2025-03-12,0.002925913833372963,0.0048038615731274955,1.2521206044664028,1.3494956439008816,xgb_vix__trend_filter,0.603799836545182,0.0
0,2025-03-13,-0.007299013014376126,-0.012201463408889347,1.2430146326095135,1.3331298684250483,xgb_vix__trend_filter,0.603799836545182,0.0
0,2025-03-14,0.008220891601078006,0.013502521374383339,1.2532754398668549,1.3512525586338975,xgb_vix__trend_filter,0.603799836545182,0.0
0,2025-03-16,-0.002112007626344702,-0.0036105989049221754,1.2506313057784888,1.346382524785512,xgb_vix__trend_filter,0.603799836545182,0.0
0,2025-03-17,0.01302698496859147,0.021462007087010022,1.2670298408297702,1.37559091021201,xgb_vix__trend_filter,0.603799836545182,0.0
0,2025-03-18,-0.0062120413063379305,-0.010401244789656816,1.259183395575675,1.3613572048748184,xgb_vix__trend_filter,0.5266019509255375,0.07719788561964447
0,2025-03-19,0.006937248097379153,0.013092454761944216,1.267949032736613,1.3792979000940724,xgb_vix__trend_filter,0.5266019509255375,0.0
0,2025-03-20,-0.0029595612506337953,-0.005774562865621802,1.2642020074220268,1.3713560101996882,xgb_vix__trend_filter,0.5266019509255375,0.0
0,2025-03-21,0.0005646670982241059,0.0009178322967277458,1.2649160622837972,1.372615262839131,xgb_vix__trend_filter,0.5266019509255375,0.0
0,2025-03-23,0.003056502935285601,0.0056497476128064845,1.268788196521365,1.3803921406558421,xgb_vix__trend_filter,0.5266019509255375,0.0
0,2025-03-24,0.0054276395948172395,0.010152459111243226,1.2756934442201966,1.39447789696628,xgb_vix__trend_filter,0.5266019509255375,0.0
0,2025-03-25,0.002179087772098796,0.003643229531838305,1.2784763231730014,1.3995675658082716,xgb_vix__priority_stack_controller,0.5782295931731392,0.051627642247601635
0,2025-03-26,-0.008529988215270517,-0.014877226898973767,1.267617314652529,1.37890000079621,xgb_vix__priority_stack_controller,0.5782295931731392,0.0
0,2025-03-27,-0.001061616092183033,-0.001961298327930826,1.2662723057804173,1.3761982168984623,xgb_vix__priority_stack_controller,0.5782295931731392,0.0
0,2025-03-28,-0.013707261187260962,-0.02383088999943742,1.2490335981973713,1.3437898820460958,xgb_vix__priority_stack_controller,0.5782295931731392,0.0
0,2025-03-30,-0.0009096887238187832,-0.0016985525775265256,1.2478978830693632,1.3415093216524598,xgb_vix__priority_stack_controller,0.5782295931731392,0.0
0,2025-03-31,0.004458501909809058,0.007585576144867159,1.2534740596241396,1.3517241364076578,xgb_vix__priority_stack_controller,0.5782295931731392,0.0
0,2025-04-01,0.004854682829669087,0.008270738102223776,1.25957407345464,1.3629502528673414,xgb_vix__priority_stack_controller,0.5782295931731392,0.0
0,2025-04-02,-0.017842865582692463,-0.030982784512910228,1.2372989792956923,1.321369725300319,xgb_vix__priority_stack_controller,0.5782295931731392,0.0
0,2025-04-03,-0.009499259432445607,-0.016552922068454202,1.22560120336322,1.299677227633854,xgb_vix__priority_stack_controller,0.5166852305616397,0.061544362611499426
0,2025-04-04,-0.03296850354803476,-0.06390701579554976,1.1858537725308254,1.2192170999583345,xgb_vix__priority_stack_controller,0.5166852305616397,0.0
0,2025-04-06,-0.01916494396641194,-0.03725096567902915,1.1633433459531128,1.174635592825578,xgb_vix__priority_stack_controller,0.43803175544236417,0.07865347511927556
0,2025-04-07,0.020015426535935403,0.045565401969727234,1.186862749492208,1.2293964620478397,xgb_vix__priority_stack_controller,0.43803175544236417,0.0
0,2025-04-08,-0.016831065674200313,-0.03864370940142496,1.1670537554788198,1.1827942626075545,xgb_vix__priority_stack_controller,0.43803175544236417,0.0
0,2025-04-09,0.044496317795362346,0.10136096114531927,1.2201560165693184,1.3089700668045072,xgb_vix__priority_stack_controller,0.43803175544236417,0.0
0,2025-04-10,-0.0198621090426316,-0.04556492510274804,1.1961602369774214,1.2506653557988963,xgb_vix__priority_stack_controller,0.43803175544236417,0.0
0,2025-04-11,0.00994079051617859,0.02247329173546388,1.208110313512704,1.2790901259647276,xgb_vix__priority_stack_controller,0.43803175544236417,0.0
0,2025-04-13,0.0028396595962335925,0.006261839411023085,1.2115458110710253,1.2871247123170626,xgb_vix__priority_stack_controller,0.43803175544236417,0.0
0,2025-04-14,-0.0005700094158763176,-0.0015217196685015642,1.2108554153356774,1.2851675588236682,xgb_vix__priority_stack_controller,0.43803175544236417,0.0
0,2025-04-15,-0.0027701416670907583,-0.0065444885063282825,1.2075058158713363,1.2767842566402448,xgb_vix__priority_stack_controller,0.43803175544236417,0.0
0,2025-04-16,-0.006382038962596761,-0.014790231538950155,1.1998240055867495,1.2580392848015443,xgb_vix__priority_stack_controller,0.43803175544236417,0.0
0,2025-04-17,0.0015037072012506814,0.003520142449496628,1.2016295467465914,1.2624755658808031,xgb_vix__trend_filter,0.3977077766961685,0.04032397874619564
0,2025-04-20,-0.002413435431979552,-0.006329156112806218,1.1987329881568833,1.2545103939332984,xgb_vix__trend_filter,0.3977077766961685,0.0
0,2025-04-21,-0.006601146801269288,-0.016858775131267014,1.19084603583116,1.2335381650692645,xgb_vix__trend_filter,0.3977077766961685,0.0
0,2025-04-22,0.015335865154548841,0.03830044529383496,1.2092494454726415,1.2816996417885242,xgb_vix__trend_filter,0.3977077766961685,0.0
0,2025-04-23,6.673706750196078e-05,-9.238728764063944e-05,1.20933014992747,1.2815812345047974,xgb_vix__trend_filter,0.3977077766961685,0.0
0,2025-04-24,0.008467001009532684,0.021029912546808454,1.219613020634492,1.3088181671403007,xgb_vix__trend_filter,0.3977077766961685,0.0
0,2025-04-25,0.0018401965419702962,0.004367415970522046,1.2218594145668606,1.3145468211075455,xgb_vix__trend_filter,0.3977077766961685,0.0
0,2025-04-27,-0.0014607720279274379,-0.0039325690016590005,1.220075859512822,1.3093874265144614,xgb_vix__trend_filter,0.3977077766961685,0.0
0,2025-04-28,0.0018572347032108439,0.004410256875927735,1.2223439322594236,1.3151749141884281,xgb_vix__trend_filter,0.3977077766961685,0.0
0,2025-04-29,0.0012629700722874163,0.0029166334121739647,1.2238886913508238,1.3190163966608581,xgb_vix__trend_filter,0.3977077766961685,0.0
0,2025-04-30,0.0045324614597124875,0.011137471874487517,1.2294485099891612,1.333789016797929,xgb_vix__trend_filter,0.3977077766961685,0.0
0,2025-05-01,-0.001491589231217381,-0.004009455200896231,1.2276160448137312,1.328451955990497,xgb_vix__trend_filter,0.3977077766961685,0.0
0,2025-05-02,0.0069812683252291185,0.01729357210990355,1.236216347402781,1.3516254342611476,xgb_vix__trend_filter,0.3977077766961685,0.0
0,2025-05-04,-0.002172950438028224,-0.005723877634989841,1.233533026966176,1.3439109949825154,xgb_vix__trend_filter,0.3977077766961685,0.0
0,2025-05-05,-0.0007036569237748893,-0.002029472847487254,1.232665348220926,1.341186329860887,xgb_vix__trend_filter,0.3977077766961685,0.0
0,2025-05-06,0.00047161458252863685,0.0009256403667091645,1.233246828280985,1.3424283608153968,xgb_vix__trend_filter,0.3977077766961685,0.0
0,2025-05-07,-0.001727824678007641,-0.004605250285096722,1.2311178337712874,1.3362603557287087,xgb_vix__trend_filter,0.4738937548164043,0.07618597812023575
0,2025-05-08,0.002868600858204058,0.0059424595352063556,1.2346544896476115,1.3442246691895066,xgb_vix__trend_filter,0.5243248665921822,0.05043111177577797
0,2025-05-09,0.00047180515612353614,0.0007916960714601827,1.2352371434405818,1.3452893079588213,xgb_vix__trend_filter,0.5842479493849078,0.05992308279272551
0,2025-05-11,0.006320711137606644,0.010747281370111682,1.2430694474002129,1.3598254829416212,xgb_vix__trend_filter,0.5842479493849078,0.0
0,2025-05-12,0.01114653516417995,0.0189536308691679,1.2570028751652325,1.3858449156223258,xgb_vix__trend_filter,0.5842479493849078,0.0
0,2025-05-13,0.005116466772130721,0.008632835654868313,1.2634507697615136,1.3978604765811578,xgb_vix__trend_filter,0.5280018719907822,0.05624607739412557
0,2025-05-14,-0.0009304839924801025,-0.001865435430830456,1.26227569582349,1.3952552887810705,xgb_vix__trend_filter,0.5280018719907822,0.0
0,2025-05-15,0.0035733083941349316,0.0066122450281283565,1.2667942644747776,1.404511627491813,xgb_vix__trend_filter,0.5280018719907822,0.0
0,2025-05-16,0.001191371532894522,0.0021013716406389177,1.2683043864790724,1.4074661315631065,xgb_vix__trend_filter,0.5280018719907822,0.0
0,2025-05-18,-0.0006292106212621754,-0.00134668839614156,1.267506606900119,1.4055719889519689,xgb_vix__trend_filter,0.5807700195889178,0.05276814759813564
0,2025-05-19,0.004581491120058384,0.007808338717842359,1.2733270000230879,1.4165901318484742,xgb_vix__trend_filter,0.6468172415400143,0.06604722195109647
0,2025-05-20,-0.0034745740501374283,-0.0054156435652889115,1.2689104084021214,1.4089391208902329,xgb_vix__trend_filter,0.6468172415400143,0.0
0,2025-05-21,-0.010369215206770158,-0.01612560005305668,1.2558207851430585,1.3864013381451683,xgb_vix__trend_filter,0.6468172415400143,0.0
0,2025-05-22,-4.914672281078934e-05,-0.00017066302668372228,1.2557590671836611,1.3861647508855253,xgb_vix__trend_filter,0.6468172415400143,0.0
0,2025-05-23,-0.004916818446658661,-0.00769602147978021,1.2495998820433707,1.3755377424826438,xgb_vix__trend_filter,0.6468172415400143,0.0
0,2025-05-25,0.005657620497294789,0.008652396998949041,1.2566896807333896,1.387491079051607,xgb_vix__trend_filter,0.6468172415400143,0.0
0,2025-05-26,0.0015463944296906392,0.002296310915319472,1.2586345220138229,1.3906808509136632,xgb_vix__trend_filter,0.6468172415400143,0.0
0,2025-05-27,0.006433916154594758,0.00985279138411279,1.266758577719586,1.404450663369628,xgb_vix__trend_filter,0.6468172415400143,0.0
0,2025-05-28,0.005917399393308513,0.009054240065263489,1.274276716135027,1.417224638889428,xgb_vix__trend_filter,0.6468172415400143,0.0
0,2025-05-29,-0.009497176770076107,-0.014777400931744136,1.2622319709774081,1.3964357235661904,xgb_vix__trend_filter,0.6468172415400143,0.0
0,2025-05-30,0.0010728214069477297,0.001564151980261751,1.2635868470965097,1.3986216703993757,xgb_vix__trend_filter,0.6468172415400143,0.0
0,2025-06-01,-0.0015836999222747618,-0.002542914372665933,1.2615872884733188,1.3950696134542133,xgb_vix__trend_filter,0.6468172415400143,0.0
0,2025-06-02,0.004012899466052468,0.006107872912521784,1.2666600829292751,1.4036165967299197,xgb_vix__trend_filter,0.6468172415400143,0.0
0,2025-06-03,0.005304996584491335,0.008105712739099633,1.2733975657034111,1.4150401451133596,xgb_vix__trend_filter,0.6468172415400143,0.0
0,2025-06-04,-0.0009663629748452552,-0.0015902249752873636,1.2721675958380443,1.4127917011732456,xgb_vix__trend_filter,0.6468172415400143,0.0
0,2025-06-05,-0.0028744058300976877,-0.004540119833855995,1.2685161203090847,1.4063919962561773,xgb_vix__trend_filter,0.6468172415400143,0.0
0,2025-06-06,0.006842486902728241,0.010482721605740663,1.2772256888208984,1.4212123551556513,xgb_vix__trend_filter,0.6468172415400143,0.0
0,2025-06-08,-0.0006921613346427126,-0.0011660838890411819,1.276341948464219,1.4195560681978447,xgb_vix__trend_filter,0.6468172415400143,0.0
0,2025-06-09,0.0011916115785615717,0.0017460722271014928,1.2778637588315667,1.422036880832074,xgb_vix__trend_filter,0.6468172415400143,0.0
0,2025-06-10,0.003060118878873641,0.00463462722092363,1.281780163119738,1.4286427878028263,xgb_vix__trend_filter,0.6468172415400143,0.0
0,2025-06-11,-0.0024094884983953567,-0.0038215595131318035,1.2786954463464175,1.4231935632660138,xgb_vix__trend_filter,0.6468172415400143,0.0
0,2025-06-12,-0.0003676697325592604,-0.0006650594887056834,1.2782253951507285,1.4222473695549271,xgb_vix__trend_filter,0.6468172415400143,0.0
0,2025-06-13,-0.0038597335914545795,-0.006063684490515397,1.2733012946267968,1.413649404257236,xgb_vix__trend_filter,0.6468172415400143,0.0
0,2025-06-15,0.0011425066044458857,0.001669937736360585,1.2747568811156118,1.4160120829574838,xgb_vix__trend_filter,0.6973733385014586,0.05055609696144425
0,2025-06-16,0.007459486895732117,0.01065651547574122,1.2843014679676477,1.4311825261000581,xgb_vix__trend_filter,0.6973733385014586,0.0
0,2025-06-17,-0.003217050042262375,-0.004689202989220303,1.2801764446367148,1.4244871310223957,xgb_vix__trend_filter,0.7520642369329535,0.054690898431494994
0,2025-06-18,0.001169085373189668,0.0015330438988440658,1.281673955381634,1.4266726071149565,xgb_vix__trend_filter,0.7520642369329535,0.0
0,2025-06-19,-0.0020187669396675404,-0.002742119849381859,1.2790891642963136,1.4227658586746148,xgb_vix__trend_filter,0.7520642369329535,0.0
0,2025-06-20,0.0010105740222402116,0.0012863074087738023,1.2803824319391586,1.4245971504891901,xgb_vix__trend_filter,0.7520642369329535,0.0
0,2025-06-22,-0.0031848341970566016,-0.004292216357236405,1.2763111128640563,1.4184955753052946,xgb_vix__trend_filter,0.7520642369329535,0.0
0,2025-06-23,0.013494414774251944,0.017885872324948728,1.2936509165237655,1.4440948563549658,xgb_vix__trend_filter,0.8071354508802289,0.05507121394727532
0,2025-06-24,0.004930774503444856,0.006101567366992636,1.3000453693262979,1.4529330343547917,xgb_vix__trend_filter,0.7389988526205213,0.06813659825970753
0,2025-06-25,7.140766370075e-05,8.134710820008495e-05,1.3001382058434063,1.45305123106296,xgb_vix__trend_filter,0.7389988526205213,0.0
0,2025-06-26,0.006008563333460645,0.00806915899157869,1.3079736850083046,1.4648235650105241,xgb_vix__trend_filter,0.7389988526205213,0.0
0,2025-06-27,0.002926269081789184,0.0038982536637266717,1.3118067735515402,1.4705449633251326,xgb_vix__trend_filter,0.7389988526205213,0.0
0,2025-06-29,0.0020890271727096598,0.002765312920841038,1.3145500379261026,1.4746171080952086,xgb_vix__trend_filter,0.7389988526205213,0.0
0,2025-06-30,0.001464549873887187,0.0019200011802159595,1.316476672500206,1.4774510944410808,xgb_vix__trend_filter,0.7389988526205213,0.0
0,2025-07-01,0.00028197163849126686,0.00031989763821410204,1.3168479339247225,1.4779238031619397,xgb_vix__trend_filter,0.7389988526205213,0.0
0,2025-07-02,0.0030475863970044013,0.004062137825629818,1.320867263290938,1.4839395434571399,xgb_vix__trend_filter,0.7389988526205213,0.0
0,2025-07-03,0.004463236153062037,0.005977629571383711,1.3267757815616608,1.4928365493647167,xgb_vix__trend_filter,0.8262695457153441,0.08727069309482272
0,2025-07-04,-0.004188254904580684,-0.005052937843136314,1.321230526963136,1.4853123646985973,xgb_vix__trend_filter,0.8262695457153441,0.0
0,2025-07-06,0.0023579920255248897,0.002816905136406781,1.3243496540027098,1.4895022472081227,xgb_vix__trend_filter,0.8262695457153441,0.0
0,2025-07-07,-0.004319552167834615,-0.005264651575910882,1.3186413940228194,1.4816811426148455,xgb_vix__trend_filter,0.8262695457153441,0.0
0,2025-07-08,0.00032695367158314153,0.00035882306806263835,1.3190725991563064,1.4822128993859218,xgb_vix__trend_filter,0.8262695457153441,0.0
0,2025-07-09,0.004356164303099021,0.0052352107461629905,1.3248312297901559,1.4899929436011847,xgb_vix__trend_filter,0.8262695457153441,0.0
0,2025-07-10,0.0034570874970603228,0.004147095117672386,1.3294192132310518,1.496184916538997,xgb_vix__trend_filter,0.8262695457153441,0.0
0,2025-07-11,-0.004662846552782042,-0.005680043209484881,1.3232347652067669,1.487710611556697,xgb_vix__trend_filter,0.8262695457153441,0.0
0,2025-07-13,-0.0024054230668446976,-0.0029479765399055523,1.3200556508700452,1.483331333751308,xgb_vix__trend_filter,0.8262695457153441,0.0
0,2025-07-14,0.0037659961226296345,0.004520954504323111,1.325036348089431,1.4900525890226908,xgb_vix__trend_filter,0.8262695457153441,0.0
0,2025-07-15,-0.004119008774262615,-0.005021942166358121,1.3195897367660534,1.4825883891729617,xgb_vix__trend_filter,0.8262695457153441,0.0
0,2025-07-16,0.002722050522327815,0.0032575935622012543,1.3231866199261753,1.4874259346654843,xgb_vix__trend_filter,0.8262695457153441,0.0
0,2025-07-17,0.0073506775720510375,0.008859430243372872,1.3329487734021517,1.500662227406221,xgb_vix__trend_filter,0.8262695457153441,0.0
0,2025-07-18,-0.0017956082326219148,-0.002209859340750636,1.3305574671780447,1.4973496364937409,xgb_vix__trend_filter,0.8262695457153441,0.0
0,2025-07-20,0.0010073558812763034,0.0011824526819217572,1.3318984873968829,1.4991212287928009,xgb_vix__trend_filter,0.9176906273184072,0.09142108160306317
0,2025-07-21,0.0007637617019116148,0.0008663806069725196,1.3329161290207714,1.5004206011471548,xgb_vix__trend_filter,0.9176906273184072,0.0
0,2025-07-22,0.0019977816845378553,0.002161271724360391,1.3355816661444344,1.503666924596945,xgb_vix__trend_filter,0.9176906273184072,0.0
0,2025-07-23,0.006033029224655094,0.006558448092946256,1.343663624199231,1.5135610556786945,xgb_vix__trend_filter,0.9176906273184072,0.0
0,2025-07-24,0.0010521830066406242,0.0011308249632459837,1.345078148269849,1.5152735964132646,xgb_vix__trend_filter,0.9176906273184072,0.0
0,2025-07-25,0.0024413415937760527,0.002644579757925213,1.3483659551970166,1.5192861617299744,xgb_vix__trend_filter,0.9176906273184072,0.0
0,2025-07-27,0.002789821451615385,0.00302431541988531,1.3521329075825244,1.5238879173688917,xgb_vix__trend_filter,0.9176906273184072,0.0
0,2025-07-28,-0.0027694348025221905,-0.0030334896564431306,1.3483934441407972,1.519272223503264,xgb_vix__trend_filter,0.9176906273184072,0.0
0,2025-07-29,-0.002921557352937194,-0.0031992563602608677,1.3444597843637165,1.5144194489532847,xgb_vix__trend_filter,0.9176906273184072,0.0
0,2025-07-30,0.004964329793792084,0.005393895030019301,1.3511507203930635,1.522610138493773,xgb_vix__trend_filter,0.9176906273184072,0.0
0,2025-07-31,-0.011488129495583727,-0.012534215816499534,1.3357173459883125,1.5036445222781247,xgb_vix__trend_filter,0.9176906273184072,0.0
0,2025-08-01,-0.014565131788582295,-0.015886986631375156,1.3164034430240494,1.4799448981331096,xgb_vix__trend_filter,0.9176906273184072,0.0
0,2025-08-03,0.00118487100320186,0.001275663092756159,1.3179641357193732,1.4818340139004196,xgb_vix__trend_filter,0.8114312611768659,0.1062593661415413
0,2025-08-04,0.011805773139716449,0.014574685055426787,1.3336159302896025,1.503589432032786,xgb_vix__trend_filter,0.8114312611768659,0.0
0,2025-08-05,-0.006037180603602104,-0.007480182025327417,1.3255889047445022,1.4923842699627117,xgb_vix__trend_filter,0.7544499944814117,0.056981266695454225
0,2025-08-06,0.007551722355947526,0.00999154664383799,1.3356372776186953,1.5073702388382664,xgb_vix__trend_filter,0.7544499944814117,0.0
0,2025-08-07,-0.0003719872751000138,-0.0005488474479684429,1.3351405299449068,1.5065431495232287,xgb_vix__trend_filter,0.7544499944814117,0.0
0,2025-08-08,0.00570763754700904,0.0075095061428325244,1.3427828171197977,1.5178991300958156,xgb_vix__trend_filter,0.7544499944814117,0.0
0,2025-08-10,-0.0011928332818865813,-0.0016368532969853744,1.3411820559955683,1.5154165842362028,xgb_vix__trend_filter,0.7544499944814117,0.0
0,2025-08-11,-0.0018442098801271984,-0.002500490980706885,1.3387109141493414,1.5116320323261598,xgb_vix__trend_filter,0.7544499944814117,0.0
0,2025-08-12,0.008494770231685206,0.011203634688534301,1.3501313942728432,1.5286630318021721,xgb_vix__trend_filter,0.7544499944814117,0.0
0,2025-08-13,0.00190255792153047,0.0024663788556642725,1.3527025425558197,1.532437947253495,xgb_vix__trend_filter,0.7544499944814117,0.0
0,2025-08-14,0.00041967298019855053,0.0005007318597688367,1.3532703544024873,1.5332054799047925,xgb_vix__trend_filter,0.7544499944814117,0.0
0,2025-08-15,-0.002670385296168204,-0.003595044267170864,1.3496614219110759,1.5277034343084643,xgb_vix__trend_filter,0.7544499944814117,0.0
0,2025-08-17,0.0015844418378817612,0.0020445967496928413,1.351801576962798,1.530830167149405,xgb_vix__trend_filter,0.7544499944814117,0.0
0,2025-08-18,-0.0010070357461775751,-0.001390713574923587,1.3504409496682055,1.5287027005462819,xgb_vix__trend_filter,0.7544499944814117,0.0
0,2025-08-19,-0.0051523436244547555,-0.006884802828296683,1.3435009079437412,1.5182140315097157,xgb_vix__trend_filter,0.7544499944814117,0.0
0,2025-08-20,-0.001840921471661605,-0.002495615768829168,1.3410299034355897,1.514429876494693,xgb_vix__trend_filter,0.7544499944814117,0.0
0,2025-08-21,-0.001490806077626037,-0.0020318069690896125,1.3390321773863334,1.511355971166053,xgb_vix__trend_filter,0.7544499944814117,0.0
0,2025-08-22,0.010105502149814262,0.01333938453682404,1.3526323725957503,1.5316515942498419,xgb_vix__trend_filter,0.7544499944814117,0.0
0,2025-08-24,-0.00016205022818854083,-0.0002699367609518823,1.3524131959704067,1.531238200977114,xgb_vix__trend_filter,0.6869473861301922,0.06750260835121946
0,2025-08-25,-0.0024262554291926727,-0.003560379032394307,1.3491358735295762,1.5257961063014418,xgb_vix__trend_filter,0.6869473861301922,0.0
0,2025-08-26,0.002833263896194271,0.004047033606233401,1.3529637516248574,1.5319835664042931,xgb_vix__trend_filter,0.6869473861301922,0.0
0,2025-08-27,-0.001034361877158959,-0.0015827678007944669,1.3515650210205143,1.529560710059349,xgb_vix__trend_filter,0.6869473861301922,0.0
0,2025-08-28,0.004086517850730939,0.005871776508250148,1.3570995163102373,1.5385683683023426,xgb_vix__trend_filter,0.7857306739882566,0.09878328785806434
0,2025-08-29,-0.004898485648732316,-0.006217216388642424,1.350468039163781,1.5290324300403597,xgb_vix__trend_filter,0.7857306739882566,0.0
0,2025-08-31,0.0017616479110627498,0.0021962796535966466,1.352849185118525,1.5323943033117053,xgb_vix__trend_filter,0.841437392663048,0.05570671867479138
0,2025-09-01,-0.0024073006969867043,-0.0028594652332769406,1.3495963871345547,1.5280187339533602,xgb_vix__trend_filter,0.841437392663048,0.0
0,2025-09-02,-0.004517489835704198,-0.005400181611292922,1.3435133495486744,1.5197893952449657,xgb_vix__trend_filter,0.841437392663048,0.0
0,2025-09-03,0.002730842466013845,0.003214194440140007,1.3471872870463475,1.5246821527941272,xgb_vix__trend_filter,0.841437392663048,0.0
0,2025-09-04,0.007774622585376203,0.009208586876061508,1.3577019806791264,1.5387871647977125,xgb_vix__trend_filter,0.841437392663048,0.0
0,2025-09-05,-0.0034756643941502544,-0.004161059962847716,1.3529912554392305,1.5323974822804456,xgb_vix__trend_filter,0.841437392663048,0.0
0,2025-09-07,0.0021275858158666164,0.002498081001025138,1.3558729248557642,1.5362303206941534,xgb_vix__trend_filter,0.841437392663048,0.0
0,2025-09-08,0.0006074792592907977,0.0006912973897352307,1.35669683976612,1.5372926798656348,xgb_vix__trend_filter,0.9149789775917105,0.07354158492866258
0,2025-09-09,0.00281458971930786,0.0031011956788482907,1.3605207636075092,1.542067525319799,xgb_vix__trend_filter,0.9149789775917105,0.0
0,2025-09-10,0.0022154529286451175,0.002406235613447227,1.3635382746603555,1.5457825709626296,xgb_vix__trend_filter,0.9149789775917105,0.0
0,2025-09-11,0.006605888888418005,0.007204673392161704,1.3725754734999907,1.5569596447571772,xgb_vix__trend_filter,0.9149789775917105,0.0
0,2025-09-12,-0.0006111740647962002,-0.0006830083250838938,1.3717368472680183,1.5558965914364487,xgb_vix__trend_filter,0.9149789775917105,0.0
0,2025-09-14,-5.5678654827800604e-05,-7.589556777169537e-05,1.3716604729318145,1.555778510262223,xgb_vix__trend_filter,0.9149789775917105,0.0
0,2025-09-15,0.012277729491658064,0.013403622448100151,1.3886051574425695,1.5767719578484345,xgb_vix__trend_filter,0.9149789775917105,0.0
0,2025-09-16,-0.0007063138049599562,-0.0007868411018205569,1.387624712741803,1.5755317768404817,xgb_vix__trend_filter,0.841319432317502,0.0736595452742086
0,2025-09-17,0.0013732147037861762,0.0016459065527339454,1.389531528334639,1.578127090151723,xgb_vix__trend_filter,0.841319432317502,0.0
0,2025-09-18,0.0025042766773489176,0.002946446158111007,1.393015660528119,1.5827838136771197,xgb_vix__trend_filter,0.9149789775917105,0.0736595452742086
0,2025-09-19,0.002257492532521915,0.002492654839295593,1.3961639352457413,1.5867340686756075,xgb_vix__trend_filter,0.9149789775917105,0.0
0,2025-09-21,-0.0006677247453099252,-0.0007446294295356561,1.3952319932126729,1.585552979582647,xgb_vix__trend_filter,0.9149789775917105,0.0
0,2025-09-22,0.004926566102293326,0.005369600715628251,1.402122655570102,1.5940896647807206,xgb_vix__trend_filter,0.9149789775917105,0.0
0,2025-09-23,-0.004515280196439816,-0.004949594074600427,1.3958059504890559,1.58621906223355,xgb_vix__trend_filter,0.9149789775917105,0.0
0,2025-09-24,-0.0026158880131982075,-0.002873781664161712,1.3921594499323462,1.581667158698321,xgb_vix__trend_filter,0.9149789775917105,0.0
0,2025-09-25,-0.005413894578513831,-0.005931856330415821,1.3846428109390192,1.5723127084074815,xgb_vix__trend_filter,0.9149789775917105,0.0
0,2025-09-26,0.005307225110430491,0.005785557312655978,1.3920109569443098,1.5814357792722846,xgb_vix__trend_filter,0.9149789775917105,0.0
0,2025-09-28,0.0011051374669646058,0.0011930062853896712,1.3935501707720324,1.5833235679448707,xgb_vix__trend_filter,0.9149789775917105,0.0
0,2025-09-29,0.0007634724267716037,0.0008195195553391751,1.3946145141494508,1.5846216644062967,xgb_vix__trend_filter,0.9149789775917105,0.0
0,2025-09-30,0.0016806248847966952,0.0018219687336273487,1.396960308654798,1.587511427262862,xgb_vix__trend_filter,0.9149789775917105,0.0
0,2025-10-01,0.004886580673000494,0.005325862921195025,1.4038033738782154,1.5959888502683517,xgb_vix__trend_filter,0.9149789775917105,0.0
0,2025-10-02,0.0013314401599465557,0.001440337315417918,1.405673698903492,1.5982892688560522,xgb_vix__trend_filter,0.9149789775917105,0.0
0,2025-10-03,-0.0008319788351919215,-0.0009241462205272096,1.404504694497711,1.5968128981652008,xgb_vix__trend_filter,0.9149789775917105,0.0
0,2025-10-05,0.0021058263348728095,0.002286643581220195,1.407465453799166,1.6004684179718376,xgb_vix__trend_filter,0.9149789775917105,0.0
0,2025-10-06,1.35617956982802e-05,0.0,1.4074845416875355,1.6004684179718376,xgb_vix__trend_filter,0.9149789775917105,0.0
0,2025-10-07,-0.0025583520248070287,-0.0028108624901396835,1.4038883029442577,1.595976038018097,xgb_vix__trend_filter,0.9149789775917105,0.0
0,2025-10-08,0.006665291767289562,0.007269854136130654,1.41327688214374,1.6076208276941382,xgb_vix__trend_filter,0.9149789775917105,0.0
0,2025-10-09,-0.0026480917379587926,-0.0029090146680482757,1.4095393461618522,1.6029510306728592,xgb_vix__trend_filter,0.9149789775917105,0.0
0,2025-10-10,-0.03312529593967573,-0.03621816298184012,1.3636128028178465,1.545933850336721,xgb_vix__trend_filter,0.9149789775917105,0.0
0,2025-10-12,0.015965530922870497,0.017434246597838706,1.3855583249903347,1.5731223592262633,xgb_vix__trend_filter,0.6833914549672947,0.23158752262441584
0,2025-10-13,0.002283751881957337,0.0034373316391919134,1.388726212380138,1.5785390065573248,xgb_vix__trend_filter,0.6833914549672947,0.0
0,2025-10-14,-0.0001793719675321064,-0.0003363731562903064,1.388477136166373,1.5780081177027474,xgb_vix__trend_filter,0.6833914549672947,0.0
0,2025-10-15,0.0026966776729597038,0.0038719382022149723,1.392226464551846,1.5841299115727505,xgb_vix__trend_filter,0.6833914549672947,0.0
0,2025-10-16,-0.006499675321356749,-0.009584810940937636,1.3832067887940038,1.569018859837198,xgb_vix__trend_filter,0.6833914549672947,0.0
0,2025-10-17,0.006134766328332814,0.008903410991744765,1.3917185212767762,1.5830508532083982,xgb_vix__trend_filter,0.6833914549672947,0.0
0,2025-10-19,-0.00048478285131573927,-0.0007829102689817794,1.391044003514335,1.581811951476827,xgb_vix__trend_filter,0.6833914549672947,0.0
0,2025-10-20,0.007334614845987387,0.01065968898479135,1.4012842838624409,1.5987637649237452,xgb_vix__trend_filter,0.6833914549672947,0.0
0,2025-10-21,-0.0007830707981555126,-0.0012186568250561625,1.4001874085813852,1.596816607249444,xgb_vix__trend_filter,0.6322026017350443,0.05118885323225042
0,2025-10-22,-0.003985468779148812,-0.006355030072358481,1.3946181108824511,1.5867009663359455,xgb_vix__trend_filter,0.6322026017350443,0.0
0,2025-10-23,0.005069075151382221,0.007926934929969768,1.401705482928619,1.5993286248401781,xgb_vix__trend_filter,0.6322026017350443,0.0
0,2025-10-24,0.004179286267318958,0.006519953964442777,1.4075758698734615,1.6097902414173142,xgb_vix__trend_filter,0.6322026017350443,0.0
0,2025-10-26,0.004244004915867414,0.00662232407233357,1.4135623230676002,1.620486170950979,xgb_vix__trend_filter,0.6322026017350443,0.0
0,2025-10-27,0.003738770227764923,0.005824081591375907,1.418857199792079,1.6299515514470426,xgb_vix__trend_filter,0.6322026017350443,0.0
0,2025-10-28,0.0015853194862530382,0.002417814778170993,1.4211083256645076,1.6338972404462688,xgb_vix__trend_filter,0.6322026017350443,0.0
0,2025-10-29,-0.00044495548786657946,-0.0007945394313366258,1.4204761363746277,1.632599560259289,xgb_vix__trend_filter,0.6322026017350443,0.0
0,2025-10-30,-0.002119328655969357,-0.0034427842106026386,1.4174688684138796,1.6269885365850238,xgb_vix__trend_filter,0.6322026017350443,0.0
0,2025-10-31,-0.0023580655850993885,-0.0038197189816237776,1.4141303216604164,1.6207857515784418,xgb_vix__trend_filter,0.6322026017350443,0.0
0,2025-11-02,0.001914169476592626,0.0029379802906777074,1.4168397991302943,1.6255545901185349,xgb_vix__trend_filter,0.6322026017350443,0.0
0,2025-11-03,-0.0036237753507139233,-0.0023632088880495257,1.4117147815548452,1.6217176006526823,harrvrates__priority_stack_controller,1.5,0.8677973982649557
0,2025-11-04,-0.018406035653234402,-0.012218313598323795,1.3859683804064096,1.6020235057594334,harrvrates__priority_stack_controller,1.5,0.0
0,2025-11-05,0.009029358676067654,0.006071949287877576,1.398539454988314,1.6117805032642258,harrvrates__priority_stack_controller,1.5,0.0
0,2025-11-06,-0.015543875356946256,-0.010310603497416176,1.3769688120199157,1.5952474529004383,harrvrates__priority_stack_controller,1.5,0.0
0,2025-11-07,-7.777172902233195e-05,0.0,1.376861726938745,1.5952474529004383,harrvrates__priority_stack_controller,1.5,0.0
0,2025-11-09,0.004398857005973287,0.002984419156663746,1.3829316854445197,1.6000154512723836,harrvrates__priority_stack_controller,1.5,0.0
0,2025-11-10,0.016753201579773874,0.011221045635972702,1.4062953806350724,1.6180704059606077,harrvrates__priority_stack_controller,1.5,0.0
0,2025-11-11,0.001886341710329158,0.0013098057230095592,1.4089506378424719,1.6201911524182966,harrvrates__priority_stack_controller,1.5,0.0
0,2025-11-12,-0.0029216595030350156,-0.0018955284192332233,1.4048401714376726,1.6171229429021448,harrvrates__priority_stack_controller,1.5,0.0
0,2025-11-13,-0.020306012335355245,-0.01348496471973769,1.3766011508567308,1.5954624706567273,harrvrates__priority_stack_controller,1.5,0.0
0,2025-11-14,-0.0001700728321393805,-0.00025867484860346546,1.3763670483080843,1.5950498180174082,xgb_vix__trend_filter,0.7867111631547012,0.7132888368452988
0,2025-11-16,0.00020782151283512258,0.00022167214871020148,1.3766531167148353,1.5954034353299746,xgb_vix__trend_filter,0.7867111631547012,0.0
0,2025-11-17,-0.007626434396585171,-0.009736779601564351,1.3661940952474139,1.5799447248628617,xgb_vix__trend_filter,0.7867111631547012,0.0
0,2025-11-18,-0.007044100713487659,-0.008996244083803343,1.3566043018348761,1.5657948995516897,xgb_vix__trend_filter,0.7867111631547012,0.0
0,2025-11-19,0.010580490835131424,0.013406522965752172,1.371034043478598,1.5869281097357606,xgb_vix__trend_filter,0.7867111631547012,0.0
0,2025-11-20,-0.0198581994719697,-0.02528443136094541,1.3440763276968037,1.5473065499984449,xgb_vix__trend_filter,0.7324264232407172,0.05428473991398408
0,2025-11-21,0.007248632821499491,0.009877262711350188,1.353854439637944,1.5626654302675562,xgb_vix__trend_filter,0.6435053509311742,0.08892107230954294
0,2025-11-23,0.002114380578961137,0.003269084849022316,1.3567200315802521,1.5677822752930684,xgb_vix__trend_filter,0.6435053509311742,0.0
0,2025-11-24,0.006660634702878117,0.010264601105469635,1.3657868098337287,1.5839578106545584,xgb_vix__trend_filter,0.6435053509311742,0.0
0,2025-11-25,0.005842121664375684,0.008992860951163414,1.3737892554141906,1.5982663639840948,xgb_vix__trend_filter,0.6435053509311742,0.0
0,2025-11-26,0.005137213551699071,0.0067357833480143365,1.3808648630870932,1.6090682787823143,xgb_vix__drawdown_brake,0.757065118742558,0.11355976781138377
0,2025-11-27,0.0008406426529981177,0.0010604843647018937,1.382026165040619,1.610775575654514,xgb_vix__drawdown_brake,0.757065118742558,0.0
0,2025-11-28,0.002328279677810385,0.003025999007006076,1.3852476572870718,1.6156571630613537,xgb_vix__drawdown_brake,0.757065118742558,0.0
0,2025-11-30,-0.0004321049616186998,-0.0006201663902505387,1.3846492142057112,1.6146554974224412,xgb_vix__drawdown_brake,0.757065118742558,0.0
0,2025-12-01,-0.0030691902190963074,-0.004102575599236016,1.3804059773620156,1.6080448208498361,xgb_vix__drawdown_brake,0.757065118742558,0.0
0,2025-12-02,0.00233106780824337,0.003031082320767658,1.3836275506922893,1.6129263314701963,xgb_vix__drawdown_brake,0.757065118742558,0.0
0,2025-12-03,0.0019937408397717018,0.002586146980199068,1.3863888972371308,1.6171029944359219,xgb_vix__drawdown_brake,0.757065118742558,0.0
0,2025-12-04,6.333754362768922e-05,3.6423238033874194e-05,1.3864767104853029,1.6171618956358933,xgb_vix__drawdown_brake,0.757065118742558,0.0
0,2025-12-05,0.0017689971787970768,0.0022894125687302758,1.388931554540551,1.6208684877457349,xgb_vix__drawdown_brake,0.757065118742558,0.0
0,2025-12-07,0.0002007965964860577,0.00021799157271911254,1.3892104752716845,1.6212218619314471,xgb_vix__drawdown_brake,0.757065118742558,0.0
0,2025-12-08,-0.0013418298694513851,-0.0018199034573725334,1.3873476412436843,1.6182740778146034,xgb_vix__drawdown_brake,0.757065118742558,0.0
0,2025-12-09,-0.002396741623706577,-0.0032133262001972722,1.3840265089431933,1.6130823810960293,xgb_vix__drawdown_brake,0.757065118742558,0.0
0,2025-12-10,0.004022891582701079,0.005266814545464648,1.3896055118741677,1.6216005990902356,xgb_vix__drawdown_brake,0.757065118742558,0.0
0,2025-12-11,0.002365474811103309,0.0030779307037044627,1.3928964795258758,1.6265994624944393,xgb_vix__drawdown_brake,0.757065118742558,0.0
0,2025-12-12,-0.007775652256601407,-0.010317004091577013,1.3821077997403988,1.6099041003327907,xgb_vix__drawdown_brake,0.757065118742558,0.0
0,2025-12-14,-2.040604000948613e-05,-7.317430125072906e-05,1.3820795966810973,1.6097863010351614,xgb_vix__drawdown_brake,0.757065118742558,0.0
0,2025-12-15,0.0046875538750028875,0.006145269820459761,1.3885733773326743,1.619709330828022,xgb_vix__drawdown_brake,0.757065118742558,0.0
0,2025-12-16,-0.0032828369521548354,-0.004382615088050117,1.384022391498192,1.6126263007109718,xgb_vix__drawdown_brake,0.8116299064620308,0.05456478771947282
0,2025-12-17,-0.0075393753935171495,-0.009289086057864408,1.373626963892719,1.5977158357355872,xgb_vix__drawdown_brake,1.0345521605178554,0.22292225405582455
0,2025-12-18,0.007078806134125521,0.006954922742962751,1.383385100100037,1.6088665571939254,xgb_vix__drawdown_brake,1.0345521605178554,0.0
0,2025-12-19,0.009562548699535232,0.009247974296008012,1.3966772395669038,1.6238143255152968,xgb_vix__drawdown_brake,1.0345521605178554,0.0
0,2025-12-21,0.0018675983173360995,0.0018100212609987885,1.3992881088980893,1.6267561255255214,xgb_vix__drawdown_brake,1.0345521605178554,0.0
0,2025-12-22,0.0036894466666349576,0.003571049691684161,1.4044602430367237,1.6325757373630556,xgb_vix__drawdown_brake,1.0345521605178554,0.0
0,2025-12-23,0.00389855460394689,0.0037731870555451834,1.4099462948711776,1.6387473870747573,xgb_vix__drawdown_brake,1.0345521605178554,0.0
0,2025-12-24,0.00340392988492576,0.003295134907782547,1.4147538308160967,1.6441561872640782,xgb_vix__drawdown_brake,1.0345521605178554,0.0
0,2025-12-25,0.0006984912731348749,0.0006800530249738055,1.4157423692230895,1.6452746809271501,xgb_vix__drawdown_brake,1.0345521605178554,0.0
0,2025-12-26,-0.0011541636321037616,-0.001110792832634963,1.4141093134561733,1.643448136248038,xgb_vix__drawdown_brake,1.0345521605178554,0.0
0,2025-12-28,0.000365577650477641,0.00035819185521362366,1.4146263747237682,1.6440369114258495,xgb_vix__drawdown_brake,1.0345521605178554,0.0
0,2025-12-29,-0.004246855026332769,-0.0041001409539960995,1.4086314004974352,1.6373099285684134,xgb_vix__drawdown_brake,1.0345521605178554,0.0
0,2025-12-30,-0.0012716510382577736,-0.0012243431217797242,1.4068412513782003,1.635306526095429,xgb_vix__drawdown_brake,1.0345521605178554,0.0
0,2025-12-31,-0.0073210551986205375,-0.007071681683198669,1.3965792989162147,1.6237829524340053,xgb_vix__drawdown_brake,1.0345521605178554,0.0
0,2026-01-01,0.0013438470126619399,0.001303828553950876,1.3984573494586796,1.625901467803105,xgb_vix__drawdown_brake,1.0345521605178554,0.0
0,2026-01-02,-0.0003423337436001911,-0.0003260633345214351,1.3979786922539053,1.625371407370242,xgb_vix__drawdown_brake,1.0345521605178554,0.0
0,2026-01-04,0.0009685863491327131,0.0009410744114156186,1.3993334113068798,1.626901722768156,xgb_vix__drawdown_brake,1.0345521605178554,0.0
0,2026-01-05,0.005173939577881592,0.005005963239690824,1.4065922400038162,1.6350663518532218,xgb_vix__drawdown_brake,1.0345521605178554,0.0
0,2026-01-06,0.00669515387975373,0.006476358499329907,1.4160411872789176,1.6456899918361174,xgb_vix__drawdown_brake,1.0345521605178554,0.0
0,2026-01-07,-0.0033472653461293837,-0.0032306754409008346,1.4113092456343188,1.6403818806052972,xgb_vix__drawdown_brake,1.0345521605178554,0.0
0,2026-01-08,-7.924167593343292e-05,-7.17978174080676e-05,1.4111974155552942,1.640264108994477,xgb_vix__drawdown_brake,1.0345521605178554,0.0
0,2026-01-09,0.005903419506318834,0.005711053362620967,1.4195529447364397,1.6496585453793229,xgb_vix__drawdown_brake,1.0345521605178554,0.0
0,2026-01-11,-0.0008549863935178867,-0.0008216340723496716,1.4183397649838057,1.6483036863860727,xgb_vix__drawdown_brake,1.0345521605178554,0.0
0,2026-01-12,0.0011393847054566217,0.0011061949159301768,1.4199567206114976,1.6501280404033978,xgb_vix__drawdown_brake,1.0345521605178554,0.0
0,2026-01-13,-0.001224717576807107,-0.0011789506499351092,1.4182187391429237,1.6481837672039634,xgb_vix__drawdown_brake,1.0345521605178554,0.0
0,2026-01-14,-0.005653679526356041,-0.005459993325764981,1.4102232082755994,1.6392092176212152,xgb_vix__drawdown_brake,1.0345521605178554,0.0
0,2026-01-15,0.004435265140293877,0.004292012190105137,1.4164918132978555,1.6462598434278217,xgb_vix__drawdown_brake,1.0345521605178554,0.0
0,2026-01-16,-0.001784205730013218,-0.0017197529164211737,1.4139667537707452,1.6434311163139266,xgb_vix__drawdown_brake,1.0345521605178554,0.0
0,2026-01-18,-0.006607648405503856,-0.00638210137942783,1.4046545583430272,1.6329759707066498,xgb_vix__drawdown_brake,1.0345521605178554,0.0
0,2026-01-19,-0.003974294621607432,-0.003836696822369757,1.3990831258770347,1.6267227405337539,xgb_vix__drawdown_brake,1.0345521605178554,0.0
0,2026-01-20,-0.011324083724090177,-0.010940976582699494,1.3833291593906771,1.6090218144058728,xgb_vix__drawdown_brake,1.0345521605178554,0.0
0,2026-01-21,0.01374105261776889,0.013287029793810768,1.40246875610526,1.6305435988587529,xgb_vix__drawdown_brake,1.0345521605178554,0.0
0,2026-01-22,0.002528665276698515,0.002449129048140608,1.4060196177286615,1.634541904735947,xgb_vix__drawdown_brake,1.0345521605178554,0.0
0,2026-01-23,-0.001124112634864279,-0.001081665976146605,1.4044399813224666,1.6327748322343991,xgb_vix__drawdown_brake,1.0345521605178554,0.0
0,2026-01-25,-0.0029227852914246555,-0.002820266237403643,1.4003410977985578,1.62817645986685,xgb_vix__drawdown_brake,1.0345521605178554,0.0
0,2026-01-26,0.009923816962339285,0.009597282866484405,1.4143070094977714,1.643877754273131,xgb_vix__drawdown_brake,1.0345521605178554,0.0
0,2026-01-27,0.004641963388515854,0.004491833595391543,1.420887432080191,1.6512783883616253,xgb_vix__drawdown_brake,1.0345521605178554,0.0
0,2026-01-28,-0.0024820260547992385,-0.002394227557628628,1.417365125489447,1.647329581196681,xgb_vix__drawdown_brake,1.0345521605178554,0.0
0,2026-01-29,-0.0014118212848003315,-0.0013597656804592779,1.4153654711463783,1.6450911212032049,xgb_vix__drawdown_brake,1.0345521605178554,0.0
0,2026-01-30,-0.003757631466892944,-0.0036272300690294917,1.4100570291453707,1.6391348062149975,xgb_vix__drawdown_brake,1.0345521605178554,0.0
0,2026-02-01,-0.0022018129664792166,-0.002123373076806937,1.406955762752308,1.6356580040785735,xgb_vix__drawdown_brake,1.0345521605178554,0.0
0,2026-02-02,0.010133782213474359,0.009800235660116362,1.4212860333212252,1.6517666432792613,xgb_vix__drawdown_brake,1.0345521605178554,0.0
0,2026-02-03,-0.010846274570796363,-0.010479125386086419,1.4059536745567394,1.6345479495093596,xgb_vix__drawdown_brake,1.0345521605178554,0.0
0,2026-02-04,-0.0035939000525013545,-0.0034689669860838894,1.400909886435977,1.6288875801288751,xgb_vix__drawdown_brake,0.9470239575292573,0.08752820298859809
0,2026-02-05,-0.020631919405555615,-0.021748059062083634,1.3723025534399336,1.5938448734497825,xgb_vix__drawdown_brake,0.9470239575292573,0.0
0,2026-02-06,0.023802641933819486,0.025125936980946142,1.4053588324323338,1.6343990668422048,xgb_vix__drawdown_brake,0.8116299064620308,0.13539405106722646
0,2026-02-08,0.0031317598779008822,0.003907940546130085,1.4097669778614002,1.6407986977680677,xgb_vix__drawdown_brake,0.7296638661857973,0.08196604027623355
0,2026-02-09,0.0005998981381339491,0.000823929880094304,1.4106129481692578,1.642151157932038,xgb_vix__drawdown_brake,0.7296638661857973,0.0
0,2026-02-10,-0.00037877095293338667,-0.0005734972893988531,1.4100787501343954,1.6412096586936162,xgb_vix__drawdown_brake,0.7296638661857973,0.0
